utc,offset_seconds,server,pid,cpu_total_seconds,cpu_process_percent,rss_bytes,rss_high_water_bytes,fd_count,threads,heap_committed_bytes,heap_used_bytes,YGC,YGCT,FGC,FGCT,CGC,CGCT,GCT,sample_duration_seconds,error
2026-10-06T12:23:44.276925+00:00,0.01662961500005622,A,249950,34.2,,793882624,793882624,261,59,484442112,249379840,23,0.861,0,0.0,8,0.075,0.936,0.6306809580000845,
2026-10-06T12:23:44.277901+00:00,0.017607843999940087,B,249952,35.81,,845762560,845762560,262,57,532676608,437243392,23,0.952,0,0.0,8,0.091,1.043,0.5545715620010014,
2026-10-06T12:23:44.279887+00:00,0.019593514000007417,C,249943,36.25,,778874880,778874880,261,60,461373440,315600076,25,0.873,0,0.0,8,0.136,1.01,0.5532268750012008,
2026-10-06T12:23:49.277084+00:00,5.016788058999737,A,249950,40.95,134.99572214756864,818778112,823549952,268,61,484442112,291847168,26,0.902,0,0.0,10,0.086,0.988,0.4576043530014431,
2026-10-06T12:23:49.277209+00:00,5.016915831000006,B,249952,36.61,16.002214748126633,848130048,848130048,262,57,532676608,441437696,23,0.952,0,0.0,8,0.091,1.043,0.4176885899996705,
2026-10-06T12:23:49.277286+00:00,5.016991108999719,C,249943,37.02,15.40801958144072,781479936,781479936,261,58,461373440,319794380,25,0.873,0,0.0,8,0.136,1.01,0.36062656400099513,
2026-10-06T12:23:54.278430+00:00,10.018132171000616,A,249950,41.72,15.395861247626557,821035008,823549952,268,61,484442112,304430080,26,0.902,0,0.0,10,0.086,0.988,0.46505947900004685,
2026-10-06T12:23:54.278553+00:00,10.018260348000695,B,249952,40.81,83.97741818671486,876507136,876507136,268,60,532676608,306695680,25,0.988,0,0.0,10,0.103,1.091,0.47989173699897947,
2026-10-06T12:23:54.278589+00:00,10.018296512000234,C,249943,37.53,10.19733767296085,782233600,782233600,261,58,461373440,320842956,25,0.873,0,0.0,8,0.136,1.01,0.44955817200025194,
2026-10-06T12:23:59.277620+00:00,15.017323967000266,A,249950,42.45,14.602360337207895,821616640,823549952,268,61,484442112,323304448,26,0.902,0,0.0,10,0.086,0.988,0.4121521830002166,
2026-10-06T12:23:59.277757+00:00,15.01746429800005,B,249952,41.49,13.60216560078705,869892096,876392448,268,61,532676608,314035712,25,0.988,0,0.0,10,0.103,1.091,0.44678085899977305,
2026-10-06T12:23:59.277801+00:00,15.01750766800069,C,249943,38.05,10.40164105442616,782811136,782811136,261,58,461373440,322940108,25,0.873,0,0.0,8,0.136,1.01,0.34614862200032803,
2026-10-06T12:24:04.276973+00:00,20.01667619700129,A,249950,43.7,25.003239269655225,822685696,823549952,268,61,484442112,330644480,26,0.902,0,0.0,10,0.086,0.988,0.409413000999848,
2026-10-06T12:24:04.277093+00:00,20.016799816999992,B,249952,42.18,13.80183421131983,871460864,876392448,268,61,532676608,322424320,25,0.988,0,0.0,10,0.103,1.091,0.35570465700038767,
2026-10-06T12:24:04.277215+00:00,20.01692164999986,C,249943,38.53,9.601125286449298,783278080,783278080,261,58,461373440,325037260,25,0.873,0,0.0,8,0.136,1.01,0.40950872500070545,
2026-10-06T12:24:09.276906+00:00,25.016610578000837,A,249950,44.42,14.400188985201485,825622528,825622528,268,61,484442112,340081664,26,0.902,0,0.0,10,0.086,0.988,0.373190648999298,
2026-10-06T12:24:09.277057+00:00,25.016760231999797,B,249952,42.72,10.800085504277341,872128512,876392448,268,61,532676608,324521472,25,0.988,0,0.0,10,0.103,1.091,0.40848700500100676,
2026-10-06T12:24:09.277337+00:00,25.017044103000444,C,249943,39.09,11.199725711996212,783765504,783765504,261,58,461373440,327134412,25,0.873,0,0.0,8,0.136,1.01,0.4293784580004285,
2026-10-06T12:24:14.277052+00:00,30.01675491900096,A,249950,45.06,12.799630497706563,825942016,825942016,268,61,484442112,347421696,26,0.902,0,0.0,10,0.086,0.988,0.4524013059999561,
2026-10-06T12:24:14.277194+00:00,30.01690099299958,B,249952,43.27,10.999690334518325,872411136,876392448,268,61,532676608,327667200,25,0.988,0,0.0,10,0.103,1.091,0.39283181600148964,
2026-10-06T12:24:14.277448+00:00,30.0171553199998,C,249943,39.57,9.599786468110846,783974400,783974400,261,58,461373440,329231564,25,0.873,0,0.0,8,0.136,1.01,0.39922582800136297,
2026-10-06T12:24:19.278816+00:00,35.01852132500062,A,249950,45.76,13.99505580989028,826482688,826482688,268,61,484442112,355810304,26,0.902,0,0.0,10,0.086,0.988,0.4657105149999552,
2026-10-06T12:24:19.279139+00:00,35.01884579699981,B,249952,43.82,10.995723094747923,872837120,876392448,268,61,532676608,329764352,25,0.988,0,0.0,10,0.103,1.091,0.3834159960006218,
2026-10-06T12:24:19.279209+00:00,35.018915751999884,C,249943,40.12,10.996128412732984,784375808,784375808,261,58,461373440,331328716,25,0.873,0,0.0,8,0.136,1.01,0.4353624970008241,
2026-10-06T12:24:24.276893+00:00,40.01659754400134,A,249950,46.39,12.604849794106581,826621952,826621952,268,60,484442112,364198912,26,0.902,0,0.0,10,0.086,0.988,0.6301570989999163,
2026-10-06T12:24:24.276994+00:00,40.016700909000065,B,249952,44.56,14.806351593170488,872828928,876392448,268,59,532676608,332910080,25,0.988,0,0.0,10,0.103,1.091,0.5060068820002925,
2026-10-06T12:24:24.277029+00:00,40.01673537100032,C,249943,40.55,8.603751891429798,784478208,784478208,261,56,461373440,333425868,25,0.873,0,0.0,8,0.136,1.01,0.5470083689997409,
2026-10-06T12:24:29.276915+00:00,45.01661935700031,A,249950,47.06,13.399941541417837,827109376,827109376,269,60,484442112,373636096,26,0.902,0,0.0,10,0.086,0.988,0.4656814869995287,
2026-10-06T12:24:29.277020+00:00,45.01672697399954,B,249952,45.41,16.999911379463654,874876928,876392448,268,59,532676608,335007232,25,0.988,0,0.0,10,0.103,1.091,0.38411285700021836,
2026-10-06T12:24:29.277092+00:00,45.01679974800027,C,249943,41.01,9.199881547845239,784764928,784764928,261,56,461373440,335523020,25,0.873,0,0.0,8,0.136,1.01,0.4458151369999541,
2026-10-06T12:24:34.276890+00:00,50.01659432700035,A,249950,47.65,11.800059071095543,827371520,827371520,269,60,484442112,382024704,26,0.902,0,0.0,10,0.086,0.988,0.3853675659993314,
2026-10-06T12:24:34.276987+00:00,50.016693581001164,B,249952,45.91,10.00006678644279,875003904,876392448,268,59,532676608,338152960,25,0.988,0,0.0,10,0.103,1.091,0.4206823690001329,
2026-10-06T12:24:34.277096+00:00,50.01680366100118,C,249943,41.44,8.599993269643697,784945152,784945152,261,56,461373440,337620172,25,0.873,0,0.0,8,0.136,1.01,0.42213013699984003,
2026-10-06T12:24:39.276998+00:00,55.01670261599975,A,249950,48.25,11.999740112030072,827576320,827576320,269,59,484442112,391461888,26,0.902,0,0.0,10,0.086,0.988,0.3787492650008062,
2026-10-06T12:24:39.277104+00:00,55.016811294000945,B,249952,46.37,9.199783413179437,875143168,876392448,268,58,532676608,340250112,25,0.988,0,0.0,10,0.103,1.091,0.344434132999595,
2026-10-06T12:24:39.277193+00:00,55.01689993200125,C,249943,41.84,7.9998459693657304,784916480,784916480,261,55,461373440,339717324,25,0.873,0,0.0,8,0.136,1.01,0.4281944639988069,
2026-10-06T12:24:44.276937+00:00,60.01664169600008,A,249950,48.85,12.000146209780652,827748352,827748352,269,58,484442112,398801920,26,0.902,0,0.0,10,0.086,0.988,0.376953738001248,
2026-10-06T12:24:44.277036+00:00,60.0167434089999,B,249952,46.83,9.200124910097843,875278336,876392448,268,58,532676608,342347264,25,0.988,0,0.0,10,0.103,1.091,0.4427476260007097,
2026-10-06T12:24:44.278421+00:00,60.01812744699964,C,249943,42.42,11.597152864184084,784695296,784801792,261,48,461373440,341814476,25,0.873,0,0.0,8,0.136,1.01,0.4501294310011872,
2026-10-06T12:24:49.276913+00:00,65.01661603400134,A,249950,49.54,13.800070827479976,827944960,827944960,269,57,484442112,408239104,26,0.902,0,0.0,10,0.086,0.988,0.455737500999021,
2026-10-06T12:24:49.278352+00:00,65.01805965099993,B,249952,47.29,9.197578752109594,875360256,876392448,268,58,532676608,344444416,25,0.988,0,0.0,10,0.103,1.091,0.41572499300127674,
2026-10-06T12:24:49.278390+00:00,65.01809669700015,C,249943,42.84,8.400051660316898,784723968,784801792,261,48,461373440,342863052,25,0.873,0,0.0,8,0.136,1.01,0.407147468000403,
2026-10-06T12:24:54.276965+00:00,70.01666935399953,A,249950,50.1,11.199880564477766,828071936,828071936,269,57,484442112,414530560,26,0.902,0,0.0,10,0.086,0.988,0.5089878270009649,
2026-10-06T12:24:54.277066+00:00,70.01677338000081,B,249952,47.74,9.00231588356924,875126784,876392448,268,54,532676608,347590144,25,0.988,0,0.0,10,0.103,1.091,0.44433417199979885,
2026-10-06T12:24:54.277153+00:00,70.01685970000108,C,249943,43.45,12.20301901958135,784809984,784809984,261,48,461373440,344960204,25,0.873,0,0.0,8,0.136,1.01,0.49357531699934043,
2026-10-06T12:24:59.276897+00:00,75.01660179099963,A,249950,50.8,14.00018917895594,828325888,828325888,269,55,484442112,423967744,26,0.902,0,0.0,10,0.086,0.988,0.3035608099999081,
2026-10-06T12:24:59.277002+00:00,75.01670946299964,B,249952,48.25,10.200130392349207,875294720,876392448,268,53,532676608,349687296,25,0.988,0,0.0,10,0.103,1.091,0.40757040300013614,
2026-10-06T12:24:59.277291+00:00,75.01699827700031,C,249943,43.87,8.399767197093405,784867328,784867328,261,48,461373440,347057356,25,0.873,0,0.0,8,0.136,1.01,0.426205399000537,
2026-10-06T12:25:04.276946+00:00,80.01664859000084,A,249950,51.45,12.99987832373583,828551168,828551168,269,55,484442112,430259200,26,0.902,0,0.0,10,0.086,0.988,0.41020578399911756,
2026-10-06T12:25:04.277089+00:00,80.01679434899961,B,249952,48.7,8.999847207794097,875155456,876392448,268,51,532676608,351784448,25,0.988,0,0.0,10,0.103,1.091,0.35258228100065026,
2026-10-06T12:25:04.277353+00:00,80.01705985800072,C,249943,44.32,8.999889155564503,785137664,785137664,261,48,461373440,349154508,25,0.873,0,0.0,8,0.136,1.01,0.46359649899932265,
2026-10-06T12:25:09.276907+00:00,85.01661154900103,A,249950,52.0,11.000081490803234,828665856,828665856,269,55,484442112,243823616,27,0.908,0,0.0,10,0.086,0.994,0.2972252559993649,
2026-10-06T12:25:09.277007+00:00,85.01671322200127,B,249952,49.15,9.000146030966336,875180032,876392448,268,51,532676608,353881600,25,0.988,0,0.0,10,0.103,1.091,0.4066830219999247,
2026-10-06T12:25:09.277072+00:00,85.01677880100033,C,249943,44.72,8.000449716479793,785215488,785215488,261,48,461373440,350203084,25,0.873,0,0.0,8,0.136,1.01,0.37110919500082673,
2026-10-06T12:25:14.276897+00:00,90.01660182399974,A,249950,52.61,12.200023729049294,828968960,828968960,269,55,484442112,251163648,27,0.908,0,0.0,10,0.086,0.994,0.40745598200010136,
2026-10-06T12:25:14.277003+00:00,90.01671026700024,B,249952,49.61,9.200005437205139,875282432,876392448,268,51,532676608,357027328,25,0.988,0,0.0,10,0.103,1.091,0.374705673999415,
2026-10-06T12:25:14.277356+00:00,90.01706357799958,C,249943,45.14,8.399521601888647,785252352,785252352,261,48,461373440,352300236,25,0.873,0,0.0,8,0.136,1.01,0.41230097400148225,
2026-10-06T12:25:19.276911+00:00,95.01661529900048,A,249950,53.32,14.199961731101043,829259776,829259776,269,55,484442112,260600832,27,0.908,0,0.0,10,0.086,0.994,0.44494817099985084,
2026-10-06T12:25:19.277026+00:00,95.01673240000127,B,249952,50.06,8.99996016077454,875331584,876392448,268,51,532676608,359124480,25,0.988,0,0.0,10,0.103,1.091,0.3972725839994382,
2026-10-06T12:25:19.277216+00:00,95.01692328100035,C,249943,45.54,8.000224481497563,785281024,785281024,261,48,461373440,354397388,25,0.873,0,0.0,8,0.136,1.01,0.3648400429992762,
2026-10-06T12:25:24.276913+00:00,100.0166168650012,A,249950,53.86,10.79999661743949,829333504,829333504,269,54,484442112,267940864,27,0.908,0,0.0,10,0.086,0.994,0.4408562119988346,
2026-10-06T12:25:24.277038+00:00,100.01674468199963,B,249952,50.5,8.799978383735954,875286528,876392448,268,50,532676608,362270208,25,0.988,0,0.0,10,0.103,1.091,0.3771991910016368,
2026-10-06T12:25:24.277201+00:00,100.01690851800049,C,249943,45.99,9.000026573478255,785362944,785362944,261,47,461373440,356494540,25,0.873,0,0.0,8,0.136,1.01,0.361365033999391,
2026-10-06T12:25:29.276934+00:00,105.01663752999957,A,249950,54.43,11.399952883998443,829493248,829493248,269,54,484442112,277378048,27,0.908,0,0.0,10,0.086,0.994,0.44500523900023836,
2026-10-06T12:25:29.277069+00:00,105.01677575299982,B,249952,50.98,9.599940344050278,875413504,876392448,268,50,532676608,364367360,25,0.988,0,0.0,10,0.103,1.091,0.4500744779998058,
2026-10-06T12:25:29.277277+00:00,105.01698433500133,C,249943,46.39,7.999878694638039,785440768,785440768,261,47,461373440,357543116,25,0.873,0,0.0,8,0.136,1.01,0.3856514739982231,
2026-10-06T12:25:34.278680+00:00,110.01838372400016,A,249950,55.4,19.393227132625768,834326528,834326528,269,54,484442112,285766656,27,0.908,0,0.0,10,0.086,0.994,0.5071952569996938,
2026-10-06T12:25:34.278785+00:00,110.01849239700095,B,249952,51.56,11.5960187527943,875466752,876392448,268,50,532676608,366464512,25,0.988,0,0.0,10,0.103,1.091,0.383775266000157,
2026-10-06T12:25:34.278834+00:00,110.01854042500054,C,249943,47.28,17.79446204311468,787582976,787582976,261,47,461373440,360688844,25,0.873,0,0.0,8,0.136,1.01,0.46728619699933915,
2026-10-06T12:25:39.276918+00:00,115.01662269000008,A,249950,56.6,24.00845594144053,834842624,834842624,269,53,484442112,300446720,27,0.908,0,0.0,10,0.086,0.994,0.30815375600104744,
2026-10-06T12:25:39.277021+00:00,115.01672774300096,B,249952,52.09,10.60374238728376,875433984,876392448,268,49,532676608,369610240,25,0.988,0,0.0,10,0.103,1.091,0.443080655999438,
2026-10-06T12:25:39.277208+00:00,115.01691500400011,C,249943,47.78,10.003251899141883,782106624,787083264,261,46,461373440,361737420,25,0.873,0,0.0,8,0.136,1.01,0.3783896900004038,
2026-10-06T12:25:44.276930+00:00,120.01663504499993,A,249950,57.43,16.599958981501807,835035136,835035136,269,53,484442112,316175360,27,0.908,0,0.0,10,0.086,0.994,0.5444741589999467,
2026-10-06T12:25:44.277054+00:00,120.016760763001,B,249952,52.87,15.599896978280093,875495424,876392448,268,49,532676608,372755968,25,0.988,0,0.0,10,0.103,1.091,0.4236659559992404,
2026-10-06T12:25:44.277269+00:00,120.01697645700006,C,249943,48.21,8.599894302139182,782057472,787083264,261,45,461373440,364883148,25,0.873,0,0.0,8,0.136,1.01,0.5751779860001989,
2026-10-06T12:25:49.276903+00:00,125.01660713300043,A,249950,58.43,20.00011164862125,835694592,835694592,269,54,484442112,334001152,27,0.908,0,0.0,10,0.086,0.994,0.4647450310003478,
2026-10-06T12:25:49.277012+00:00,125.01671796400115,B,249952,53.43,11.200095870580357,875704320,876392448,268,49,532676608,374853120,25,0.988,0,0.0,10,0.103,1.091,0.46864413899857027,
2026-10-06T12:25:49.277099+00:00,125.01680633199976,C,249943,48.67,9.200313040651768,782204928,787083264,261,45,461373440,366980300,25,0.873,0,0.0,8,0.136,1.01,0.41384545500113745,
2026-10-06T12:25:54.276878+00:00,130.0165823460011,A,249950,59.12,13.8000684124573,835854336,835854336,269,54,484442112,349729792,27,0.908,0,0.0,10,0.086,0.994,0.335812907998843,
2026-10-06T12:25:54.277054+00:00,130.01676094899994,B,249952,53.92,9.79991575012669,875790336,876392448,268,49,532676608,377998848,25,0.988,0,0.0,10,0.103,1.091,0.4731815200011624,
2026-10-06T12:25:54.277228+00:00,130.01693507100026,C,249943,49.12,8.999768275765401,782262272,787083264,261,45,461373440,369077452,25,0.873,0,0.0,8,0.136,1.01,0.44861128900083713,
2026-10-06T12:25:59.276895+00:00,135.01659841299988,A,249950,59.77,12.99995822593748,836063232,836063232,269,53,484442112,368604160,27,0.908,0,0.0,10,0.086,0.994,0.4761220590007724,
2026-10-06T12:25:59.277015+00:00,135.0167219089999,B,249952,54.38,9.200071834160985,875782144,876392448,268,48,532676608,380096000,25,0.988,0,0.0,10,0.103,1.091,0.5172701770006825,
2026-10-06T12:25:59.277105+00:00,135.01681244500105,C,249943,49.58,9.200225637372366,782356480,787083264,261,45,461373440,371174604,25,0.873,0,0.0,8,0.136,1.01,0.4602682169988839,
2026-10-06T12:26:04.276926+00:00,140.01663016800012,A,249950,60.61,16.799893303876757,836685824,844484608,269,53,484442112,385381376,27,0.908,0,0.0,10,0.086,0.994,0.4485954030005814,
2026-10-06T12:26:04.277076+00:00,140.01677953699982,B,249952,54.8,8.39990318607586,875802624,876392448,268,48,532676608,383241728,25,0.988,0,0.0,10,0.103,1.091,0.456200954000451,
2026-10-06T12:26:04.277199+00:00,140.01690638200125,C,249943,50.0,8.399842188804557,782393344,787083264,261,45,461373440,373271756,25,0.873,0,0.0,8,0.136,1.01,0.47211986299953423,
2026-10-06T12:26:09.277076+00:00,145.01677849600128,A,249950,61.31,13.999584693917114,836796416,844484608,270,53,484442112,405304320,27,0.908,0,0.0,10,0.086,0.994,0.44676330799848074,
2026-10-06T12:26:09.277292+00:00,145.01699881100103,B,249952,55.3,9.999561471229171,875884544,876392448,268,48,532676608,385338880,25,0.988,0,0.0,10,0.103,1.091,0.3563329230000818,
2026-10-06T12:26:09.277352+00:00,145.0170591820006,C,249943,50.4,7.999755527472106,782503936,787083264,261,45,461373440,375368908,25,0.873,0,0.0,8,0.136,1.01,0.40072350800073764,
2026-10-06T12:26:14.276930+00:00,150.01663458300027,A,249950,61.97,13.2003799412583,836894720,844484608,270,53,484442112,421032960,27,0.908,0,0.0,10,0.086,0.994,0.44299417399997765,
2026-10-06T12:26:14.277041+00:00,150.01674755800013,B,249952,55.78,9.600482430004199,875905024,876392448,268,48,532676608,388484608,25,0.988,0,0.0,10,0.103,1.091,0.3978474230007123,
2026-10-06T12:26:14.277191+00:00,150.0168979730006,C,249943,50.84,8.800283736988284,782532608,787083264,261,45,461373440,377466060,25,0.873,0,0.0,8,0.136,1.01,0.45721894000053,
2026-10-06T12:26:19.277019+00:00,155.01672429800055,A,249950,62.9,18.599666266187118,837210112,844484608,270,53,484442112,437810176,27,0.908,0,0.0,10,0.086,0.994,0.40186915999947814,
2026-10-06T12:26:19.278349+00:00,155.01805652800067,B,249952,56.26,9.597487435373251,875937792,876392448,268,48,532676608,390581760,25,0.988,0,0.0,10,0.103,1.091,0.45769778300018515,
2026-10-06T12:26:19.278672+00:00,155.01837920700018,C,249943,51.3,9.19727533661345,782565376,787083264,261,45,461373440,379563212,25,0.873,0,0.0,8,0.136,1.01,0.47954902700075763,
2026-10-06T12:26:24.276934+00:00,160.01663809099955,A,249950,63.92,20.40035173062849,837292032,844484608,270,52,484442112,251297177,28,0.916,0,0.0,12,0.097,1.013,0.5050366740015306,
2026-10-06T12:26:24.278493+00:00,160.0181995540006,B,249952,56.79,10.599696793553447,876019712,876392448,268,47,532676608,393727488,25,0.988,0,0.0,10,0.103,1.091,0.4804022789994633,
2026-10-06T12:26:24.278569+00:00,160.0182758890005,C,249943,51.79,9.800202507463935,782622720,787083264,262,45,461373440,382708940,25,0.873,0,0.0,8,0.136,1.01,0.5132226669993543,
2026-10-06T12:26:29.276901+00:00,165.01660462200016,A,249950,64.57,13.000087019980738,837316608,844484608,270,52,484442112,269122969,28,0.916,0,0.0,12,0.097,1.013,0.332602118000068,
2026-10-06T12:26:29.278455+00:00,165.01816262099965,B,249952,57.25,9.20006795722375,876072960,876392448,268,47,532676608,395824640,25,0.988,0,0.0,10,0.103,1.091,0.4378376090007805,
2026-10-06T12:26:29.278570+00:00,165.01827693199994,C,249943,52.22,8.59999820604135,782577664,787083264,262,44,461373440,383757516,25,0.873,0,0.0,8,0.136,1.01,0.40524246800123365,
2026-10-06T12:26:34.276950+00:00,170.0166543790001,A,249950,65.12,10.999890535689676,837320704,844484608,269,52,484442112,284851609,28,0.916,0,0.0,12,0.097,1.013,0.46134540700040816,
2026-10-06T12:26:34.277088+00:00,170.01679417299965,B,249952,57.7,9.00246388073858,876146688,876392448,268,47,532676608,398970368,25,0.988,0,0.0,10,0.103,1.091,0.41329905000020517,
2026-10-06T12:26:34.277152+00:00,170.016858555,C,249943,52.65,8.602440300693159,782770176,787083264,263,46,461373440,386903244,25,0.873,0,0.0,8,0.136,1.01,0.4909029530008411,
2026-10-06T12:26:39.276960+00:00,175.01666373700027,A,249950,65.74,12.39997679220282,837287936,844484608,270,51,484442112,302677401,28,0.916,0,0.0,12,0.097,1.013,0.464904144000684,
2026-10-06T12:26:39.277094+00:00,175.01680087299974,B,249952,58.16,9.199987672016237,876175360,876392448,268,46,532676608,401067520,25,0.988,0,0.0,10,0.103,1.091,0.44597408000117866,
2026-10-06T12:26:39.277138+00:00,175.01684498900067,C,249943,53.1,9.000024418865095,782655488,787083264,263,44,461373440,387951820,25,0.873,0,0.0,8,0.136,1.01,0.49774243499996373,
2026-10-06T12:26:44.276962+00:00,180.01666515299985,A,249950,66.33,11.799996658242012,837287936,844484608,269,51,484442112,318406041,28,0.916,0,0.0,12,0.097,1.013,0.3920640120013559,
2026-10-06T12:26:44.277112+00:00,180.01681872799963,B,249952,58.61,8.999967861115012,876195840,876392448,268,46,532676608,404213248,25,0.988,0,0.0,10,0.103,1.091,0.47745643200141785,
2026-10-06T12:26:44.277157+00:00,180.0168640610009,C,249943,53.53,8.599967196284753,782643200,787083264,263,43,461373440,391097548,25,0.873,0,0.0,8,0.136,1.01,0.4302390180000657,
2026-10-06T12:26:49.276914+00:00,185.01661832799982,A,249950,66.96,12.600118000105049,837296128,844484608,269,51,484442112,335183257,28,0.916,0,0.0,12,0.097,1.013,0.4403602150014194,
2026-10-06T12:26:49.277020+00:00,185.01672713100015,B,249952,59.11,10.00018319735503,876400640,876400640,269,47,532676608,406310400,25,0.988,0,0.0,10,0.103,1.091,0.4230264830002852,
2026-10-06T12:26:49.277105+00:00,185.01681179800107,C,249943,53.96,8.600089893299296,782802944,787083264,263,43,461373440,393194700,25,0.873,0,0.0,8,0.136,1.01,0.48249356799897214,
2026-10-06T12:26:54.276934+00:00,190.01663790299972,A,249950,67.66,13.999945190214927,837308416,844484608,270,51,484442112,349863321,28,0.916,0,0.0,12,0.097,1.013,0.6159837180002796,
2026-10-06T12:26:54.277050+00:00,190.01675691200035,B,249952,59.57,9.19994520328604,876351488,876392448,269,46,532676608,408407552,25,0.988,0,0.0,10,0.103,1.091,0.5222716389998823,
2026-10-06T12:26:54.277120+00:00,190.01682720200006,C,249943,54.47,10.19996857593884,782929920,787083264,263,43,461373440,395291852,25,0.873,0,0.0,8,0.136,1.01,0.4175944580001669,
2026-10-06T12:26:59.277054+00:00,195.01675848000014,A,249950,68.34,13.599672038467927,837218304,844484608,270,50,484442112,367689113,28,0.916,0,0.0,12,0.097,1.013,0.42374563300109,
2026-10-06T12:26:59.277151+00:00,195.01685789400108,B,249952,60.09,10.39978996168056,876408832,876408832,269,46,532676608,410504704,25,0.988,0,0.0,10,0.103,1.091,0.37376738599959936,
2026-10-06T12:26:59.277319+00:00,195.017025946001,C,249943,54.87,7.999682022237679,782946304,787083264,263,43,461373440,397389004,25,0.873,0,0.0,8,0.136,1.01,0.45088986799964914,
2026-10-06T12:27:04.277138+00:00,200.01684188800027,A,249950,68.96,12.39979315161003,837222400,844484608,270,50,484442112,383417753,28,0.916,0,0.0,12,0.097,1.013,0.44178874799945334,
2026-10-06T12:27:04.277281+00:00,200.01698831800059,B,249952,60.5,8.199786110220012,876417024,876417024,269,46,532676608,413650432,25,0.988,0,0.0,10,0.103,1.091,0.4437850590002199,
2026-10-06T12:27:04.278385+00:00,200.01809207500082,C,249943,55.23,7.198465101520219,782950400,787083264,263,43,461373440,399486156,25,0.873,0,0.0,8,0.136,1.01,0.41152713500014215,
2026-10-06T12:27:09.276925+00:00,205.01662954300082,A,249950,69.55,11.800501155482353,837230592,844484608,269,50,484442112,402292121,28,0.916,0,0.0,12,0.097,1.013,0.3832201149998582,
2026-10-06T12:27:09.277035+00:00,205.0167418760011,B,249952,60.91,8.2004041848007,876462080,876462080,269,46,532676608,415747584,25,0.988,0,0.0,10,0.103,1.091,0.3120737059998646,
2026-10-06T12:27:09.277250+00:00,205.01695756000117,C,249943,55.62,7.801770245073381,782991360,787083264,263,43,461373440,401583308,25,0.873,0,0.0,8,0.136,1.01,0.40117685299992445,
2026-10-06T12:27:14.276890+00:00,210.01659423400088,A,249950,70.1,11.000077680348376,837230592,844484608,270,50,484442112,419069337,28,0.916,0,0.0,12,0.097,1.013,0.3714133479988959,
2026-10-06T12:27:14.276995+00:00,210.0167015700008,B,249952,61.35,8.80007093913248,876470272,876470272,269,46,532676608,418893312,25,0.988,0,0.0,10,0.103,1.091,0.34114896099890757,
2026-10-06T12:27:14.277354+00:00,210.0170613299997,C,249943,56.04,8.399825670020546,783011840,787083264,263,43,461373440,403680460,25,0.873,0,0.0,8,0.136,1.01,0.40344144200025767,
2026-10-06T12:27:19.276931+00:00,215.0166356460013,A,249950,70.69,11.79990226848851,837238784,844484608,270,50,484442112,436895129,28,0.916,0,0.0,12,0.097,1.013,0.3160115219998261,
2026-10-06T12:27:19.277095+00:00,215.01680202100033,B,249952,61.89,10.799783030199976,876527616,876527616,269,46,532676608,420990464,25,0.988,0,0.0,10,0.103,1.091,0.385802632999912,
2026-10-06T12:27:19.277245+00:00,215.01694912200037,C,249943,56.63,11.800264816821414,784715776,787083264,263,43,461373440,405777612,25,0.873,0,0.0,8,0.136,1.01,0.41548831699947186,
2026-10-06T12:27:24.276929+00:00,220.01663370700044,A,249950,71.31,12.400004808724105,837238784,844484608,269,49,484442112,252345753,29,0.921,0,0.0,12,0.097,1.018,0.35805721200085827,
2026-10-06T12:27:24.277051+00:00,220.01675836399954,B,249952,62.37,9.600083822173335,876535808,876535808,269,45,532676608,424136192,25,0.988,0,0.0,10,0.103,1.091,0.46439703200121585,
2026-10-06T12:27:24.277237+00:00,220.01694380200024,C,249943,57.01,7.600008086408707,784736256,787083264,263,42,461373440,407874764,25,0.873,0,0.0,8,0.136,1.01,0.4549507240008097,
2026-10-06T12:27:29.276908+00:00,225.01661219000016,A,249950,71.92,12.200052501706601,837263360,844484608,270,49,484442112,270171545,29,0.921,0,0.0,12,0.097,1.018,0.39248835800026427,
2026-10-06T12:27:29.277045+00:00,225.01674600600018,B,249952,62.79,8.400020761490284,876572672,876572672,269,45,532676608,426233344,25,0.988,0,0.0,10,0.103,1.091,0.3549400179999793,
2026-10-06T12:27:29.277321+00:00,225.01702759900036,C,249943,57.51,9.999832408808498,784855040,787083264,263,42,461373440,215819980,26,0.897,0,0.0,8,0.136,1.033,0.4166500690007524,
2026-10-06T12:27:34.277112+00:00,230.0168170020006,A,249950,72.45,10.59956581634428,837267456,844484608,270,49,484442112,284851609,29,0.921,0,0.0,12,0.097,1.018,0.4158194249994267,
2026-10-06T12:27:34.277230+00:00,230.01693739300026,B,249952,63.19,7.9996937925206595,876584960,876584960,269,45,532676608,429379072,25,0.988,0,0.0,10,0.103,1.091,0.4482674789996963,
2026-10-06T12:27:34.277396+00:00,230.0171029510002,C,249943,57.92,8.199876424582667,784867328,787083264,263,42,461373440,217917132,26,0.897,0,0.0,8,0.136,1.033,0.37758655400102725,
2026-10-06T12:27:39.276905+00:00,235.0166094160013,A,249950,73.01,11.200465011944484,837181440,844484608,270,48,484442112,302677401,29,0.921,0,0.0,12,0.097,1.018,0.4581979829999909,
2026-10-06T12:27:39.277014+00:00,235.01672086799954,B,249952,63.64,9.000389761879998,876621824,876621824,269,45,532676608,430427648,25,0.988,0,0.0,10,0.103,1.091,0.44185358100003214,
2026-10-06T12:27:39.279591+00:00,235.01929827700042,C,249943,58.31,7.7965767944500985,784879616,787083264,263,42,461373440,220014284,26,0.897,0,0.0,8,0.136,1.033,0.5217309250001563,
2026-10-06T12:27:44.276942+00:00,240.01664599600008,A,249950,73.51,9.999926840537679,837181440,844484608,270,48,484442112,317357465,29,0.921,0,0.0,12,0.097,1.018,0.46034989200052223,
2026-10-06T12:27:44.278786+00:00,240.01849222700002,B,249952,64.07,8.596954341509932,876646400,876646400,269,45,532676608,434621952,25,0.988,0,0.0,10,0.103,1.091,0.4101153310002701,
2026-10-06T12:27:44.281242+00:00,240.0209487200009,C,249943,58.69,7.5974921544504195,784826368,787083264,263,41,461373440,222111436,26,0.897,0,0.0,8,0.136,1.033,0.37894384199898923,
2026-10-06T12:27:49.276901+00:00,245.0166055940008,A,249950,74.05,10.800087269023466,837185536,844484608,270,48,484442112,335183257,29,0.921,0,0.0,12,0.097,1.018,0.5271363499996369,
2026-10-06T12:27:49.277108+00:00,245.01681115300016,B,249952,64.51,8.802959685330007,876666880,876666880,269,45,532676608,436719104,25,0.988,0,0.0,10,0.103,1.091,0.5417758280000271,
2026-10-06T12:27:49.277273+00:00,245.0169804670004,C,249943,59.11,8.406671960246118,784859136,787083264,263,41,461373440,224208588,26,0.897,0,0.0,8,0.136,1.033,0.4611108469998726,
2026-10-06T12:27:54.276922+00:00,250.0166262290004,A,249950,74.64,11.79995130160199,837185536,844484608,270,48,484442112,350911897,29,0.921,0,0.0,12,0.097,1.018,0.45411398999931407,
2026-10-06T12:27:54.277019+00:00,250.0167267500001,B,249952,64.95,8.800148551787727,876683264,876683264,269,45,532676608,439864832,25,0.988,0,0.0,10,0.103,1.091,0.4625938370008953,
2026-10-06T12:27:54.277109+00:00,250.01681604400073,C,249943,59.52,8.200269662587264,784887808,787083264,263,41,461373440,226305740,26,0.897,0,0.0,8,0.136,1.033,0.35809314899961464,
2026-10-06T12:27:59.276920+00:00,255.01662434300124,A,249950,75.2,11.200004224639743,837091328,844484608,270,47,484442112,369786265,29,0.921,0,0.0,12,0.097,1.018,0.3630198369992286,
2026-10-06T12:27:59.277075+00:00,255.0167787290011,B,249952,65.41,9.199904359632292,876613632,876613632,269,44,532676608,440913408,25,0.988,0,0.0,10,0.103,1.091,0.4251470099989092,
2026-10-06T12:27:59.277344+00:00,255.01705093800047,C,249943,59.97,8.999577210662533,784928768,787083264,263,41,461373440,228402892,26,0.897,0,0.0,8,0.136,1.033,0.35180903999935254,
2026-10-06T12:28:04.277007+00:00,260.0167112529998,A,249950,75.74,10.799812277665914,837091328,844484608,270,47,484442112,384466329,29,0.921,0,0.0,12,0.097,1.018,0.46712370600107533,
2026-10-06T12:28:04.277131+00:00,260.01683837900055,B,249952,65.84,8.59989740322505,876621824,876621824,269,44,532676608,444059136,25,0.988,0,0.0,10,0.103,1.091,0.4783845889996883,
2026-10-06T12:28:04.277343+00:00,260.0170493700007,C,249943,60.39,8.400002634240506,784949248,787083264,263,41,461373440,230500044,26,0.897,0,0.0,8,0.136,1.033,0.4017383649988915,
2026-10-06T12:28:09.276911+00:00,265.0166158060001,A,249950,76.31,11.400217623313749,837095424,844484608,269,47,484442112,399146393,29,0.921,0,0.0,12,0.097,1.018,0.45203360300001805,
2026-10-06T12:28:09.278119+00:00,265.0178264140013,B,249952,66.41,11.397747725263354,877326336,877326336,269,46,532676608,449302016,25,0.988,0,0.0,10,0.103,1.091,0.43161231899830454,
2026-10-06T12:28:09.278317+00:00,265.0180244410003,C,249943,60.81,8.39836220011489,784986112,787083264,263,41,461373440,232597196,26,0.897,0,0.0,8,0.136,1.033,0.41060594400005357,
2026-10-06T12:28:14.276938+00:00,270.0166424910003,A,249950,76.74,8.599954102044476,837095424,844484608,269,47,484442112,402292121,29,0.921,0,0.0,12,0.097,1.018,0.4149531549992389,
2026-10-06T12:28:14.277051+00:00,270.01675832900037,B,249952,67.08,13.40286307940502,877805568,877805568,269,46,532676608,455593472,25,0.988,0,0.0,10,0.103,1.091,0.39557238099951064,
2026-10-06T12:28:14.277110+00:00,270.01681760800057,C,249943,61.18,7.401786544051631,784998400,787083264,263,41,461373440,234694348,26,0.897,0,0.0,8,0.136,1.033,0.3970480059997499,
2026-10-06T12:28:19.276853+00:00,275.016557895,A,249950,77.2,9.200155659274353,837095424,844484608,269,47,484442112,408583577,29,0.921,0,0.0,12,0.097,1.018,0.46499560400116025,
2026-10-06T12:28:19.278048+00:00,275.0177550919998,B,249952,68.16,21.59569484208689,878149632,878149632,269,46,532676608,461884928,25,0.988,0,0.0,10,0.103,1.091,0.4384473350000917,
2026-10-06T12:28:19.278108+00:00,275.0178154969999,C,249943,61.62,8.798244065806605,785039360,787083264,263,41,461373440,236791500,26,0.897,0,0.0,8,0.136,1.033,0.3755344890014385,
2026-10-06T12:28:24.276895+00:00,280.0165998070006,A,249950,77.66,9.199922882565206,837095424,844484608,269,47,484442112,411729305,29,0.921,0,0.0,12,0.097,1.018,0.3597489410003618,
2026-10-06T12:28:24.277007+00:00,280.0167132280003,B,249952,68.72,11.20233426175556,878346240,878346240,269,46,532676608,469224960,25,0.988,0,0.0,10,0.103,1.091,0.44786841200038907,
2026-10-06T12:28:24.277340+00:00,280.01704715900087,C,249943,62.02,8.00122952973745,785084416,787083264,263,41,461373440,238888652,26,0.897,0,0.0,8,0.136,1.033,0.40233131700006197,
2026-10-06T12:28:29.276923+00:00,285.01662635700086,A,249950,78.27,12.199935218343352,837148672,844484608,269,47,484442112,416972185,29,0.921,0,0.0,12,0.097,1.018,0.38814519199877395,
2026-10-06T12:28:29.277107+00:00,285.01680979199955,B,249952,69.46,14.799714176082176,878616576,878616576,269,46,532676608,474467840,25,0.988,0,0.0,10,0.103,1.091,0.4114438180004072,
2026-10-06T12:28:29.277409+00:00,285.01711620199967,C,249943,62.42,7.999889532727286,785096704,787083264,263,41,461373440,239937228,26,0.897,0,0.0,8,0.136,1.033,0.3757762810000713,
2026-10-06T12:28:34.276926+00:00,290.01662898799987,A,249950,78.65,7.5999960008838086,837148672,844484608,269,47,484442112,421166489,29,0.921,0,0.0,12,0.097,1.018,0.48327735500060953,
2026-10-06T12:28:34.277089+00:00,290.01679575900016,B,249952,69.98,10.400029188720854,878919680,878919680,269,46,532676608,251017523,26,0.995,0,0.0,10,0.103,1.098,0.37881713600108924,
2026-10-06T12:28:34.277142+00:00,290.01684963000116,C,249943,62.82,8.0004265379382,785117184,787083264,263,41,461373440,242034380,26,0.897,0,0.0,8,0.136,1.033,0.41630693699880794,
2026-10-06T12:28:39.276915+00:00,295.01661886799957,A,249950,79.11,9.20001862083811,837160960,844484608,269,47,484442112,427457945,29,0.921,0,0.0,12,0.097,1.018,0.4019524170016666,
2026-10-06T12:28:39.277048+00:00,295.01675427600094,B,249952,70.49,10.20008462602034,879017984,879017984,269,46,532676608,257308979,26,0.995,0,0.0,10,0.103,1.098,0.5316452999995818,
2026-10-06T12:28:39.277188+00:00,295.01689503800117,C,249943,63.23,8.199925531556215,785141760,787083264,263,41,461373440,243082956,26,0.897,0,0.0,8,0.136,1.033,0.473003217999576,
2026-10-06T12:28:44.276911+00:00,300.0166152010006,A,249950,79.57,9.200006747282917,837226496,844484608,269,47,484442112,430603673,29,0.921,0,0.0,12,0.097,1.018,0.5142212199989444,
2026-10-06T12:28:44.277038+00:00,300.01674479600115,B,249952,71.28,15.80002995685626,879554560,879554560,269,47,532676608,265697587,26,0.995,0,0.0,10,0.103,1.098,0.4165177759987273,
2026-10-06T12:28:44.277234+00:00,300.0169409900009,C,249943,63.66,8.599920963286873,785735680,787083264,263,43,461373440,247277260,26,0.897,0,0.0,8,0.136,1.033,0.5211562599997706,
2026-10-06T12:28:49.276930+00:00,305.0166343760011,A,249950,80.1,10.599959349154883,837230592,844484608,269,47,484442112,436895129,29,0.921,0,0.0,12,0.097,1.018,0.45401751099961984,
2026-10-06T12:28:49.277049+00:00,305.01675577900096,B,249952,71.98,13.999969247668137,879742976,879742976,269,47,532676608,271989043,26,0.995,0,0.0,10,0.103,1.098,0.3720650449995446,
2026-10-06T12:28:49.277249+00:00,305.01695603400003,C,249943,64.03,7.399977734948332,785776640,787083264,263,43,461373440,247277260,26,0.897,0,0.0,8,0.136,1.033,0.369288914000208,
2026-10-06T12:28:54.276891+00:00,310.01659545000075,A,249950,80.54,8.80006851029421,837230592,844484608,269,47,484442112,441089433,29,0.921,0,0.0,12,0.097,1.018,0.45802228200045647,
2026-10-06T12:28:54.277008+00:00,310.01671428900045,B,249952,72.48,10.0000829806896,879824896,879824896,269,47,532676608,278280499,26,0.995,0,0.0,10,0.103,1.098,0.4438145820004138,
2026-10-06T12:28:54.277482+00:00,310.01718927100046,C,249943,64.41,7.599645496295931,785809408,787083264,263,43,461373440,250422988,26,0.897,0,0.0,8,0.136,1.033,0.4122699849995115,
2026-10-06T12:28:59.276940+00:00,315.0166418709996,A,249950,81.02,9.599910872509495,837230592,844484608,269,47,484442112,243818496,30,0.927,0,0.0,12,0.097,1.024,0.3808752690001711,
2026-10-06T12:28:59.277088+00:00,315.01679242700084,B,249952,73.01,10.599834350027908,880054272,880054272,269,47,532676608,285620531,26,0.995,0,0.0,10,0.103,1.098,0.3809596249993774,
2026-10-06T12:28:59.277229+00:00,315.0169361420012,C,249943,64.79,7.60038477555862,785817600,787083264,263,43,461373440,251471564,26,0.897,0,0.0,8,0.136,1.033,0.2899169519987481,
2026-10-06T12:29:04.276938+00:00,320.01664239599995,A,249950,81.46,8.79999907599942,837230592,844484608,269,47,484442112,248012800,30,0.927,0,0.0,12,0.097,1.024,0.39693076200092037,
2026-10-06T12:29:04.278249+00:00,320.01795649900123,B,249952,73.55,10.797486189730222,880173056,880173056,269,47,532676608,290863411,26,0.995,0,0.0,10,0.103,1.098,0.4587344569990819,
2026-10-06T12:29:04.278289+00:00,320.0179957729997,C,249943,65.39,11.997457424441867,785948672,787083264,263,43,461373440,253568716,26,0.897,0,0.0,8,0.136,1.033,0.48041098800058535,
2026-10-06T12:29:09.276873+00:00,325.01657801700094,A,249950,81.86,8.000103007724842,837238784,844484608,269,47,484442112,252207104,30,0.927,0,0.0,12,0.097,1.024,0.4438238200000342,
2026-10-06T12:29:09.277994+00:00,325.0177012229997,B,249952,74.16,12.20062290524633,880414720,880414720,269,47,532676608,297154867,26,0.995,0,0.0,10,0.103,1.098,0.3496742520001135,
2026-10-06T12:29:09.278032+00:00,325.01773889000106,C,249943,65.76,7.400380206371812,785993728,787083264,263,43,461373440,254617292,26,0.897,0,0.0,8,0.136,1.033,0.3945625229989673,
2026-10-06T12:29:14.276879+00:00,330.01658368599965,A,249950,82.3,8.799990022573537,837238784,844484608,269,47,484442112,256401408,30,0.927,0,0.0,12,0.097,1.024,0.35468116300035035,
2026-10-06T12:29:14.277017+00:00,330.01672328099994,B,249952,74.62,9.201799765292886,880492544,880492544,269,47,532676608,304494899,26,0.995,0,0.0,10,0.103,1.098,0.43546498700015945,
2026-10-06T12:29:14.277072+00:00,330.01677903900054,C,249943,66.25,9.80188166918532,786067456,787083264,263,43,461373440,256714444,26,0.897,0,0.0,8,0.136,1.033,0.36477083699901414,
2026-10-06T12:29:19.276891+00:00,335.0165956820001,A,249950,82.72,8.3999798467676,837169152,844484608,269,46,484442112,261644288,30,0.927,0,0.0,12,0.097,1.024,0.41244659699987096,
2026-10-06T12:29:19.278036+00:00,335.01774314400063,B,249952,75.18,11.19771597275747,880717824,880717824,269,47,532676608,310786355,26,0.995,0,0.0,10,0.103,1.098,0.35098886900050275,
2026-10-06T12:29:19.278141+00:00,335.01784822599984,C,249943,66.64,7.798332424871029,786079744,787083264,263,43,461373440,257763020,26,0.897,0,0.0,8,0.136,1.033,0.3736589930012997,
2026-10-06T12:29:24.276937+00:00,340.01664014000016,A,249950,83.13,8.199927089528144,837177344,844484608,269,46,484442112,265838592,30,0.927,0,0.0,12,0.097,1.024,0.3796410510003625,
2026-10-06T12:29:24.277123+00:00,340.0168305770003,B,249952,75.74,11.202044523233413,880812032,880812032,269,47,532676608,317077811,26,0.995,0,0.0,10,0.103,1.098,0.42395655200016336,
2026-10-06T12:29:24.277224+00:00,340.01693088700085,C,249943,67.01,7.40135791085151,786083840,787083264,263,43,461373440,259860172,26,0.897,0,0.0,8,0.136,1.033,0.3144975759987574,
2026-10-06T12:29:29.277066+00:00,345.0167705570002,A,249950,83.52,7.7997965547864965,837177344,844484608,269,46,484442112,272130048,30,0.927,0,0.0,12,0.097,1.024,0.40222906500093814,
2026-10-06T12:29:29.277260+00:00,345.01696647100107,B,249952,76.23,9.799733654997596,880988160,880988160,269,47,532676608,322320691,26,0.995,0,0.0,10,0.103,1.098,0.3798029739991762,
2026-10-06T12:29:29.277459+00:00,345.0171473170012,C,249943,67.36,6.999697011114553,786104320,787083264,263,43,461373440,260908748,26,0.897,0,0.0,8,0.136,1.033,0.36663819899877126,
2026-10-06T12:29:34.276892+00:00,350.0165967989997,A,249950,83.96,8.800305824708781,837177344,844484608,269,46,484442112,275275776,30,0.927,0,0.0,12,0.097,1.024,0.4240579630004504,
2026-10-06T12:29:34.277012+00:00,350.0167187269999,B,249952,76.9,13.400663986822925,881139712,881139712,269,47,532676608,329660723,26,0.995,0,0.0,10,0.103,1.098,0.4186887989999377,
2026-10-06T12:29:34.277181+00:00,350.0168668890001,C,249943,67.81,9.000504798714037,786137088,787083264,263,43,461373440,263005900,26,0.897,0,0.0,8,0.136,1.033,0.38709695100078534,
2026-10-06T12:29:39.276846+00:00,355.01655087400104,A,249950,84.38,8.4000771547064,837185536,844484608,269,46,484442112,281567232,30,0.927,0,0.0,12,0.097,1.024,0.44800898900030006,
2026-10-06T12:29:39.276956+00:00,355.01666318800017,B,249952,77.45,11.000122187156583,881299456,881299456,269,47,532676608,335952179,26,0.995,0,0.0,10,0.103,1.098,0.46690784500060545,
2026-10-06T12:29:39.277000+00:00,355.01670697400004,C,249943,68.19,7.600243078574352,786157568,787083264,263,43,461373440,264054476,26,0.897,0,0.0,8,0.136,1.033,0.38591046500005177,
2026-10-06T12:29:44.276897+00:00,360.0166012789996,A,249950,84.8,8.399915320456131,837185536,844484608,269,46,484442112,284712960,30,0.927,0,0.0,12,0.097,1.024,0.4155679700015753,
2026-10-06T12:29:44.276994+00:00,360.01670220100095,B,249952,77.88,8.599932898162068,881274880,881274880,269,46,532676608,341195059,26,0.995,0,0.0,10,0.103,1.098,0.395581108999977,
2026-10-06T12:29:44.277031+00:00,360.0167378990009,C,249943,68.79,11.999925780457229,786092032,787083264,263,41,461373440,266151628,26,0.897,0,0.0,8,0.136,1.033,0.4184096249991853,
2026-10-06T12:29:49.276937+00:00,365.01664077500027,A,249950,85.24,8.799930487587847,837193728,844484608,269,46,484442112,292052992,30,0.927,0,0.0,12,0.097,1.024,0.5062667530000908,
2026-10-06T12:29:49.278256+00:00,365.0179631789997,B,249952,78.38,9.997478679868333,881471488,881471488,269,46,532676608,350632243,26,0.995,0,0.0,10,0.103,1.098,0.48329197900056897,
2026-10-06T12:29:49.278294+00:00,365.01800066600117,C,249943,69.26,9.3976265974503,786178048,787083264,263,41,461373440,268248780,26,0.897,0,0.0,8,0.136,1.033,0.4990883189984743,
2026-10-06T12:29:54.276894+00:00,370.0165986860011,A,249950,85.7,9.200077444410562,837210112,844484608,269,46,484442112,300441600,30,0.927,0,0.0,12,0.097,1.024,0.3376093469996704,
2026-10-06T12:29:54.277015+00:00,370.01672151000093,B,249952,79.25,17.404322081434724,881774592,881774592,269,46,532676608,364263731,26,0.995,0,0.0,10,0.103,1.098,0.46185698099907313,
2026-10-06T12:29:54.277062+00:00,370.01676917199984,C,249943,69.66,8.001970875826311,786251776,787083264,263,41,461373440,270345932,26,0.897,0,0.0,8,0.136,1.033,0.4952113550007198,
2026-10-06T12:29:59.276928+00:00,375.01663228100006,A,249950,86.23,10.599928779080745,837222400,844484608,269,46,484442112,310927360,30,0.927,0,0.0,12,0.097,1.024,0.3481029390004551,
2026-10-06T12:29:59.277039+00:00,375.0167455310002,B,249952,79.8,10.999947154055448,881942528,881942528,269,46,532676608,376846643,26,0.995,0,0.0,10,0.103,1.098,0.43993127300018386,
2026-10-06T12:29:59.277091+00:00,375.0167979199996,C,249943,70.02,7.199958603118365,786259968,787083264,263,41,461373440,271394508,26,0.897,0,0.0,8,0.136,1.033,0.4004391750004288,
2026-10-06T12:30:04.277001+00:00,380.01670470800127,A,249950,86.71,9.599860942171773,837222400,844484608,269,46,484442112,319315968,30,0.927,0,0.0,12,0.097,1.024,0.45701810399987153,
2026-10-06T12:30:04.277100+00:00,380.0168076629998,B,249952,80.47,13.39983348831029,882225152,882225152,269,46,532676608,388380979,26,0.995,0,0.0,10,0.103,1.098,0.49021502300092834,
2026-10-06T12:30:04.277135+00:00,380.01684176399976,C,249943,70.41,7.799931603959491,786288640,787083264,263,41,461373440,274540236,26,0.897,0,0.0,8,0.136,1.033,0.4609855590006191,
2026-10-06T12:30:09.276975+00:00,385.01667809100036,A,249950,87.22,10.200054298971018,837230592,844484608,269,46,484442112,329801728,30,0.927,0,0.0,12,0.097,1.024,0.37238400299975183,
2026-10-06T12:30:09.277137+00:00,385.016841441,B,249952,81.08,12.199917582236244,882552832,882552832,269,46,532676608,400963891,26,0.995,0,0.0,10,0.103,1.098,0.46936162000019976,
2026-10-06T12:30:09.277278+00:00,385.01698462100103,C,249943,70.81,7.999771435328502,786341888,787083264,263,41,461373440,276637388,26,0.897,0,0.0,8,0.136,1.033,0.4435016600000381,
2026-10-06T12:30:14.276931+00:00,390.016635168,A,249950,87.67,9.000077262063977,837230592,844484608,269,46,484442112,338190336,30,0.927,0,0.0,12,0.097,1.024,0.4150833780004177,
2026-10-06T12:30:14.277035+00:00,390.0167425440013,B,249952,81.67,11.800233401533493,882679808,882679808,269,46,532676608,413546803,26,0.995,0,0.0,10,0.103,1.098,0.46117375399990124,
2026-10-06T12:30:14.277094+00:00,390.0168012080012,C,249943,71.17,7.200264124408516,786341888,787083264,263,41,461373440,278734540,26,0.897,0,0.0,8,0.136,1.033,0.3991660809988389,
2026-10-06T12:30:19.276878+00:00,395.0165808950005,A,249950,88.4,14.60015847887878,837332992,844484608,269,46,484442112,348676096,30,0.927,0,0.0,12,0.097,1.024,0.4655744539995794,
2026-10-06T12:30:19.277006+00:00,395.0167119320013,B,249952,82.26,11.800072244762488,882802688,882802688,269,46,532676608,425081139,26,0.995,0,0.0,10,0.103,1.098,0.4459979889998067,
2026-10-06T12:30:19.277088+00:00,395.01679506599976,C,249943,71.61,8.800010809935765,786382848,787083264,263,41,461373440,280831692,26,0.897,0,0.0,8,0.136,1.033,0.48951943600150116,
2026-10-06T12:30:24.276929+00:00,400.01663387400004,A,249950,88.91,10.19989192398595,837345280,844484608,269,46,484442112,357064704,30,0.927,0,0.0,12,0.097,1.024,0.4201061120002123,
2026-10-06T12:30:24.277035+00:00,400.0167423870007,B,249952,82.85,11.799928126638903,882941952,882941952,269,46,532676608,436615475,26,0.995,0,0.0,10,0.103,1.098,0.3689426149994688,
2026-10-06T12:30:24.277088+00:00,400.016794520001,C,249943,72.05,8.8000009609579,786386944,787083264,263,41,461373440,283977420,26,0.897,0,0.0,8,0.136,1.033,0.3545512629989389,
2026-10-06T12:30:29.276924+00:00,405.01662811999995,A,249950,89.39,9.600011047692956,837365760,844484608,269,46,484442112,366501888,30,0.927,0,0.0,12,0.097,1.024,0.39017805900039093,
2026-10-06T12:30:29.277037+00:00,405.01674394899965,B,249952,83.42,11.39999643864367,883040256,883040256,269,46,532676608,449198387,26,0.995,0,0.0,10,0.103,1.098,0.5028705290005746,
2026-10-06T12:30:29.277248+00:00,405.0169554719996,C,249943,72.42,7.399761798709924,786403328,787083264,263,41,461373440,285025996,26,0.897,0,0.0,8,0.136,1.033,0.444369254000776,
2026-10-06T12:30:34.277191+00:00,410.01689494899983,A,249950,89.82,8.59954107861076,837365760,844484608,269,46,484442112,375939072,30,0.927,0,0.0,12,0.097,1.024,0.33353457800149044,
2026-10-06T12:30:34.277321+00:00,410.01702787900103,B,249952,83.98,11.199364032910966,883396608,883396608,269,46,532676608,460732723,26,0.995,0,0.0,10,0.103,1.098,0.31274493699856976,
2026-10-06T12:30:34.277455+00:00,410.01716157400006,C,249943,72.83,8.199662006651419,786415616,787083264,263,41,461373440,287123148,26,0.897,0,0.0,8,0.136,1.033,0.39320522799971513,
2026-10-06T12:30:39.276949+00:00,415.0166538960002,A,249950,90.31,9.800472486658315,837402624,844484608,269,46,484442112,386424832,30,0.927,0,0.0,12,0.097,1.024,0.47860535600011644,
2026-10-06T12:30:39.277141+00:00,415.01684788700004,B,249952,84.5,10.400374396839677,883421184,883421184,270,46,532676608,473315635,26,0.995,0,0.0,10,0.103,1.098,0.40000369399967894,
2026-10-06T12:30:39.277298+00:00,415.0170049770004,C,249943,73.24,8.200256827123043,786440192,787083264,263,41,461373440,289220300,26,0.897,0,0.0,8,0.136,1.033,0.36893947499993374,
2026-10-06T12:30:44.277038+00:00,420.01674203699986,A,249950,90.79,9.59983077226393,837406720,844484608,269,46,484442112,394813440,30,0.927,0,0.0,12,0.097,1.024,0.4450812510003743,
2026-10-06T12:30:44.277301+00:00,420.0170039450004,B,249952,85.13,12.599606746113093,883478528,883478528,269,46,532676608,485898547,26,0.995,0,0.0,10,0.103,1.098,0.46291799299979175,
2026-10-06T12:30:44.277529+00:00,420.01723621900055,C,249943,73.62,7.599648528414956,786440192,787083264,263,41,461373440,291317452,26,0.897,0,0.0,8,0.136,1.033,0.42480923400034953,
2026-10-06T12:30:49.276974+00:00,425.0166774720001,A,249950,91.23,8.800113635866937,837410816,844484608,269,46,484442112,405299200,30,0.927,0,0.0,12,0.097,1.024,0.426352496000618,
2026-10-06T12:30:49.277124+00:00,425.01682889900076,B,249952,85.67,10.800378112596768,883572736,883572736,269,46,532676608,258808320,27,1.001,0,0.0,10,0.103,1.103,0.37804032799976994,
2026-10-06T12:30:49.277278+00:00,425.0169844379998,C,249943,73.99,7.400372654646419,786464768,787083264,263,41,461373440,293414604,26,0.897,0,0.0,8,0.136,1.033,0.4377125570008502,
2026-10-06T12:30:54.276977+00:00,430.0166815650009,A,249950,91.72,9.799991977724847,837414912,844484608,269,46,484442112,413687808,30,0.927,0,0.0,12,0.097,1.024,0.5215499339992675,
2026-10-06T12:30:54.277097+00:00,430.01680344300075,B,249952,86.26,11.800060076465936,883613696,883613696,270,46,532676608,271391232,27,1.001,0,0.0,10,0.103,1.103,0.5450333459993999,
2026-10-06T12:30:54.277272+00:00,430.01697901700027,C,249943,74.39,8.00000867360874,786464768,787083264,263,41,461373440,295511756,26,0.897,0,0.0,8,0.136,1.033,0.5532624820007186,
2026-10-06T12:30:59.276984+00:00,435.01668864100066,A,249950,92.21,9.79998613106002,837431296,844484608,269,46,484442112,424173568,30,0.927,0,0.0,12,0.097,1.024,0.5003360320006323,
2026-10-06T12:30:59.278815+00:00,435.0185212610013,B,249952,86.86,11.995878652743484,883687424,883687424,269,46,532676608,282925568,27,1.001,0,0.0,10,0.103,1.103,0.4924752939987229,
2026-10-06T12:30:59.278951+00:00,435.0186581520011,C,249943,74.75,7.197582857340586,786468864,787083264,263,41,461373440,297608908,26,0.897,0,0.0,8,0.136,1.033,0.525286681999205,
2026-10-06T12:31:04.276992+00:00,440.0166946240006,A,249950,92.73,10.399987555375226,837451776,844484608,269,46,484442112,432562176,30,0.927,0,0.0,12,0.097,1.024,0.41585427499921934,
2026-10-06T12:31:04.277238+00:00,440.01694589100043,B,249952,87.41,11.003466906333891,883707904,883707904,270,46,532676608,296557056,27,1.001,0,0.0,10,0.103,1.103,0.4878079810005147,
2026-10-06T12:31:04.277450+00:00,440.0171536480011,C,249943,75.14,7.802347732674601,786472960,787083264,263,41,461373440,299706060,26,0.897,0,0.0,8,0.136,1.033,0.36582149199966807,
2026-10-06T12:31:09.276976+00:00,445.0166800340012,A,249950,93.2,9.400027429278905,837468160,844484608,269,46,484442112,441999360,30,0.927,0,0.0,12,0.097,1.024,0.47413031099858927,
2026-10-06T12:31:09.277102+00:00,445.0168082319997,B,249952,87.92,10.200280832093458,883744768,883744768,270,46,532676608,308091392,27,1.001,0,0.0,10,0.103,1.103,0.4643212860009953,
2026-10-06T12:31:09.277318+00:00,445.0170252280004,C,249943,75.52,7.6001952034145654,786481152,787083264,263,41,461373440,300754636,26,0.897,0,0.0,8,0.136,1.033,0.5067749499994534,
2026-10-06T12:31:14.276874+00:00,450.01657861999956,A,249950,94.05,17.0003448145992,837619712,844484608,269,46,484442112,248469913,31,0.932,0,0.0,14,0.109,1.04,0.41912025500096206,
2026-10-06T12:31:14.276979+00:00,450.01668580600017,B,249952,88.47,11.000269343793795,883834880,883834880,270,46,532676608,320674304,27,1.001,0,0.0,10,0.103,1.103,0.4826631369996903,
2026-10-06T12:31:14.277151+00:00,450.0168573130013,C,249943,75.9,7.6002552393705445,786489344,787083264,263,41,461373440,303900364,26,0.897,0,0.0,8,0.136,1.033,0.39838366099866107,
2026-10-06T12:31:19.276923+00:00,455.016626224,A,249950,94.6,10.999895272196092,837636096,844484608,269,46,484442112,257907097,31,0.932,0,0.0,14,0.109,1.04,0.3563229350002075,
2026-10-06T12:31:19.277045+00:00,455.0167521780004,B,249952,89.01,10.79985663838269,883875840,883875840,269,46,532676608,333257216,27,1.001,0,0.0,10,0.103,1.103,0.43923760399957246,
2026-10-06T12:31:19.277087+00:00,455.01679444600086,C,249943,76.31,8.20010310317703,786509824,787083264,263,41,461373440,304948940,26,0.897,0,0.0,8,0.136,1.033,0.4022777179998229,
2026-10-06T12:31:24.276946+00:00,460.0166500730011,A,249950,95.02,8.399959933869324,837636096,844484608,269,46,484442112,266295705,31,0.932,0,0.0,14,0.109,1.04,0.5023393199990096,
2026-10-06T12:31:24.277059+00:00,460.0167658320006,B,249952,89.51,9.999972692074147,883888128,883888128,269,46,532676608,343742976,27,1.001,0,0.0,10,0.103,1.103,0.42762435199983884,
2026-10-06T12:31:24.278730+00:00,460.01843750100124,C,249943,76.68,7.397569077427417,786522112,787083264,263,41,461373440,308094668,26,0.897,0,0.0,8,0.136,1.033,0.4879833459999645,
2026-10-06T12:31:29.276960+00:00,465.0166635610003,A,249950,95.57,10.999970326481662,837636096,844484608,269,46,484442112,277830041,31,0.932,0,0.0,14,0.109,1.04,0.5839524559996789,
2026-10-06T12:31:29.277073+00:00,465.016780381,B,249952,90.1,11.799965664461137,883937280,883937280,270,46,532676608,356325888,27,1.001,0,0.0,10,0.103,1.103,0.596134876999713,
2026-10-06T12:31:29.277338+00:00,465.0170455490006,C,249943,77.1,8.402339130552301,786567168,787083264,263,41,461373440,309143244,26,0.897,0,0.0,8,0.136,1.033,0.6124703370005591,
2026-10-06T12:31:34.277010+00:00,470.01668436900036,A,249950,96.05,9.599960048806254,837636096,844484608,269,46,484442112,285170073,31,0.932,0,0.0,14,0.109,1.04,0.535857954999301,
2026-10-06T12:31:34.277424+00:00,470.01713122399997,B,249952,90.73,12.599115937673663,884002816,884002816,270,46,532676608,367860224,27,1.001,0,0.0,10,0.103,1.103,0.466553644000669,
2026-10-06T12:31:34.279215+00:00,470.01892188700003,C,249943,77.51,8.196923960019308,786567168,787083264,263,41,461373440,312288972,26,0.897,0,0.0,8,0.136,1.033,0.4354043140010617,
2026-10-06T12:31:39.277098+00:00,475.0168032490001,A,249950,96.54,9.799767000740525,837636096,844484608,269,46,484442112,295655833,31,0.932,0,0.0,14,0.109,1.04,0.5059576029998425,
2026-10-06T12:31:39.277240+00:00,475.0169465250001,B,249952,91.34,12.200450682207792,884170752,884170752,269,46,532676608,380443136,27,1.001,0,0.0,10,0.103,1.103,0.36749695999969845,
2026-10-06T12:31:39.278720+00:00,475.01842721700086,C,249943,77.91,8.00079155030974,786579456,787083264,263,41,461373440,314386124,26,0.897,0,0.0,8,0.136,1.033,0.48522966999917116,
2026-10-06T12:31:44.276931+00:00,480.0166333500001,A,249950,96.99,9.00030582859169,837636096,844484608,269,46,484442112,304044441,31,0.932,0,0.0,14,0.109,1.04,0.5091137239996897,
2026-10-06T12:31:44.277123+00:00,480.0168301600006,B,249952,91.88,10.800251354248495,884178944,884178944,269,46,532676608,393026048,27,1.001,0,0.0,10,0.103,1.103,0.5073094059989671,
2026-10-06T12:31:44.277687+00:00,480.01739387700036,C,249943,78.31,8.001653685764849,786579456,787083264,263,41,461373440,316483276,26,0.897,0,0.0,8,0.136,1.033,0.45861135800078046,
2026-10-06T12:31:49.277362+00:00,485.0170653820005,A,249950,97.47,9.599170570227372,837636096,844484608,269,46,484442112,314530201,31,0.932,0,0.0,14,0.109,1.04,0.3957097780003096,
2026-10-06T12:31:49.277532+00:00,485.01723934300026,B,249952,92.42,10.799116237045043,884293632,884293632,269,46,532676608,405608960,27,1.001,0,0.0,10,0.103,1.103,0.3784898800004157,
2026-10-06T12:31:49.277790+00:00,485.01749715000005,C,249943,78.7,7.799838897447995,786595840,787083264,263,41,461373440,318580428,26,0.897,0,0.0,8,0.136,1.033,0.43207400100072846,
2026-10-06T12:31:54.276934+00:00,490.01663889799966,A,249950,97.92,9.000767736687077,837636096,844484608,269,46,484442112,322918809,31,0.932,0,0.0,14,0.109,1.04,0.44843053800104826,
2026-10-06T12:31:54.277045+00:00,490.0167518880007,B,249952,92.95,10.601033505356495,884322304,884322304,270,46,532676608,418191872,27,1.001,0,0.0,10,0.103,1.103,0.5222511419997318,
2026-10-06T12:31:54.277122+00:00,490.0168297849996,C,249943,79.14,8.801174719194096,786624512,787083264,263,41,461373440,320677580,26,0.897,0,0.0,8,0.136,1.033,0.48431297200113477,
2026-10-06T12:31:59.276900+00:00,495.016603379001,A,249950,98.51,11.800083825432313,837636096,844484608,269,46,484442112,333404569,31,0.932,0,0.0,14,0.109,1.04,0.40819762399951287,
2026-10-06T12:31:59.278069+00:00,495.0177766400011,B,249952,93.49,10.79778698923647,884359168,884359168,269,46,532676608,429726208,27,1.001,0,0.0,10,0.103,1.103,0.4358152379991225,
2026-10-06T12:31:59.278118+00:00,495.01782317499965,C,249943,79.52,7.5984903471346055,786632704,787083264,263,41,461373440,321726156,26,0.897,0,0.0,8,0.136,1.033,0.38331462900168844,
2026-10-06T12:32:04.277582+00:00,500.01728526400075,A,249950,98.98,9.39871823100431,837636096,844484608,269,46,484442112,341793177,31,0.932,0,0.0,14,0.109,1.04,0.5661440610001591,
2026-10-06T12:32:04.277696+00:00,500.0174031059996,B,249952,94.0,10.200762066294661,884428800,884428800,269,46,532676608,442309120,27,1.001,0,0.0,10,0.103,1.103,0.5615391740011546,
2026-10-06T12:32:04.278024+00:00,500.01773120799953,C,249943,79.92,8.000147149906887,786665472,787083264,263,41,461373440,324871884,26,0.897,0,0.0,8,0.136,1.033,0.5066321890008112,
2026-10-06T12:32:09.277249+00:00,505.0169532780001,A,249950,99.46,9.600637455446346,837640192,844484608,269,46,484442112,352278937,31,0.932,0,0.0,14,0.109,1.04,0.5521261850008159,
2026-10-06T12:32:09.278724+00:00,505.0184313460013,B,249952,94.61,12.197491610241208,884547584,884547584,270,46,532676608,453843456,27,1.001,0,0.0,10,0.103,1.103,0.491763791998892,
2026-10-06T12:32:09.278855+00:00,505.01855787100067,C,249943,80.33,8.198644496786942,786685952,787083264,263,41,461373440,325920460,26,0.897,0,0.0,8,0.136,1.033,0.528292060998865,
2026-10-06T12:32:14.276910+00:00,510.0166138759996,A,249950,100.0,10.80073315808819,837681152,844484608,269,46,484442112,360667545,31,0.932,0,0.0,14,0.109,1.04,0.4410337310000614,
2026-10-06T12:32:14.277078+00:00,510.01678098199955,B,249952,95.19,11.603830108698757,885284864,885284864,270,46,532676608,465377792,27,1.001,0,0.0,10,0.103,1.103,0.4823297820003063,
2026-10-06T12:32:14.277452+00:00,510.01715896899987,C,249943,80.8,9.402630671771885,786833408,787083264,263,41,461373440,329066188,26,0.897,0,0.0,8,0.136,1.033,0.5028943750003236,
2026-10-06T12:32:19.276927+00:00,515.016629994001,A,249950,100.54,10.799965185229244,837685248,844484608,269,46,484442112,371153305,31,0.932,0,0.0,14,0.109,1.04,0.4410276629987493,
2026-10-06T12:32:19.277060+00:00,515.0167667240003,B,249952,95.75,11.200031938009513,885325824,885325824,269,46,532676608,477960704,27,1.001,0,0.0,10,0.103,1.103,0.36216543599948636,
2026-10-06T12:32:19.277125+00:00,515.0168323280013,C,249943,81.23,8.600561859222871,786898944,787083264,263,41,461373440,331163340,26,0.897,0,0.0,8,0.136,1.033,0.470126859998345,
2026-10-06T12:32:24.276984+00:00,520.0166865690007,A,249950,100.96,8.399904955075705,837685248,844484608,269,46,484442112,377444761,31,0.932,0,0.0,14,0.109,1.04,0.43761425800039433,
2026-10-06T12:32:24.277135+00:00,520.0168419780002,B,249952,96.23,9.599855514494767,885370880,885370880,269,46,532676608,483203584,27,1.001,0,0.0,10,0.103,1.103,0.488174047000939,
2026-10-06T12:32:24.277344+00:00,520.0170509569998,C,249943,81.59,7.199685188007581,786907136,787083264,263,41,461373440,332211916,26,0.897,0,0.0,8,0.136,1.033,0.44899988600081997,
2026-10-06T12:32:29.276891+00:00,525.0165949519997,A,249950,101.41,9.000164913623797,837689344,844484608,269,46,484442112,385833369,31,0.932,0,0.0,14,0.109,1.04,0.32072907500150905,
2026-10-06T12:32:29.276996+00:00,525.0167031190012,B,249952,96.67,8.80024439862555,885424128,885424128,269,46,532676608,489495040,27,1.001,0,0.0,10,0.103,1.103,0.38079403299889236,
2026-10-06T12:32:29.277271+00:00,525.0169782310004,C,249943,81.99,8.000116363291424,786919424,787083264,263,41,461373440,334309068,26,0.897,0,0.0,8,0.136,1.033,0.4392591350006114,
2026-10-06T12:32:34.276956+00:00,530.0166595690007,A,249950,101.83,8.399891444841181,837689344,844484608,269,46,484442112,392124825,31,0.932,0,0.0,14,0.109,1.04,0.6074061740000616,
2026-10-06T12:32:34.277051+00:00,530.0167590380006,B,249952,97.11,8.799901583661764,885428224,885428224,269,46,532676608,247780249,28,1.048,0,0.0,10,0.103,1.15,0.49308194299919705,
2026-10-06T12:32:34.278122+00:00,530.0178300050011,C,249943,82.4,8.198603328568762,786931712,787083264,263,41,461373440,336406220,26,0.897,0,0.0,8,0.136,1.033,0.6061240899998666,
2026-10-06T12:32:39.276929+00:00,535.0166332980007,A,249950,102.2,7.4000388812844164,837689344,844484608,269,46,484442112,400513433,31,0.932,0,0.0,14,0.109,1.04,0.31502391699905274,
2026-10-06T12:32:39.277058+00:00,535.0167653460012,B,249952,97.98,17.399978048185723,885583872,885583872,269,46,532676608,255120281,28,1.048,0,0.0,12,0.133,1.181,0.444366904999697,
2026-10-06T12:32:39.277491+00:00,535.0171984070003,C,249943,82.76,7.200909616023527,786960384,787083264,263,41,461373440,337454796,26,0.897,0,0.0,8,0.136,1.033,0.4226948100003938,
2026-10-06T12:32:44.276959+00:00,540.0166634859997,A,249950,102.63,8.599948076954938,837689344,844484608,269,46,484442112,405756313,31,0.932,0,0.0,14,0.109,1.04,0.517395030001353,
2026-10-06T12:32:44.277401+00:00,540.0171090140011,B,249952,98.4,8.399422677441637,885583872,885583872,269,46,532676608,260363161,28,1.048,0,0.0,12,0.133,1.181,0.477472010999918,
2026-10-06T12:32:44.277462+00:00,540.0171687540005,C,249943,83.18,8.400049817335024,786993152,787083264,263,41,461373440,339551948,26,0.897,0,0.0,8,0.136,1.033,0.4931033890006802,
2026-10-06T12:32:49.276914+00:00,545.016618521,A,249950,103.09,9.200082736343633,837693440,844484608,269,46,484442112,415193497,31,0.932,0,0.0,14,0.109,1.04,0.3850522140000976,
2026-10-06T12:32:49.277024+00:00,545.0167306300009,B,249952,98.8,8.000605460219465,885583872,885583872,269,46,532676608,266654617,28,1.048,0,0.0,12,0.133,1.181,0.3482212199996866,
2026-10-06T12:32:49.277109+00:00,545.0168167089996,C,249943,83.55,7.400521063288698,786993152,787083264,263,41,461373440,341649100,26,0.897,0,0.0,8,0.136,1.033,0.4547970500007068,
2026-10-06T12:32:54.276985+00:00,550.0166893759997,A,249950,103.84,14.999787438013271,832921600,844484608,269,46,484442112,421484953,31,0.932,0,0.0,14,0.109,1.04,0.5222721710015321,
2026-10-06T12:32:54.277117+00:00,550.0168238220012,B,249952,99.54,14.799724156820423,883720192,888750080,269,46,532676608,271897497,28,1.048,0,0.0,12,0.133,1.181,0.5539148539992311,
2026-10-06T12:32:54.277326+00:00,550.0170335870007,C,249943,83.95,7.999653010249269,786993152,787083264,263,41,461373440,343746252,26,0.897,0,0.0,8,0.136,1.033,0.5522429550001107,
2026-10-06T12:32:59.277016+00:00,555.0167204050013,A,249950,104.32,9.599940424686535,832921600,844484608,269,46,484442112,429873561,31,0.932,0,0.0,14,0.109,1.04,0.40671043199836276,
2026-10-06T12:32:59.277129+00:00,555.0168354420002,B,249952,99.98,8.799979548849267,883720192,888750080,269,46,532676608,276091801,28,1.048,0,0.0,12,0.133,1.181,0.45030490300086967,
2026-10-06T12:32:59.277196+00:00,555.0169034740011,C,249943,84.67,14.40037473519045,786546688,791801856,263,41,461373440,344794828,26,0.897,0,0.0,8,0.136,1.033,0.405240287000197,
2026-10-06T12:33:04.276945+00:00,560.0166496290003,A,249950,104.79,9.400133060765528,832921600,844484608,269,46,484442112,436165017,31,0.932,0,0.0,14,0.109,1.04,0.389783897999223,
2026-10-06T12:33:04.277049+00:00,560.0167557229997,B,249952,100.49,10.200162629353759,883724288,888750080,269,46,532676608,281334681,28,1.048,0,0.0,12,0.133,1.181,0.4619979510007397,
2026-10-06T12:33:04.277258+00:00,560.0169650469998,C,249943,85.08,8.199899021525614,786567168,791801856,263,41,461373440,346891980,26,0.897,0,0.0,8,0.136,1.033,0.5059033699999418,
2026-10-06T12:33:09.276910+00:00,565.0166134120009,A,249950,105.31,10.4000753319044,832925696,844484608,269,46,484442112,443505049,31,0.932,0,0.0,14,0.109,1.04,0.46528698099973553,
2026-10-06T12:33:09.277048+00:00,565.0167545479999,B,249952,100.91,8.40000197400025,883724288,888750080,269,46,532676608,286577561,28,1.048,0,0.0,12,0.133,1.181,0.4136865290001879,
2026-10-06T12:33:09.277296+00:00,565.0170035370011,C,249943,85.49,8.199936876883696,786587648,791801856,263,41,461373440,347940556,26,0.897,0,0.0,8,0.136,1.033,0.48858332599957066,
2026-10-06T12:33:14.276920+00:00,570.0166245,A,249950,105.74,8.599980928683598,832925696,844484608,269,46,484442112,246895513,32,0.937,0,0.0,14,0.109,1.045,0.5119826940008352,
2026-10-06T12:33:14.277038+00:00,570.0167453710001,B,249952,101.42,10.200018721114077,883724288,888750080,269,46,532676608,292869017,28,1.048,0,0.0,12,0.133,1.181,0.5027655350004352,
2026-10-06T12:33:14.277081+00:00,570.0167879,C,249943,85.85,7.200310530673838,786587648,791801856,263,41,461373440,350037708,26,0.897,0,0.0,8,0.136,1.033,0.5218284180009505,
2026-10-06T12:33:19.276912+00:00,575.0166162820005,A,249950,106.19,9.000014792423459,832933888,844484608,269,46,484442112,255284121,32,0.937,0,0.0,14,0.109,1.045,0.4434584150003502,
2026-10-06T12:33:19.277026+00:00,575.0167329320011,B,249952,101.84,8.400020897570284,883740672,888750080,269,46,532676608,298111897,28,1.048,0,0.0,12,0.133,1.181,0.36898080699938873,
2026-10-06T12:33:19.277183+00:00,575.0168701220009,C,249943,86.23,7.599875024614038,786624512,791801856,263,41,461373440,351086284,26,0.897,0,0.0,8,0.136,1.033,0.432570252000005,
2026-10-06T12:33:24.276978+00:00,580.016682761001,A,249950,106.62,8.599885657639632,832933888,844484608,269,46,484442112,261575577,32,0.937,0,0.0,14,0.109,1.045,0.4239917949998926,
2026-10-06T12:33:24.277108+00:00,580.0168152750011,B,249952,102.24,7.999868253369463,883744768,888750080,269,46,532676608,303354777,28,1.048,0,0.0,12,0.133,1.181,0.3627756979985861,
2026-10-06T12:33:24.277192+00:00,580.0168989150006,C,249943,86.65,8.399951628039046,786644992,791801856,263,41,461373440,353183436,26,0.897,0,0.0,8,0.136,1.033,0.48720809099904727,
2026-10-06T12:33:29.276887+00:00,585.0165915340003,A,249950,107.08,9.200167860743788,832933888,844484608,269,46,484442112,269964185,32,0.937,0,0.0,14,0.109,1.045,0.32951203000084206,
2026-10-06T12:33:29.276990+00:00,585.0166966079996,B,249952,102.7,9.200218352465194,883744768,888750080,269,46,532676608,308597657,28,1.048,0,0.0,12,0.133,1.181,0.4287293810011761,
2026-10-06T12:33:29.277063+00:00,585.0167704480009,C,249943,87.13,9.600246662976907,786722816,791801856,263,41,461373440,355280588,26,0.897,0,0.0,8,0.136,1.033,0.39697220400012156,
2026-10-06T12:33:34.276897+00:00,590.0166018250002,A,249950,107.51,8.599982299516821,832933888,844484608,269,46,484442112,276255641,32,0.937,0,0.0,14,0.109,1.045,0.479572090000147,
2026-10-06T12:33:34.277016+00:00,590.0167230070001,B,249952,103.11,8.199956705867713,883744768,888750080,269,46,532676608,314889113,28,1.048,0,0.0,12,0.133,1.181,0.4779303160012205,
2026-10-06T12:33:34.277154+00:00,590.0168610439996,C,249943,87.51,7.599862296577246,786722816,791801856,263,41,461373440,357377740,26,0.897,0,0.0,8,0.136,1.033,0.4489825370001199,
2026-10-06T12:33:39.276925+00:00,595.0166280070007,A,249950,107.99,9.599949730822043,832933888,844484608,269,46,484442112,284644249,32,0.937,0,0.0,14,0.109,1.045,0.3782778309996502,
2026-10-06T12:33:39.277057+00:00,595.0167642409997,B,249952,103.54,8.599929078105733,883748864,888750080,269,46,532676608,319083417,28,1.048,0,0.0,12,0.133,1.181,0.46614240700000664,
2026-10-06T12:33:39.277310+00:00,595.0170171509999,C,249943,87.91,7.999750236597322,786788352,791801856,263,41,461373440,358426316,26,0.897,0,0.0,8,0.136,1.033,0.42656945700036886,
2026-10-06T12:33:44.278342+00:00,600.0180456350008,A,249950,108.42,8.597562370970152,832933888,844484608,269,46,484442112,291984281,32,0.937,0,0.0,14,0.109,1.045,0.4963082439990103,
2026-10-06T12:33:44.278882+00:00,600.0185882340011,B,249952,104.08,10.796061611835349,884002816,888750080,269,48,532676608,325374873,28,1.048,0,0.0,12,0.133,1.181,0.5204856099990138,
2026-10-06T12:33:44.280548+00:00,600.0202551370003,C,249943,88.32,8.194693139667192,787021824,791801856,263,43,461373440,361572044,26,0.897,0,0.0,8,0.136,1.033,0.5062835560001986,
2026-10-06T12:33:49.276888+00:00,605.0165919320007,A,249950,108.92,10.002908251547103,832933888,844484608,269,46,484442112,300372889,32,0.937,0,0.0,14,0.109,1.045,0.48053024299952085,
2026-10-06T12:33:49.277009+00:00,605.0167150720008,B,249952,104.52,8.803298000658323,884006912,888750080,269,48,532676608,331666329,28,1.048,0,0.0,12,0.133,1.181,0.41524551899965445,
2026-10-06T12:33:49.277128+00:00,605.0168353879999,C,249943,88.72,8.00547534326066,787042304,791801856,263,43,461373440,361572044,26,0.897,0,0.0,8,0.136,1.033,0.36386688700076775,
2026-10-06T12:33:54.277128+00:00,610.0168324670012,A,249950,109.36,8.799576678763687,832933888,844484608,269,46,484442112,306664345,32,0.937,0,0.0,14,0.109,1.045,0.4997474609990604,
2026-10-06T12:33:54.277321+00:00,610.0170280900002,B,249952,104.99,9.399411562999454,884011008,888750080,269,48,532676608,337957785,28,1.048,0,0.0,12,0.133,1.181,0.5200192800002696,
2026-10-06T12:33:54.277462+00:00,610.0171690520001,C,249943,89.22,9.999332716529276,787091456,791801856,263,43,461373440,363669196,26,0.897,0,0.0,8,0.136,1.033,0.5552892400010023,
2026-10-06T12:33:59.276960+00:00,615.0166626589998,A,249950,109.83,9.400319249884797,832950272,844484608,269,46,484442112,321344409,32,0.937,0,0.0,14,0.109,1.045,0.3868862260005699,
2026-10-06T12:33:59.277099+00:00,615.0168062490011,B,249952,105.47,9.600425953617098,884011008,888750080,269,48,532676608,347394969,28,1.048,0,0.0,12,0.133,1.181,0.386385669999072,
2026-10-06T12:33:59.277182+00:00,615.0168891030007,C,249943,89.62,8.000447943479385,787169280,791801856,263,43,461373440,365766348,26,0.897,0,0.0,8,0.136,1.033,0.4470626669990452,
2026-10-06T12:34:04.276937+00:00,620.0166411379996,A,249950,110.34,10.20004390302955,832950272,844484608,269,46,484442112,334975897,32,0.937,0,0.0,14,0.109,1.045,0.43773299700114876,
2026-10-06T12:34:04.277100+00:00,620.0168066660008,B,249952,105.95,9.599999199360756,884019200,888750080,269,48,532676608,356832153,28,1.048,0,0.0,12,0.133,1.181,0.47019009699943126,
2026-10-06T12:34:04.277150+00:00,620.0168571570011,C,249943,90.03,8.200052391773987,787173376,791801856,263,43,461373440,368912076,26,0.897,0,0.0,8,0.136,1.033,0.4292733739985124,
2026-10-06T12:34:09.276887+00:00,625.0165916160004,A,249950,110.84,10.00009904497947,832954368,844484608,269,46,484442112,350704537,32,0.937,0,0.0,14,0.109,1.045,0.4785018559996388,
2026-10-06T12:34:09.277001+00:00,625.0167074000001,B,249952,106.44,9.80019456522399,884023296,888750080,269,48,532676608,367317913,28,1.048,0,0.0,12,0.133,1.181,0.3937161419999029,
2026-10-06T12:34:09.277116+00:00,625.0168230390009,C,249943,90.42,7.800053224443595,787230720,791801856,263,43,461373440,369960652,26,0.897,0,0.0,8,0.136,1.033,0.46314095799971255,
2026-10-06T12:34:14.276942+00:00,630.016645357,A,249950,111.39,10.999881771071468,832954368,844484608,269,46,484442112,365384601,32,0.937,0,0.0,14,0.109,1.045,0.6650166190011078,
2026-10-06T12:34:14.277130+00:00,630.0167737810007,B,249952,106.96,10.39986192935177,884051968,888750080,269,48,532676608,376755097,28,1.048,0,0.0,12,0.133,1.181,0.578708363998885,
2026-10-06T12:34:14.277216+00:00,630.0169233100005,C,249943,90.85,8.599827537339124,787243008,791801856,263,43,461373440,373106380,26,0.897,0,0.0,8,0.136,1.033,0.5747713439996005,
2026-10-06T12:34:19.276922+00:00,635.0166257090004,A,249950,111.93,10.800042439845987,832954368,844484608,269,46,484442112,381113241,32,0.937,0,0.0,14,0.109,1.045,0.49180113399961556,
2026-10-06T12:34:19.277052+00:00,635.0167584379997,B,249952,107.55,11.80003620959353,884056064,888750080,269,48,532676608,386192281,28,1.048,0,0.0,12,0.133,1.181,0.42031919800137985,
2026-10-06T12:34:19.277361+00:00,635.017067832001,C,249943,91.25,7.999768771482864,787267584,791801856,263,43,461373440,374154956,26,0.897,0,0.0,8,0.136,1.033,0.4658647739997832,
2026-10-06T12:34:24.277017+00:00,640.0167182620007,A,249950,112.51,11.59978528101388,832954368,844484608,269,46,484442112,394744729,32,0.937,0,0.0,14,0.109,1.045,0.4473085600002378,
2026-10-06T12:34:24.277723+00:00,640.0174303460008,B,249952,108.03,9.598710109975462,884060160,888750080,269,48,532676608,395629465,28,1.048,0,0.0,12,0.133,1.181,0.5466174430002866,
2026-10-06T12:34:24.277866+00:00,640.017573481,C,249943,91.65,7.999191043411294,787279872,791801856,263,43,461373440,376252108,26,0.897,0,0.0,8,0.136,1.033,0.5179341130005923,
2026-10-06T12:34:29.276895+00:00,645.0165990580008,A,249950,113.09,11.600276559873212,832954368,844484608,269,46,484442112,412570521,32,0.937,0,0.0,14,0.109,1.045,0.4907498949996807,
2026-10-06T12:34:29.277015+00:00,645.0167213170007,B,249952,108.53,10.001418259117495,884060160,888750080,269,48,532676608,407163801,28,1.048,0,0.0,12,0.133,1.181,0.46610986799896637,
2026-10-06T12:34:29.277084+00:00,645.0167913719997,C,249943,92.03,7.601188991664556,787304448,791801856,263,43,461373440,379397836,26,0.897,0,0.0,8,0.136,1.033,0.46847246900142636,
2026-10-06T12:34:34.276956+00:00,650.0166596890012,A,249950,113.61,10.399873889048228,832954368,844484608,269,46,484442112,426202009,32,0.937,0,0.0,14,0.109,1.045,0.5389565069999662,
2026-10-06T12:34:34.277297+00:00,650.0170037110001,B,249952,109.0,9.39946912926397,884060160,888750080,269,48,532676608,417649561,28,1.048,0,0.0,12,0.133,1.181,0.5889132360007352,
2026-10-06T12:34:34.277380+00:00,650.017086711001,C,249943,92.4,7.399562924095367,787329024,791801856,263,43,461373440,381494988,26,0.897,0,0.0,8,0.136,1.033,0.5597484819991223,
2026-10-06T12:34:39.277097+00:00,655.0168011990008,A,249950,114.16,10.999688686811622,832954368,844484608,269,46,484442112,441930649,32,0.937,0,0.0,14,0.109,1.045,0.38109391299985873,
2026-10-06T12:34:39.277251+00:00,655.0169584089999,B,249952,109.48,9.600086980628575,884064256,888750080,269,48,532676608,427086745,28,1.048,0,0.0,12,0.133,1.181,0.4814850650000153,
2026-10-06T12:34:39.277385+00:00,655.017092035001,C,249943,92.8,7.999991481608763,787337216,791801856,263,43,461373440,382543564,26,0.897,0,0.0,8,0.136,1.033,0.4801161849991331,
2026-10-06T12:34:44.277029+00:00,660.0167325439998,A,249950,114.67,10.200140058125458,832954368,844484608,269,46,484442112,252057190,33,0.942,0,0.0,14,0.109,1.051,0.5073159630010196,
2026-10-06T12:34:44.277239+00:00,660.0169452930004,B,249952,110.03,11.000028855274616,883924992,888750080,269,46,532676608,436523929,28,1.048,0,0.0,12,0.133,1.181,0.5419967010002438,
2026-10-06T12:34:44.277427+00:00,660.0171337610009,C,249943,93.19,7.799934907983473,787197952,791801856,263,41,461373440,385689292,26,0.897,0,0.0,8,0.136,1.033,0.5640312759987864,
2026-10-06T12:34:49.276914+00:00,665.016618439,A,249950,115.2,10.600241908120053,832954368,844484608,269,46,484442112,268834406,33,0.942,0,0.0,14,0.109,1.051,0.40271983700040437,
2026-10-06T12:34:49.277011+00:00,665.0167185000009,B,249952,110.51,9.600435462310996,883924992,888750080,269,46,532676608,447009689,28,1.048,0,0.0,12,0.133,1.181,0.45934052399934444,
2026-10-06T12:34:49.277077+00:00,665.0167838730013,C,249943,93.6,8.200573856476405,787238912,791801856,263,41,461373440,386737868,26,0.897,0,0.0,8,0.136,1.033,0.3375832059991808,
2026-10-06T12:34:54.276896+00:00,670.0166003850009,A,249950,115.69,9.800035385966014,832954368,844484608,269,46,484442112,282465894,33,0.942,0,0.0,14,0.109,1.051,0.5084663179986819,
2026-10-06T12:34:54.277008+00:00,670.0167150870002,B,249952,110.97,9.200006279925525,883924992,888750080,269,46,532676608,456446873,28,1.048,0,0.0,12,0.133,1.181,0.5059369410009822,
2026-10-06T12:34:54.277057+00:00,670.016765022001,C,249943,94.01,8.20003091575723,787251200,791801856,263,41,461373440,389883596,26,0.897,0,0.0,8,0.136,1.033,0.4093011779987137,
2026-10-06T12:34:59.276928+00:00,675.0166307,A,249950,116.28,11.799928457035971,832958464,844484608,269,46,484442112,299243110,33,0.942,0,0.0,14,0.109,1.051,0.35238513100011915,
2026-10-06T12:34:59.277079+00:00,675.0167863590013,B,249952,111.57,11.999828949635345,883924992,888750080,269,46,532676608,465884057,28,1.048,0,0.0,12,0.133,1.181,0.4883310919994983,
2026-10-06T12:34:59.277258+00:00,675.016965277,C,249943,94.53,10.39958348628364,788094976,791801856,263,41,461373440,390932172,26,0.897,0,0.0,8,0.136,1.033,0.4130288100004691,
2026-10-06T12:35:04.276907+00:00,680.0166101310006,A,249950,116.81,10.600043606458117,832958464,844484608,269,46,484442112,312874598,33,0.942,0,0.0,14,0.109,1.051,0.5998866810004984,
2026-10-06T12:35:04.277061+00:00,680.0167678329999,B,249952,112.1,10.6000392752686,883924992,888750080,269,46,532676608,475321241,28,1.048,0,0.0,12,0.133,1.181,0.6236870740012819,
2026-10-06T12:35:04.277234+00:00,680.0169407770009,C,249943,94.93,8.000039200190914,788094976,791801856,263,41,461373440,394077900,26,0.897,0,0.0,8,0.136,1.033,0.6348661899992294,
2026-10-06T12:35:09.276944+00:00,685.0166479700001,A,249950,117.32,10.19992280902488,832958464,844484608,269,46,484442112,328603238,33,0.942,0,0.0,14,0.109,1.051,0.36359712400007993,
2026-10-06T12:35:09.277080+00:00,685.0167870389996,B,249952,112.6,9.999961588148135,883924992,888750080,269,46,532676608,485807001,28,1.048,0,0.0,12,0.133,1.181,0.3645151570017333,
2026-10-06T12:35:09.277231+00:00,685.0169384710007,C,249943,95.3,7.400003412881631,788103168,791801856,263,41,461373440,396175052,26,0.897,0,0.0,8,0.136,1.033,0.4402340689994162,
2026-10-06T12:35:14.276916+00:00,690.0166197400013,A,249950,117.81,9.80005533111035,832958464,844484608,269,46,484442112,342234726,33,0.942,0,0.0,14,0.109,1.051,0.42420847399989725,
2026-10-06T12:35:14.277053+00:00,690.0167604870003,B,249952,113.19,11.800062663051245,883924992,888750080,269,46,532676608,249344307,29,1.055,0,0.0,12,0.133,1.188,0.39790010300021095,
2026-10-06T12:35:14.277189+00:00,690.0168958850008,C,249943,95.7,8.000068138180197,788103168,791801856,263,41,461373440,398272204,26,0.897,0,0.0,8,0.136,1.033,0.4483931249997113,
2026-10-06T12:35:19.276917+00:00,695.0166208070004,A,249950,118.5,13.79999705508286,834437120,844484608,269,46,484442112,359011942,33,0.942,0,0.0,14,0.109,1.051,0.45721157300067716,
2026-10-06T12:35:19.277039+00:00,695.0167459599998,B,249952,113.65,9.200026729758797,883924992,888750080,269,46,532676608,257732915,29,1.055,0,0.0,12,0.133,1.188,0.3055528040003992,
2026-10-06T12:35:19.277105+00:00,695.0168118590009,C,249943,96.08,7.600127721666248,788111360,791801856,263,41,461373440,399320780,26,0.897,0,0.0,8,0.136,1.033,0.4233702860001358,
2026-10-06T12:35:24.276847+00:00,700.0165516870002,A,249950,118.97,9.400129947396863,834437120,844484608,269,46,484442112,372643430,33,0.942,0,0.0,14,0.109,1.051,0.4155577740002627,
2026-10-06T12:35:24.278238+00:00,700.017945439,B,249952,114.1,8.997841455625132,883924992,888750080,269,46,532676608,268218675,29,1.055,0,0.0,12,0.133,1.188,0.5181240390011226,
2026-10-06T12:35:24.278303+00:00,700.0180101610003,C,249943,96.45,7.398226937973636,788111360,791801856,263,41,461373440,402466508,26,0.897,0,0.0,8,0.136,1.033,0.49325684799987357,
2026-10-06T12:35:29.276904+00:00,705.0166086400004,A,249950,119.44,9.399892929579124,834437120,844484608,269,46,484442112,389420646,33,0.942,0,0.0,14,0.109,1.051,0.436643572000321,
2026-10-06T12:35:29.277033+00:00,705.0167397820005,B,249952,114.67,11.402749560964368,883924992,888750080,269,46,532676608,277655859,29,1.055,0,0.0,12,0.133,1.188,0.3840691269997478,
2026-10-06T12:35:29.277100+00:00,705.0168064970003,C,249943,96.85,8.001926326129807,788148224,791801856,263,41,461373440,404563660,26,0.897,0,0.0,8,0.136,1.033,0.33748207000098773,
2026-10-06T12:35:34.276898+00:00,710.0166009960012,A,249950,119.96,10.400015899542558,834437120,844484608,269,46,484442112,403052134,33,0.942,0,0.0,14,0.109,1.051,0.5389238259995182,
2026-10-06T12:35:34.277055+00:00,710.0167621830005,B,249952,115.21,10.79995161405657,883924992,888750080,269,46,532676608,287093043,29,1.055,0,0.0,12,0.133,1.188,0.4964571849995991,
2026-10-06T12:35:34.277127+00:00,710.0168343960013,C,249943,97.23,7.5999575937552954,788152320,791801856,263,41,461373440,406660812,26,0.897,0,0.0,8,0.136,1.033,0.4093224879998161,
2026-10-06T12:35:39.276913+00:00,715.0166177789997,A,249950,120.48,10.399965091480498,834437120,844484608,269,46,484442112,417732198,33,0.942,0,0.0,14,0.109,1.051,0.46771967400127323,
2026-10-06T12:35:39.277038+00:00,715.0167452410005,B,249952,115.68,9.40003185106819,883924992,888750080,269,46,532676608,297578803,29,1.055,0,0.0,12,0.133,1.188,0.4108469860002515,
2026-10-06T12:35:39.277131+00:00,715.0168383849996,C,249943,97.61,7.5999939367273495,788156416,791801856,263,41,461373440,408757964,26,0.897,0,0.0,8,0.136,1.033,0.5396062930012704,
2026-10-06T12:35:44.276894+00:00,720.01659793,A,249950,120.99,10.200040492120008,834437120,844484608,269,46,484442112,431363686,33,0.942,0,0.0,14,0.109,1.051,0.42001668400007475,
2026-10-06T12:35:44.277015+00:00,720.0167216610007,B,249952,116.16,9.600045273812988,883924992,888750080,269,46,532676608,307015987,29,1.055,0,0.0,12,0.133,1.188,0.42994150099912076,
2026-10-06T12:35:44.277075+00:00,720.0167822519998,C,249943,97.97,7.200080832427197,788156416,791801856,263,41,461373440,410855116,26,0.897,0,0.0,8,0.136,1.033,0.48082067200084566,
2026-10-06T12:35:49.276953+00:00,725.0166571299997,A,249950,121.85,17.199796354412292,834441216,844484608,269,46,484442112,245834854,34,0.949,0,0.0,16,0.12,1.068,0.3925297400001,
2026-10-06T12:35:49.277062+00:00,725.0167690830003,B,249952,116.6,8.799916538072202,883924992,888750080,269,46,532676608,316453171,29,1.055,0,0.0,12,0.133,1.188,0.3514818160001596,
2026-10-06T12:35:49.277122+00:00,725.0168287979996,C,249943,98.52,10.99989759975366,784719872,794505216,263,41,461373440,411903692,26,0.897,0,0.0,8,0.136,1.033,0.4841644760017516,
2026-10-06T12:35:54.276945+00:00,730.0166489940002,A,249950,122.36,10.20001659746599,834441216,844484608,269,46,484442112,260514918,34,0.949,0,0.0,16,0.12,1.068,0.3858467890004249,
2026-10-06T12:35:54.277054+00:00,730.0167606970008,B,249952,117.07,9.400015765705547,883924992,888750080,269,46,532676608,326938931,29,1.055,0,0.0,12,0.133,1.188,0.41772676599975966,
2026-10-06T12:35:54.277246+00:00,730.0169533709995,C,249943,99.11,11.7997060150446,786563072,794505216,263,41,461373440,415049420,26,0.897,0,0.0,8,0.136,1.033,0.45236113400096656,
2026-10-06T12:35:59.276903+00:00,735.0166060290012,A,249950,122.97,12.200104835498426,834441216,844484608,269,46,484442112,277292134,34,0.949,0,0.0,16,0.12,1.068,0.42406668399962655,
2026-10-06T12:35:59.277032+00:00,735.0167387230013,B,249952,117.53,9.200040432337,883924992,888750080,269,46,532676608,336376115,29,1.055,0,0.0,12,0.133,1.188,0.4048928829997749,
2026-10-06T12:35:59.277156+00:00,735.0168632599998,C,249943,99.49,7.600136971188029,786563072,794505216,263,41,461373440,416097996,26,0.897,0,0.0,8,0.136,1.033,0.30811407700093696,
2026-10-06T12:36:04.276949+00:00,740.0166535700009,A,249950,123.45,9.599908722148484,834441216,844484608,269,46,484442112,290923622,34,0.949,0,0.0,16,0.12,1.068,0.4050319279995165,
2026-10-06T12:36:04.277071+00:00,740.0167772510013,B,249952,118.08,10.999915239053067,883929088,888750080,269,46,532676608,345813299,29,1.055,0,0.0,12,0.133,1.188,0.47464927500004706,
2026-10-06T12:36:04.277469+00:00,740.0171756180007,C,249943,99.87,7.5995252454975235,786579456,794505216,263,41,461373440,418195148,26,0.897,0,0.0,8,0.136,1.033,0.5548224369995296,
2026-10-06T12:36:09.276923+00:00,745.0166271520011,A,249950,123.97,10.400054949729908,834441216,844484608,269,46,484442112,307700838,34,0.949,0,0.0,16,0.12,1.068,0.5853914679992158,
2026-10-06T12:36:09.277051+00:00,745.0167585790005,B,249952,118.58,10.00003734414107,883929088,888750080,269,46,532676608,356299059,29,1.055,0,0.0,12,0.133,1.188,0.47029812000073434,
2026-10-06T12:36:09.277124+00:00,745.0168306320011,C,249943,100.63,15.201048829804979,786608128,794505216,263,41,461373440,216344268,27,0.911,0,0.0,10,0.148,1.059,0.47206718099914724,
2026-10-06T12:36:14.276897+00:00,750.0166010789999,A,249950,124.49,10.400054232125234,834441216,844484608,269,46,484442112,320283750,34,0.949,0,0.0,16,0.12,1.068,0.4251733540004352,
2026-10-06T12:36:14.277022+00:00,750.0167287309996,B,249952,119.22,12.800076411338331,883970048,888750080,269,46,532676608,366784819,29,1.055,0,0.0,12,0.133,1.188,0.47586029100057203,
2026-10-06T12:36:14.277111+00:00,750.0168181999998,C,249943,101.04,8.200020388533064,786608128,794505216,263,41,461373440,219489996,27,0.911,0,0.0,10,0.148,1.059,0.39728867300073034,
2026-10-06T12:36:19.277221+00:00,755.0169256730005,A,249950,125.03,10.799298922471873,834441216,844484608,269,46,484442112,337060966,34,0.949,0,0.0,16,0.12,1.068,0.4772119789995486,
2026-10-06T12:36:19.277349+00:00,755.017055358001,B,249952,119.78,11.199268403308725,883970048,888750080,269,46,532676608,376222003,29,1.055,0,0.0,12,0.133,1.188,0.5149106409990054,
2026-10-06T12:36:19.278300+00:00,755.0180076320012,C,249943,101.51,9.397764399656243,786616320,794505216,263,41,461373440,220538572,27,0.911,0,0.0,10,0.148,1.059,0.4738154110000323,
2026-10-06T12:36:24.276896+00:00,760.0165999830006,A,249950,125.56,10.600690507778221,834457600,844484608,269,46,484442112,351741030,34,0.949,0,0.0,16,0.12,1.068,0.4129639769998903,
2026-10-06T12:36:24.277029+00:00,760.016735702,B,249952,120.33,11.000703288164223,883970048,888750080,269,46,532676608,386707763,29,1.055,0,0.0,12,0.133,1.188,0.4614374270004191,
2026-10-06T12:36:24.277108+00:00,760.016814726001,C,249943,101.9,7.8018613774498995,786616320,794505216,263,41,461373440,222635724,27,0.911,0,0.0,10,0.148,1.059,0.3774445309991279,
2026-10-06T12:36:29.276931+00:00,765.016635420001,A,249950,126.0,8.79993763132127,834478080,844484608,269,46,484442112,366421094,34,0.949,0,0.0,16,0.12,1.068,0.39531436699871847,
2026-10-06T12:36:29.277087+00:00,765.0167942830012,B,249952,120.77,8.799896898645777,883978240,888750080,269,46,532676608,395096371,29,1.055,0,0.0,12,0.133,1.188,0.4492614449991379,
2026-10-06T12:36:29.277257+00:00,765.0169635080001,C,249943,102.25,6.999791711399084,786624512,794505216,263,41,461373440,225781452,27,0.911,0,0.0,10,0.148,1.059,0.4725567099994805,
2026-10-06T12:36:34.276896+00:00,770.0165995170009,A,249950,126.39,7.800056009082231,834478080,844484608,269,46,484442112,369566822,34,0.949,0,0.0,16,0.12,1.068,0.46894215999964217,
2026-10-06T12:36:34.277043+00:00,770.0167497530001,B,249952,121.22,9.000080154715905,883978240,888750080,269,46,532676608,401387827,29,1.055,0,0.0,12,0.133,1.188,0.4672895530002279,
2026-10-06T12:36:34.277228+00:00,770.0169348449999,C,249943,102.62,7.400042421483563,786640896,794505216,263,41,461373440,226830028,27,0.911,0,0.0,10,0.148,1.059,0.4437907669998822,
2026-10-06T12:36:39.276914+00:00,775.0166173230009,A,249950,126.81,8.39997008602663,834482176,844484608,269,46,484442112,374809702,34,0.949,0,0.0,16,0.12,1.068,0.4755701649992261,
2026-10-06T12:36:39.277067+00:00,775.0167737270003,B,249952,121.63,8.199960682828099,883982336,888750080,269,46,532676608,407679283,29,1.055,0,0.0,12,0.133,1.188,0.46300625299954845,
2026-10-06T12:36:39.277217+00:00,775.0169233270008,C,249943,102.94,6.400014743072744,786640896,794505216,263,41,461373440,228927180,27,0.911,0,0.0,10,0.148,1.059,0.39300160099992354,
2026-10-06T12:36:44.276923+00:00,780.0166262849998,A,249950,127.24,8.599984585389372,834482176,844484608,269,46,484442112,379004006,34,0.949,0,0.0,16,0.12,1.068,0.41587004699977115,
2026-10-06T12:36:44.277190+00:00,780.0168964610002,B,249952,122.08,8.999779084223034,883982336,888750080,269,46,532676608,415019315,29,1.055,0,0.0,12,0.133,1.188,0.48411811200094235,
2026-10-06T12:36:44.277389+00:00,780.0170956800011,C,249943,103.35,8.199717350822395,786640896,794505216,263,41,461373440,231024332,27,0.911,0,0.0,10,0.148,1.059,0.4456217389997619,
2026-10-06T12:36:49.276921+00:00,785.0166258200006,A,249950,127.68,8.800000818398864,834482176,844484608,269,46,484442112,384246886,34,0.949,0,0.0,16,0.12,1.068,0.49306209399946965,
2026-10-06T12:36:49.277032+00:00,785.0167389449998,B,249952,122.52,8.800277236894507,883982336,888750080,269,46,532676608,421310771,29,1.055,0,0.0,12,0.133,1.188,0.4701600940006756,
2026-10-06T12:36:49.277074+00:00,785.0167818999998,C,249943,103.75,8.000502079510706,786640896,794505216,263,41,461373440,232072908,27,0.911,0,0.0,10,0.148,1.059,0.48145787000066775,
2026-10-06T12:36:54.276949+00:00,790.0166534050004,A,249950,128.09,8.199954760849891,834482176,844484608,269,46,484442112,388441190,34,0.949,0,0.0,16,0.12,1.068,0.5670986019995325,
2026-10-06T12:36:54.277396+00:00,790.01710327,B,249952,122.95,8.59937340665653,883982336,888750080,269,46,532676608,427602227,29,1.055,0,0.0,12,0.133,1.188,0.5546442040013062,
2026-10-06T12:36:54.277447+00:00,790.017153611001,C,249943,104.15,7.999405306608996,786640896,794505216,263,41,461373440,234170060,27,0.911,0,0.0,10,0.148,1.059,0.5836999289986124,
2026-10-06T12:36:59.276948+00:00,795.0166514650009,A,249950,128.5,8.200003181600334,834486272,844484608,269,46,484442112,393684070,34,0.949,0,0.0,16,0.12,1.068,0.3720317449988215,
2026-10-06T12:36:59.277090+00:00,795.0167933989997,B,249952,123.37,8.40052061554536,883982336,888750080,269,46,532676608,432845107,29,1.055,0,0.0,12,0.133,1.188,0.42740236800091225,
2026-10-06T12:36:59.277324+00:00,795.0170312950013,C,249943,104.51,7.200176139348577,786640896,794505216,263,41,461373440,235218636,27,0.911,0,0.0,10,0.148,1.059,0.38842295199901855,
2026-10-06T12:37:04.276922+00:00,800.0166255470012,A,249950,128.92,8.400043542464894,834486272,844484608,269,46,484442112,396829798,34,0.949,0,0.0,16,0.12,1.068,0.4630291329995089,
2026-10-06T12:37:04.277070+00:00,800.016776849001,B,249952,123.83,9.200030452098263,883982336,888750080,269,46,532676608,440185139,29,1.055,0,0.0,12,0.133,1.188,0.42717278300006,
2026-10-06T12:37:04.277188+00:00,800.0168949220006,C,249943,104.9,7.800212747683734,786640896,794505216,263,41,461373440,237315788,27,0.911,0,0.0,10,0.148,1.059,0.3832261229999858,
2026-10-06T12:37:09.276969+00:00,805.0166727020005,A,249950,129.37,8.99991512180215,834486272,844484608,269,46,484442112,403121254,34,0.949,0,0.0,16,0.12,1.068,0.4875964450002357,
2026-10-06T12:37:09.277139+00:00,805.0168455809999,B,249952,124.26,8.599881782587078,883982336,888750080,269,46,532676608,446476595,29,1.055,0,0.0,12,0.133,1.188,0.5086706790007156,
2026-10-06T12:37:09.277636+00:00,805.0173426929996,C,249943,105.28,7.599319449027601,786640896,794505216,263,41,461373440,238364364,27,0.911,0,0.0,10,0.148,1.059,0.5289546399999381,
2026-10-06T12:37:14.276923+00:00,810.0166267759996,A,249950,129.79,8.400077156389948,834486272,844484608,269,46,484442112,406266982,34,0.949,0,0.0,16,0.12,1.068,0.45299432600040745,
2026-10-06T12:37:14.277054+00:00,810.0167612879995,B,249952,124.73,9.400158473512233,883982336,888750080,270,46,532676608,452768051,29,1.055,0,0.0,12,0.133,1.188,0.46947580900086905,
2026-10-06T12:37:14.277157+00:00,810.0168641170003,C,249943,105.68,8.000765794897198,786640896,794505216,263,41,461373440,240461516,27,0.911,0,0.0,10,0.148,1.059,0.399979711000924,
2026-10-06T12:37:19.276908+00:00,815.0166123750005,A,249950,130.21,8.400024193748546,834486272,844484608,269,46,484442112,412558438,34,0.949,0,0.0,16,0.12,1.068,0.3599057739993441,
2026-10-06T12:37:19.277013+00:00,815.0167209780011,B,249952,125.17,8.800070946169177,883982336,888750080,269,46,532676608,459059507,29,1.055,0,0.0,12,0.133,1.188,0.43092489399896294,
2026-10-06T12:37:19.277056+00:00,815.0167628569998,C,249943,106.08,8.000162019281875,786640896,794505216,263,41,461373440,241510092,27,0.911,0,0.0,10,0.148,1.059,0.3631838580004114,
2026-10-06T12:37:24.276937+00:00,820.0166410170004,A,249950,130.62,8.199953027389073,834486272,844484608,269,46,484442112,415704166,34,0.949,0,0.0,16,0.12,1.068,0.4233667829994374,
2026-10-06T12:37:24.277107+00:00,820.0168137809997,B,249952,125.67,9.99981439744779,883982336,888750080,269,46,532676608,465350963,29,1.055,0,0.0,12,0.133,1.188,0.5106818479998765,
2026-10-06T12:37:24.277162+00:00,820.016869309,C,249943,106.45,7.39984245439403,786644992,794505216,263,41,461373440,243607244,27,0.911,0,0.0,10,0.148,1.059,0.5638631279998663,
2026-10-06T12:37:29.276913+00:00,825.0166176660005,A,249950,131.04,8.40003922986293,834486272,844484608,269,46,484442112,421995622,34,0.949,0,0.0,16,0.12,1.068,0.42724568099947646,
2026-10-06T12:37:29.277044+00:00,825.0167503700013,B,249952,126.11,8.80011160477242,883982336,888750080,269,46,532676608,470593843,29,1.055,0,0.0,12,0.133,1.188,0.39140476399916224,
2026-10-06T12:37:29.277097+00:00,825.0168045660012,C,249943,106.85,8.00010359013926,786644992,794505216,263,41,461373440,244655820,27,0.911,0,0.0,10,0.148,1.059,0.31789916699926835,
2026-10-06T12:37:34.276942+00:00,830.0166462390007,A,249950,131.48,8.799949711806915,834486272,844484608,269,46,484442112,425141350,34,0.949,0,0.0,16,0.12,1.068,0.47044036999977834,
2026-10-06T12:37:34.277063+00:00,830.0167701200007,B,249952,126.57,9.199963660144503,883982336,888750080,269,46,532676608,477933875,29,1.055,0,0.0,12,0.133,1.188,0.4092798519995995,
2026-10-06T12:37:34.277130+00:00,830.0168376370002,C,249943,107.27,8.399944441089104,786644992,794505216,263,41,461373440,246752972,27,0.911,0,0.0,10,0.148,1.059,0.4982796580006834,
2026-10-06T12:37:39.276918+00:00,835.0166224470013,A,249950,131.93,9.000042825803062,834560000,844484608,269,47,484442112,431432806,34,0.949,0,0.0,16,0.12,1.068,0.4890990280000551,
2026-10-06T12:37:39.277041+00:00,835.0167480710006,B,249952,126.98,8.200036160519854,883986432,888750080,269,46,532676608,484225331,29,1.055,0,0.0,12,0.133,1.188,0.5074099169996771,
2026-10-06T12:37:39.277149+00:00,835.0168560230013,C,249943,107.64,7.399972788818521,786644992,794505216,263,41,461373440,247801548,27,0.911,0,0.0,10,0.148,1.059,0.4196332749997964,
2026-10-06T12:37:44.276918+00:00,840.016621783001,A,249950,132.35,8.400001115520325,834560000,844484608,269,47,484442112,435627110,34,0.949,0,0.0,16,0.12,1.068,0.43203068699949654,
2026-10-06T12:37:44.277081+00:00,840.0167880429999,B,249952,127.41,8.599931248710705,883986432,888750080,269,46,532676608,490516787,29,1.055,0,0.0,12,0.133,1.188,0.4733842020013981,
2026-10-06T12:37:44.277258+00:00,840.0169648290012,C,249943,108.05,8.199821562043212,786644992,794505216,263,41,461373440,249898700,27,0.911,0,0.0,10,0.148,1.059,0.37804978399981337,
2026-10-06T12:37:49.276950+00:00,845.0166543190007,A,249950,132.78,8.599944038444791,834560000,844484608,269,47,484442112,440869990,34,0.949,0,0.0,16,0.12,1.068,0.47416863400030707,
2026-10-06T12:37:49.277051+00:00,845.0167584350002,B,249952,127.91,10.000059216350154,883990528,888750080,269,46,532676608,248107212,30,1.062,0,0.0,12,0.133,1.195,0.462920418000067,
2026-10-06T12:37:49.277090+00:00,845.0167961360003,C,249943,108.41,7.200242926117253,786644992,794505216,263,41,461373440,251995852,27,0.911,0,0.0,10,0.148,1.059,0.5070191380000324,
2026-10-06T12:37:54.276925+00:00,850.0166299850007,A,249950,133.23,9.000043801413026,834560000,844484608,269,47,484442112,444015718,34,0.949,0,0.0,16,0.12,1.068,0.4460536129990942,
2026-10-06T12:37:54.277030+00:00,850.0167378670012,B,249952,128.39,9.600039490720219,883994624,888750080,269,46,532676608,255447244,30,1.062,0,0.0,12,0.133,1.195,0.4779080009993777,
2026-10-06T12:37:54.277071+00:00,850.0167776220005,C,249943,108.81,8.000029622509397,786644992,794505216,263,41,461373440,254093004,27,0.911,0,0.0,10,0.148,1.059,0.5330496989990934,
2026-10-06T12:37:59.276920+00:00,855.016624842001,A,249950,133.71,9.600009874569993,834572288,844484608,269,47,484442112,246359142,35,0.955,0,0.0,16,0.12,1.075,0.42284742499941785,
2026-10-06T12:37:59.277040+00:00,855.0167474959999,B,249952,128.84,8.999982667836116,883994624,888750080,269,46,532676608,261738700,30,1.062,0,0.0,12,0.133,1.195,0.4238909120012977,
2026-10-06T12:37:59.277079+00:00,855.0167860889997,C,249943,109.2,7.79998679150373,786644992,794505216,263,41,461373440,255141580,27,0.911,0,0.0,10,0.148,1.059,0.4221724160015583,
2026-10-06T12:38:04.276921+00:00,860.0166250670009,A,249950,134.13,8.399999621999944,834572288,844484608,269,47,484442112,249504870,35,0.955,0,0.0,16,0.12,1.075,0.40351338399887027,
2026-10-06T12:38:04.277339+00:00,860.0170436099997,B,249952,129.24,7.999526245657386,883994624,888750080,269,46,532676608,268030156,30,1.062,0,0.0,12,0.133,1.195,0.47045709300073213,
2026-10-06T12:38:04.278009+00:00,860.0177164750003,C,249943,109.57,7.3986232848941835,786644992,794505216,263,41,461373440,257238732,27,0.911,0,0.0,10,0.148,1.059,0.4021820910002134,
2026-10-06T12:38:09.276941+00:00,865.0166450300003,A,249950,134.56,8.599965663778205,834576384,844484608,269,47,484442112,255796326,35,0.955,0,0.0,16,0.12,1.075,0.37040286699993885,
2026-10-06T12:38:09.277058+00:00,865.0167644740013,B,249952,129.67,8.600480140721773,883994624,888750080,269,46,532676608,275370188,30,1.062,0,0.0,12,0.133,1.195,0.4526709959991422,
2026-10-06T12:38:09.277270+00:00,865.0169774839997,C,249943,109.93,7.201064304343427,786644992,794505216,263,41,461373440,258287308,27,0.911,0,0.0,10,0.148,1.059,0.5112470820004091,
2026-10-06T12:38:14.276875+00:00,870.0165800080013,A,249950,135.05,9.800127444775633,834576384,844484608,269,47,484442112,264184934,35,0.955,0,0.0,16,0.12,1.075,0.485703136999291,
2026-10-06T12:38:14.277164+00:00,870.0168702580013,B,249952,130.17,9.999788436476067,883994624,888750080,269,46,532676608,287953100,30,1.062,0,0.0,12,0.133,1.195,0.5237510009992548,
2026-10-06T12:38:14.277304+00:00,870.0170114499997,C,249943,110.33,7.999945654768934,786644992,794505216,263,41,461373440,261433036,27,0.911,0,0.0,10,0.148,1.059,0.5592397520013037,
2026-10-06T12:38:19.276945+00:00,875.0166484609999,A,249950,135.58,10.599854881629588,834580480,844484608,269,47,484442112,274670694,35,0.955,0,0.0,16,0.12,1.075,0.4567302510004083,
2026-10-06T12:38:19.277083+00:00,875.0167902690009,B,249952,130.76,11.800188777060958,883994624,888750080,269,46,532676608,300536012,30,1.062,0,0.0,12,0.133,1.195,0.4044221280000784,
2026-10-06T12:38:19.277166+00:00,875.0168726970005,C,249943,110.75,8.40023311150766,786644992,794505216,263,41,461373440,262481612,27,0.911,0,0.0,10,0.148,1.059,0.4545157920001657,
2026-10-06T12:38:24.276958+00:00,880.016662764001,A,249950,136.06,9.599972538316278,834584576,844484608,269,47,484442112,284107878,35,0.955,0,0.0,16,0.12,1.075,0.5800850010000431,
2026-10-06T12:38:24.277068+00:00,880.0167743319998,B,249952,131.28,10.400033149068113,883994624,888750080,269,46,532676608,312070348,30,1.062,0,0.0,12,0.133,1.195,0.5839908590005507,
2026-10-06T12:38:24.277223+00:00,880.0169299860008,C,249943,111.15,7.999908338649833,786644992,794505216,263,41,461373440,264578764,27,0.911,0,0.0,10,0.148,1.059,0.5007095540004229,
2026-10-06T12:38:29.276940+00:00,885.0166449259996,A,249950,136.56,10.000035676130159,834584576,844484608,269,47,484442112,294593638,35,0.955,0,0.0,16,0.12,1.075,0.49559081100051117,
2026-10-06T12:38:29.277054+00:00,885.0167604990002,B,249952,131.84,11.200030986005064,883994624,888750080,269,46,532676608,324653260,30,1.062,0,0.0,12,0.133,1.195,0.5374936059997708,
2026-10-06T12:38:29.277130+00:00,885.0168370339998,C,249943,111.56,8.20015244411568,786644992,794505216,263,41,461373440,266675916,27,0.911,0,0.0,10,0.148,1.059,0.5930933870004083,
2026-10-06T12:38:34.276884+00:00,890.016588552,A,249950,137.07,10.200115004255531,834584576,844484608,269,47,484442112,302982246,35,0.955,0,0.0,16,0.12,1.075,0.5861078640009509,
2026-10-06T12:38:34.277079+00:00,890.0167856480002,B,249952,132.41,11.399942660568117,883998720,888750080,270,46,532676608,336187596,30,1.062,0,0.0,12,0.133,1.195,0.5838189870009955,
2026-10-06T12:38:34.277300+00:00,890.0170071100001,C,249943,111.98,8.399714282038186,786644992,794505216,263,41,461373440,268773068,27,0.911,0,0.0,10,0.148,1.059,0.5214356140004384,
2026-10-06T12:38:39.276926+00:00,895.016628886,A,249950,137.59,10.399916105956951,834584576,844484608,269,47,484442112,313468006,35,0.955,0,0.0,16,0.12,1.075,0.5729533550002088,
2026-10-06T12:38:39.277074+00:00,895.0167814800006,B,249952,132.96,11.000009169606942,883998720,888750080,269,46,532676608,349819084,30,1.062,0,0.0,12,0.133,1.195,0.5579827429992292,
2026-10-06T12:38:39.277470+00:00,895.0171768180007,C,249943,112.39,8.19972168832527,786644992,794505216,263,41,461373440,270870220,27,0.911,0,0.0,10,0.148,1.059,0.6053272690005542,
2026-10-06T12:38:44.276934+00:00,900.0166375469998,A,249950,138.09,9.999982678030383,834592768,844484608,269,47,484442112,322905190,35,0.955,0,0.0,16,0.12,1.075,0.5135522990003665,
2026-10-06T12:38:44.277132+00:00,900.016839115,B,249952,133.55,11.799863982969368,884105216,888750080,269,47,532676608,362401996,30,1.062,0,0.0,12,0.133,1.195,0.448631307001051,
2026-10-06T12:38:44.277257+00:00,900.0169643280005,C,249943,112.8,8.200348498410737,786821120,794505216,263,43,461373440,274015948,27,0.911,0,0.0,10,0.148,1.059,0.544009969000399,
2026-10-06T12:38:49.276938+00:00,905.0166424990002,A,249950,138.6,10.199989897929045,834592768,844484608,269,47,484442112,333390950,35,0.955,0,0.0,16,0.12,1.075,0.41963978100102395,
2026-10-06T12:38:49.277056+00:00,905.0167633760011,B,249952,134.12,11.40017268753326,884121600,888750080,269,47,532676608,373936332,30,1.062,0,0.0,12,0.133,1.195,0.4667570599995088,
2026-10-06T12:38:49.277469+00:00,905.017175817,C,249943,113.21,8.199653172710928,786821120,794505216,263,43,461373440,276113100,27,0.911,0,0.0,10,0.148,1.059,0.5177041469996766,
2026-10-06T12:38:54.276884+00:00,910.0165888370011,A,249950,139.08,9.600103032144453,834592768,844484608,269,47,484442112,341779558,35,0.955,0,0.0,16,0.12,1.075,0.4086304869997548,
2026-10-06T12:38:54.277057+00:00,910.0167637570012,B,249952,134.66,10.799999177039767,884121600,888750080,269,47,532676608,386519244,30,1.062,0,0.0,12,0.133,1.195,0.46328666399858776,
2026-10-06T12:38:54.277183+00:00,910.0168704260013,C,249943,113.61,8.0004886554441,786821120,794505216,263,43,461373440,278210252,27,0.911,0,0.0,10,0.148,1.059,0.4906062269983522,
2026-10-06T12:38:59.276923+00:00,915.0166265460011,A,249950,139.56,9.59992759926578,834592768,844484608,269,47,484442112,353313894,35,0.955,0,0.0,16,0.12,1.075,0.39089220099958766,
2026-10-06T12:38:59.277378+00:00,915.0170853890013,B,249952,135.21,10.999292455113773,884133888,888750080,269,47,532676608,400150732,30,1.062,0,0.0,12,0.133,1.195,0.4730886889992689,
2026-10-06T12:38:59.278144+00:00,915.0178510180012,C,249943,114.01,7.998431360439345,786821120,794505216,263,43,461373440,280307404,27,0.911,0,0.0,10,0.148,1.059,0.4479647329990257,
2026-10-06T12:39:04.276929+00:00,920.0166334620008,A,249950,140.03,9.399986997938676,834592768,844484608,269,47,484442112,361702502,35,0.955,0,0.0,16,0.12,1.075,0.49593601900051,
2026-10-06T12:39:04.277188+00:00,920.0168949440013,B,249952,135.72,10.200388522598343,884146176,888750080,269,47,532676608,412733644,30,1.062,0,0.0,12,0.133,1.195,0.5225895209987357,
2026-10-06T12:39:04.277277+00:00,920.0169839280006,C,249943,114.39,7.601318205401382,786821120,794505216,263,43,461373440,282404556,27,0.911,0,0.0,10,0.148,1.059,0.5017921649996424,
2026-10-06T12:39:09.276892+00:00,925.0165962259998,A,249950,140.48,9.000067025300606,834592768,844484608,269,47,484442112,372188262,35,0.955,0,0.0,16,0.12,1.075,0.421092452999801,
2026-10-06T12:39:09.276997+00:00,925.016703923,B,249952,136.24,10.400397338862772,884150272,888750080,269,47,532676608,424267980,30,1.062,0,0.0,12,0.133,1.195,0.40498896800090733,
2026-10-06T12:39:09.277080+00:00,925.0167865559997,C,249943,114.79,8.00031580766789,786821120,794505216,263,43,461373440,283453132,27,0.911,0,0.0,10,0.148,1.059,0.43656230099986715,
2026-10-06T12:39:14.276889+00:00,930.0165937580005,A,249950,140.94,9.200004541121233,834592768,844484608,269,47,484442112,380576870,35,0.955,0,0.0,16,0.12,1.075,0.4965632370003732,
2026-10-06T12:39:14.277006+00:00,930.016713297,B,249952,136.75,10.199980877075667,884150272,888750080,269,47,532676608,435802316,30,1.062,0,0.0,12,0.133,1.195,0.45141474199954246,
2026-10-06T12:39:14.277127+00:00,930.0168341580011,C,249943,115.32,10.599899084717611,786821120,794505216,263,43,461373440,285550284,27,0.911,0,0.0,10,0.148,1.059,0.4827568769997015,
2026-10-06T12:39:19.276877+00:00,935.0165811250008,A,249950,141.42,9.600024255420392,834592768,844484608,269,47,484442112,392111206,35,0.955,0,0.0,16,0.12,1.075,0.7061842000002798,
2026-10-06T12:39:19.276987+00:00,935.0166938149996,B,249952,137.29,10.800042081284724,884199424,888750080,269,47,532676608,448385228,30,1.062,0,0.0,12,0.133,1.195,0.705236887000865,
2026-10-06T12:39:19.277040+00:00,935.0167468190011,C,249943,115.72,8.000139744841064,786821120,794505216,263,43,461373440,287647436,27,0.911,0,0.0,10,0.148,1.059,0.6154101229985827,
2026-10-06T12:39:24.276904+00:00,940.0166084690009,A,249950,141.92,9.999945312298985,834592768,844484608,269,47,484442112,399451238,35,0.955,0,0.0,16,0.12,1.075,0.6912267200004862,
2026-10-06T12:39:24.277019+00:00,940.0167259190002,B,249952,137.86,11.399926803348958,884203520,888750080,269,47,532676608,460968140,30,1.062,0,0.0,12,0.133,1.195,0.48022334100096487,
2026-10-06T12:39:24.277097+00:00,940.0168037660005,C,249943,116.1,7.599913441546679,786821120,794505216,263,43,461373440,289744588,27,0.911,0,0.0,10,0.148,1.059,0.8635263729993312,
2026-10-06T12:39:29.276938+00:00,945.0166423480005,A,249950,142.4,9.599934952761876,834596864,844484608,269,47,484442112,410985574,35,0.955,0,0.0,16,0.12,1.075,0.5085041980000824,
2026-10-06T12:39:29.277082+00:00,945.0167895779996,B,249952,138.62,15.199806479105657,884273152,888750080,269,48,532676608,473551052,30,1.062,0,0.0,12,0.133,1.195,0.5479791249999835,
2026-10-06T12:39:29.277192+00:00,945.0168981010011,C,249943,116.48,7.599856613504645,786821120,794505216,263,43,461373440,291841740,27,0.911,0,0.0,10,0.148,1.059,0.4885326379990147,
2026-10-06T12:39:34.276909+00:00,950.0166134350002,A,249950,142.89,9.800056669807859,834596864,844484608,269,47,484442112,419374182,35,0.955,0,0.0,16,0.12,1.075,0.46380122600021423,
2026-10-06T12:39:34.277022+00:00,950.016729379,B,249952,139.71,21.80026247079826,902393856,902393856,269,47,532676608,485085388,30,1.062,0,0.0,12,0.133,1.195,0.5069845430007263,
2026-10-06T12:39:34.278366+00:00,950.0180724460006,C,249943,116.86,7.5982154147443834,786821120,794505216,263,43,461373440,293938892,27,0.911,0,0.0,10,0.148,1.059,0.5001969179993466,
2026-10-06T12:39:39.276878+00:00,955.0165817699999,A,249950,143.4,10.200064597010048,834600960,844484608,269,47,484442112,428811366,35,0.955,0,0.0,16,0.12,1.075,0.46595633499964606,
2026-10-06T12:39:39.276996+00:00,955.0167033220005,B,249952,140.81,22.00011465139544,886493184,902291456,269,47,532676608,250648883,31,1.07,0,0.0,14,0.147,1.217,0.49852633199952834,
2026-10-06T12:39:39.277234+00:00,955.0169415199998,C,249943,117.29,8.601945632794802,786821120,794505216,263,43,461373440,296036044,27,0.911,0,0.0,10,0.148,1.059,0.5614989710011287,
2026-10-06T12:39:44.276951+00:00,960.01665555,A,249950,143.86,9.199864246803163,834600960,844484608,269,47,484442112,438248550,35,0.955,0,0.0,16,0.12,1.075,0.4733382670001447,
2026-10-06T12:39:44.277063+00:00,960.0167705269996,B,249952,141.49,13.599817204859423,886423552,902291456,269,46,532676608,263231795,31,1.07,0,0.0,14,0.147,1.217,0.44366814400018484,
2026-10-06T12:39:44.277131+00:00,960.0168385750003,C,249943,117.71,8.400172951159844,786681856,794505216,263,41,461373440,298133196,27,0.911,0,0.0,10,0.148,1.059,0.518572082000901,
2026-10-06T12:39:49.276929+00:00,965.0166321650013,A,249950,144.39,10.600049576428594,835321856,844484608,269,47,484442112,241337446,36,0.964,0,0.0,16,0.12,1.084,0.49241279599846166,
2026-10-06T12:39:49.277082+00:00,965.0167885749997,B,249952,142.04,10.999960294542696,886423552,902291456,269,46,532676608,275814707,31,1.07,0,0.0,14,0.147,1.217,0.5345817819998047,
2026-10-06T12:39:49.277150+00:00,965.0168566920001,C,249943,118.11,7.9999710129053785,786681856,794505216,263,41,461373440,300230348,27,0.911,0,0.0,10,0.148,1.059,0.44460190100107866,
2026-10-06T12:39:54.276943+00:00,970.0166471200009,A,249950,144.9,10.199969491892366,835452928,844484608,269,47,484442112,249726054,36,0.964,0,0.0,16,0.12,1.084,0.5843067949990655,
2026-10-06T12:39:54.278374+00:00,970.0180803109997,B,249952,142.6,11.197107258691698,886423552,902291456,269,46,532676608,287349043,31,1.07,0,0.0,14,0.147,1.217,0.6295048190004309,
2026-10-06T12:39:54.278580+00:00,970.0182873120011,C,249943,118.52,8.197654454315249,786681856,794505216,263,41,461373440,302327500,27,0.911,0,0.0,10,0.148,1.059,0.5523618609986443,
2026-10-06T12:39:59.276923+00:00,975.0166259350008,A,249950,145.42,10.400044064986652,835452928,844484608,269,47,484442112,261260390,36,0.964,0,0.0,16,0.12,1.084,0.5438647709997895,
2026-10-06T12:39:59.277050+00:00,975.0167568320012,B,249952,143.19,11.803124237409115,886558720,902291456,270,48,532676608,299931955,31,1.07,0,0.0,14,0.147,1.217,0.5001939339999808,
2026-10-06T12:39:59.277247+00:00,975.0169544790006,C,249943,118.92,8.002133101414602,786681856,794505216,263,41,461373440,304424652,27,0.911,0,0.0,10,0.148,1.059,0.42008887299925846,
2026-10-06T12:40:04.276987+00:00,980.016691144001,A,249950,145.93,10.199866975374777,835452928,844484608,269,47,484442112,268600422,36,0.964,0,0.0,16,0.12,1.084,0.4902436169995781,
2026-10-06T12:40:04.277112+00:00,980.0168188799998,B,249952,143.78,11.799853568540401,886489088,902291456,270,47,532676608,312514867,31,1.07,0,0.0,14,0.147,1.217,0.573465405999741,
2026-10-06T12:40:04.277182+00:00,980.0168700619997,C,249943,119.33,8.200138446218745,786681856,794505216,263,41,461373440,306521804,27,0.911,0,0.0,10,0.148,1.059,0.5257301040001039,
2026-10-06T12:40:09.276943+00:00,985.0166471040011,A,249950,146.43,10.000088080775656,835452928,844484608,269,47,484442112,279086182,36,0.964,0,0.0,16,0.12,1.084,0.46380755300015153,
2026-10-06T12:40:09.277097+00:00,985.0168036539999,B,249952,144.37,11.800035933469397,886538240,902291456,270,47,532676608,324049203,31,1.07,0,0.0,14,0.147,1.217,0.49853808999978355,
2026-10-06T12:40:09.277257+00:00,985.0169643549998,C,249943,119.74,8.199845362396058,786685952,794505216,263,41,461373440,308618956,27,0.911,0,0.0,10,0.148,1.059,0.49785429800067504,
2026-10-06T12:40:14.276928+00:00,990.0166311209996,A,249950,146.91,9.600030687460778,835452928,844484608,269,47,484442112,287474790,36,0.964,0,0.0,16,0.12,1.084,0.5428739120015962,
2026-10-06T12:40:14.277068+00:00,990.016774351001,B,249952,144.94,11.40006681122887,886538240,902291456,270,47,532676608,336632115,31,1.07,0,0.0,14,0.147,1.217,0.47316651999972237,
2026-10-06T12:40:14.277243+00:00,990.0169499940002,C,249943,120.15,8.200023552107137,786685952,794505216,263,41,461373440,310716108,27,0.911,0,0.0,10,0.148,1.059,0.5204202990007616,
2026-10-06T12:40:19.276942+00:00,995.0166458000003,A,249950,147.44,10.59996888060981,835452928,844484608,269,47,484442112,297960550,36,0.964,0,0.0,16,0.12,1.084,0.39993584500007273,
2026-10-06T12:40:19.277065+00:00,995.0167718930006,B,249952,145.47,10.600005210963392,886538240,902291456,270,47,532676608,349215027,31,1.07,0,0.0,14,0.147,1.217,0.5118939309995767,
2026-10-06T12:40:19.277260+00:00,995.0169673220007,C,249943,120.56,8.19997158217765,786685952,794505216,263,41,461373440,312813260,27,0.911,0,0.0,10,0.148,1.059,0.48168753999925684,
2026-10-06T12:40:24.277097+00:00,1000.0168000579997,A,249950,147.94,9.999691493519151,835452928,844484608,269,47,484442112,306349158,36,0.964,0,0.0,16,0.12,1.084,0.6088479980007833,
2026-10-06T12:40:24.277264+00:00,1000.016970269,B,249952,146.03,11.199555655390874,886542336,902291456,270,47,532676608,361797939,31,1.07,0,0.0,14,0.147,1.217,0.5663876990001881,
2026-10-06T12:40:24.277330+00:00,1000.0170368840008,C,249943,121.04,9.599866442817921,786685952,794505216,263,41,461373440,314910412,27,0.911,0,0.0,10,0.148,1.059,0.6378960530000768,
2026-10-06T12:40:29.276943+00:00,1005.0166472140008,A,249950,148.45,10.200311811289223,835457024,844484608,269,47,484442112,316834918,36,0.964,0,0.0,16,0.12,1.084,0.39229612899907806,
2026-10-06T12:40:29.277077+00:00,1005.016784065001,B,249952,146.57,10.800402215616435,886542336,902291456,270,47,532676608,375429427,31,1.07,0,0.0,14,0.147,1.217,0.4436660599985771,
2026-10-06T12:40:29.277246+00:00,1005.016953028,C,249943,121.42,7.600127463258922,786685952,794505216,263,41,461373440,317007564,27,0.911,0,0.0,10,0.148,1.059,0.43729499300025054,
2026-10-06T12:40:34.276905+00:00,1010.016609526001,A,249950,149.0,11.000082914224746,835457024,844484608,269,47,484442112,325223526,36,0.964,0,0.0,16,0.12,1.084,0.5088377689990011,
2026-10-06T12:40:34.277037+00:00,1010.016743387001,B,249952,147.08,10.20008298379552,886542336,902291456,270,47,532676608,386963763,31,1.07,0,0.0,14,0.147,1.217,0.493974488999811,
2026-10-06T12:40:34.277114+00:00,1010.0168207429997,C,249943,121.81,7.800206370060398,786685952,794505216,263,41,461373440,319104716,27,0.911,0,0.0,10,0.148,1.059,0.48360196000066935,
2026-10-06T12:40:39.276952+00:00,1015.0166560680009,A,249950,149.46,9.199914363517598,835457024,844484608,269,47,484442112,335709286,36,0.964,0,0.0,16,0.12,1.084,0.5104856380003184,
2026-10-06T12:40:39.278131+00:00,1015.0178381330006,B,249952,147.6,10.397723426774395,886542336,902291456,270,47,532676608,399546675,31,1.07,0,0.0,14,0.147,1.217,0.505827885999679,
2026-10-06T12:40:39.278191+00:00,1015.0178978969998,C,249943,122.21,7.998276924803161,786685952,794505216,263,41,461373440,321201868,27,0.911,0,0.0,10,0.148,1.059,0.5518343830008234,
2026-10-06T12:40:44.276941+00:00,1020.0166441740002,A,249950,149.88,8.40001998196835,835457024,844484608,269,47,484442112,342000742,36,0.964,0,0.0,16,0.12,1.084,0.48265584600085276,
2026-10-06T12:40:44.278380+00:00,1020.0180875810001,B,249952,148.06,9.19954103857844,886542336,902291456,270,47,532676608,405838131,31,1.07,0,0.0,14,0.147,1.217,0.3985080090005795,
2026-10-06T12:40:44.278454+00:00,1020.0181584969996,C,249943,122.62,8.199572638274605,786685952,794505216,263,41,461373440,323299020,27,0.911,0,0.0,10,0.148,1.059,0.47095061100117164,
2026-10-06T12:40:49.276952+00:00,1025.016656152,A,249950,150.7,16.39996071225481,846696448,846696448,269,47,484442112,350389350,36,0.964,0,0.0,16,0.12,1.084,0.4200785299999552,
2026-10-06T12:40:49.277157+00:00,1025.0168646350012,B,249952,148.49,8.602103981729558,886542336,902291456,270,47,532676608,411081011,31,1.07,0,0.0,14,0.147,1.217,0.39737143099955574,
2026-10-06T12:40:49.279160+00:00,1025.0188663200006,C,249943,123.0,7.598924261324915,786685952,794505216,263,41,461373440,325396172,27,0.911,0,0.0,10,0.148,1.059,0.5020739989995491,
2026-10-06T12:40:54.276921+00:00,1030.0166255229997,A,249950,151.19,9.800060033208563,834060288,846041088,269,47,484442112,355632230,36,0.964,0,0.0,16,0.12,1.084,0.6153963330016268,
2026-10-06T12:40:54.277038+00:00,1030.0167452019996,B,249952,148.97,9.600229316840467,886542336,902291456,270,47,532676608,416323891,31,1.07,0,0.0,14,0.147,1.217,0.5970707169999514,
2026-10-06T12:40:54.277508+00:00,1030.0172145569995,C,249943,123.46,9.203040248275755,786685952,794505216,263,41,461373440,327493324,27,0.911,0,0.0,10,0.148,1.059,0.674976633001279,
2026-10-06T12:40:59.276931+00:00,1035.0166356530008,A,249950,151.69,9.999979740038844,833986560,846041088,269,46,484442112,364020838,36,0.964,0,0.0,16,0.12,1.084,0.5492963739998231,
2026-10-06T12:40:59.277075+00:00,1035.0167819480012,B,249952,149.43,9.199932387854167,886542336,902291456,270,47,532676608,422615347,31,1.07,0,0.0,14,0.147,1.217,0.4935256680000748,
2026-10-06T12:40:59.277144+00:00,1035.0168510020012,C,249943,123.89,8.60062536006782,786685952,794505216,263,41,461373440,328541900,27,0.911,0,0.0,10,0.148,1.059,0.43985140299992054,
2026-10-06T12:41:04.276895+00:00,1040.0165987220007,A,249950,152.14,9.000066476290902,833986560,846041088,269,46,484442112,370312294,36,0.964,0,0.0,16,0.12,1.084,0.4649884589998692,
2026-10-06T12:41:04.277056+00:00,1040.016762999001,B,249952,149.87,8.800033350366611,886542336,902291456,270,47,532676608,427858227,31,1.07,0,0.0,14,0.147,1.217,0.49827120499867306,
2026-10-06T12:41:04.277106+00:00,1040.0168127939996,C,249943,124.28,7.800059604937937,786685952,794505216,263,41,461373440,329590476,27,0.911,0,0.0,10,0.148,1.059,0.5075671580016206,
2026-10-06T12:41:09.276937+00:00,1045.0166397989997,A,249950,152.59,8.999926062009628,833986560,846041088,269,46,484442112,379749478,36,0.964,0,0.0,16,0.12,1.084,0.5358502590006538,
2026-10-06T12:41:09.277063+00:00,1045.0167703810002,B,249952,150.28,8.199987893539053,886542336,902291456,270,47,532676608,433101107,31,1.07,0,0.0,14,0.147,1.217,0.46735737699964375,
2026-10-06T12:41:09.277107+00:00,1045.0168147719996,C,249943,124.69,8.199996756081216,786685952,794505216,263,41,461373440,331687628,27,0.911,0,0.0,10,0.148,1.059,0.49598540400074853,
2026-10-06T12:41:14.276944+00:00,1050.0166480050011,A,249950,153.2,12.199979977389054,838037504,846041088,269,46,484442112,384992358,36,0.964,0,0.0,16,0.12,1.084,0.47830973399868526,
2026-10-06T12:41:14.277080+00:00,1050.016786784001,B,249952,150.72,8.79997113081343,886546432,902291456,270,47,532676608,438343987,31,1.07,0,0.0,14,0.147,1.217,0.4820158160000574,
2026-10-06T12:41:14.277145+00:00,1050.016851941,C,249943,125.08,7.79994201679061,786685952,794505216,263,41,461373440,332736204,27,0.911,0,0.0,10,0.148,1.059,0.3736913620014093,
2026-10-06T12:41:19.276922+00:00,1055.0166263299998,A,249950,153.67,9.400040749179135,838041600,846041088,269,46,484442112,394429542,36,0.964,0,0.0,16,0.12,1.084,0.41109434100144426,
2026-10-06T12:41:19.277061+00:00,1055.0167680630002,B,249952,151.16,8.80003294908463,886546432,902291456,270,47,532676608,443586867,31,1.07,0,0.0,14,0.147,1.217,0.4868748860008054,
2026-10-06T12:41:19.277516+00:00,1055.0172226450013,C,249943,125.47,7.7994217446301475,786690048,794505216,263,41,461373440,334833356,27,0.911,0,0.0,10,0.148,1.059,0.40331603699996776,
2026-10-06T12:41:24.276947+00:00,1060.0166517369998,A,249950,154.11,8.799955283907627,838041600,846041088,269,46,484442112,399672422,36,0.964,0,0.0,16,0.12,1.084,0.6074633850003011,
2026-10-06T12:41:24.277332+00:00,1060.0170390130006,B,249952,151.59,8.599533991252441,886546432,902291456,270,47,532676608,449878323,31,1.07,0,0.0,14,0.147,1.217,0.5242966389996582,
2026-10-06T12:41:24.277633+00:00,1060.017340460001,C,249943,125.84,7.399825637909159,786690048,794505216,263,41,461373440,336930508,27,0.911,0,0.0,10,0.148,1.059,0.595874250999259,
2026-10-06T12:41:29.276967+00:00,1065.0166697950008,A,249950,154.56,8.999967495715486,838041600,846041088,269,46,484442112,409109606,36,0.964,0,0.0,16,0.12,1.084,0.5088109440002881,
2026-10-06T12:41:29.277098+00:00,1065.016805344001,B,249952,152.05,9.200429971053419,886546432,902291456,270,47,532676608,455121203,31,1.07,0,0.0,14,0.147,1.217,0.5599280879996513,
2026-10-06T12:41:29.277292+00:00,1065.0169986330002,C,249943,126.25,8.200560634609152,786690048,794505216,263,41,461373440,337979084,27,0.911,0,0.0,10,0.148,1.059,0.40164704600101686,
2026-10-06T12:41:34.276909+00:00,1070.0166131960013,A,249950,155.21,13.000147159064458,838094848,846041088,269,46,484442112,414352486,36,0.964,0,0.0,16,0.12,1.084,0.5069056959982845,
2026-10-06T12:41:34.277050+00:00,1070.016756291001,B,249952,152.47,8.400082409848428,886546432,902291456,270,47,532676608,460364083,31,1.07,0,0.0,14,0.147,1.217,0.5199798779995035,
2026-10-06T12:41:34.277188+00:00,1070.0168950629995,C,249943,126.66,8.200169858319438,786690048,794505216,263,41,461373440,340076236,27,0.911,0,0.0,10,0.148,1.059,0.5050629770012165,
2026-10-06T12:41:39.276939+00:00,1075.0166433369996,A,249950,155.66,8.999945746530052,838160384,846041088,269,47,484442112,422741094,36,0.964,0,0.0,16,0.12,1.084,0.4002051620009297,
2026-10-06T12:41:39.277067+00:00,1075.0167734730003,B,249952,152.9,8.599970447062926,886546432,902291456,270,47,532676608,465606963,31,1.07,0,0.0,14,0.147,1.217,0.4821858039995277,
2026-10-06T12:41:39.277120+00:00,1075.0168265230004,C,249943,127.05,7.80010692386435,786690048,794505216,263,41,461373440,341124812,27,0.911,0,0.0,10,0.148,1.059,0.48948719399959373,
2026-10-06T12:41:44.276919+00:00,1080.016621924,A,249950,156.07,8.200035117469602,838160384,846041088,270,47,484442112,430081126,36,0.964,0,0.0,16,0.12,1.084,0.4654799780000758,
2026-10-06T12:41:44.277047+00:00,1080.0167537819998,B,249952,153.31,8.200032293367912,886546432,902291456,270,47,532676608,471898419,31,1.07,0,0.0,14,0.147,1.217,0.41203199600022344,
2026-10-06T12:41:44.277187+00:00,1080.0168943280005,C,249943,127.44,7.799894225634306,786690048,794505216,263,41,461373440,343221964,27,0.911,0,0.0,10,0.148,1.059,0.40061600700028066,
2026-10-06T12:41:49.276925+00:00,1085.0166296670013,A,249950,156.56,9.79998482374107,838168576,846041088,270,47,484442112,439518310,36,0.964,0,0.0,16,0.12,1.084,0.4256821739982115,
2026-10-06T12:41:49.277242+00:00,1085.016949021001,B,249952,153.8,9.799617346499634,886546432,902291456,270,47,532676608,477141299,31,1.07,0,0.0,14,0.147,1.217,0.40027273099985905,
2026-10-06T12:41:49.277322+00:00,1085.0170286800003,C,249943,127.84,7.999785042576418,786690048,794505216,263,41,461373440,344270540,27,0.911,0,0.0,10,0.148,1.059,0.5033803320002335,
2026-10-06T12:41:54.277031+00:00,1090.01673519,A,249950,157.04,9.5997974001182,838168576,846041088,270,47,484442112,239375974,37,1.001,0,0.0,16,0.12,1.121,0.506765035999706,
2026-10-06T12:41:54.277149+00:00,1090.016856186001,B,249952,154.26,9.200170819571257,886546432,902291456,270,47,532676608,482384179,31,1.07,0,0.0,14,0.147,1.217,0.5260536690002482,
2026-10-06T12:41:54.277437+00:00,1090.0171444589996,C,249943,128.27,8.59980086473245,786690048,794505216,263,41,461373440,347416268,27,0.911,0,0.0,10,0.148,1.059,0.5964648140015925,
2026-10-06T12:41:59.276949+00:00,1095.0166532370004,A,249950,157.92,17.600288479286878,838578176,846041088,269,47,484442112,247764582,37,1.001,0,0.0,18,0.137,1.138,0.39309673000025214,
2026-10-06T12:41:59.277109+00:00,1095.016816147001,B,249952,154.7,8.800070469204154,886546432,902291456,270,47,532676608,488675635,31,1.07,0,0.0,14,0.147,1.217,0.4622968839994428,
2026-10-06T12:41:59.277190+00:00,1095.0168971080002,C,249943,128.66,7.800385886648706,786690048,794505216,263,41,461373440,347416268,27,0.911,0,0.0,10,0.148,1.059,0.40179201700084377,
2026-10-06T12:42:04.276936+00:00,1100.0166407079996,A,249950,158.37,9.000022552258189,838578176,846041088,270,47,484442112,254056038,37,1.001,0,0.0,18,0.137,1.138,0.4417692760016507,
2026-10-06T12:42:04.278062+00:00,1100.0177690620003,B,249952,155.12,8.398399407847169,886546432,902291456,270,47,532676608,492869939,31,1.07,0,0.0,14,0.147,1.217,0.45107446200017876,
2026-10-06T12:42:04.278125+00:00,1100.0178316000001,C,249943,129.05,7.798542464891366,786690048,794505216,263,41,461373440,349513420,27,0.911,0,0.0,10,0.148,1.059,0.54091552600039,
2026-10-06T12:42:09.277061+00:00,1105.016765493001,A,249950,158.87,9.999750436225584,838578176,846041088,270,47,484442112,263493222,37,1.001,0,0.0,18,0.137,1.138,0.47173691199895984,
2026-10-06T12:42:09.277513+00:00,1105.0172195490013,B,249952,155.6,9.601055180924977,886546432,902291456,270,47,532676608,248223232,32,1.074,0,0.0,14,0.147,1.221,0.46067074199891067,
2026-10-06T12:42:09.277608+00:00,1105.0173148370013,C,249943,129.42,7.4007648882909605,786690048,794505216,263,41,461373440,351610572,27,0.911,0,0.0,10,0.148,1.059,0.476791103999858,
2026-10-06T12:42:14.276938+00:00,1110.016640916001,A,249950,159.33,9.200229227391361,838578176,846041088,269,47,484442112,269784678,37,1.001,0,0.0,18,0.137,1.138,0.5756099489990447,
2026-10-06T12:42:14.277064+00:00,1110.01677027,B,249952,156.06,9.200826747650549,886546432,902291456,270,47,532676608,253466112,32,1.074,0,0.0,14,0.147,1.221,0.5603698630002327,
2026-10-06T12:42:14.277267+00:00,1110.0169739350004,C,249943,129.81,7.800531843383106,786690048,794505216,263,41,461373440,353707724,27,0.911,0,0.0,10,0.148,1.059,0.4196349449994159,
2026-10-06T12:42:19.276953+00:00,1115.0166563780003,A,249950,159.87,10.79996660218467,838578176,846041088,269,47,484442112,279221862,37,1.001,0,0.0,18,0.137,1.138,0.8434321290005755,
2026-10-06T12:42:19.277218+00:00,1115.0169249810006,B,249952,156.53,9.399709152318495,886546432,902291456,270,47,532676608,259757568,32,1.074,0,0.0,14,0.147,1.221,0.7127958519995445,
2026-10-06T12:42:19.277742+00:00,1115.0174495680003,C,249943,130.23,8.39920101256479,786690048,794505216,263,41,461373440,354756300,27,0.911,0,0.0,10,0.148,1.059,0.8937096890003886,
2026-10-06T12:42:24.276906+00:00,1120.0166110299997,A,249950,160.81,18.800170510028817,838578176,846041088,269,47,484442112,291804774,37,1.001,0,0.0,18,0.137,1.138,0.4846871910012851,
2026-10-06T12:42:24.277039+00:00,1120.0167458369997,B,249952,157.04,10.200365466855827,886546432,902291456,271,47,532676608,270243328,32,1.074,0,0.0,14,0.147,1.221,0.6075026760008768,
2026-10-06T12:42:24.277230+00:00,1120.0169371089996,C,249943,130.66,8.600881519829851,786690048,794505216,263,41,461373440,356853452,27,0.911,0,0.0,10,0.148,1.059,0.6594652860003407,
2026-10-06T12:42:29.276968+00:00,1125.016670942001,A,249950,161.38,11.39986340227382,838578176,846041088,269,47,484442112,309630566,37,1.001,0,0.0,18,0.137,1.138,0.46850289099893416,
2026-10-06T12:42:29.277092+00:00,1125.0167987590012,B,249952,157.53,9.799896273975145,886546432,902291456,271,47,532676608,279680512,32,1.074,0,0.0,14,0.147,1.221,0.3672214649996022,
2026-10-06T12:42:29.277195+00:00,1125.016901709001,C,249943,131.07,8.200058056408551,786694144,794505216,263,41,461373440,358950604,27,0.911,0,0.0,10,0.148,1.059,0.3879276489988115,
2026-10-06T12:42:34.276906+00:00,1130.016610965,A,249950,161.89,10.200122354549553,838578176,846041088,269,47,484442112,322213478,37,1.001,0,0.0,18,0.137,1.138,0.40624058700086607,
2026-10-06T12:42:34.277022+00:00,1130.0167286819997,B,249952,158.0,9.400131746609297,886546432,902291456,270,47,532676608,290166272,32,1.074,0,0.0,14,0.147,1.221,0.45583919400087325,
2026-10-06T12:42:34.277083+00:00,1130.0167905750004,C,249943,131.45,7.600168927435674,786694144,794505216,263,41,461373440,361047756,27,0.911,0,0.0,10,0.148,1.059,0.4705192290002742,
2026-10-06T12:42:39.276901+00:00,1135.0166058030009,A,249950,162.42,10.60001094344935,838496256,846041088,269,46,484442112,338990694,37,1.001,0,0.0,18,0.137,1.138,0.4717364970001654,
2026-10-06T12:42:39.278064+00:00,1135.0177717530005,B,249952,158.48,9.597997721381969,886546432,902291456,270,47,532676608,299603456,32,1.074,0,0.0,14,0.147,1.221,0.378808442999798,
2026-10-06T12:42:39.278805+00:00,1135.018511874001,C,249943,131.85,7.997246869391403,786698240,794505216,263,41,461373440,363144908,27,0.911,0,0.0,10,0.148,1.059,0.42528260499966564,
2026-10-06T12:42:44.276927+00:00,1140.016630727001,A,249950,162.9,9.599952146158575,838496256,846041088,269,46,484442112,352622182,37,1.001,0,0.0,18,0.137,1.138,0.5472241429997666,
2026-10-06T12:42:44.278370+00:00,1140.018077308001,B,249952,158.93,8.999450034608335,886546432,902291456,270,47,532676608,310089216,32,1.074,0,0.0,14,0.147,1.221,0.4983630879996781,
2026-10-06T12:42:44.278608+00:00,1140.0183147900007,C,249943,132.22,7.40029169581828,786698240,794505216,263,41,461373440,365242060,27,0.911,0,0.0,10,0.148,1.059,0.48236856999938027,
2026-10-06T12:42:49.276907+00:00,1145.0166110310001,A,249950,163.52,12.400048846274716,840077312,846041088,269,47,484442112,367302246,37,1.001,0,0.0,18,0.137,1.138,0.48267556199971295,
2026-10-06T12:42:49.278036+00:00,1145.0177422699999,B,249952,159.4,9.400629913651121,886546432,902291456,270,47,532676608,320574976,32,1.074,0,0.0,14,0.147,1.221,0.4931768980004563,
2026-10-06T12:42:49.278089+00:00,1145.0177961150002,C,249943,132.62,8.00082996609732,786698240,794505216,263,41,461373440,366290636,27,0.911,0,0.0,10,0.148,1.059,0.4208533630007878,
2026-10-06T12:42:54.276898+00:00,1150.016602904001,A,249950,164.08,11.2000182045076,840077312,846041088,269,46,484442112,381982310,37,1.001,0,0.0,18,0.137,1.138,0.49259792900011234,
2026-10-06T12:42:54.277053+00:00,1150.016760030001,B,249952,159.94,10.802122055270866,886550528,902291456,271,47,532676608,331060736,32,1.074,0,0.0,14,0.147,1.221,0.5446872089996759,
2026-10-06T12:42:54.277377+00:00,1150.0170836360012,C,249943,133.02,8.001140128862165,786698240,794505216,263,41,461373440,369436364,27,0.911,0,0.0,10,0.148,1.059,0.48899957799949334,
2026-10-06T12:42:59.276954+00:00,1155.0166579710003,A,249950,164.63,10.999878853935503,840077312,846041088,269,46,484442112,397710950,37,1.001,0,0.0,18,0.137,1.138,0.5020501020007941,
2026-10-06T12:42:59.277059+00:00,1155.016765708,B,249952,160.4,9.199989552493735,886550528,902291456,270,47,532676608,340497920,32,1.074,0,0.0,14,0.147,1.221,0.5113453080011823,
2026-10-06T12:42:59.277227+00:00,1155.0169339349995,C,249943,133.44,8.400251505212633,786698240,794505216,263,41,461373440,371533516,27,0.911,0,0.0,10,0.148,1.059,0.5157876610010135,
2026-10-06T12:43:04.276911+00:00,1160.0166144980012,A,249950,165.18,11.000095641429802,840077312,846041088,269,46,484442112,412391014,37,1.001,0,0.0,18,0.137,1.138,0.658401906999643,
2026-10-06T12:43:04.277097+00:00,1160.0168046279996,B,249952,160.91,10.199920603818864,886550528,902291456,270,47,532676608,349935104,32,1.074,0,0.0,14,0.147,1.221,0.522115293000752,
2026-10-06T12:43:04.277289+00:00,1160.0169963410008,C,249943,133.86,8.399895159226784,786698240,794505216,263,41,461373440,373630668,27,0.911,0,0.0,10,0.148,1.059,0.5670449119988916,
2026-10-06T12:43:09.276929+00:00,1165.0166326910003,A,249950,165.72,10.799960703264876,840077312,846041088,269,46,484442112,428119654,37,1.001,0,0.0,18,0.137,1.138,0.41794919799940544,
2026-10-06T12:43:09.277054+00:00,1165.016760513001,B,249952,161.44,10.600093524622377,886550528,902291456,270,47,532676608,360420864,32,1.074,0,0.0,14,0.147,1.221,0.5022540529989783,
2026-10-06T12:43:09.277106+00:00,1165.0168130069997,C,249943,134.28,8.400308012415463,786698240,794505216,263,41,461373440,375727820,27,0.911,0,0.0,10,0.148,1.059,0.4760207620001893,
2026-10-06T12:43:14.276938+00:00,1170.0166420220012,A,249950,166.25,10.599980218315007,840077312,846041088,269,46,484442112,442799718,37,1.001,0,0.0,18,0.137,1.138,0.5121352129990555,
2026-10-06T12:43:14.277069+00:00,1170.0167627130013,B,249952,161.92,9.599995776000922,886550528,902291456,270,47,532676608,370906624,32,1.074,0,0.0,14,0.147,1.221,0.4985153099987656,
2026-10-06T12:43:14.277233+00:00,1170.0169394180011,C,249943,134.7,8.39978763488633,786698240,794505216,263,41,461373440,376776396,27,0.911,0,0.0,10,0.148,1.059,0.572769979999066,
2026-10-06T12:43:19.276931+00:00,1175.0166352340002,A,249950,166.83,11.600015748183889,840077312,846041088,270,46,484442112,251958886,38,1.007,0,0.0,18,0.137,1.144,0.48833428000034473,
2026-10-06T12:43:19.277139+00:00,1175.0168456499996,B,249952,162.44,10.399827493905175,886550528,902291456,270,47,532676608,380343808,32,1.074,0,0.0,14,0.147,1.221,0.5554222110004048,
2026-10-06T12:43:19.277320+00:00,1175.017027107,C,249943,135.1,7.9998597000623075,786698240,794505216,263,41,461373440,379922124,27,0.911,0,0.0,10,0.148,1.059,0.5606927740009269,
2026-10-06T12:43:24.276932+00:00,1180.016636151,A,249950,167.37,10.799998019280524,840077312,846041088,269,46,484442112,266638950,38,1.007,0,0.0,18,0.137,1.144,0.5200051740011986,
2026-10-06T12:43:24.277040+00:00,1180.0167466170005,B,249952,162.94,10.000198069921213,886550528,902291456,270,47,532676608,390829568,32,1.074,0,0.0,14,0.147,1.221,0.5627879000003304,
2026-10-06T12:43:24.277109+00:00,1180.0168153550003,C,249943,135.51,8.20034728798741,786698240,794505216,263,41,461373440,382019276,27,0.911,0,0.0,10,0.148,1.059,0.47832198300056916,
2026-10-06T12:43:29.276926+00:00,1185.0166307660002,A,249950,167.9,10.600011416212094,840077312,846041088,269,46,484442112,282367590,38,1.007,0,0.0,18,0.137,1.144,0.5252945180000097,
2026-10-06T12:43:29.277078+00:00,1185.0167845160013,B,249952,163.41,9.399928750418635,886550528,902291456,270,47,532676608,400266752,32,1.074,0,0.0,14,0.147,1.221,0.49193379299867956,
2026-10-06T12:43:29.277140+00:00,1185.0168467750009,C,249943,135.91,7.999949728315067,786698240,794505216,263,41,461373440,383067852,27,0.911,0,0.0,10,0.148,1.059,0.564415585999086,
2026-10-06T12:43:34.276974+00:00,1190.016678934,A,249950,168.5,11.99988439791374,840077312,846041088,269,46,484442112,297047654,38,1.007,0,0.0,18,0.137,1.144,0.4565425740001956,
2026-10-06T12:43:34.277091+00:00,1190.0167976619996,B,249952,163.87,9.199975811426867,886550528,902291456,270,47,532676608,409703936,32,1.074,0,0.0,14,0.147,1.221,0.5203059760005999,
2026-10-06T12:43:34.277150+00:00,1190.0168567399996,C,249943,136.3,7.799984454633223,786698240,794505216,263,41,461373440,385165004,27,0.911,0,0.0,10,0.148,1.059,0.5610099400000763,
2026-10-06T12:43:39.276876+00:00,1195.0165801109997,A,249950,169.05,11.000217414898163,840077312,846041088,269,46,484442112,312776294,38,1.007,0,0.0,18,0.137,1.144,0.3273325560003286,
2026-10-06T12:43:39.277018+00:00,1195.0167219080013,B,249952,164.41,10.800163631115348,886550528,902291456,270,47,532676608,420189696,32,1.074,0,0.0,14,0.147,1.221,0.5233648369994626,
2026-10-06T12:43:39.277250+00:00,1195.016956296,C,249943,136.73,8.599828767088418,786698240,794505216,263,41,461373440,387262156,27,0.911,0,0.0,10,0.148,1.059,0.49286325800130726,
2026-10-06T12:43:44.277328+00:00,1200.0170321389996,A,249950,169.59,10.799023707782283,840081408,846041088,269,46,484442112,327456358,38,1.007,0,0.0,18,0.137,1.144,0.4270405730003404,
2026-10-06T12:43:44.277440+00:00,1200.0171465060012,B,249952,164.96,10.999065963718476,886628352,902291456,270,48,532676608,430675456,32,1.074,0,0.0,14,0.147,1.221,0.5454848929985019,
2026-10-06T12:43:44.277814+00:00,1200.017520853,C,249943,137.17,8.799006491858417,786837504,794505216,263,43,461373440,390407884,27,0.911,0,0.0,10,0.148,1.059,0.45939854199968977,
2026-10-06T12:43:49.276914+00:00,1205.0166172219997,A,249950,170.15,11.20092949121226,840097792,846041088,269,46,484442112,343184998,38,1.007,0,0.0,18,0.137,1.144,0.3727416910005559,
2026-10-06T12:43:49.277040+00:00,1205.0167466210005,B,249952,165.43,9.400751843931442,886628352,902291456,271,48,532676608,440112640,32,1.074,0,0.0,14,0.147,1.221,0.5145019779993163,
2026-10-06T12:43:49.277364+00:00,1205.0170712990002,C,249943,137.55,7.600683383523604,786837504,794505216,263,43,461373440,392505036,27,0.911,0,0.0,10,0.148,1.059,0.437389978000283,
2026-10-06T12:43:54.276902+00:00,1210.0166063100005,A,249950,170.71,11.200024442931593,840097792,846041088,269,46,484442112,357865062,38,1.007,0,0.0,18,0.137,1.144,0.6391270250005618,
2026-10-06T12:43:54.277044+00:00,1210.016751217001,B,249952,165.94,10.1999906241674,886628352,902291456,270,48,532676608,451646976,32,1.074,0,0.0,14,0.147,1.221,0.6230778049994115,
2026-10-06T12:43:54.277358+00:00,1210.017064683001,C,249943,137.98,8.600011379533171,786837504,794505216,263,43,461373440,394602188,27,0.911,0,0.0,10,0.148,1.059,0.5543353419998311,
2026-10-06T12:43:59.276993+00:00,1215.0166963660013,A,249950,171.44,14.599737041213745,840097792,846041088,269,46,484442112,374642278,38,1.007,0,0.0,18,0.137,1.144,0.5763672169996426,
2026-10-06T12:43:59.277257+00:00,1215.016964198001,B,249952,166.42,9.599591093897633,886628352,902291456,270,48,532676608,461084160,32,1.074,0,0.0,14,0.147,1.221,0.4772321849995933,
2026-10-06T12:43:59.277393+00:00,1215.0171006230012,C,249943,138.38,7.999942496413308,786837504,794505216,263,43,461373440,395650764,27,0.911,0,0.0,10,0.148,1.059,0.5440703289987141,
2026-10-06T12:44:04.276916+00:00,1220.016619635,A,249950,171.94,10.000153464357439,840097792,846041088,269,46,484442112,389322342,38,1.007,0,0.0,18,0.137,1.144,0.5070095459996082,
2026-10-06T12:44:04.277140+00:00,1220.016846771001,B,249952,166.92,10.000234859515924,886628352,902291456,270,48,532676608,471569920,32,1.074,0,0.0,14,0.147,1.221,0.43745005299933837,
2026-10-06T12:44:04.277249+00:00,1220.0169556600013,C,249943,138.78,8.000231947524734,786837504,794505216,263,43,461373440,398796492,27,0.911,0,0.0,10,0.148,1.059,0.5233707989991672,
2026-10-06T12:44:09.276910+00:00,1225.0166139499997,A,249950,172.46,10.4000118248144,840097792,846041088,269,46,484442112,404002406,38,1.007,0,0.0,18,0.137,1.144,0.4917522750001808,
2026-10-06T12:44:09.277050+00:00,1225.0167556380002,B,249952,167.39,9.400171333164211,886628352,902291456,270,48,532676608,481007104,32,1.074,0,0.0,14,0.147,1.221,0.4831638480009133,
2026-10-06T12:44:09.277179+00:00,1225.0168858230008,C,249943,139.17,7.800108947242077,786837504,794505216,263,43,461373440,400893644,27,0.911,0,0.0,10,0.148,1.059,0.49243869000019913,
2026-10-06T12:44:14.276952+00:00,1230.0166550539998,A,249950,172.95,9.799919436821815,840097792,846041088,269,46,484442112,418682470,38,1.007,0,0.0,18,0.137,1.144,0.4483672390015272,
2026-10-06T12:44:14.277108+00:00,1230.0168148880002,B,249952,167.89,9.99988150140411,886628352,902291456,271,48,532676608,491492864,32,1.074,0,0.0,14,0.147,1.221,0.538525154999661,
2026-10-06T12:44:14.277318+00:00,1230.0170250240008,C,249943,139.56,7.799782852485865,786837504,794505216,263,43,461373440,401942220,27,0.911,0,0.0,10,0.148,1.059,0.5159514209990448,
2026-10-06T12:44:19.276922+00:00,1235.0166264130003,A,249950,173.45,10.000057282327159,840097792,846041088,269,46,484442112,435459686,38,1.007,0,0.0,18,0.137,1.144,0.4571905369994056,
2026-10-06T12:44:19.277050+00:00,1235.0167573550007,B,249952,168.38,9.800112765976877,886632448,902291456,270,48,532676608,248112844,33,1.086,0,0.0,14,0.147,1.233,0.45228067800053395,
2026-10-06T12:44:19.277144+00:00,1235.016850995,C,249943,139.96,8.000278456093355,786841600,794505216,263,43,461373440,404039372,27,0.911,0,0.0,10,0.148,1.059,0.4430122610010585,
2026-10-06T12:44:24.276908+00:00,1240.0166127089997,A,249950,173.99,10.800029600722821,840097792,846041088,270,46,484442112,240126259,39,1.013,0,0.0,18,0.137,1.15,0.4491346610011533,
2026-10-06T12:44:24.277022+00:00,1240.0167291830003,B,249952,168.85,9.400052963659117,886632448,902291456,270,48,532676608,258598604,33,1.086,0,0.0,14,0.147,1.233,0.5032818969993968,
2026-10-06T12:44:24.277091+00:00,1240.0167983280007,C,249943,140.35,7.800082161383889,786841600,794505216,263,43,461373440,407185100,27,0.911,0,0.0,10,0.148,1.059,0.6096012399993924,
2026-10-06T12:44:29.276961+00:00,1245.0166651070012,A,249950,174.56,11.39988053380824,840097792,846041088,270,46,484442112,256903475,39,1.013,0,0.0,18,0.137,1.15,0.4241528919992561,
2026-10-06T12:44:29.277088+00:00,1245.0167947320006,B,249952,169.38,10.599861037941189,886632448,902291456,270,48,532676608,269084364,33,1.086,0,0.0,14,0.147,1.233,0.4545915389990114,
2026-10-06T12:44:29.277237+00:00,1245.0169437500008,C,249943,140.76,8.199761514856032,786841600,794505216,263,43,461373440,408233676,27,0.911,0,0.0,10,0.148,1.059,0.5064630990000296,
2026-10-06T12:44:34.277058+00:00,1250.016762972,A,249950,175.08,10.399796444787137,840097792,846041088,270,46,484442112,271583539,39,1.013,0,0.0,18,0.137,1.15,0.5166430160006712,
2026-10-06T12:44:34.277241+00:00,1250.0169476990013,B,249952,169.87,9.799700193850784,886632448,902291456,270,48,532676608,278521548,33,1.086,0,0.0,14,0.147,1.233,0.41678904999935185,
2026-10-06T12:44:34.277377+00:00,1250.0170838940012,C,249943,141.16,7.99977577588421,786841600,794505216,263,43,461373440,410330828,27,0.911,0,0.0,10,0.148,1.059,0.5507334049998462,
2026-10-06T12:44:39.276938+00:00,1255.0166398830006,A,249950,175.62,10.800265878783716,840101888,846041088,269,46,484442112,288360755,39,1.013,0,0.0,18,0.137,1.15,0.36884744400049385,
2026-10-06T12:44:39.277182+00:00,1255.0168703489999,B,249952,170.33,9.20014232620461,886632448,902291456,270,48,532676608,289007308,33,1.086,0,0.0,14,0.147,1.233,0.42229434300134017,
2026-10-06T12:44:39.277233+00:00,1255.0169396279998,C,249943,141.66,10.000288540328054,786841600,794505216,263,43,461373440,412427980,27,0.911,0,0.0,10,0.148,1.059,0.34461080400069477,
2026-10-06T12:44:44.276914+00:00,1260.016619154001,A,249950,176.12,10.000041458170909,840101888,846041088,269,46,484442112,303040819,39,1.013,0,0.0,18,0.137,1.15,0.4822169869985373,
2026-10-06T12:44:44.277029+00:00,1260.0167363050004,B,249952,170.79,9.200246647570856,886566912,902291456,271,47,532676608,299493068,33,1.086,0,0.0,14,0.147,1.233,0.4726723759995366,
2026-10-06T12:44:44.277097+00:00,1260.0168031810008,C,249943,142.05,7.800212863127677,786702336,794505216,263,41,461373440,415573708,27,0.911,0,0.0,10,0.148,1.059,0.4075762100001157,
2026-10-06T12:44:49.277044+00:00,1265.0167478700005,A,249950,176.61,9.799747723135809,840110080,846041088,269,46,484442112,318769459,39,1.013,0,0.0,18,0.137,1.15,0.44244425900069473,
2026-10-06T12:44:49.277159+00:00,1265.0168662380001,B,249952,171.28,9.799745337938575,886571008,902291456,271,47,532676608,309978828,33,1.086,0,0.0,14,0.147,1.233,0.421187801999622,
2026-10-06T12:44:49.277590+00:00,1265.0172967140006,C,249943,142.43,7.599249903879611,786702336,794505216,263,41,461373440,417670860,27,0.911,0,0.0,10,0.148,1.059,0.40939923800033284,
2026-10-06T12:44:54.276889+00:00,1270.0165934020006,A,249950,177.03,8.400259514256897,840110080,846041088,269,46,484442112,327158067,39,1.013,0,0.0,18,0.137,1.15,0.35115524499997264,
2026-10-06T12:44:54.278269+00:00,1270.0179764880013,B,249952,171.68,7.99822399436033,886571008,902291456,270,47,532676608,314173132,33,1.086,0,0.0,14,0.147,1.233,0.4068792319994827,
2026-10-06T12:44:54.278315+00:00,1270.0180219009999,C,249943,142.82,7.798868872336695,786702336,794505216,263,41,461373440,419768012,27,0.911,0,0.0,10,0.148,1.059,0.4030535490001057,
2026-10-06T12:44:59.276923+00:00,1275.0166260200003,A,249950,177.47,8.799942592694897,840114176,846041088,269,46,484442112,336595251,39,1.013,0,0.0,18,0.137,1.15,0.4194215629995597,
2026-10-06T12:44:59.277043+00:00,1275.016749941,B,249952,172.11,8.602110178489081,886575104,902291456,270,47,532676608,317318860,33,1.086,0,0.0,14,0.147,1.233,0.35904770200068015,
2026-10-06T12:44:59.277284+00:00,1275.0169911379999,C,249943,143.21,7.8016083218400505,786702336,794505216,263,41,461373440,420816588,27,0.911,0,0.0,10,0.148,1.059,0.39278598300006706,
2026-10-06T12:45:04.276869+00:00,1280.0165732540008,A,249950,177.9,8.600090758477066,840126464,846041088,269,46,484442112,342886707,39,1.013,0,0.0,18,0.137,1.15,0.43014842699994915,
2026-10-06T12:45:04.276969+00:00,1280.016675242001,B,249952,172.46,7.000104580160913,886579200,902291456,270,47,532676608,319416012,33,1.086,0,0.0,14,0.147,1.233,0.4074345879998873,
2026-10-06T12:45:04.278449+00:00,1280.0181559339999,C,249943,143.56,6.998369665401313,786706432,794505216,263,41,461373440,422913740,27,0.911,0,0.0,10,0.148,1.059,0.39130968500103336,
2026-10-06T12:45:09.276901+00:00,1285.0166046140002,A,249950,178.41,10.199936026002264,840126464,846041088,269,46,484442112,352323891,39,1.013,0,0.0,18,0.137,1.15,0.4973674650009343,
2026-10-06T12:45:09.283099+00:00,1285.0228054569998,B,249952,172.87,8.189958758395798,886579200,902291456,270,47,532676608,321513164,33,1.086,0,0.0,14,0.147,1.233,0.5356651790007163,
2026-10-06T12:45:09.283339+00:00,1285.0230466290013,C,249943,143.98,8.391791661293531,786718720,794505216,263,41,461373440,215283916,28,0.917,0,0.0,10,0.148,1.065,0.49339553299978434,
2026-10-06T12:45:14.276900+00:00,1290.0166053100002,A,249950,178.92,10.19999858016019,840130560,846041088,271,47,484442112,359663923,39,1.013,0,0.0,18,0.137,1.15,0.4689100220002729,
2026-10-06T12:45:14.277031+00:00,1290.0167380439998,B,249952,173.27,8.009719655432832,886579200,902291456,270,47,532676608,323610316,33,1.086,0,0.0,14,0.147,1.233,0.4677699350013427,
2026-10-06T12:45:14.277224+00:00,1290.0169314640007,C,249943,144.39,8.210041151260373,786718720,794505216,263,41,461373440,217381068,28,0.917,0,0.0,10,0.148,1.065,0.4820455739991303,
2026-10-06T12:45:19.276859+00:00,1295.016562799001,A,249950,179.35,8.60007311954055,840126464,846041088,269,46,484442112,368052531,39,1.013,0,0.0,18,0.137,1.15,0.41953401699902315,
2026-10-06T12:45:19.276961+00:00,1295.016667676,B,249952,173.64,7.400104146104932,886579200,902291456,270,47,532676608,325707468,33,1.086,0,0.0,14,0.147,1.233,0.3808949640006176,
2026-10-06T12:45:19.277109+00:00,1295.0168168700002,C,249943,144.76,7.400169603007897,786718720,794505216,263,41,461373440,218429644,28,0.917,0,0.0,10,0.148,1.065,0.3863241430008202,
2026-10-06T12:45:24.276921+00:00,1300.0166239620012,A,249950,179.77,8.399897247416774,840126464,846041088,269,46,484442112,374343987,39,1.013,0,0.0,18,0.137,1.15,0.4623002849984914,
2026-10-06T12:45:24.278434+00:00,1300.018140708,B,249952,174.06,8.397526035086347,886579200,902291456,270,47,532676608,327804620,33,1.086,0,0.0,14,0.147,1.233,0.4891544640013308,
2026-10-06T12:45:24.278592+00:00,1300.0182995760006,C,249943,145.13,7.397806245658062,786718720,794505216,263,41,461373440,220526796,28,0.917,0,0.0,10,0.148,1.065,0.35295401099938317,
2026-10-06T12:45:29.276861+00:00,1305.0165653250006,A,249950,180.21,8.800103202331341,840126464,846041088,269,46,484442112,382732595,39,1.013,0,0.0,18,0.137,1.15,0.43327033700006723,
2026-10-06T12:45:29.276977+00:00,1305.0166836830012,B,249952,174.45,7.80227362154234,886583296,902291456,270,47,532676608,329901772,33,1.086,0,0.0,14,0.147,1.233,0.41728178299854335,
2026-10-06T12:45:29.277080+00:00,1305.0167874790004,C,249943,145.52,7.802359584904794,786722816,794505216,263,41,461373440,222623948,28,0.917,0,0.0,10,0.148,1.065,0.36114544100018975,
2026-10-06T12:45:34.276931+00:00,1310.016635086,A,249950,180.65,8.799877222354038,840126464,846041088,269,46,484442112,389024051,39,1.013,0,0.0,18,0.137,1.15,0.39276716400127043,
2026-10-06T12:45:34.277031+00:00,1310.01673829,B,249952,174.87,8.39990826124446,886583296,902291456,270,47,532676608,331998924,33,1.086,0,0.0,14,0.147,1.233,0.4804845569997269,
2026-10-06T12:45:34.277083+00:00,1310.016789362,C,249943,145.92,7.999996987201255,786722816,794505216,263,41,461373440,223672524,28,0.917,0,0.0,10,0.148,1.065,0.5018508980010665,
2026-10-06T12:45:39.276970+00:00,1315.0166745389997,A,249950,181.11,9.19992740705338,840126464,846041088,269,46,484442112,398461235,39,1.013,0,0.0,18,0.137,1.15,0.45062901800156396,
2026-10-06T12:45:39.277084+00:00,1315.016791139,B,249952,175.26,7.799917556431163,886583296,902291456,270,47,532676608,334096076,33,1.086,0,0.0,14,0.147,1.233,0.5592693170001439,
2026-10-06T12:45:39.277252+00:00,1315.0169590060013,C,249943,146.28,7.199755720926512,786722816,794505216,263,41,461373440,225769676,28,0.917,0,0.0,10,0.148,1.065,0.4427271719996497,
2026-10-06T12:45:44.276911+00:00,1320.016615552,A,249950,181.58,9.40011089686761,840126464,846041088,269,46,484442112,404752691,39,1.013,0,0.0,18,0.137,1.15,0.5325052890002553,
2026-10-06T12:45:44.277043+00:00,1320.0167498280007,B,249952,175.68,8.400069403052433,886583296,902291456,270,47,532676608,336193228,33,1.086,0,0.0,14,0.147,1.233,0.4803499119989283,
2026-10-06T12:45:44.277097+00:00,1320.0168047759998,C,249943,146.67,7.800240606223806,786722816,794505216,263,41,461373440,226818252,28,0.917,0,0.0,10,0.148,1.065,0.5007903540008556,
2026-10-06T12:45:49.276964+00:00,1325.0166672430005,A,249950,182.03,8.999906957160933,840126464,846041088,269,46,484442112,413141299,39,1.013,0,0.0,18,0.137,1.15,0.3626018340000883,
2026-10-06T12:45:49.277147+00:00,1325.0168539780007,B,249952,176.09,8.199829197557795,886583296,902291456,270,47,532676608,338290380,33,1.086,0,0.0,14,0.147,1.233,0.39596001999962027,
2026-10-06T12:45:49.277232+00:00,1325.0169393409997,C,249943,147.05,7.599795466705348,786722816,794505216,263,41,461373440,228915404,28,0.917,0,0.0,10,0.148,1.065,0.46667898500163574,
2026-10-06T12:45:54.276964+00:00,1330.0166683040006,A,249950,182.44,8.199998259960058,840126464,846041088,269,46,484442112,419432755,39,1.013,0,0.0,18,0.137,1.15,0.41975591700065706,
2026-10-06T12:45:54.277086+00:00,1330.0167924010002,B,249952,176.4,6.200076356420965,886583296,902291456,270,47,532676608,340387532,33,1.086,0,0.0,14,0.147,1.233,0.4769352439998329,
2026-10-06T12:45:54.277154+00:00,1330.0168609640004,C,249943,147.36,6.200097189002563,786722816,794505216,263,41,461373440,229963980,28,0.917,0,0.0,10,0.148,1.065,0.4612040709998837,
2026-10-06T12:45:59.277104+00:00,1335.0168081280008,A,249950,182.88,8.799753916641375,840126464,846041088,269,46,484442112,428869939,39,1.013,0,0.0,18,0.137,1.15,0.4643158229991968,
2026-10-06T12:45:59.278244+00:00,1335.0179510340004,B,249952,176.8,7.998146616678074,886444032,902291456,270,45,532676608,342484684,33,1.086,0,0.0,14,0.147,1.233,0.48282858099992154,
2026-10-06T12:45:59.278311+00:00,1335.0180182950007,C,249943,147.73,7.398287546494204,786722816,794505216,263,41,461373440,232061132,28,0.917,0,0.0,10,0.148,1.065,0.4611012519999349,
2026-10-06T12:46:04.276917+00:00,1340.0166215360005,A,249950,183.3,8.400313486259659,840126464,846041088,269,46,484442112,434112819,39,1.013,0,0.0,18,0.137,1.15,0.34601325299991004,
2026-10-06T12:46:04.277043+00:00,1340.0167499489999,B,249952,177.19,7.801874142801473,886444032,902291456,270,45,532676608,344581836,33,1.086,0,0.0,14,0.147,1.233,0.42478895699969144,
2026-10-06T12:46:04.277333+00:00,1340.017040345001,C,249943,148.07,6.80133027218753,786722816,794505216,263,41,461373440,234158284,28,0.917,0,0.0,10,0.148,1.065,0.43625065599917434,
2026-10-06T12:46:09.276944+00:00,1345.016647423001,A,249950,183.75,8.999953403640216,840126464,846041088,269,46,484442112,444598579,39,1.013,0,0.0,18,0.137,1.15,0.5305942969989701,
2026-10-06T12:46:09.277073+00:00,1345.0167797960003,B,249952,177.58,7.799953438957605,886444032,902291456,270,45,532676608,346678988,33,1.086,0,0.0,14,0.147,1.233,0.5698407060008321,
2026-10-06T12:46:09.277244+00:00,1345.0169506380007,C,249943,148.46,7.80013994543169,786722816,794505216,263,41,461373440,235206860,28,0.917,0,0.0,10,0.148,1.065,0.5404509509990021,
2026-10-06T12:46:14.276998+00:00,1350.016701785,A,249950,184.65,17.999804298931483,840142848,846041088,270,46,484442112,244689612,40,1.031,0,0.0,20,0.144,1.175,0.4658335200001602,
2026-10-06T12:46:14.277111+00:00,1350.0168178140011,B,249952,178.0,8.399936130243962,886444032,902291456,270,45,532676608,348776140,33,1.086,0,0.0,14,0.147,1.233,0.518475689999832,
2026-10-06T12:46:14.277292+00:00,1350.0169993010004,C,249943,148.86,7.999922139958393,786722816,794505216,263,41,461373440,237304012,28,0.917,0,0.0,10,0.148,1.065,0.5391205129999435,
2026-10-06T12:46:19.276855+00:00,1355.0165582930003,A,249950,185.15,10.000286992235322,840142848,846041088,269,46,484442112,254126796,40,1.031,0,0.0,20,0.144,1.175,0.4231443570006377,
2026-10-06T12:46:19.277001+00:00,1355.0167079980001,B,249952,178.44,8.800193280406745,886444032,902291456,270,45,532676608,350873292,33,1.086,0,0.0,14,0.147,1.233,0.39594073400076013,
2026-10-06T12:46:19.277042+00:00,1355.0167491800003,C,249943,149.26,8.000400213620127,786722816,794505216,263,41,461373440,238352588,28,0.917,0,0.0,10,0.148,1.065,0.41840663999937533,
2026-10-06T12:46:24.276854+00:00,1360.0165586050007,A,249950,185.61,9.199999425919572,840142848,846041088,269,46,484442112,260418252,40,1.031,0,0.0,20,0.144,1.175,0.4820022149997385,
2026-10-06T12:46:24.276959+00:00,1360.0166661170006,B,249952,178.84,8.0000670101607,886444032,902291456,270,45,532676608,352970444,33,1.086,0,0.0,14,0.147,1.233,0.4872672879992024,
2026-10-06T12:46:24.277469+00:00,1360.0171764330007,C,249943,149.65,7.799333542268802,786776064,794505216,262,41,461373440,240449740,28,0.917,0,0.0,10,0.148,1.065,0.4783542889999808,
2026-10-06T12:46:29.276942+00:00,1365.0166459150005,A,249950,186.08,9.399835860066567,840146944,846041088,270,46,484442112,277195468,40,1.031,0,0.0,20,0.144,1.175,0.4558326339993073,
2026-10-06T12:46:29.277077+00:00,1365.0167806270001,B,249952,179.21,7.399830529081982,886444032,902291456,270,45,532676608,356116172,33,1.086,0,0.0,14,0.147,1.233,0.37919458900069003,
2026-10-06T12:46:29.277444+00:00,1365.0171514840004,C,249943,150.03,7.600037922669686,786694144,794505216,262,40,461373440,242546892,28,0.917,0,0.0,10,0.148,1.065,0.3243199160006043,
2026-10-06T12:46:34.276954+00:00,1370.016658474,A,249950,186.58,9.99997488206406,840146944,846041088,270,46,484442112,293972684,40,1.031,0,0.0,20,0.144,1.175,0.4777719410012651,
2026-10-06T12:46:34.278067+00:00,1370.017774539001,B,249952,179.6,7.798449805429685,886444032,902291456,270,45,532676608,358213324,33,1.086,0,0.0,14,0.147,1.233,0.4556556699990324,
2026-10-06T12:46:34.278105+00:00,1370.0178125050006,C,249943,150.45,8.398889631514676,786694144,794505216,262,40,461373440,244644044,28,0.917,0,0.0,10,0.148,1.065,0.3717621910000162,
2026-10-06T12:46:39.277062+00:00,1375.0167648410006,A,249950,187.05,9.39980003429275,840212480,846041088,269,47,484442112,311798476,40,1.031,0,0.0,20,0.144,1.175,0.4889170499991451,
2026-10-06T12:46:39.277233+00:00,1375.016940595,B,249952,180.0,8.00133453298685,886444032,902291456,270,45,532676608,360310476,33,1.086,0,0.0,14,0.147,1.233,0.4042223489996104,
2026-10-06T12:46:39.277279+00:00,1375.016986654,C,249943,150.8,7.001156382401246,786694144,794505216,262,40,461373440,246741196,28,0.917,0,0.0,10,0.148,1.065,0.49259431999962544,
2026-10-06T12:46:44.277070+00:00,1380.0167747120013,A,249950,187.55,9.999980258037661,840212480,846041088,269,47,484442112,327527116,40,1.031,0,0.0,20,0.144,1.175,0.39030853399890475,
2026-10-06T12:46:44.277202+00:00,1380.0169088580005,B,249952,180.38,7.6000482405453775,886444032,902291456,270,45,532676608,363456204,33,1.086,0,0.0,14,0.147,1.233,0.4346868369993899,
2026-10-06T12:46:44.277269+00:00,1380.01697617,C,249943,151.19,7.800016355074154,786694144,794505216,262,40,461373440,248838348,28,0.917,0,0.0,10,0.148,1.065,0.4022298920008325,
2026-10-06T12:46:49.276938+00:00,1385.0166425380012,A,249950,188.03,9.600253780788632,840212480,846041088,269,47,484442112,345352908,40,1.031,0,0.0,20,0.144,1.175,0.3910904699987441,
2026-10-06T12:46:49.277039+00:00,1385.0167467339998,B,249952,180.75,7.40023995130162,886444032,902291456,270,45,532676608,365553356,33,1.086,0,0.0,14,0.147,1.233,0.3105100720003975,
2026-10-06T12:46:49.277073+00:00,1385.0167794629997,C,249943,151.55,7.200283269224789,786694144,794505216,262,40,461373440,250935500,28,0.917,0,0.0,10,0.148,1.065,0.38797120800154516,
2026-10-06T12:46:54.276952+00:00,1390.0166563760013,A,249950,188.49,9.199974538150467,840212480,846041088,270,47,484442112,361081548,40,1.031,0,0.0,20,0.144,1.175,0.4128824079998594,
2026-10-06T12:46:54.277096+00:00,1390.0168028900007,B,249952,181.14,7.799912397622146,886444032,902291456,270,45,532676608,367650508,33,1.086,0,0.0,14,0.147,1.233,0.5153448299988668,
2026-10-06T12:46:54.277187+00:00,1390.0168938820007,C,249943,151.9,6.99983981706413,786694144,794505216,262,40,461373440,253032652,28,0.917,0,0.0,10,0.148,1.065,0.4903031079993525,
2026-10-06T12:46:59.276927+00:00,1395.0166312910005,A,249950,189.07,11.600058197493384,840216576,846041088,269,47,484442112,379955916,40,1.031,0,0.0,20,0.144,1.175,0.5059053309996671,
2026-10-06T12:46:59.278048+00:00,1395.0177554479997,B,249952,181.56,8.3984000073792,886444032,902291456,270,45,532676608,370796236,33,1.086,0,0.0,14,0.147,1.233,0.48272446600094554,
2026-10-06T12:46:59.278841+00:00,1395.0185481980006,C,249943,152.3,7.997353969874131,786833408,794505216,263,42,461373440,255129804,28,0.917,0,0.0,10,0.148,1.065,0.5149037179999141,
2026-10-06T12:47:04.276942+00:00,1400.0166466150004,A,249950,189.89,16.399949737434458,840450048,846041088,269,47,484442112,395684556,40,1.031,0,0.0,20,0.144,1.175,0.46594087700032105,
2026-10-06T12:47:04.277051+00:00,1400.0167576109998,B,249952,181.98,8.401676700774372,886444032,902291456,270,45,532676608,373941964,33,1.086,0,0.0,14,0.147,1.233,0.5022388409997802,
2026-10-06T12:47:04.277122+00:00,1400.0168296600004,C,249943,152.72,8.402888136514564,786763776,794505216,263,41,461373440,258275532,28,0.917,0,0.0,10,0.148,1.065,0.483229838000625,
2026-10-06T12:47:09.276929+00:00,1405.016633669,A,249950,190.47,11.600030034799001,840450048,846041088,269,47,484442112,414558924,40,1.031,0,0.0,20,0.144,1.175,0.5178291259999241,
2026-10-06T12:47:09.277029+00:00,1405.0167369540013,B,249952,182.39,8.200033877617367,886444032,902291456,270,45,532676608,376039116,33,1.086,0,0.0,14,0.147,1.233,0.46058957999957784,
2026-10-06T12:47:09.277127+00:00,1405.016833384001,C,249943,153.1,7.5999943395231595,786763776,794505216,263,41,461373440,259324108,28,0.917,0,0.0,10,0.148,1.065,0.4150044819998584,
2026-10-06T12:47:14.276905+00:00,1410.0166100740007,A,249950,191.07,12.000056628265243,840450048,846041088,269,47,484442112,430287564,40,1.031,0,0.0,20,0.144,1.175,0.4269825689989375,
2026-10-06T12:47:14.277077+00:00,1410.0167833640007,B,249952,182.78,7.799927601073217,886444032,902291456,270,45,532676608,378136268,33,1.086,0,0.0,14,0.147,1.233,0.3601626429990574,
2026-10-06T12:47:14.277864+00:00,1410.017570936001,C,249943,153.48,7.598879086306461,786763776,794505216,263,41,461373440,262469836,28,0.917,0,0.0,10,0.148,1.065,0.4356841299995722,
2026-10-06T12:47:19.276926+00:00,1415.016630895001,A,249950,191.57,9.99995835817268,840450048,846041088,269,47,484442112,448113356,40,1.031,0,0.0,20,0.144,1.175,0.3834080319993518,
2026-10-06T12:47:19.277101+00:00,1415.0168078200004,B,249952,183.15,7.399963805297623,886444032,902291456,270,45,532676608,380233420,33,1.086,0,0.0,14,0.147,1.233,0.42233752600077423,
2026-10-06T12:47:19.277193+00:00,1415.0169004750005,C,249943,153.86,7.601019237392995,786763776,794505216,263,41,461373440,263518412,28,0.917,0,0.0,10,0.148,1.065,0.48428146799960814,
2026-10-06T12:47:24.276899+00:00,1420.016603387001,A,249950,192.18,12.200067119889857,840454144,846041088,269,47,484442112,248246886,41,1.035,0,0.0,20,0.144,1.178,0.521792210998683,
2026-10-06T12:47:24.277030+00:00,1420.0167367720005,B,249952,183.57,8.400119362335642,886444032,902291456,270,45,532676608,383379148,33,1.086,0,0.0,14,0.147,1.233,0.4706327809999493,
2026-10-06T12:47:24.277329+00:00,1420.0170339529996,C,249943,154.27,8.199781101925117,786763776,794505216,263,41,461373440,265615564,28,0.917,0,0.0,10,0.148,1.065,0.41543507000096724,
2026-10-06T12:47:29.276946+00:00,1425.016649923,A,249950,192.69,10.199905067445435,840454144,846041088,269,47,484442112,267121254,41,1.035,0,0.0,20,0.144,1.178,0.48188591899997846,
2026-10-06T12:47:29.277054+00:00,1425.0167604840008,B,249952,183.96,7.799963009455318,886444032,902291456,270,45,532676608,385476300,33,1.086,0,0.0,14,0.147,1.233,0.4853648560001602,
2026-10-06T12:47:29.277221+00:00,1425.0169285009997,C,249943,154.66,7.8001645085890345,786763776,794505216,263,41,461373440,267712716,28,0.917,0,0.0,10,0.148,1.065,0.44966938700054015,
2026-10-06T12:47:34.276936+00:00,1430.0166395680008,A,249950,193.5,16.20003355026686,840454144,846041088,269,47,484442112,282849894,41,1.035,0,0.0,20,0.144,1.178,0.49681194799995865,
2026-10-06T12:47:34.277091+00:00,1430.0167979360012,B,249952,184.39,8.599935583041269,886444032,902291456,270,45,532676608,388622028,33,1.086,0,0.0,14,0.147,1.233,0.49943054399955145,
2026-10-06T12:47:34.277307+00:00,1430.0170137940004,C,249943,155.05,7.7998669451889855,786763776,794505216,263,41,461373440,269809868,28,0.917,0,0.0,10,0.148,1.065,0.49617429099998844,
2026-10-06T12:47:39.276907+00:00,1435.0166114200001,A,249950,194.08,11.600065303729364,840454144,846041088,269,47,484442112,300675686,41,1.035,0,0.0,20,0.144,1.178,0.46367907100102457,
2026-10-06T12:47:39.277064+00:00,1435.0167669080001,B,249952,184.8,8.20005088623809,886476800,902291456,270,45,532676608,390719180,33,1.086,0,0.0,14,0.147,1.233,0.5049627130010776,
2026-10-06T12:47:39.277339+00:00,1435.0170459970013,C,249943,155.46,8.199947187418509,786763776,794505216,263,41,461373440,271907020,28,0.917,0,0.0,10,0.148,1.065,0.4108901309991779,
2026-10-06T12:47:44.276921+00:00,1440.0166252380004,A,249950,194.59,10.199971811357113,840486912,846041088,269,47,484442112,316404326,41,1.035,0,0.0,20,0.144,1.178,0.44246848200054956,
2026-10-06T12:47:44.277044+00:00,1440.0167514820005,B,249952,185.22,8.400025915759139,886476800,902291456,270,45,532676608,392816332,33,1.086,0,0.0,14,0.147,1.233,0.41972409399932076,
2026-10-06T12:47:44.277096+00:00,1440.0168030250006,C,249943,155.85,7.800379054740766,786804736,794505216,263,41,461373440,274004172,28,0.917,0,0.0,10,0.148,1.065,0.5223660289993859,
2026-10-06T12:47:49.276909+00:00,1445.0166132579998,A,249950,195.16,11.40002731446676,840486912,846041088,269,47,484442112,333181542,41,1.035,0,0.0,20,0.144,1.178,0.364797375001217,
2026-10-06T12:47:49.277019+00:00,1445.0167259970003,B,249952,185.64,8.400042815018232,886476800,902291456,270,45,532676608,394913484,33,1.086,0,0.0,14,0.147,1.233,0.42975440500049444,
2026-10-06T12:47:49.277113+00:00,1445.0168198280007,C,249943,156.29,8.799970426819147,786804736,794505216,263,41,461373440,276101324,28,0.917,0,0.0,10,0.148,1.065,0.44378748400049517,
2026-10-06T12:47:54.276960+00:00,1450.0166641220003,A,249950,195.72,11.199886065797925,840491008,846041088,269,47,484442112,351007334,41,1.035,0,0.0,20,0.144,1.178,0.5105624030002218,
2026-10-06T12:47:54.277108+00:00,1450.0168148280009,B,249952,186.07,8.599847213393646,886476800,902291456,270,45,532676608,398059212,33,1.086,0,0.0,14,0.147,1.233,0.4804102119996969,
2026-10-06T12:47:54.277161+00:00,1450.0168676020003,C,249943,156.69,7.999923562331196,786804736,794505216,263,41,461373440,277149900,28,0.917,0,0.0,10,0.148,1.065,0.4533722199994372,
2026-10-06T12:47:59.276866+00:00,1455.0165708780005,A,249950,196.26,10.800201410795477,840491008,846041088,269,47,484442112,369881702,41,1.035,0,0.0,20,0.144,1.178,0.42480241900011606,
2026-10-06T12:47:59.276977+00:00,1455.0166834970005,B,249952,186.49,8.400220641876373,886476800,902291456,270,45,532676608,400156364,33,1.086,0,0.0,14,0.147,1.233,0.37811364700064587,
2026-10-06T12:47:59.277084+00:00,1455.0167912489997,C,249943,157.09,8.000122166666667,786804736,794505216,263,41,461373440,279247052,28,0.917,0,0.0,10,0.148,1.065,0.47775374200136866,
2026-10-06T12:48:04.276941+00:00,1460.0166452089998,A,249950,196.77,10.199848367016084,840491008,846041088,269,47,484442112,386658918,41,1.035,0,0.0,20,0.144,1.178,0.48859825399995316,
2026-10-06T12:48:04.278475+00:00,1460.018181976,B,249952,186.89,7.997603151925542,886476800,902291456,270,45,532676608,403302092,33,1.086,0,0.0,14,0.147,1.233,0.48691879299985885,
2026-10-06T12:48:04.278545+00:00,1460.0182521360002,C,249943,157.48,7.797721681951873,786804736,794505216,263,41,461373440,282392780,28,0.917,0,0.0,10,0.148,1.065,0.5473149970002851,
2026-10-06T12:48:09.276900+00:00,1465.0166043339996,A,249950,197.32,11.000089925735232,840491008,846041088,269,47,484442112,404484710,41,1.035,0,0.0,20,0.144,1.178,0.5609903180011315,
2026-10-06T12:48:09.278537+00:00,1465.0182441960005,B,249952,187.33,8.799890494162382,886476800,902291456,270,45,532676608,405399244,33,1.086,0,0.0,14,0.147,1.233,0.4438990449998528,
2026-10-06T12:48:09.278583+00:00,1465.0182898940002,C,249943,157.89,8.199938077347609,786804736,794505216,263,41,461373440,283441356,28,0.917,0,0.0,10,0.148,1.065,0.5535384230006457,
2026-10-06T12:48:14.276917+00:00,1470.016622047,A,249950,197.88,11.19996032301951,840491008,846041088,269,47,484442112,419164774,41,1.035,0,0.0,20,0.144,1.178,0.5976072960002057,
2026-10-06T12:48:14.277032+00:00,1470.0167391230007,B,249952,187.74,8.2024690629437,886476800,902291456,270,45,532676608,407496396,33,1.086,0,0.0,14,0.147,1.233,0.5734893099997862,
2026-10-06T12:48:14.277305+00:00,1470.0170120330004,C,249943,158.27,7.601942845257463,786804736,794505216,263,41,461373440,285538508,28,0.917,0,0.0,10,0.148,1.065,0.5117622779998783,
2026-10-06T12:48:19.276904+00:00,1475.0166086090012,A,249950,198.43,11.000029563677174,840421376,846041088,269,46,484442112,436990566,41,1.035,0,0.0,20,0.144,1.178,0.5020985929986637,
2026-10-06T12:48:19.277066+00:00,1475.0167727509997,B,249952,188.14,7.999946195562894,886476800,902291456,270,45,532676608,409593548,33,1.086,0,0.0,14,0.147,1.233,0.5267097080013627,
2026-10-06T12:48:19.277114+00:00,1475.016821309,C,249943,158.66,7.800297540789793,786804736,794505216,263,41,461373440,287635660,28,0.917,0,0.0,10,0.148,1.065,0.425452473000405,
2026-10-06T12:48:24.276952+00:00,1480.0166543449996,A,249950,198.94,10.19990669941661,840421376,846041088,269,46,484442112,452719206,41,1.035,0,0.0,20,0.144,1.178,0.38327162400128145,
2026-10-06T12:48:24.277086+00:00,1480.0167928629999,B,249952,188.51,7.399970234359629,886476800,902291456,270,45,532676608,412739276,33,1.086,0,0.0,14,0.147,1.233,0.4496852090014727,
2026-10-06T12:48:24.277227+00:00,1480.0169347049996,C,249943,159.04,7.599827641989602,786804736,794505216,263,41,461373440,289732812,28,0.917,0,0.0,10,0.148,1.065,0.44028878600147436,
2026-10-06T12:48:29.276917+00:00,1485.01662192,A,249950,199.47,10.600068741444787,840429568,846041088,269,46,484442112,252236697,42,1.038,0,0.0,20,0.144,1.182,0.4918455670012918,
2026-10-06T12:48:29.277024+00:00,1485.016730868001,B,249952,188.93,8.400104152889625,886476800,902291456,270,45,532676608,414836428,33,1.086,0,0.0,14,0.147,1.233,0.38107049300015206,
2026-10-06T12:48:29.277197+00:00,1485.0169034930004,C,249943,159.41,7.400046194047206,786804736,794505216,263,41,461373440,291829964,28,0.917,0,0.0,10,0.148,1.065,0.44879326000045694,
2026-10-06T12:48:34.276929+00:00,1490.0166331210003,A,249950,199.98,10.199977150010529,840429568,846041088,269,46,484442112,266916761,42,1.038,0,0.0,20,0.144,1.182,0.465528410000843,
2026-10-06T12:48:34.277072+00:00,1490.016779200001,B,249952,189.31,7.599926536070033,886476800,902291456,270,45,532676608,417982156,33,1.086,0,0.0,14,0.147,1.233,0.5622842880002281,
2026-10-06T12:48:34.277225+00:00,1490.0169319939996,C,249943,159.77,7.199958958795399,786804736,794505216,263,41,461373440,293927116,28,0.917,0,0.0,10,0.148,1.065,0.5530581400016672,
2026-10-06T12:48:39.276912+00:00,1495.016616754001,A,249950,200.51,10.600034698152038,840429568,846041088,269,46,484442112,285791129,42,1.038,0,0.0,20,0.144,1.182,0.49753394199979084,
2026-10-06T12:48:39.277025+00:00,1495.0167311510013,B,249952,189.84,10.600101864858532,886480896,902291456,270,45,532676608,420079308,33,1.086,0,0.0,14,0.147,1.233,0.5712400709999201,
2026-10-06T12:48:39.277138+00:00,1495.0168451270001,C,249943,160.14,7.400128565392373,786804736,794505216,263,41,461373440,296024268,28,0.917,0,0.0,10,0.148,1.065,0.6100063699996099,
2026-10-06T12:48:44.276933+00:00,1500.0166375530007,A,249950,201.11,11.999950082608857,840433664,846041088,269,46,484442112,303616921,42,1.038,0,0.0,20,0.144,1.182,0.43246468600045773,
2026-10-06T12:48:44.277044+00:00,1500.0167515539997,B,249952,190.28,8.799964090869274,886702080,902291456,270,48,532676608,423225036,33,1.086,0,0.0,14,0.147,1.233,0.4949899630009895,
2026-10-06T12:48:44.277090+00:00,1500.0167966460012,C,249943,160.53,7.80007563109189,786968576,794505216,263,43,461373440,298121420,28,0.917,0,0.0,10,0.148,1.065,0.4030066239993175,
2026-10-06T12:48:49.276900+00:00,1505.0166048170013,A,249950,201.73,12.400081185809603,843386880,846041088,269,47,484442112,323539865,42,1.038,0,0.0,20,0.144,1.182,0.4376814689985622,
2026-10-06T12:48:49.277029+00:00,1505.0167358090002,B,249952,190.66,7.600023932474471,886702080,902291456,270,48,532676608,426370764,33,1.086,0,0.0,14,0.147,1.233,0.4489291410009173,
2026-10-06T12:48:49.277070+00:00,1505.0167777719998,C,249943,160.9,7.400027933627603,786968576,794505216,263,43,461373440,300218572,28,0.917,0,0.0,10,0.148,1.065,0.5250546440001926,
2026-10-06T12:48:54.276914+00:00,1510.016619125001,A,249950,202.26,10.599969667127537,843300864,846041088,269,46,484442112,339268505,42,1.038,0,0.0,20,0.144,1.182,0.4648368769994704,
2026-10-06T12:48:54.277117+00:00,1510.0168235420006,B,249952,191.05,7.799863138921231,886702080,902291456,270,48,532676608,428467916,33,1.086,0,0.0,14,0.147,1.233,0.42134608999913326,
2026-10-06T12:48:54.277188+00:00,1510.0168950389998,C,249943,161.3,7.999812377200585,786968576,794505216,263,43,461373440,302315724,28,0.917,0,0.0,10,0.148,1.065,0.5235076150001987,
2026-10-06T12:48:59.276879+00:00,1515.016583636001,A,249950,202.78,10.400073817643849,843370496,846041088,269,47,484442112,353948569,42,1.038,0,0.0,20,0.144,1.182,0.4912005030000728,
2026-10-06T12:48:59.276988+00:00,1515.016694498001,B,249952,191.47,8.400216799514329,886702080,902291456,270,48,532676608,433710796,33,1.086,0,0.0,14,0.147,1.233,0.49133977699966636,
2026-10-06T12:48:59.277141+00:00,1515.0168484990008,C,249943,161.69,7.800072603073875,786976768,794505216,263,43,461373440,305461452,28,0.917,0,0.0,10,0.148,1.065,0.38046031900012167,
2026-10-06T12:49:04.276913+00:00,1520.0166161320012,A,249950,203.21,8.59994410724317,843309056,846041088,269,46,484442112,361288601,42,1.038,0,0.0,20,0.144,1.182,0.49364294199949654,
2026-10-06T12:49:04.277057+00:00,1520.0167644600006,B,249952,191.9,8.599879667044668,886702080,902291456,270,48,532676608,438953676,33,1.086,0,0.0,14,0.147,1.233,0.37445767399913166,
2026-10-06T12:49:04.277114+00:00,1520.0168213400011,C,249943,162.07,7.6000412819037315,786976768,794505216,263,43,461373440,306510028,28,0.917,0,0.0,10,0.148,1.065,0.48592272299902106,
2026-10-06T12:49:09.276888+00:00,1525.016592023001,A,249950,203.65,8.800042432044819,843309056,846041088,269,46,484442112,369677209,42,1.038,0,0.0,20,0.144,1.182,0.4930446379985369,
2026-10-06T12:49:09.277037+00:00,1525.0167441360009,B,249952,192.29,7.800031705568146,886706176,902291456,270,48,532676608,444196556,33,1.086,0,0.0,14,0.147,1.233,0.47790780200011795,
2026-10-06T12:49:09.277177+00:00,1525.016884427001,C,249943,162.45,7.599904108969889,786976768,794505216,263,43,461373440,308607180,28,0.917,0,0.0,10,0.148,1.065,0.4047601999991457,
2026-10-06T12:49:14.276913+00:00,1530.0166167139996,A,249950,204.1,8.999955556421865,843309056,846041088,270,46,484442112,375968665,42,1.038,0,0.0,20,0.144,1.182,0.5171562670002459,
2026-10-06T12:49:14.278337+00:00,1530.0180441169996,B,249952,192.73,8.797712628150164,886706176,902291456,270,48,532676608,450488012,33,1.086,0,0.0,14,0.147,1.233,0.4846328760013421,
2026-10-06T12:49:14.278403+00:00,1530.0181099460005,C,249943,162.85,7.998039650090141,786976768,794505216,263,43,461373440,309655756,28,0.917,0,0.0,10,0.148,1.065,0.41008284199961054,
2026-10-06T12:49:19.277134+00:00,1535.0168371569998,A,249950,204.55,8.999603220093421,843309056,846041088,269,46,484442112,385405849,42,1.038,0,0.0,20,0.144,1.182,0.38049872900046466,
2026-10-06T12:49:19.277287+00:00,1535.016993782001,B,249952,193.15,8.401764933552231,886706176,902291456,270,48,532676608,456779468,33,1.086,0,0.0,14,0.147,1.233,0.4096898499992676,
2026-10-06T12:49:19.277408+00:00,1535.0171151539998,C,249943,163.23,7.601512384742638,786976768,794505216,263,43,461373440,311752908,28,0.917,0,0.0,10,0.148,1.065,0.46998625800006266,
2026-10-06T12:49:24.276905+00:00,1540.01660988,A,249950,204.97,8.400381842716218,843309056,846041088,269,46,484442112,391697305,42,1.038,0,0.0,20,0.144,1.182,0.5121913340008177,
2026-10-06T12:49:24.277466+00:00,1540.0171725100008,B,249952,193.57,8.399699747692768,886706176,902291456,270,48,532676608,462022348,33,1.086,0,0.0,14,0.147,1.233,0.41330942300010065,
2026-10-06T12:49:24.277549+00:00,1540.0172564210006,C,249943,163.6,7.399790930745826,786976768,794505216,263,43,461373440,312801484,28,0.917,0,0.0,10,0.148,1.065,0.498987278999266,
2026-10-06T12:49:29.276984+00:00,1545.0166886280003,A,249950,205.39,8.399867705442823,843374592,846041088,269,47,484442112,400085913,42,1.038,0,0.0,20,0.144,1.182,0.44012104400098906,
2026-10-06T12:49:29.277104+00:00,1545.0168110369996,B,249952,193.96,7.800563938651963,886706176,902291456,270,48,532676608,467265228,33,1.086,0,0.0,14,0.147,1.233,0.41466941100043186,
2026-10-06T12:49:29.277416+00:00,1545.017122794001,C,249943,163.98,7.600203118467938,786976768,794505216,263,43,461373440,314898636,28,0.917,0,0.0,10,0.148,1.065,0.3606324009997479,
2026-10-06T12:49:34.276945+00:00,1550.0166489470012,A,249950,205.81,8.400066664608003,843374592,846041088,269,47,484442112,406377369,42,1.038,0,0.0,20,0.144,1.182,0.3891703659992345,
2026-10-06T12:49:34.278044+00:00,1550.0177517930006,B,249952,194.32,7.19864556619661,886706176,902291456,270,48,532676608,473556684,33,1.086,0,0.0,14,0.147,1.233,0.4438902309993864,
2026-10-06T12:49:34.278083+00:00,1550.0177894340013,C,249943,164.31,6.5991201525080045,786976768,794505216,263,43,461373440,316995788,28,0.917,0,0.0,10,0.148,1.065,0.4033607809997193,
2026-10-06T12:49:39.276922+00:00,1555.0166259790003,A,249950,206.25,8.80004042386714,843374592,846041088,269,47,484442112,415814553,42,1.038,0,0.0,20,0.144,1.182,0.42445536100058234,
2026-10-06T12:49:39.277041+00:00,1555.0167482680008,B,249952,194.74,8.401686260440817,886710272,902291456,270,48,532676608,478799564,33,1.086,0,0.0,14,0.147,1.233,0.391340324000339,
2026-10-06T12:49:39.277091+00:00,1555.0167978870013,C,249943,164.68,7.401467780634806,786976768,794505216,263,43,461373440,318044364,28,0.917,0,0.0,10,0.148,1.065,0.32983935899937933,
2026-10-06T12:49:44.276928+00:00,1560.0166306400006,A,249950,206.69,8.799991796647117,843374592,846041088,269,47,484442112,422106009,42,1.038,0,0.0,20,0.144,1.182,0.4015917619999527,
2026-10-06T12:49:44.277057+00:00,1560.016764080001,B,249952,195.16,8.39997343592354,886640640,902291456,270,47,532676608,484042444,33,1.086,0,0.0,14,0.147,1.233,0.37093798000023526,
2026-10-06T12:49:44.277114+00:00,1560.0168213460001,C,249943,165.05,7.399965280844705,786837504,794505216,263,41,461373440,320141516,28,0.917,0,0.0,10,0.148,1.065,0.42566208300013386,
2026-10-06T12:49:49.276923+00:00,1565.0166268190005,A,249950,207.14,9.000006877805143,843374592,846041088,269,47,484442112,430494617,42,1.038,0,0.0,20,0.144,1.182,0.41236186899914173,
2026-10-06T12:49:49.277061+00:00,1565.0167675250013,B,249952,195.56,7.999994488003267,886640640,902291456,270,47,532676608,489285324,33,1.086,0,0.0,14,0.147,1.233,0.46208714799831796,
2026-10-06T12:49:49.277299+00:00,1565.0170063040005,C,249943,165.44,7.799711476192188,786837504,794505216,263,41,461373440,321190092,28,0.917,0,0.0,10,0.148,1.065,0.3885611429996061,
2026-10-06T12:49:54.276912+00:00,1570.0166160999997,A,249950,207.57,8.600018436721008,843374592,846041088,269,47,484442112,436786073,42,1.038,0,0.0,20,0.144,1.182,0.4220057500006078,
2026-10-06T12:49:54.277024+00:00,1570.016730491001,B,249952,196.42,17.200127397904495,886640640,902291456,270,47,532676608,243075686,34,1.091,0,0.0,16,0.157,1.248,0.39508558200031985,
2026-10-06T12:49:54.277086+00:00,1570.0167929649997,C,249943,165.81,7.4003157551938035,786837504,794505216,263,41,461373440,323287244,28,0.917,0,0.0,10,0.148,1.065,0.4572738440001558,
2026-10-06T12:49:59.276915+00:00,1575.01661866,A,249950,208.07,9.999994880002198,843374592,846041088,269,47,484442112,446223257,42,1.038,0,0.0,20,0.144,1.182,0.3873589520007954,
2026-10-06T12:49:59.277056+00:00,1575.016762751,B,249952,196.84,8.399945803551693,886644736,902291456,270,47,532676608,248318566,34,1.091,0,0.0,16,0.157,1.248,0.3114597540006798,
2026-10-06T12:49:59.277107+00:00,1575.016814384,C,249943,166.2,7.799966586502233,786837504,794505216,263,41,461373440,325384396,28,0.917,0,0.0,10,0.148,1.065,0.37230665700008103,
2026-10-06T12:50:04.276929+00:00,1580.016634249001,A,249950,208.5,8.599973187001803,843374592,846041088,269,47,484442112,452514713,42,1.038,0,0.0,20,0.144,1.182,0.3995567999991181,
2026-10-06T12:50:04.277238+00:00,1580.0169453159997,B,249952,197.25,8.199700604332252,886644736,902291456,270,47,532676608,254610022,34,1.091,0,0.0,16,0.157,1.248,0.4317020420003246,
2026-10-06T12:50:04.277287+00:00,1580.0169935880003,C,249943,166.54,6.799756291294466,786837504,794505216,263,41,461373440,326432972,28,0.917,0,0.0,10,0.148,1.065,0.4030794490008702,
2026-10-06T12:50:09.276926+00:00,1585.0166296660009,A,249950,209.3,16.00001466561428,843534336,846041088,269,47,484442112,244272844,43,1.043,0,0.0,22,0.148,1.191,0.4065228910003498,
2026-10-06T12:50:09.277061+00:00,1585.016767653,B,249952,197.68,8.600305591218078,886644736,902291456,270,47,532676608,259852902,34,1.091,0,0.0,16,0.157,1.248,0.3374680070010072,
2026-10-06T12:50:09.277215+00:00,1585.0169222250006,C,249943,166.9,7.200102764186601,786837504,794505216,263,41,461373440,327481548,28,0.917,0,0.0,10,0.148,1.065,0.4204295950003143,
2026-10-06T12:50:14.276912+00:00,1590.0166159689998,A,249950,209.73,8.600023558906036,843534336,846041088,269,47,484442112,250564300,43,1.043,0,0.0,22,0.148,1.191,0.43766340900037903,
2026-10-06T12:50:14.277033+00:00,1590.0167400050013,B,249952,198.08,8.000044237042566,886644736,902291456,270,47,532676608,264047206,34,1.091,0,0.0,16,0.157,1.248,0.4787953369996103,
2026-10-06T12:50:14.277112+00:00,1590.0168192340006,C,249943,167.28,7.6001565495444705,786837504,794505216,263,41,461373440,329578700,28,0.917,0,0.0,10,0.148,1.065,0.4650291620000644,
2026-10-06T12:50:19.276962+00:00,1595.0166652099997,A,249950,210.18,8.99991136707332,843534336,846041088,269,47,484442112,260001484,43,1.043,0,0.0,22,0.148,1.191,0.42942975900041347,
2026-10-06T12:50:19.277100+00:00,1595.016807418,B,249952,198.54,9.199875961754229,886644736,902291456,270,47,532676608,269290086,34,1.091,0,0.0,16,0.157,1.248,0.5080405110002175,
2026-10-06T12:50:19.277192+00:00,1595.0168986500012,C,249943,167.66,7.599879289596391,786837504,794505216,263,41,461373440,331675852,28,0.917,0,0.0,10,0.148,1.065,0.4600482579990057,
2026-10-06T12:50:24.276949+00:00,1600.0166539519996,A,249950,210.61,8.600019363803883,843534336,846041088,269,47,484442112,266292940,43,1.043,0,0.0,22,0.148,1.191,0.546903275000659,
2026-10-06T12:50:24.277459+00:00,1600.0171655000013,B,249952,198.96,8.399398465318077,886644736,902291456,270,47,532676608,275581542,34,1.091,0,0.0,16,0.157,1.248,0.513591473998531,
2026-10-06T12:50:24.281902+00:00,1600.0216062260006,C,249943,168.05,7.79266308925419,786837504,794505216,263,41,461373440,332724428,28,0.917,0,0.0,10,0.148,1.065,0.568587406000006,
2026-10-06T12:50:29.276924+00:00,1605.0166280009998,A,249950,211.06,9.000046712041804,843534336,846041088,269,47,484442112,274681548,43,1.043,0,0.0,22,0.148,1.191,0.6055928040004801,
2026-10-06T12:50:29.277072+00:00,1605.0167785370013,B,249952,199.4,8.800681107592611,886644736,902291456,270,47,532676608,280824422,34,1.091,0,0.0,16,0.157,1.248,0.5062851989987394,
2026-10-06T12:50:29.277145+00:00,1605.0168513019998,C,249943,168.45,8.007615120264346,786837504,794505216,263,41,461373440,334821580,28,0.917,0,0.0,10,0.148,1.065,0.5165350980005314,
2026-10-06T12:50:34.276906+00:00,1610.0166100690003,A,249950,211.51,9.0000322777147,843534336,846041088,269,47,484442112,280973004,43,1.043,0,0.0,22,0.148,1.191,0.5087654559993098,
2026-10-06T12:50:34.277035+00:00,1610.0167414219995,B,249952,199.83,8.600063838277034,886644736,902291456,270,47,532676608,285018726,34,1.091,0,0.0,16,0.157,1.248,0.44549442600145994,
2026-10-06T12:50:34.277204+00:00,1610.0169114220007,C,249943,168.84,7.799906213926648,786837504,794505216,263,41,461373440,335870156,28,0.917,0,0.0,10,0.148,1.065,0.4433218340000167,
2026-10-06T12:50:39.276947+00:00,1615.0166507310005,A,249950,212.01,9.999918676661006,843468800,846041088,269,46,484442112,297750220,43,1.043,0,0.0,22,0.148,1.191,0.4487274849998357,
2026-10-06T12:50:39.278110+00:00,1615.0178161160002,B,249952,200.28,8.99806596649747,886644736,902291456,270,47,532676608,296553062,34,1.091,0,0.0,16,0.157,1.248,0.4009252670002752,
2026-10-06T12:50:39.278185+00:00,1615.0178918300007,C,249943,169.24,7.998431654723713,786837504,794505216,263,41,461373440,337967308,28,0.917,0,0.0,10,0.148,1.065,0.48893563199999335,
2026-10-06T12:50:44.276887+00:00,1620.0165892490004,A,249950,212.59,11.600142639994422,843468800,846041088,270,46,484442112,312430284,43,1.043,0,0.0,22,0.148,1.191,0.3909925600000861,
2026-10-06T12:50:44.277025+00:00,1620.0167316890002,B,249952,200.79,10.202212710984574,886644736,902291456,270,47,532676608,307038822,34,1.091,0,0.0,16,0.157,1.248,0.4605890069997258,
2026-10-06T12:50:44.277351+00:00,1620.0170576330001,C,249943,169.66,8.401401684816987,786837504,794505216,263,41,461373440,341113036,28,0.917,0,0.0,10,0.148,1.065,0.3726533000008203,
2026-10-06T12:50:49.276970+00:00,1625.0166753530011,A,249950,213.08,9.79983123906495,843468800,846041088,269,46,484442112,329207500,43,1.043,0,0.0,22,0.148,1.191,0.39902129099937156,
2026-10-06T12:50:49.277128+00:00,1625.0168354730013,B,249952,201.24,8.99981319267586,886644736,902291456,270,47,532676608,317524582,34,1.091,0,0.0,16,0.157,1.248,0.39032624999890686,
2026-10-06T12:50:49.277187+00:00,1625.0168934600006,C,249943,170.06,8.000262685424605,786837504,794505216,263,41,461373440,342161612,28,0.917,0,0.0,10,0.148,1.065,0.4372214739996707,
2026-10-06T12:50:54.276954+00:00,1630.0166577960008,A,249950,213.58,10.000035114123937,843468800,846041088,269,46,484442112,343887564,43,1.043,0,0.0,22,0.148,1.191,0.5461847819988179,
2026-10-06T12:50:54.277142+00:00,1630.0168495540001,B,249952,201.74,9.999971838081548,886820864,902291456,270,47,532676608,326961766,34,1.091,0,0.0,16,0.157,1.248,0.493363159999717,
2026-10-06T12:50:54.277492+00:00,1630.0171986180012,C,249943,170.45,7.799523982570852,786837504,794505216,263,41,461373440,344258764,28,0.917,0,0.0,10,0.148,1.065,0.5459540049996576,
2026-10-06T12:50:59.276943+00:00,1635.0166473509998,A,249950,214.12,10.80002256124903,843468800,846041088,270,46,484442112,360664780,43,1.043,0,0.0,22,0.148,1.191,0.41489860100045917,
2026-10-06T12:50:59.277060+00:00,1635.016767180001,B,249952,202.23,9.80016145569809,886743040,902291456,269,46,532676608,337447526,34,1.091,0,0.0,16,0.157,1.248,0.4444395449991134,
2026-10-06T12:50:59.277423+00:00,1635.017129885,C,249943,170.83,7.6001044755984415,786837504,794505216,263,41,461373440,346355916,28,0.917,0,0.0,10,0.148,1.065,0.4707117810012278,
2026-10-06T12:51:04.276890+00:00,1640.0165944279997,A,249950,214.6,9.600101613235545,843468800,846041088,270,46,484442112,375344844,43,1.043,0,0.0,22,0.148,1.191,0.42199843200069154,
2026-10-06T12:51:04.277004+00:00,1640.0167109370013,B,249952,202.7,9.400105738028559,886743040,902291456,269,46,532676608,347933286,34,1.091,0,0.0,16,0.157,1.248,0.3235727699993731,
2026-10-06T12:51:04.277142+00:00,1640.0168486940001,C,249943,171.21,7.600427434357873,786837504,794505216,263,41,461373440,348453068,28,0.917,0,0.0,10,0.148,1.065,0.38626810000096157,
2026-10-06T12:51:09.276936+00:00,1645.016640275,A,249950,215.28,13.599875297302594,846385152,846385152,269,46,484442112,393170636,43,1.043,0,0.0,22,0.148,1.191,0.49928908299989416,
2026-10-06T12:51:09.277076+00:00,1645.0167827590012,B,249952,203.14,8.799873595095892,886747136,902291456,269,46,532676608,358419046,34,1.091,0,0.0,16,0.157,1.248,0.4429080909994809,
2026-10-06T12:51:09.277145+00:00,1645.0168515570003,C,249943,171.61,7.999995419202431,786841600,794505216,263,41,461373440,350550220,28,0.917,0,0.0,10,0.148,1.065,0.4759551269999065,
2026-10-06T12:51:14.276941+00:00,1650.0166455400013,A,249950,215.79,10.199989259408754,839233536,846041088,269,46,484442112,407850700,43,1.043,0,0.0,22,0.148,1.191,0.5096325289996457,
2026-10-06T12:51:14.277055+00:00,1650.0167619800013,B,249952,203.62,9.600039895845965,886747136,902291456,269,46,532676608,368904806,34,1.091,0,0.0,16,0.157,1.248,0.4377528259992687,
2026-10-06T12:51:14.277137+00:00,1650.0168435120013,C,249943,172.0,7.800012550218437,786841600,794505216,263,41,461373440,352647372,28,0.917,0,0.0,10,0.148,1.065,0.5257546979992185,
2026-10-06T12:51:19.276903+00:00,1655.0166067360005,A,249950,216.3,10.200079160776214,839299072,846041088,269,47,484442112,424627916,43,1.043,0,0.0,22,0.148,1.191,0.40911559499909345,
2026-10-06T12:51:19.277034+00:00,1655.016740692001,B,249952,204.11,9.800041724658664,886747136,902291456,269,46,532676608,379390566,34,1.091,0,0.0,16,0.157,1.248,0.4744439859987324,
2026-10-06T12:51:19.277161+00:00,1655.0168677130005,C,249943,172.4,7.999961278588848,786841600,794505216,263,41,461373440,354744524,28,0.917,0,0.0,10,0.148,1.065,0.44283825300044555,
2026-10-06T12:51:24.276906+00:00,1660.0166103880001,A,249950,216.77,9.399993134245786,839299072,846041088,269,47,484442112,438259404,43,1.043,0,0.0,22,0.148,1.191,0.4451683259994752,
2026-10-06T12:51:24.277083+00:00,1660.016789501,B,249952,204.54,8.599916049340704,886747136,902291456,269,46,532676608,389876326,34,1.091,0,0.0,16,0.157,1.248,0.4239301670004352,
2026-10-06T12:51:24.277135+00:00,1660.0168418699996,C,249943,172.77,7.400038247839129,786845696,794505216,263,41,461373440,356841676,28,0.917,0,0.0,10,0.148,1.065,0.5036093680009799,
2026-10-06T12:51:29.276924+00:00,1665.0166285750001,A,249950,217.26,9.799964353609228,839299072,846041088,269,47,484442112,455036620,43,1.043,0,0.0,22,0.148,1.191,0.42273772199951054,
2026-10-06T12:51:29.277055+00:00,1665.01676228,B,249952,205.0,9.200050086912809,886747136,902291456,269,46,532676608,399313510,34,1.091,0,0.0,16,0.157,1.248,0.3872213869999541,
2026-10-06T12:51:29.277206+00:00,1665.0169127810004,C,249943,173.15,7.599892216807181,786845696,794505216,263,41,461373440,358938828,28,0.917,0,0.0,10,0.148,1.065,0.5321167109996168,
2026-10-06T12:51:34.276996+00:00,1670.0167007609998,A,249950,217.77,10.199852742687042,839299072,846041088,269,47,484442112,251616256,44,1.052,0,0.0,22,0.148,1.201,0.5276546220011369,
2026-10-06T12:51:34.277399+00:00,1670.0171059840013,B,249952,205.49,9.799326386462266,886747136,902291456,270,46,532676608,409799270,34,1.091,0,0.0,16,0.157,1.248,0.39001835899944126,
2026-10-06T12:51:34.278942+00:00,1670.0186491309996,C,249943,173.53,7.597361664216005,786845696,794505216,263,41,461373440,361035980,28,0.917,0,0.0,10,0.148,1.065,0.47618710300048406,
2026-10-06T12:51:39.276976+00:00,1675.0166794409997,A,249950,218.28,10.20004349298545,839397376,846041088,269,47,484442112,268393472,44,1.052,0,0.0,22,0.148,1.201,0.36792923500070174,
2026-10-06T12:51:39.277102+00:00,1675.0168090349998,B,249952,205.97,9.600570175945302,886747136,902291456,269,46,532676608,420285030,34,1.091,0,0.0,16,0.157,1.248,0.4651255040007527,
2026-10-06T12:51:39.277348+00:00,1675.0170548839997,C,249943,174.11,11.603699832729596,786845696,794722304,263,41,461373440,363133132,28,0.917,0,0.0,10,0.148,1.065,0.41596729600132676,
2026-10-06T12:51:44.276870+00:00,1680.0165732860005,A,249950,218.76,9.60020382192566,839397376,846041088,269,47,484442112,284122112,44,1.052,0,0.0,22,0.148,1.201,0.4746313609994104,
2026-10-06T12:51:44.278325+00:00,1680.018032127,B,249952,206.39,8.397945707957138,886882304,902291456,270,48,532676608,430770790,34,1.091,0,0.0,16,0.157,1.248,0.4010583609997411,
2026-10-06T12:51:44.278372+00:00,1680.0180794420012,C,249943,174.48,7.398483964810473,786845696,794722304,263,41,461373440,365230284,28,0.917,0,0.0,10,0.148,1.065,0.4286465999994107,
2026-10-06T12:51:49.277125+00:00,1685.0168290420006,A,249950,219.21,8.999539662746937,839397376,846041088,269,47,484442112,300899328,44,1.052,0,0.0,22,0.148,1.201,0.46244730400030676,
2026-10-06T12:51:49.277273+00:00,1685.0169794430003,B,249952,206.79,8.001684649080195,886812672,902291456,270,47,532676608,441256550,34,1.091,0,0.0,16,0.157,1.248,0.4495313919996988,
2026-10-06T12:51:49.277421+00:00,1685.0171274349996,C,249943,174.83,7.001333063619895,786845696,794722304,263,41,461373440,367327436,28,0.917,0,0.0,10,0.148,1.065,0.39261838700076623,
2026-10-06T12:51:54.276954+00:00,1690.0166577050004,A,249950,219.66,9.000308417168807,839397376,846041088,269,47,484442112,314530816,44,1.052,0,0.0,22,0.148,1.201,0.510642323999491,
2026-10-06T12:51:54.277105+00:00,1690.016811652,B,249952,207.28,9.800328881397677,886812672,902291456,270,47,532676608,451742310,34,1.091,0,0.0,16,0.157,1.248,0.4644150889998855,
2026-10-06T12:51:54.277192+00:00,1690.0168990220009,C,249943,175.18,7.000319792807026,786845696,794722304,263,41,461373440,369424588,28,0.917,0,0.0,10,0.148,1.065,0.3885984099997586,
2026-10-06T12:51:59.276887+00:00,1695.0165914950012,A,249950,220.17,10.200135070186795,839397376,846041088,269,47,484442112,332356608,44,1.052,0,0.0,22,0.148,1.201,0.5100933139983681,
2026-10-06T12:51:59.277249+00:00,1695.016955788,B,249952,207.74,9.199734797405176,886812672,902291456,270,47,532676608,461179494,34,1.091,0,0.0,16,0.157,1.248,0.4477046669999254,
2026-10-06T12:51:59.277325+00:00,1695.017031972,C,249943,175.56,7.599797921374442,786849792,794722304,263,41,461373440,371521740,28,0.917,0,0.0,10,0.148,1.065,0.3721052100008819,
2026-10-06T12:52:04.276936+00:00,1700.016640799,A,249950,220.69,10.399897448693894,839397376,846041088,269,47,484442112,344939520,44,1.052,0,0.0,22,0.148,1.201,0.4215733330001967,
2026-10-06T12:52:04.277047+00:00,1700.0167543940006,B,249952,208.23,9.800394748138231,886812672,902291456,270,47,532676608,471665254,34,1.091,0,0.0,16,0.157,1.248,0.4675989869992918,
2026-10-06T12:52:04.277246+00:00,1700.016952807,C,249943,175.97,8.200129832655554,786849792,794722304,263,41,461373440,373618892,28,0.917,0,0.0,10,0.148,1.065,0.4989130869998917,
2026-10-06T12:52:09.276903+00:00,1705.0166077920003,A,249950,221.22,10.600069975301384,839397376,846041088,269,47,484442112,362765312,44,1.052,0,0.0,22,0.148,1.201,0.5365710570004012,
2026-10-06T12:52:09.277022+00:00,1705.0167283230003,B,249952,208.72,9.800051099427252,886812672,902291456,270,47,532676608,482151014,34,1.091,0,0.0,16,0.157,1.248,0.3949074350002775,
2026-10-06T12:52:09.277204+00:00,1705.0169101660013,C,249943,176.37,8.000068226180039,786849792,794722304,263,41,461373440,375716044,28,0.917,0,0.0,10,0.148,1.065,0.4515606429995387,
2026-10-06T12:52:14.276912+00:00,1710.016615128001,A,249950,221.75,10.599984447701495,839397376,846041088,269,47,484442112,377445376,44,1.052,0,0.0,22,0.148,1.201,0.3567557179994765,
2026-10-06T12:52:14.277064+00:00,1710.0167706020002,B,249952,209.2,9.59991882500639,886812672,902291456,270,47,532676608,492636774,34,1.091,0,0.0,16,0.157,1.248,0.48754105400075787,
2026-10-06T12:52:14.277141+00:00,1710.0168475980008,C,249943,176.74,7.40009260179951,786849792,794722304,263,41,461373440,377813196,28,0.917,0,0.0,10,0.148,1.065,0.4857014129993331,
2026-10-06T12:52:19.276903+00:00,1715.0166051939996,A,249950,222.25,10.000019868042182,839327744,846041088,269,46,484442112,394222592,44,1.052,0,0.0,22,0.148,1.201,0.48288840600071126,
2026-10-06T12:52:19.277055+00:00,1715.0167614090005,B,249952,209.72,10.400019121474616,886816768,902291456,270,47,532676608,252316979,35,1.097,0,0.0,16,0.157,1.253,0.4667909569998301,
2026-10-06T12:52:19.277421+00:00,1715.0171280490013,C,249943,177.14,7.999551303566321,786849792,794722304,263,41,461373440,379910348,28,0.917,0,0.0,10,0.148,1.065,0.42145947699827957,
2026-10-06T12:52:24.276922+00:00,1720.0166257069995,A,249950,222.76,10.199958153651535,839327744,846041088,269,46,484442112,408902656,44,1.052,0,0.0,22,0.148,1.201,0.5118628860000172,
2026-10-06T12:52:24.277045+00:00,1720.0167518819999,B,249952,210.16,8.800016767553059,886816768,902291456,270,47,532676608,261754163,35,1.097,0,0.0,16,0.157,1.253,0.4883645690006233,
2026-10-06T12:52:24.277131+00:00,1720.0168385409997,C,249943,177.51,7.4004284966529745,786849792,794722304,263,41,461373440,382007500,28,0.917,0,0.0,10,0.148,1.065,0.419996197000728,
2026-10-06T12:52:29.276938+00:00,1725.0166404700012,A,249950,223.28,10.399969293047391,839393280,846041088,269,47,484442112,426728448,44,1.052,0,0.0,22,0.148,1.201,0.47405375299968,
2026-10-06T12:52:29.277082+00:00,1725.0167889479999,B,249952,210.85,13.799897698598324,886947840,902291456,270,47,532676608,272239923,35,1.097,0,0.0,16,0.157,1.253,0.368464966000829,
2026-10-06T12:52:29.277150+00:00,1725.0168569750003,C,249943,177.94,8.59996829363601,786849792,794722304,263,41,461373440,384104652,28,0.917,0,0.0,10,0.148,1.065,0.41443002599953616,
2026-10-06T12:52:34.277316+00:00,1730.0170207520005,A,249950,223.76,9.599269914088957,839393280,846041088,269,47,484442112,439311360,44,1.052,0,0.0,22,0.148,1.201,0.5031056829993759,
2026-10-06T12:52:34.277420+00:00,1730.0171267260012,B,249952,211.33,9.59935151004706,886947840,902291456,270,47,532676608,281677107,35,1.097,0,0.0,16,0.157,1.253,0.49941482299982454,
2026-10-06T12:52:34.277733+00:00,1730.0174398359995,C,249943,178.31,7.399137466268726,786849792,794722304,263,41,461373440,386201804,28,0.917,0,0.0,10,0.148,1.065,0.4810669520011288,
2026-10-06T12:52:39.276955+00:00,1735.0166596199997,A,249950,224.29,10.600765655142153,839393280,846041088,269,47,484442112,236711936,45,1.059,0,0.0,22,0.148,1.207,0.4721105120006541,
2026-10-06T12:52:39.277064+00:00,1735.016770657001,B,249952,211.81,9.60068370116912,886947840,902291456,270,47,532676608,293211443,35,1.097,0,0.0,16,0.157,1.253,0.4845135729992762,
2026-10-06T12:52:39.277116+00:00,1735.0168229850005,C,249943,178.71,8.000987083375179,786849792,794722304,263,41,461373440,387250380,28,0.917,0,0.0,10,0.148,1.065,0.4061547729997983,
2026-10-06T12:52:44.277087+00:00,1740.0167916310002,A,249950,224.82,10.599720144067861,839393280,846041088,269,47,484442112,250343424,45,1.059,0,0.0,22,0.148,1.207,0.494981744001052,
2026-10-06T12:52:44.277309+00:00,1740.017016549,B,249952,212.25,8.799567251363724,886947840,902291456,270,47,532676608,302648627,35,1.097,0,0.0,16,0.157,1.253,0.4520451790012885,
2026-10-06T12:52:44.277422+00:00,1740.0171290380003,C,249943,179.08,7.399547069284543,786849792,794722304,263,41,461373440,390396108,28,0.917,0,0.0,10,0.148,1.065,0.5330509010000242,
2026-10-06T12:52:49.276923+00:00,1745.0166279309997,A,249950,225.3,9.600314314291944,839397376,846041088,269,47,484442112,268169216,45,1.059,0,0.0,22,0.148,1.207,0.3914256540010683,
2026-10-06T12:52:49.277037+00:00,1745.0167439790002,B,249952,212.81,11.200610590084974,886947840,902291456,270,47,532676608,312085811,35,1.097,0,0.0,16,0.157,1.253,0.4864317570009007,
2026-10-06T12:52:49.277096+00:00,1745.0168025519997,C,249943,179.44,7.200470170541433,786849792,794722304,263,41,461373440,391444684,28,0.917,0,0.0,10,0.148,1.065,0.46824183399985486,
2026-10-06T12:52:54.276937+00:00,1750.0166409820013,A,249950,225.77,9.399975464181036,839397376,846041088,269,47,484442112,282849280,45,1.059,0,0.0,22,0.148,1.207,0.582085071999245,
2026-10-06T12:52:54.277148+00:00,1750.0168550840008,B,249952,213.26,8.999800015442654,886947840,902291456,270,47,532676608,323620147,35,1.097,0,0.0,16,0.157,1.253,0.5116417159988487,
2026-10-06T12:52:54.277330+00:00,1750.0170372920002,C,249943,179.81,7.399652601109106,786849792,794722304,263,41,461373440,394590412,28,0.917,0,0.0,10,0.148,1.065,0.5157527709998249,
2026-10-06T12:52:59.276958+00:00,1755.0166615060007,A,249950,226.28,10.199958131212885,839397376,846041088,269,47,484442112,299626496,45,1.059,0,0.0,22,0.148,1.207,0.46344970899917826,
2026-10-06T12:52:59.278405+00:00,1755.018112564001,B,249952,213.74,9.597586245449447,886947840,902291456,270,47,532676608,333057331,35,1.097,0,0.0,16,0.157,1.253,0.4578368539987423,
2026-10-06T12:52:59.278454+00:00,1755.018160742,C,249943,180.2,7.798247811699236,786849792,794722304,263,41,461373440,395638988,28,0.917,0,0.0,10,0.148,1.065,0.5355051990009088,
2026-10-06T12:53:04.276858+00:00,1760.0165626890011,A,249950,226.73,9.000177874114316,839397376,846041088,269,47,484442112,314306560,45,1.059,0,0.0,22,0.148,1.207,0.4367145629985316,
2026-10-06T12:53:04.277243+00:00,1760.0169507219998,B,249952,214.18,8.802045317189217,886947840,902291456,270,47,532676608,342494515,35,1.097,0,0.0,16,0.157,1.253,0.4510341650002374,
2026-10-06T12:53:04.277328+00:00,1760.0170348789998,C,249943,180.52,6.401441429211048,786849792,794722304,263,41,461373440,397736140,28,0.917,0,0.0,10,0.148,1.065,0.3957224750010937,
2026-10-06T12:53:09.276878+00:00,1765.0165824980013,A,249950,227.16,8.59996592865486,839397376,846041088,269,47,484442112,326889472,45,1.059,0,0.0,22,0.148,1.207,0.45271848599986697,
2026-10-06T12:53:09.276989+00:00,1765.016695153001,B,249952,214.58,8.0004089313004,886947840,902291456,270,47,532676608,349834547,35,1.097,0,0.0,16,0.157,1.253,0.4666724399994564,
2026-10-06T12:53:09.277042+00:00,1765.016749374001,C,249943,180.92,8.000456834083353,786849792,794722304,263,41,461373440,399833292,28,0.917,0,0.0,10,0.148,1.065,0.4158918489993084,
2026-10-06T12:53:14.276924+00:00,1770.0166278710003,A,249950,227.57,8.199925588956804,839397376,846041088,269,47,484442112,333180928,45,1.059,0,0.0,22,0.148,1.207,0.43347664999964763,
2026-10-06T12:53:14.277056+00:00,1770.016763103,B,249952,214.97,7.799893999441846,886947840,902291456,270,47,532676608,351931699,35,1.097,0,0.0,16,0.157,1.253,0.43167227300000377,
2026-10-06T12:53:14.277250+00:00,1770.0169570500002,C,249943,181.31,7.799676038897234,786849792,794722304,263,41,461373440,401930444,28,0.917,0,0.0,10,0.148,1.065,0.3704532289993949,
2026-10-06T12:53:19.276944+00:00,1775.016649000001,A,249950,228.04,9.39996027764644,839397376,846041088,270,47,484442112,342618112,45,1.059,0,0.0,22,0.148,1.207,0.4470309219996125,
2026-10-06T12:53:19.277109+00:00,1775.016760763001,B,249952,215.33,7.2000033696002665,886947840,902291456,270,47,532676608,354028851,35,1.097,0,0.0,16,0.157,1.253,0.35859233100018173,
2026-10-06T12:53:19.277279+00:00,1775.0169865420012,C,249943,181.64,6.599961070788013,786853888,794722304,263,41,461373440,404027596,28,0.917,0,0.0,10,0.148,1.065,0.30822938099845487,
2026-10-06T12:53:24.276887+00:00,1780.0165916290007,A,249950,228.47,8.600098679253032,839397376,846041088,269,47,484442112,347860992,45,1.059,0,0.0,22,0.148,1.207,0.42538449600033346,
2026-10-06T12:53:24.277014+00:00,1780.016720312,B,249952,215.71,7.600061486018926,886947840,902291456,270,47,532676608,356126003,35,1.097,0,0.0,16,0.157,1.253,0.42513323400089575,
2026-10-06T12:53:24.277155+00:00,1780.0168621000012,C,249943,181.99,7.000174223136611,786853888,794722304,263,41,461373440,405076172,28,0.917,0,0.0,10,0.148,1.065,0.3758076109988906,
2026-10-06T12:53:29.276951+00:00,1785.0166555470005,A,249950,228.92,8.999884949070905,839327744,846041088,269,46,484442112,356249600,45,1.059,0,0.0,22,0.148,1.207,0.3779401770007098,
2026-10-06T12:53:29.277075+00:00,1785.0167820919996,B,249952,216.12,8.199898682052359,886947840,902291456,270,47,532676608,358223155,35,1.097,0,0.0,16,0.157,1.253,0.4008752870013268,
2026-10-06T12:53:29.277255+00:00,1785.0169616660005,C,249943,182.37,7.599848662694529,786853888,794722304,263,41,461373440,407173324,28,0.917,0,0.0,10,0.148,1.065,0.45574459199997364,
2026-10-06T12:53:34.276924+00:00,1790.0166282520004,A,249950,229.36,8.800048039462963,839331840,846041088,268,46,484442112,364638208,45,1.059,0,0.0,22,0.148,1.207,0.45270648100085964,
2026-10-06T12:53:34.277035+00:00,1790.0167417020002,B,249952,216.52,8.000064624521212,886947840,902291456,270,47,532676608,360320307,35,1.097,0,0.0,16,0.157,1.253,0.43974354900092294,
2026-10-06T12:53:34.277329+00:00,1790.0170356880008,C,249943,182.76,7.79988452738882,786853888,794722304,263,41,461373440,408221900,28,0.917,0,0.0,10,0.148,1.065,0.33188503900055366,
2026-10-06T12:53:39.276917+00:00,1795.0166203240005,A,249950,229.79,8.6000136361809,839262208,846041088,268,45,484442112,373026816,45,1.059,0,0.0,22,0.148,1.207,0.40832746399973985,
2026-10-06T12:53:39.277046+00:00,1795.016752683001,B,249952,216.93,8.199981991198268,886947840,902291456,270,47,532676608,362417459,35,1.097,0,0.0,16,0.157,1.253,0.39783526599967445,
2026-10-06T12:53:39.277124+00:00,1795.0168310650006,C,249943,183.17,8.200335595454325,786857984,794722304,263,41,461373440,410319052,28,0.917,0,0.0,10,0.148,1.065,0.4766764050000347,
2026-10-06T12:53:44.276938+00:00,1800.016640957001,A,249950,230.21,8.399965336702467,839409664,846041088,269,47,484442112,380366848,45,1.059,0,0.0,22,0.148,1.207,0.44019229500008805,
2026-10-06T12:53:44.277270+00:00,1800.016977352001,B,249952,217.33,7.999640545751614,887185408,902291456,270,49,532676608,365563187,35,1.097,0,0.0,16,0.157,1.253,0.4645239519995812,
2026-10-06T12:53:44.277329+00:00,1800.0170356090002,C,249943,183.57,7.999672742988376,786997248,794722304,263,43,461373440,412416204,28,0.917,0,0.0,10,0.148,1.065,0.4096143930000835,
2026-10-06T12:53:49.276920+00:00,1805.0166214609999,A,249950,230.67,9.20003587278165,839340032,846041088,269,46,484442112,388755456,45,1.059,0,0.0,22,0.148,1.207,0.4287570760006929,
2026-10-06T12:53:49.277052+00:00,1805.0167591270001,B,249952,217.74,8.200357904622212,887185408,902291456,270,49,532676608,367660339,35,1.097,0,0.0,16,0.157,1.253,0.3862176010006806,
2026-10-06T12:53:49.277127+00:00,1805.0168336940005,C,249943,183.95,7.600306923193943,786997248,794722304,263,43,461373440,414513356,28,0.917,0,0.0,10,0.148,1.065,0.485441314000127,
2026-10-06T12:53:54.276862+00:00,1810.0165665120003,A,249950,231.13,9.20010110727058,839340032,846041088,269,46,484442112,397144064,45,1.059,0,0.0,22,0.148,1.207,0.5252047840003797,
2026-10-06T12:53:54.276991+00:00,1810.016697594001,B,249952,218.12,7.60009353130959,887185408,902291456,270,49,532676608,369757491,35,1.097,0,0.0,16,0.157,1.253,0.42600299199875735,
2026-10-06T12:53:54.277145+00:00,1810.0168518350001,C,249943,184.35,7.999970974506064,786997248,794722304,263,43,461373440,415561932,28,0.917,0,0.0,10,0.148,1.065,0.4683953740004654,
2026-10-06T12:53:59.276945+00:00,1815.0166478400006,A,249950,231.61,9.599843852779605,839409664,846041088,271,47,484442112,405532672,45,1.059,0,0.0,22,0.148,1.207,0.4051254509995488,
2026-10-06T12:53:59.277089+00:00,1815.0167961320003,B,249952,218.55,8.599830517981436,887185408,902291456,270,49,532676608,371854643,35,1.097,0,0.0,16,0.157,1.253,0.4831454640006996,
2026-10-06T12:53:59.277154+00:00,1815.016861135,C,249943,184.72,7.399986236025878,786997248,794722304,263,43,461373440,416610508,28,0.917,0,0.0,10,0.148,1.065,0.4199364380001498,
2026-10-06T12:54:04.276874+00:00,1820.0165777149996,A,249950,232.06,9.000126226771908,839340032,846041088,270,46,484442112,412872704,45,1.059,0,0.0,22,0.148,1.207,0.5289489400001912,
2026-10-06T12:54:04.276993+00:00,1820.016699668,B,249952,218.95,8.00015434537779,887185408,902291456,270,49,532676608,373951795,35,1.097,0,0.0,16,0.157,1.253,0.4072857640003349,
2026-10-06T12:54:04.277086+00:00,1820.0167923070003,C,249943,185.13,8.200112879473313,786997248,794722304,263,43,461373440,418707660,28,0.917,0,0.0,10,0.148,1.065,0.46662426100010634,
2026-10-06T12:54:09.277011+00:00,1825.0167158910008,A,249950,232.5,8.799756816958253,839340032,846041088,270,46,484442112,421261312,45,1.059,0,0.0,22,0.148,1.207,0.49368465099905734,
2026-10-06T12:54:09.277116+00:00,1825.016822611,B,249952,219.34,7.79980821363613,887185408,902291456,270,49,532676608,376048947,35,1.097,0,0.0,16,0.157,1.253,0.41282417500042357,
2026-10-06T12:54:09.277230+00:00,1825.0169367620001,C,249943,185.52,7.799774656710959,786997248,794722304,263,43,461373440,420804812,28,0.917,0,0.0,10,0.148,1.065,0.41600359699987166,
2026-10-06T12:54:14.277073+00:00,1830.0167763789996,A,249950,232.96,9.199888703428824,839340032,846041088,270,46,484442112,428601344,45,1.059,0,0.0,22,0.148,1.207,0.4696147620015836,
2026-10-06T12:54:14.277276+00:00,1830.0169801600005,B,249952,219.73,7.799754231303062,887185408,902291456,270,49,532676608,378146099,35,1.097,0,0.0,16,0.157,1.253,0.47394542199981515,
2026-10-06T12:54:14.277828+00:00,1830.0175354479998,C,249943,185.9,7.599090106228576,786997248,794722304,263,43,461373440,421853388,28,0.917,0,0.0,10,0.148,1.065,0.3668718560002162,
2026-10-06T12:54:19.276910+00:00,1835.0166145130006,A,249950,233.37,8.200265468832304,839340032,846041088,270,46,484442112,435941376,45,1.059,0,0.0,22,0.148,1.207,0.3708181530000729,
2026-10-06T12:54:19.277977+00:00,1835.0176841640005,B,249952,220.11,7.598930064568243,887185408,902291456,270,49,532676608,380243251,35,1.097,0,0.0,16,0.157,1.253,0.43042029599928355,
2026-10-06T12:54:19.278022+00:00,1835.0177289760013,C,249943,186.29,7.799698108002226,786997248,794722304,263,43,461373440,212054220,29,0.922,0,0.0,10,0.148,1.071,0.43597065699941595,
2026-10-06T12:54:24.276903+00:00,1840.0166080100007,A,249950,233.79,8.400010925053783,839340032,846041088,270,46,484442112,443281408,45,1.059,0,0.0,22,0.148,1.207,0.37581347599916626,
2026-10-06T12:54:24.277033+00:00,1840.0167395219996,B,249952,220.49,7.60143612716638,887185408,902291456,270,49,532676608,382340403,35,1.097,0,0.0,16,0.157,1.253,0.37251138999999966,
2026-10-06T12:54:24.277200+00:00,1840.0169073840007,C,249943,186.67,7.601249025078697,786997248,794722304,263,43,461373440,213102796,29,0.922,0,0.0,10,0.148,1.071,0.4604202690006787,
2026-10-06T12:54:29.276955+00:00,1845.0166581940011,A,249950,234.19,7.999919706405318,839340032,846041088,270,46,484442112,451670016,45,1.059,0,0.0,22,0.148,1.207,0.46031027999924845,
2026-10-06T12:54:29.277126+00:00,1845.0168325310005,B,249952,220.83,6.799873510111756,887185408,902291456,270,49,532676608,384437555,35,1.097,0,0.0,16,0.157,1.253,0.3677761559993087,
2026-10-06T12:54:29.277279+00:00,1845.0169863709998,C,249943,187.01,6.799892579378201,786997248,794722304,263,43,461373440,214151372,29,0.922,0,0.0,10,0.148,1.071,0.3585118060000241,
2026-10-06T12:54:34.277001+00:00,1850.016704267,A,249950,235.07,17.599837824538216,839610368,846041088,270,46,484442112,240202444,46,1.061,0,0.0,24,0.163,1.223,0.48698367799988773,
2026-10-06T12:54:34.277225+00:00,1850.0169326650011,B,249952,221.23,7.999839788807097,887185408,902291456,270,49,532676608,386534707,35,1.097,0,0.0,16,0.157,1.253,0.4203074269989884,
2026-10-06T12:54:34.277294+00:00,1850.0170009880003,C,249943,187.39,7.599977782224118,786997248,794722304,263,43,461373440,216248524,29,0.922,0,0.0,10,0.148,1.071,0.5051708810005948,
2026-10-06T12:54:39.277119+00:00,1855.0168230670006,A,249950,235.55,9.599771909418713,839626752,846041088,270,46,484442112,248591052,46,1.061,0,0.0,24,0.163,1.223,0.48811785399993823,
2026-10-06T12:54:39.277277+00:00,1855.0169836630012,B,249952,221.66,8.59991228433479,887185408,902291456,270,49,532676608,388631859,35,1.097,0,0.0,16,0.157,1.253,0.5075868559997616,
2026-10-06T12:54:39.277357+00:00,1855.0170643889996,C,249943,187.81,8.399893487672005,786997248,794722304,263,43,461373440,218345676,29,0.922,0,0.0,10,0.148,1.071,0.5409395360002236,
2026-10-06T12:54:44.276891+00:00,1860.0165952250009,A,249950,236.1,11.000501275241378,839626752,846041088,270,46,484442112,261173964,46,1.061,0,0.0,24,0.163,1.223,0.534668062999117,
2026-10-06T12:54:44.277066+00:00,1860.016773352001,B,249952,222.11,9.000378575724152,886906880,902291456,270,45,532676608,391777587,35,1.097,0,0.0,16,0.157,1.253,0.5225572559993452,
2026-10-06T12:54:44.277219+00:00,1860.016926061,C,249943,188.23,8.400232397468482,786862080,794722304,263,41,461373440,220442828,29,0.922,0,0.0,10,0.148,1.071,0.4797589890004019,
2026-10-06T12:54:49.276912+00:00,1865.0166158230004,A,249950,236.69,11.79995138892142,839692288,846041088,270,47,484442112,281096908,46,1.061,0,0.0,24,0.163,1.223,0.4201626819994999,
2026-10-06T12:54:49.277039+00:00,1865.016745543,B,249952,222.54,8.600047831747387,886906880,902291456,270,45,532676608,393874739,35,1.097,0,0.0,16,0.157,1.253,0.500212492999708,
2026-10-06T12:54:49.277126+00:00,1865.016832909001,C,249943,188.65,8.400156498274185,786862080,794722304,263,41,461373440,222539980,29,0.922,0,0.0,10,0.148,1.071,0.4945194550000451,
2026-10-06T12:54:54.276910+00:00,1870.0166142220005,A,249950,237.22,10.600003394120886,839692288,846041088,270,47,484442112,297874124,46,1.061,0,0.0,24,0.163,1.223,0.5688172339996527,
2026-10-06T12:54:54.278363+00:00,1870.0180698160002,B,249952,222.95,8.197828767340665,886906880,902291456,270,45,532676608,395971891,35,1.097,0,0.0,16,0.157,1.253,0.48739109500093036,
2026-10-06T12:54:54.278418+00:00,1870.0181250690002,C,249943,189.04,7.797984751205847,786862080,794722304,263,41,461373440,224637132,29,0.922,0,0.0,10,0.148,1.071,0.5671400780011027,
2026-10-06T12:54:59.276920+00:00,1875.0166232129995,A,249950,237.76,10.799980579476816,839696384,846041088,270,47,484442112,316748492,46,1.061,0,0.0,24,0.163,1.223,0.49716699000055087,
2026-10-06T12:54:59.277061+00:00,1875.0167668430004,B,249952,223.35,8.00208530021783,886906880,902291456,270,45,532676608,399117619,35,1.097,0,0.0,16,0.157,1.253,0.4720350640000106,
2026-10-06T12:54:59.277244+00:00,1875.0169512100001,C,249943,189.42,7.6017846846737225,786862080,794722304,263,41,461373440,226734284,29,0.922,0,0.0,10,0.148,1.071,0.4914104449999286,
2026-10-06T12:55:04.276910+00:00,1880.0166142580001,A,249950,238.31,11.000019701034258,839696384,846041088,270,47,484442112,332477132,46,1.061,0,0.0,24,0.163,1.223,0.3810078229998908,
2026-10-06T12:55:04.277036+00:00,1880.016743061,B,249952,223.75,8.000038051381782,886906880,902291456,270,45,532676608,401214771,35,1.097,0,0.0,16,0.157,1.253,0.4445587810005236,
2026-10-06T12:55:04.277103+00:00,1880.0168095360004,C,249943,189.81,7.8002210177022855,786862080,794722304,263,41,461373440,228831436,29,0.922,0,0.0,10,0.148,1.071,0.4642461870007537,
2026-10-06T12:55:09.276937+00:00,1885.0166400180005,A,249950,238.81,9.999948480264576,839696384,846041088,270,47,484442112,349254348,46,1.061,0,0.0,24,0.163,1.223,0.3285934430005,
2026-10-06T12:55:09.277053+00:00,1885.0167602190013,B,249952,224.13,7.599973919927344,886915072,902291456,269,45,532676608,404360499,35,1.097,0,0.0,16,0.157,1.253,0.4330060569991474,
2026-10-06T12:55:09.277106+00:00,1885.0168128229998,C,249943,190.2,7.79999487228412,786862080,794722304,263,41,461373440,229880012,29,0.922,0,0.0,10,0.148,1.071,0.47003500500068185,
2026-10-06T12:55:14.276949+00:00,1890.0166535099997,A,249950,239.33,10.399971936717598,839696384,846041088,270,47,484442112,366031564,46,1.061,0,0.0,24,0.163,1.223,0.4364696400007233,
2026-10-06T12:55:14.278270+00:00,1890.0179770060004,B,249952,224.54,8.198004954830468,886845440,902291456,269,44,532676608,407506227,35,1.097,0,0.0,16,0.157,1.253,0.4277589169996645,
2026-10-06T12:55:14.278348+00:00,1890.0180512830011,C,249943,190.59,7.798068480820067,786862080,794722304,263,41,461373440,233025740,29,0.922,0,0.0,10,0.148,1.071,0.3680035349989339,
2026-10-06T12:55:19.276946+00:00,1895.016650114001,A,249950,239.87,10.800007335361899,839696384,846041088,270,47,484442112,384905932,46,1.061,0,0.0,24,0.163,1.223,0.45936583499860717,
2026-10-06T12:55:19.277102+00:00,1895.016809052,B,249952,224.93,7.801822433944514,886845440,902291456,269,44,532676608,409603379,35,1.097,0,0.0,16,0.157,1.253,0.38227852400086704,
2026-10-06T12:55:19.277257+00:00,1895.0169637850013,C,249943,190.95,7.201566337797309,786862080,794722304,263,41,461373440,234074316,29,0.922,0,0.0,10,0.148,1.071,0.49204339899915794,
2026-10-06T12:55:24.276917+00:00,1900.0166203589997,A,249950,240.69,16.400097596985184,844414976,846041088,270,47,484442112,401683148,46,1.061,0,0.0,24,0.163,1.223,0.4436462080011552,
2026-10-06T12:55:24.277051+00:00,1900.016757935,B,249952,225.33,8.000081788036445,886845440,902291456,269,44,532676608,411700531,35,1.097,0,0.0,16,0.157,1.253,0.5106101660003333,
2026-10-06T12:55:24.277206+00:00,1900.0169128380003,C,249943,191.31,7.200073364429252,786862080,794722304,263,41,461373440,237220044,29,0.922,0,0.0,10,0.148,1.071,0.5159266699993168,
2026-10-06T12:55:29.276900+00:00,1905.0166039470005,A,249950,241.21,10.400034137070676,844414976,846041088,270,47,484442112,418460364,46,1.061,0,0.0,24,0.163,1.223,0.48932266299925686,
2026-10-06T12:55:29.277053+00:00,1905.0167597609998,B,249952,225.71,7.5999972244812435,886845440,902291456,269,44,532676608,413797683,35,1.097,0,0.0,16,0.157,1.253,0.49677753500145627,
2026-10-06T12:55:29.277226+00:00,1905.0169332019996,C,249943,191.67,7.199970675960167,786862080,794722304,263,41,461373440,238268620,29,0.922,0,0.0,10,0.148,1.071,0.4784412470016832,
2026-10-06T12:55:34.276970+00:00,1910.0166728799995,A,249950,241.75,10.79985110677461,844414976,846041088,270,47,484442112,436286156,46,1.061,0,0.0,24,0.163,1.223,0.518085917999997,
2026-10-06T12:55:34.277146+00:00,1910.016850176,B,249952,226.15,8.799840872477178,886845440,902291456,269,44,532676608,416943411,35,1.097,0,0.0,16,0.157,1.253,0.4574649000005593,
2026-10-06T12:55:34.277546+00:00,1910.0172516390012,C,249943,192.08,8.199477796575614,786862080,794722304,263,41,461373440,241414348,29,0.922,0,0.0,10,0.148,1.071,0.45676077299867757,
2026-10-06T12:55:39.276964+00:00,1915.0166677960005,A,249950,242.32,11.400011591529337,844414976,846041088,270,47,484442112,455160524,46,1.061,0,0.0,24,0.163,1.223,0.4081495600003109,
2026-10-06T12:55:39.277106+00:00,1915.0168130340007,B,249952,226.61,9.20006834178636,886849536,902291456,269,44,532676608,419040563,35,1.097,0,0.0,16,0.157,1.253,0.47725644700039993,
2026-10-06T12:55:39.277157+00:00,1915.0168639010008,C,249943,192.46,7.600589407467692,786862080,794722304,263,41,461373440,242462924,29,0.922,0,0.0,10,0.148,1.071,0.5281278700003895,
2026-10-06T12:55:44.277002+00:00,1920.0167053559999,A,249950,242.86,10.799918871011302,844414976,846041088,270,47,484442112,251775488,47,1.063,0,0.0,24,0.163,1.226,0.5065622210004221,
2026-10-06T12:55:44.278758+00:00,1920.01846424,B,249952,227.0,7.797424969022258,886853632,902291456,269,44,532676608,422186291,35,1.097,0,0.0,16,0.157,1.253,0.40770173000055365,
2026-10-06T12:55:44.278848+00:00,1920.0185543799998,C,249943,192.87,8.197228551456552,786862080,794722304,263,41,461373440,245608652,29,0.922,0,0.0,10,0.148,1.071,0.40258069500123383,
2026-10-06T12:55:49.276872+00:00,1925.0165750200013,A,249950,243.44,11.600302387398871,844414976,846041088,270,47,484442112,270649856,47,1.063,0,0.0,24,0.163,1.226,0.47384640599921113,
2026-10-06T12:55:49.277017+00:00,1925.016724430001,B,249952,227.41,8.202854281579787,886853632,902291456,269,44,532676608,424283443,35,1.097,0,0.0,16,0.157,1.253,0.5201988509998046,
2026-10-06T12:55:49.277084+00:00,1925.016790855001,C,249943,193.24,7.40261093788909,786862080,794722304,263,41,461373440,246657228,29,0.922,0,0.0,10,0.148,1.071,0.4097473789988726,
2026-10-06T12:55:54.277042+00:00,1930.0167448909997,A,249950,244.0,11.199619501890671,844414976,846041088,270,47,484442112,286378496,47,1.063,0,0.0,24,0.163,1.226,0.5124141550004424,
2026-10-06T12:55:54.277206+00:00,1930.0169130289996,B,249952,227.82,8.199690709308532,886853632,902291456,269,44,532676608,426380595,35,1.097,0,0.0,16,0.157,1.253,0.44925307400080783,
2026-10-06T12:55:54.277285+00:00,1930.0169919769996,C,249943,193.61,7.399702351414983,786862080,794722304,263,41,461373440,248754380,29,0.922,0,0.0,10,0.148,1.071,0.5794801430001826,
2026-10-06T12:55:59.276932+00:00,1935.0166360750009,A,249950,244.52,10.400226342203698,844414976,846041088,270,47,484442112,304204288,47,1.063,0,0.0,24,0.163,1.226,0.48001038300026266,
2026-10-06T12:55:59.277337+00:00,1935.017043668,B,249952,228.22,7.999790983060599,886853632,902291456,269,44,532676608,428477747,35,1.097,0,0.0,16,0.157,1.253,0.5392359079996822,
2026-10-06T12:55:59.277503+00:00,1935.0172102939996,C,249943,194.02,8.199641975752549,786862080,794722304,263,41,461373440,250851532,29,0.922,0,0.0,10,0.148,1.071,0.5245528160012327,
2026-10-06T12:56:04.276972+00:00,1940.0166747399999,A,249950,245.04,10.399919577423603,844414976,846041088,270,47,484442112,319932928,47,1.063,0,0.0,24,0.163,1.226,0.44175572600033775,
2026-10-06T12:56:04.278465+00:00,1940.018171537,B,249952,228.64,8.39810560740525,886853632,902291456,269,44,532676608,431623475,35,1.097,0,0.0,16,0.157,1.253,0.5059949170008622,
2026-10-06T12:56:04.278521+00:00,1940.018225287,C,249943,194.42,7.998376340799525,786862080,794722304,263,41,461373440,252948684,29,0.922,0,0.0,10,0.148,1.071,0.40671033400030865,
2026-10-06T12:56:09.276936+00:00,1945.0166410729998,A,249950,245.59,11.00007406789901,844414976,846041088,270,47,484442112,337758720,47,1.063,0,0.0,24,0.163,1.226,0.5005859180000698,
2026-10-06T12:56:09.277109+00:00,1945.0168157410008,B,249952,229.04,8.002169861976853,886853632,902291456,269,44,532676608,433720627,35,1.097,0,0.0,16,0.157,1.253,0.5444825989998208,
2026-10-06T12:56:09.277402+00:00,1945.0171087810013,C,249943,194.83,8.201831478809705,786862080,794722304,263,41,461373440,255045836,29,0.922,0,0.0,10,0.148,1.071,0.5233722909997596,
2026-10-06T12:56:14.276965+00:00,1950.0166693909996,A,249950,246.09,9.999943364321261,844414976,846041088,270,47,484442112,354535936,47,1.063,0,0.0,24,0.163,1.226,0.56276467600037,
2026-10-06T12:56:14.277123+00:00,1950.0167903620004,B,249952,229.46,8.400042636937343,886853632,902291456,269,44,532676608,436866355,35,1.097,0,0.0,16,0.157,1.253,0.5004170190004515,
2026-10-06T12:56:14.277313+00:00,1950.0170197870011,C,249943,195.24,8.20014595275801,786862080,794722304,263,41,461373440,257142988,29,0.922,0,0.0,10,0.148,1.071,0.5266295349993015,
2026-10-06T12:56:19.276958+00:00,1955.0166623670011,A,249950,246.95,17.200024162588413,854818816,854818816,270,47,484442112,372361728,47,1.063,0,0.0,24,0.163,1.226,0.40877135199843906,
2026-10-06T12:56:19.277137+00:00,1955.0168442400009,B,249952,229.83,7.399920261418624,886853632,902291456,269,44,532676608,438963507,35,1.097,0,0.0,16,0.157,1.253,0.35707850299877464,
2026-10-06T12:56:19.277228+00:00,1955.016935097001,C,249943,195.61,7.400125343323484,786862080,794722304,263,41,461373440,259240140,29,0.922,0,0.0,10,0.148,1.071,0.4427853799988952,
2026-10-06T12:56:24.276920+00:00,1960.016623454001,A,249950,247.5,11.000085609266547,839700480,854544384,270,47,484442112,388090368,47,1.063,0,0.0,24,0.163,1.226,0.4635180199984461,
2026-10-06T12:56:24.277066+00:00,1960.0167729730001,B,249952,230.23,8.000114028826042,886853632,902291456,269,44,532676608,441060659,35,1.097,0,0.0,16,0.157,1.253,0.4632134280000173,
2026-10-06T12:56:24.277116+00:00,1960.0168228229995,C,249943,195.99,7.60017066031413,786866176,794722304,262,41,461373440,261337292,29,0.922,0,0.0,10,0.148,1.071,0.4788039690010919,
2026-10-06T12:56:29.276894+00:00,1965.0165980860002,A,249950,248.06,11.200056824610442,839700480,854544384,270,47,484442112,408013312,47,1.063,0,0.0,24,0.163,1.226,0.4319588090002071,
2026-10-06T12:56:29.277362+00:00,1965.017064701,B,249952,230.63,7.999533262432412,886853632,902291456,269,44,532676608,443157811,35,1.097,0,0.0,16,0.157,1.253,0.439977791000274,
2026-10-06T12:56:29.277485+00:00,1965.0171906060004,C,249943,196.39,7.999411590479491,786796544,794722304,262,40,461373440,263434444,29,0.922,0,0.0,10,0.148,1.071,0.33745521099990583,
2026-10-06T12:56:34.276910+00:00,1970.016614518001,A,249950,248.55,9.799967793384363,839700480,854544384,270,47,484442112,423741952,47,1.063,0,0.0,24,0.163,1.226,0.41853953799909505,
2026-10-06T12:56:34.277027+00:00,1970.0167337530002,B,249952,231.01,7.600503074257932,886853632,902291456,269,44,532676608,446303539,35,1.097,0,0.0,16,0.157,1.253,0.4719307640007173,
2026-10-06T12:56:34.277200+00:00,1970.0169069820004,C,249943,196.72,6.600374404918395,786796544,794722304,262,40,461373440,265531596,29,0.922,0,0.0,10,0.148,1.071,0.4057107280004857,
2026-10-06T12:56:39.276915+00:00,1975.0166191160006,A,249950,249.33,15.599985654254533,841535488,860192768,270,47,484442112,441567744,47,1.063,0,0.0,24,0.163,1.226,0.3966123200007132,
2026-10-06T12:56:39.277035+00:00,1975.0167417250013,B,249952,231.38,7.399988201457148,886853632,902291456,269,44,532676608,448400691,35,1.097,0,0.0,16,0.157,1.253,0.4247759269983362,
2026-10-06T12:56:39.277118+00:00,1975.0168247889997,C,249943,197.06,6.800111784318609,786812928,794722304,262,40,461373440,266580172,29,0.922,0,0.0,10,0.148,1.071,0.4190145060001669,
2026-10-06T12:56:44.276915+00:00,1980.016619465001,A,249950,249.84,10.199999288039049,841535488,860192768,270,47,484442112,236639232,48,1.069,0,0.0,24,0.163,1.232,0.5020984509992559,
2026-10-06T12:56:44.277027+00:00,1980.016733646,B,249952,231.79,8.200013249583666,886853632,902291456,269,44,532676608,451546419,35,1.097,0,0.0,16,0.157,1.253,0.5107176740002615,
2026-10-06T12:56:44.277078+00:00,1980.0167847480006,C,249943,197.45,7.800062464458411,786812928,794722304,262,40,461373440,269725900,29,0.922,0,0.0,10,0.148,1.071,0.4032248210005491,
2026-10-06T12:56:49.276893+00:00,1985.016597093001,A,249950,250.36,10.400046533968158,841535488,860192768,270,47,484442112,254465024,48,1.069,0,0.0,24,0.163,1.232,0.4163574140002311,
2026-10-06T12:56:49.277009+00:00,1985.016716006001,B,249952,232.17,7.600026812892965,886853632,902291456,269,44,532676608,453643571,35,1.097,0,0.0,16,0.157,1.253,0.47348994499952823,
2026-10-06T12:56:49.277056+00:00,1985.0167639930005,C,249943,197.83,7.600031547731661,786812928,794722304,262,40,461373440,270774476,29,0.922,0,0.0,10,0.148,1.071,0.4159656259998883,
2026-10-06T12:56:54.276914+00:00,1990.0166182410012,A,249950,250.88,10.399956012345505,841535488,860192768,270,47,484442112,271242240,48,1.069,0,0.0,24,0.163,1.232,0.4708266929992533,
2026-10-06T12:56:54.278059+00:00,1990.0177661440011,B,249952,232.59,8.398236138619538,886853632,902291456,269,44,532676608,456789299,35,1.097,0,0.0,16,0.157,1.253,0.572222447999593,
2026-10-06T12:56:54.278100+00:00,1990.0178064150005,C,249943,198.22,7.798374160641941,786812928,794722304,262,40,461373440,273920204,29,0.922,0,0.0,10,0.148,1.071,0.524832786000843,
2026-10-06T12:56:59.277062+00:00,1995.0167665280005,A,249950,251.38,9.999703434796714,841535488,860192768,270,47,484442112,289068032,48,1.069,0,0.0,24,0.163,1.232,0.33744710000064515,
2026-10-06T12:56:59.277188+00:00,1995.016894966,B,249952,233.0,8.201428980900975,886853632,902291456,269,44,532676608,458886451,35,1.097,0,0.0,16,0.157,1.253,0.40036410900029296,
2026-10-06T12:56:59.277246+00:00,1995.016953368,C,249943,198.6,7.601296852695806,786812928,794722304,262,40,461373440,274968780,29,0.922,0,0.0,10,0.148,1.071,0.4115941609998117,
2026-10-06T12:57:04.276891+00:00,2000.0165954580007,A,249950,251.87,9.80033530867214,841535488,860192768,270,47,484442112,304796672,48,1.069,0,0.0,24,0.163,1.232,0.3988944459997583,
2026-10-06T12:57:04.277000+00:00,2000.0167070710013,B,249952,233.38,7.600285611131091,886853632,902291456,269,44,532676608,460983603,35,1.097,0,0.0,16,0.157,1.253,0.34870348399999784,
2026-10-06T12:57:04.277057+00:00,2000.0167646620012,C,249943,198.99,7.800294392469274,786812928,794722304,262,40,461373440,277065932,29,0.922,0,0.0,10,0.148,1.071,0.4175444909997168,
2026-10-06T12:57:09.276878+00:00,2005.016582432001,A,249950,252.37,10.000026052067028,841535488,860192768,270,47,484442112,322622464,48,1.069,0,0.0,24,0.163,1.232,0.4383129039997584,
2026-10-06T12:57:09.276975+00:00,2005.016682327001,B,249952,233.78,8.00003959059645,886853632,902291456,269,44,532676608,463080755,35,1.097,0,0.0,16,0.157,1.253,0.3682239789995947,
2026-10-06T12:57:09.277285+00:00,2005.016992502,C,249943,199.35,7.199671925351077,786812928,794722304,262,40,461373440,279163084,29,0.922,0,0.0,10,0.148,1.071,0.39093073299954995,
2026-10-06T12:57:14.276868+00:00,2010.0165720090008,A,249950,252.79,8.400017510676715,841535488,860192768,270,47,484442112,338351104,48,1.069,0,0.0,24,0.163,1.232,0.4528280739996262,
2026-10-06T12:57:14.278317+00:00,2010.0180243490013,B,249952,234.13,6.998121673350681,886988800,902291456,269,46,532676608,468323635,35,1.097,0,0.0,16,0.157,1.253,0.3880449629996292,
2026-10-06T12:57:14.278368+00:00,2010.0180754249996,C,249943,199.7,6.998484236091625,786812928,794722304,262,40,461373440,282308812,29,0.922,0,0.0,10,0.148,1.071,0.3911435090012674,
2026-10-06T12:57:19.276900+00:00,2015.0166048840001,A,249950,253.2,8.199946085355558,841535488,860192768,270,47,484442112,343593984,48,1.069,0,0.0,24,0.163,1.232,0.4275538720012264,
2026-10-06T12:57:19.277017+00:00,2015.0167232860003,B,249952,234.54,8.202134298692881,886988800,902291456,269,46,532676608,474615091,35,1.097,0,0.0,16,0.157,1.253,0.409419056999468,
2026-10-06T12:57:19.279214+00:00,2015.0189206200012,C,249943,200.06,7.198783124897316,786812928,794722304,262,40,461373440,283357388,29,0.922,0,0.0,10,0.148,1.071,0.3993719999998575,
2026-10-06T12:57:24.276907+00:00,2020.0166116740002,A,249950,253.6,7.999989136014799,841535488,860192768,270,47,484442112,346739712,48,1.069,0,0.0,24,0.163,1.232,0.4673121400010132,
2026-10-06T12:57:24.277030+00:00,2020.0167371520001,B,249952,234.95,8.199977259823338,886988800,902291456,269,46,532676608,481955123,35,1.097,0,0.0,16,0.157,1.253,0.40822686700084887,
2026-10-06T12:57:24.277083+00:00,2020.016789841,C,249943,200.43,7.403154897399639,786812928,794722304,262,40,461373440,285454540,29,0.922,0,0.0,10,0.148,1.071,0.4935945659999561,
2026-10-06T12:57:29.276979+00:00,2025.01668402,A,249950,254.01,8.199881354276974,841535488,860192768,270,47,484442112,353031168,48,1.069,0,0.0,24,0.163,1.232,0.4311384150005324,
2026-10-06T12:57:29.277083+00:00,2025.0167897640004,B,249952,235.36,8.199913717228045,886988800,902291456,269,46,532676608,488246579,35,1.097,0,0.0,16,0.157,1.253,0.38483389599969087,
2026-10-06T12:57:29.277392+00:00,2025.0170990679999,C,249943,200.8,7.399542372342421,786812928,794722304,262,40,461373440,286503116,29,0.922,0,0.0,10,0.148,1.071,0.3611195060002501,
2026-10-06T12:57:34.276882+00:00,2030.0165861860005,A,249950,254.4,7.800152624025819,841535488,860192768,270,47,484442112,357225472,48,1.069,0,0.0,24,0.163,1.232,0.42604543599918543,
2026-10-06T12:57:34.278009+00:00,2030.0177163219996,B,249952,235.8,8.798369560060683,886988800,902291456,269,46,532676608,240437043,36,1.103,0,0.0,16,0.157,1.26,0.3193706950005435,
2026-10-06T12:57:34.278075+00:00,2030.0177820610006,C,249943,201.18,7.598961992429169,786812928,794722304,262,40,461373440,288600268,29,0.922,0,0.0,10,0.148,1.071,0.40631500000017695,
2026-10-06T12:57:39.276897+00:00,2035.0166011580004,A,249950,254.85,8.99997305048062,841535488,860192768,270,47,484442112,362468352,48,1.069,0,0.0,24,0.163,1.232,0.34436054899924784,
2026-10-06T12:57:39.276996+00:00,2035.016703176001,B,249952,236.2,8.001621362132477,886988800,902291456,269,46,532676608,246728499,36,1.103,0,0.0,16,0.157,1.26,0.41911623799933295,
2026-10-06T12:57:39.277234+00:00,2035.0169412579999,C,249943,201.54,7.201210959956546,786812928,794722304,262,40,461373440,289648844,29,0.922,0,0.0,10,0.148,1.071,0.3864054990008299,
2026-10-06T12:57:44.276926+00:00,2040.0166301059999,A,249950,255.22,7.3999571572089415,841535488,860192768,270,47,484442112,365614080,48,1.069,0,0.0,24,0.163,1.232,0.37033675000020594,
2026-10-06T12:57:44.277136+00:00,2040.0168432360006,B,249952,236.61,8.199770308035506,886988800,902291456,269,46,532676608,253019955,36,1.103,0,0.0,16,0.157,1.26,0.29569234299924574,
2026-10-06T12:57:44.277189+00:00,2040.0168952490003,C,249943,201.91,7.400068093946029,786812928,794722304,262,40,461373440,291745996,29,0.922,0,0.0,10,0.148,1.071,0.443309952999698,
2026-10-06T12:57:49.276914+00:00,2045.0166188860003,A,249950,255.64,8.40001884964134,841535488,860192768,270,47,484442112,372954112,48,1.069,0,0.0,24,0.163,1.232,0.3633890750006685,
2026-10-06T12:57:49.277055+00:00,2045.0167586300013,B,249952,237.04,8.600145524780803,886988800,902291456,269,46,532676608,260359987,36,1.103,0,0.0,16,0.157,1.26,0.41729985199890507,
2026-10-06T12:57:49.277263+00:00,2045.0169704180007,C,249943,202.3,7.799882738122546,786812928,794722304,262,40,461373440,292794572,29,0.922,0,0.0,10,0.148,1.071,0.385332407999158,
2026-10-06T12:57:54.276915+00:00,2050.016619203001,A,249950,255.97,6.599999581559299,841535488,860192768,270,47,484442112,377148416,48,1.069,0,0.0,24,0.163,1.232,0.4984252899994317,
2026-10-06T12:57:54.277039+00:00,2050.0167449560013,B,249952,237.48,8.800024066305774,886988800,902291456,269,46,532676608,266651443,36,1.103,0,0.0,16,0.157,1.26,0.3274367809990508,
2026-10-06T12:57:54.277298+00:00,2050.0170047560005,C,249943,202.63,6.599954674151292,786812928,794722304,262,40,461373440,294891724,29,0.922,0,0.0,10,0.148,1.071,0.4436272740003915,
2026-10-06T12:57:59.276912+00:00,2055.016614164,A,249950,256.38,8.200008263969615,841535488,860192768,270,47,484442112,381342720,48,1.069,0,0.0,24,0.163,1.232,0.40543452100064314,
2026-10-06T12:57:59.277030+00:00,2055.016737699001,B,249952,237.91,8.600012482058435,886988800,902291456,269,46,532676608,271894323,36,1.103,0,0.0,16,0.157,1.26,0.40547520799918857,
2026-10-06T12:57:59.277064+00:00,2055.016770999,C,249943,203.02,7.800364677970105,786812928,794722304,262,40,461373440,295940300,29,0.922,0,0.0,10,0.148,1.071,0.31292698200013547,
2026-10-06T12:58:04.276888+00:00,2060.016592359001,A,249950,256.78,8.000034888150173,841535488,860192768,270,47,484442112,385537024,48,1.069,0,0.0,24,0.163,1.232,0.43792304799899284,
2026-10-06T12:58:04.277003+00:00,2060.016710402,B,249952,238.35,8.800048042983995,886988800,902291456,269,46,532676608,279234355,36,1.103,0,0.0,16,0.157,1.26,0.37933665300079156,
2026-10-06T12:58:04.277186+00:00,2060.0168887790005,C,249943,203.42,7.999811556437822,786812928,794722304,262,40,461373440,298037452,29,0.922,0,0.0,10,0.148,1.071,0.35603230299966526,
2026-10-06T12:58:09.276970+00:00,2065.0166736379997,A,249950,257.21,8.599860202395151,841535488,860192768,270,47,484442112,390779904,48,1.069,0,0.0,24,0.163,1.232,0.39747618100045656,
2026-10-06T12:58:09.277080+00:00,2065.016787689001,B,249952,238.79,8.799863976981198,887136256,902291456,270,48,532676608,285525811,36,1.103,0,0.0,16,0.157,1.26,0.4760585940002784,
2026-10-06T12:58:09.278160+00:00,2065.017867390001,C,249943,203.8,7.598512802357477,786812928,794722304,262,40,461373440,300134604,29,0.922,0,0.0,10,0.148,1.071,0.46563275399967097,
2026-10-06T12:58:14.276916+00:00,2070.016619717,A,249950,257.61,8.000086274530384,841535488,860192768,270,47,484442112,394974208,48,1.069,0,0.0,24,0.163,1.232,0.4155662180000945,
2026-10-06T12:58:14.278404+00:00,2070.0181109450004,B,249952,239.23,8.797671685631984,887083008,902291456,270,47,532676608,292865843,36,1.103,0,0.0,16,0.157,1.26,0.4217197550005949,
2026-10-06T12:58:14.278521+00:00,2070.0182281159996,C,249943,204.2,7.999422880038078,786812928,794722304,262,40,461373440,301183180,29,0.922,0,0.0,10,0.148,1.071,0.45634916800008796,
2026-10-06T12:58:19.276898+00:00,2075.0166023640013,A,249950,258.1,9.800034011995947,841535488,860192768,270,48,484442112,400217088,48,1.069,0,0.0,24,0.163,1.232,0.4639465329983068,
2026-10-06T12:58:19.277001+00:00,2075.016708018,B,249952,239.87,12.80359250112501,887083008,902291456,270,47,532676608,299157299,36,1.103,0,0.0,16,0.157,1.26,0.39208099200004654,
2026-10-06T12:58:19.277096+00:00,2075.0168033810005,C,249943,204.59,7.802223220098775,786812928,794722304,262,40,461373440,303280332,29,0.922,0,0.0,10,0.148,1.071,0.46910413399928075,
2026-10-06T12:58:24.276959+00:00,2080.016663675,A,249950,258.52,8.399896998784358,841535488,860192768,270,47,484442112,405459968,48,1.069,0,0.0,24,0.163,1.232,0.42996533299992734,
2026-10-06T12:58:24.277073+00:00,2080.0167796389997,B,249952,240.3,8.59987681364514,887083008,902291456,270,47,532676608,306497331,36,1.103,0,0.0,16,0.157,1.26,0.4065492160007125,
2026-10-06T12:58:24.277135+00:00,2080.016842023,C,249943,205.0,8.199936627610176,786825216,794722304,262,40,461373440,304328908,29,0.922,0,0.0,10,0.148,1.071,0.47608324000066204,
2026-10-06T12:58:29.276900+00:00,2085.016604216,A,249950,258.93,8.200097513920301,841535488,860192768,270,47,484442112,410702848,48,1.069,0,0.0,24,0.163,1.232,0.4318690449999849,
2026-10-06T12:58:29.277043+00:00,2085.016750316001,B,249952,240.71,8.20004808999978,887083008,902291456,270,47,532676608,312788787,36,1.103,0,0.0,16,0.157,1.26,0.4523448540003301,
2026-10-06T12:58:29.277098+00:00,2085.016805198,C,249943,205.39,7.800057447423263,786825216,794722304,262,40,461373440,306426060,29,0.922,0,0.0,10,0.148,1.071,0.3561660289997235,
2026-10-06T12:58:34.276962+00:00,2090.0166670790004,A,249950,259.34,8.199896905974713,841535488,860192768,270,47,484442112,413848576,48,1.069,0,0.0,24,0.163,1.232,0.4285105319995637,
2026-10-06T12:58:34.277104+00:00,2090.0168073000004,B,249952,241.13,8.399904267971701,887107584,902291456,271,47,532676608,319080243,36,1.103,0,0.0,16,0.157,1.26,0.3400303390008048,
2026-10-06T12:58:34.277476+00:00,2090.017182974001,C,249943,205.73,6.799486263453922,786960384,794722304,263,42,461373440,308523212,29,0.922,0,0.0,10,0.148,1.071,0.36182133199872624,
2026-10-06T12:58:39.277254+00:00,2095.0169581560003,A,249950,259.73,7.799545946313892,841535488,860192768,270,47,484442112,420140032,48,1.069,0,0.0,24,0.163,1.232,0.3427981650002039,
2026-10-06T12:58:39.277397+00:00,2095.0171040900004,B,249952,241.54,8.199513293289879,887107584,902291456,271,47,532676608,325371699,36,1.103,0,0.0,16,0.157,1.26,0.4001078269993741,
2026-10-06T12:58:39.277717+00:00,2095.01742371,C,249943,206.07,6.799672614804263,786894848,794722304,263,41,461373440,310620364,29,0.922,0,0.0,10,0.148,1.071,0.42268063300070935,
2026-10-06T12:58:44.276916+00:00,2100.0166204140005,A,249950,260.14,8.200553934296458,841535488,860192768,270,47,484442112,424334336,48,1.069,0,0.0,24,0.163,1.232,0.38306976800049597,
2026-10-06T12:58:44.277032+00:00,2100.0167392969997,B,249952,242.01,9.400685860880742,887320576,902291456,270,49,532676608,333760307,36,1.103,0,0.0,16,0.157,1.26,0.38720390800153837,
2026-10-06T12:58:44.277269+00:00,2100.0169766590006,C,249943,206.51,8.800786880113929,787050496,794722304,263,43,461373440,312717516,29,0.922,0,0.0,10,0.148,1.071,0.431509174999519,
2026-10-06T12:58:49.276925+00:00,2105.0166296160005,A,249950,260.57,8.599984172589263,841535488,860192768,270,47,484442112,429577216,48,1.069,0,0.0,24,0.163,1.232,0.4143519909994211,
2026-10-06T12:58:49.277027+00:00,2105.0167347240003,B,249952,242.53,10.40000951184763,887320576,902291456,270,49,532676608,339003187,36,1.103,0,0.0,16,0.157,1.26,0.4640971240005456,
2026-10-06T12:58:49.277119+00:00,2105.0168257200003,C,249943,206.86,7.0002113209802985,787050496,794722304,263,43,461373440,313766092,29,0.922,0,0.0,10,0.148,1.071,0.4767239579996385,
2026-10-06T12:58:54.276895+00:00,2110.0165996489995,A,249950,261.03,9.200055139611822,841535488,860192768,270,47,484442112,434820096,48,1.069,0,0.0,24,0.163,1.232,0.5174589420003031,
2026-10-06T12:58:54.277009+00:00,2110.0167171150006,B,249952,242.98,9.000031696310986,887320576,902291456,271,49,532676608,346343219,36,1.103,0,0.0,16,0.157,1.26,0.5034494039991841,
2026-10-06T12:58:54.278111+00:00,2110.0178176570007,C,249943,207.26,7.998413215596881,787050496,794722304,263,43,461373440,315863244,29,0.922,0,0.0,10,0.148,1.071,0.5772365230004652,
2026-10-06T12:58:59.276895+00:00,2115.0165997309996,A,249950,261.45,8.39999986224025,841539584,860192768,270,47,484442112,445305856,48,1.069,0,0.0,24,0.163,1.232,0.4616564300013124,
2026-10-06T12:58:59.277028+00:00,2115.0167347040006,B,249952,243.46,9.599966229239199,887320576,902291456,270,49,532676608,357877555,36,1.103,0,0.0,16,0.157,1.26,0.5952706349999062,
2026-10-06T12:58:59.277121+00:00,2115.016828064001,C,249943,207.61,7.001385704456803,787050496,794722304,263,43,461373440,317960396,29,0.922,0,0.0,10,0.148,1.071,0.46122339899920917,
2026-10-06T12:59:04.276910+00:00,2120.0166145870007,A,249950,261.89,8.799973853515628,841539584,860192768,270,47,484442112,453694464,48,1.069,0,0.0,24,0.163,1.232,0.5196652390004601,
2026-10-06T12:59:04.277017+00:00,2120.016724061001,B,249952,243.98,10.400022137486276,887324672,902291456,270,49,532676608,371509043,36,1.103,0,0.0,16,0.157,1.26,0.5318832939992717,
2026-10-06T12:59:04.277108+00:00,2120.016815088,C,249943,208.02,8.200021280696827,787050496,794722304,263,43,461373440,320057548,29,0.922,0,0.0,10,0.148,1.071,0.41232054099964444,
2026-10-06T12:59:09.276893+00:00,2125.01659791,A,249950,262.75,17.20005736907345,841539584,860192768,270,47,484442112,244110028,49,1.071,0,0.0,26,0.173,1.245,0.5794064410001738,
2026-10-06T12:59:09.278393+00:00,2125.018099334,B,249952,244.48,9.99725021034387,887324672,902291456,270,49,532676608,384091955,36,1.103,0,0.0,16,0.157,1.26,0.5122241789995314,
2026-10-06T12:59:09.278443+00:00,2125.0181492030006,C,249943,208.39,7.398026036497431,787050496,794722304,263,43,461373440,322154700,29,0.922,0,0.0,10,0.148,1.071,0.6153857970002719,
2026-10-06T12:59:14.276928+00:00,2130.016631005001,A,249950,263.23,9.599936458019762,841543680,860192768,270,47,484442112,252498636,49,1.071,0,0.0,26,0.173,1.245,0.5326365189994249,
2026-10-06T12:59:14.278430+00:00,2130.0181372059997,B,249952,245.07,11.799910622757835,887324672,902291456,270,49,532676608,396674867,36,1.103,0,0.0,16,0.157,1.26,0.3886218360003113,
2026-10-06T12:59:14.278480+00:00,2130.0181871309996,C,249943,208.79,7.999939315661922,787050496,794722304,263,43,461373440,324251852,29,0.922,0,0.0,10,0.148,1.071,0.4348707960016327,
2026-10-06T12:59:19.276904+00:00,2135.0166086339996,A,249950,263.69,9.200041162826063,841543680,860192768,270,47,484442112,262984396,49,1.071,0,0.0,26,0.173,1.245,0.464600731000246,
2026-10-06T12:59:19.277020+00:00,2135.0167264909996,B,249952,245.53,9.202596448169873,887324672,902291456,270,49,532676608,409257779,36,1.103,0,0.0,16,0.157,1.26,0.4803583120010444,
2026-10-06T12:59:19.277185+00:00,2135.0168918239997,C,249943,209.22,8.602228505359792,787050496,794722304,263,43,461373440,326349004,29,0.922,0,0.0,10,0.148,1.071,0.47921004300042114,
2026-10-06T12:59:24.276903+00:00,2140.016607089001,A,249950,264.11,8.400002595598883,841543680,860192768,270,47,484442112,271373004,49,1.071,0,0.0,26,0.173,1.245,0.4441243700002815,
2026-10-06T12:59:24.277019+00:00,2140.0167259770005,B,249952,246.05,10.400001069118467,887328768,902291456,270,49,532676608,422889267,36,1.103,0,0.0,16,0.157,1.26,0.5045143980005378,
2026-10-06T12:59:24.277145+00:00,2140.016851796001,C,249943,209.56,6.800054438514104,787050496,794722304,263,43,461373440,328446156,29,0.922,0,0.0,10,0.148,1.071,0.5108341989998735,
2026-10-06T12:59:29.276892+00:00,2145.016597527001,A,249950,264.57,9.200017594112929,841543680,860192768,270,47,484442112,282907340,49,1.071,0,0.0,26,0.173,1.245,0.3572504019994085,
2026-10-06T12:59:29.277029+00:00,2145.0167354650002,B,249952,246.54,9.79998140355548,887328768,902291456,270,49,532676608,435472179,36,1.103,0,0.0,16,0.157,1.26,0.3983351919996494,
2026-10-06T12:59:29.277187+00:00,2145.016893842001,C,249943,209.95,7.799934408791157,787070976,794722304,263,43,461373440,330543308,29,0.922,0,0.0,10,0.148,1.071,0.4242938139996113,
2026-10-06T12:59:34.276908+00:00,2150.016612241001,A,249950,265.02,8.999973514877862,841543680,860192768,270,47,484442112,291295948,49,1.071,0,0.0,26,0.173,1.245,0.36989123099920107,
2026-10-06T12:59:34.277059+00:00,2150.0167660919997,B,249952,247.04,9.999938746376339,887336960,902291456,270,49,532676608,449103667,36,1.103,0,0.0,16,0.157,1.26,0.4713111460005166,
2026-10-06T12:59:34.277131+00:00,2150.0168376889997,C,249943,210.32,7.4000831073755435,787070976,794722304,263,43,461373440,332640460,29,0.922,0,0.0,10,0.148,1.071,0.44510170300054597,
2026-10-06T12:59:39.276938+00:00,2155.016641145001,A,249950,265.49,9.399945660794822,841543680,860192768,270,47,484442112,302830284,49,1.071,0,0.0,26,0.173,1.245,0.48728583400043135,
2026-10-06T12:59:39.277072+00:00,2155.0167793520013,B,249952,247.56,10.399972419269913,887336960,902291456,270,49,532676608,460638003,36,1.103,0,0.0,16,0.157,1.26,0.41721039799995197,
2026-10-06T12:59:39.277335+00:00,2155.0170414349996,C,249943,210.72,7.999674019683716,787070976,794722304,263,43,461373440,334737612,29,0.922,0,0.0,10,0.148,1.071,0.46560512600080983,
2026-10-06T12:59:44.277244+00:00,2160.016948961,A,249950,265.94,8.99944596530991,841543680,860192768,270,47,484442112,311218892,49,1.071,0,0.0,26,0.173,1.245,0.4601734320003743,
2026-10-06T12:59:44.277353+00:00,2160.017060073,B,249952,248.06,9.999438589522963,887201792,902291456,270,47,532676608,474269491,36,1.103,0,0.0,16,0.157,1.26,0.471898345000227,
2026-10-06T12:59:44.277460+00:00,2160.0171671790013,C,249943,211.2,9.599758577588002,795074560,795074560,263,41,461373440,336834764,29,0.922,0,0.0,10,0.148,1.071,0.5002165749992855,
2026-10-06T12:59:49.276904+00:00,2165.0166087039997,A,249950,266.41,9.400639726694958,841543680,860192768,270,47,484442112,321704652,49,1.071,0,0.0,26,0.173,1.245,0.45579942200129153,
2026-10-06T12:59:49.277037+00:00,2165.016743612001,B,249952,248.57,10.200645621300314,887201792,902291456,270,47,532676608,487900979,36,1.103,0,0.0,16,0.157,1.26,0.3611783340002148,
2026-10-06T12:59:49.277404+00:00,2165.0171115290013,C,249943,211.84,12.800142465585736,803684352,803684352,263,41,461373440,338931916,29,0.922,0,0.0,10,0.148,1.071,0.4863125049996597,
2026-10-06T12:59:54.276934+00:00,2170.016638727,A,249950,266.83,8.399949561661433,841543680,860192768,270,47,484442112,330093260,49,1.071,0,0.0,26,0.173,1.245,0.5623101780001889,
2026-10-06T12:59:54.277046+00:00,2170.0167525720008,B,249952,249.6,20.599963084866868,887500800,902291456,270,47,532676608,247246233,37,1.111,0,0.0,18,0.172,1.282,0.5775123109997367,
2026-10-06T12:59:54.277228+00:00,2170.016934616,C,249943,212.21,7.400261840506567,803684352,803684352,263,41,461373440,341029068,29,0.922,0,0.0,10,0.148,1.071,0.4681293209996511,
2026-10-06T12:59:59.276876+00:00,2175.016579788,A,249950,267.28,9.000106091450636,841543680,860192768,270,47,484442112,341627596,49,1.071,0,0.0,26,0.173,1.245,0.4277499979998538,
2026-10-06T12:59:59.278121+00:00,2175.017827761001,B,249952,250.07,9.39797907925357,887500800,902291456,270,47,532676608,258780569,37,1.111,0,0.0,18,0.172,1.282,0.4594562019992736,
2026-10-06T12:59:59.278190+00:00,2175.01789732,C,249943,212.64,8.598344467877213,803684352,803684352,263,41,461373440,343126220,29,0.922,0,0.0,10,0.148,1.071,0.44471138500011875,
2026-10-06T13:00:04.276893+00:00,2180.0165968190013,A,249950,267.73,8.999969344302928,841543680,860192768,270,47,484442112,351064780,49,1.071,0,0.0,26,0.173,1.245,0.4135838889997103,
2026-10-06T13:00:04.276998+00:00,2180.016705141001,B,249952,250.59,10.402335573993426,887500800,902291456,270,47,532676608,271363481,37,1.111,0,0.0,18,0.172,1.282,0.46552041199902305,
2026-10-06T13:00:04.277436+00:00,2180.017143119001,C,249943,213.03,7.8011767310569695,803684352,803684352,263,41,461373440,345223372,29,0.922,0,0.0,10,0.148,1.071,0.4583104439989256,
2026-10-06T13:00:09.276885+00:00,2185.016590202,A,249950,268.19,9.200012175298312,841543680,860192768,270,47,484442112,361550540,49,1.071,0,0.0,26,0.173,1.245,0.5325075199998537,
2026-10-06T13:00:09.278032+00:00,2185.0177387860003,B,249952,251.05,9.19809848629901,887500800,902291456,270,47,532676608,282897817,37,1.111,0,0.0,18,0.172,1.282,0.44036454699926253,
2026-10-06T13:00:09.278072+00:00,2185.017778581001,C,249943,213.38,6.999110466252878,803684352,803684352,263,41,461373440,347320524,29,0.922,0,0.0,10,0.148,1.071,0.42411948799963284,
2026-10-06T13:00:14.276934+00:00,2190.016637034001,A,249950,268.62,8.599919449712337,841543680,860192768,270,47,484442112,368890572,49,1.071,0,0.0,26,0.173,1.245,0.39236971299942525,
2026-10-06T13:00:14.277059+00:00,2190.0167660429997,B,249952,251.56,10.201984781857579,887500800,902291456,270,47,532676608,296529305,37,1.111,0,0.0,18,0.172,1.282,0.5212739830003557,
2026-10-06T13:00:14.277160+00:00,2190.016867335,C,249943,213.79,8.201494715852544,803684352,803684352,263,41,461373440,349417676,29,0.922,0,0.0,10,0.148,1.071,0.4905459500005236,
2026-10-06T13:00:19.276965+00:00,2195.016669398001,A,249950,269.09,9.399939156073788,841543680,860192768,270,47,484442112,380424908,49,1.071,0,0.0,26,0.173,1.245,0.4431085769992933,
2026-10-06T13:00:19.277084+00:00,2195.0167907249997,B,249952,252.06,9.999950636243673,887500800,902291456,270,47,532676608,308063641,37,1.111,0,0.0,18,0.172,1.282,0.4553247640014888,
2026-10-06T13:00:19.277421+00:00,2195.017128738,C,249943,214.18,7.799592232638668,803684352,803684352,263,41,461373440,350466252,29,0.922,0,0.0,10,0.148,1.071,0.3799195450010302,
2026-10-06T13:00:24.276901+00:00,2200.0166060440006,A,249950,269.49,8.000101367685577,841543680,860192768,270,47,484442112,389862092,49,1.071,0,0.0,26,0.173,1.245,0.36507098199945176,
2026-10-06T13:00:24.277018+00:00,2200.0167249469996,B,249952,252.53,9.400123664267108,887500800,902291456,270,47,532676608,321695129,37,1.111,0,0.0,18,0.172,1.282,0.446112602001449,
2026-10-06T13:00:24.277225+00:00,2200.016932599001,C,249943,214.53,7.000274605370574,803684352,803684352,263,41,461373440,353611980,29,0.922,0,0.0,10,0.148,1.071,0.4242224139998143,
2026-10-06T13:00:29.276884+00:00,2205.0165869129996,A,249950,269.95,9.200035201176034,841543680,860192768,270,47,484442112,400347852,49,1.071,0,0.0,26,0.173,1.245,0.4619448610010295,
2026-10-06T13:00:29.278112+00:00,2205.017819103001,B,249952,252.98,8.998030950087038,887500800,902291456,270,47,532676608,334278041,37,1.111,0,0.0,18,0.172,1.282,0.37563283599956776,
2026-10-06T13:00:29.278177+00:00,2205.0178844660004,C,249943,215.21,13.597411414559424,804577280,804577280,263,41,461373440,355709132,29,0.922,0,0.0,10,0.148,1.071,0.39397066099991207,
2026-10-06T13:00:34.276915+00:00,2210.01661959,A,249950,270.39,8.799942488854951,841543680,860192768,270,47,484442112,408736460,49,1.071,0,0.0,26,0.173,1.245,0.4066140089998953,
2026-10-06T13:00:34.277037+00:00,2210.016744347,B,249952,253.49,10.202192973624513,887500800,902291456,270,47,532676608,347909529,37,1.111,0,0.0,18,0.172,1.282,0.460968141000194,
2026-10-06T13:00:34.277105+00:00,2210.0168121040006,C,249943,215.59,7.601630339902565,804577280,804577280,263,41,461373440,357806284,29,0.922,0,0.0,10,0.148,1.071,0.47497926100004406,
2026-10-06T13:00:39.276897+00:00,2215.0166002290007,A,249950,270.86,9.40003639882042,841543680,860192768,270,47,484442112,420270796,49,1.071,0,0.0,26,0.173,1.245,0.5318704250003066,
2026-10-06T13:00:39.277035+00:00,2215.0167419160007,B,249952,254.02,10.60000515372105,887500800,902291456,270,47,532676608,359443865,37,1.111,0,0.0,18,0.172,1.282,0.519540737999705,
2026-10-06T13:00:39.277148+00:00,2215.0168553410003,C,249943,215.99,7.999930821398693,804581376,804581376,263,41,461373440,359903436,29,0.922,0,0.0,10,0.148,1.071,0.4961574989993096,
2026-10-06T13:00:44.276925+00:00,2220.0166299070006,A,249950,271.32,9.199945392803867,841543680,860192768,270,47,484442112,428659404,49,1.071,0,0.0,26,0.173,1.245,0.6229390779990354,
2026-10-06T13:00:44.277066+00:00,2220.016772516001,B,249952,254.68,13.199919216493871,887500800,902291456,270,47,532676608,370978201,37,1.111,0,0.0,18,0.172,1.282,0.6189987380003004,
2026-10-06T13:00:44.277242+00:00,2220.016949717001,C,249943,216.36,7.399860326155633,804581376,804581376,263,41,461373440,360952012,29,0.922,0,0.0,10,0.148,1.071,0.6218954859996302,
2026-10-06T13:00:49.276948+00:00,2225.016651148,A,249950,271.79,9.399960067091019,841543680,860192768,270,47,484442112,440193740,49,1.071,0,0.0,26,0.173,1.245,0.4198121210010868,
2026-10-06T13:00:49.277085+00:00,2225.016791794,B,249952,255.17,9.799962215267364,887500800,902291456,270,47,532676608,384609689,37,1.111,0,0.0,18,0.172,1.282,0.3968416370007617,
2026-10-06T13:00:49.277305+00:00,2225.017012069,C,249943,216.75,7.799902732094137,804581376,804581376,263,41,461373440,363049164,29,0.922,0,0.0,10,0.148,1.071,0.4270331959996838,
2026-10-06T13:00:54.276910+00:00,2230.0166150060013,A,249950,272.21,8.400060718996171,841543680,860192768,270,47,484442112,448582348,49,1.071,0,0.0,26,0.173,1.245,0.4983735309997428,
2026-10-06T13:00:54.277032+00:00,2230.016738862001,B,249952,255.65,9.600101630513679,887500800,902291456,270,47,532676608,397192601,37,1.111,0,0.0,18,0.172,1.282,0.445918580999205,
2026-10-06T13:00:54.277109+00:00,2230.016815752,C,249943,217.15,8.00031411953318,804581376,804581376,263,41,461373440,365146316,29,0.922,0,0.0,10,0.148,1.071,0.48645150599986664,
2026-10-06T13:00:59.276952+00:00,2235.0166560390007,A,249950,272.68,9.399922858594678,841543680,860192768,270,47,484442112,237924864,50,1.073,0,0.0,26,0.173,1.246,0.3550461319991882,
2026-10-06T13:00:59.278117+00:00,2235.0178246430005,B,249952,256.09,8.798089440330413,887500800,902291456,271,47,532676608,408726937,37,1.111,0,0.0,18,0.172,1.282,0.4774485609996191,
2026-10-06T13:00:59.278159+00:00,2235.0178660250003,C,249943,217.57,8.398235911914322,804581376,804581376,263,41,461373440,367243468,29,0.922,0,0.0,10,0.148,1.071,0.4669914139994944,
2026-10-06T13:01:04.276860+00:00,2240.016563504001,A,249950,273.12,8.800162864613327,841543680,860192768,270,47,484442112,246313472,50,1.073,0,0.0,26,0.173,1.246,0.4706374739998864,
2026-10-06T13:01:04.277003+00:00,2240.0167097890007,B,249952,256.56,9.402096392954494,887500800,902291456,270,47,532676608,421309849,37,1.111,0,0.0,18,0.172,1.282,0.49209908800003177,
2026-10-06T13:01:04.277251+00:00,2240.016957556001,C,249943,217.92,7.001272087729099,804581376,804581376,263,41,461373440,369340620,29,0.922,0,0.0,10,0.148,1.071,0.5002072179995594,
2026-10-06T13:01:09.276945+00:00,2245.016649198,A,249950,273.53,8.199859464250112,841543680,860192768,270,47,484442112,257847808,50,1.073,0,0.0,26,0.173,1.246,0.4924987530012004,
2026-10-06T13:01:09.277106+00:00,2245.016812684,B,249952,257.05,9.799798329952026,887500800,902291456,270,47,532676608,433892761,37,1.111,0,0.0,18,0.172,1.282,0.4961154009997699,
2026-10-06T13:01:09.277181+00:00,2245.0168877760007,C,249943,218.3,7.600106067081598,804581376,804581376,263,41,461373440,371437772,29,0.922,0,0.0,10,0.148,1.071,0.3960300919989095,
2026-10-06T13:01:14.276921+00:00,2250.0166249169997,A,249950,273.96,8.600041763523208,841543680,860192768,270,47,484442112,266236416,50,1.073,0,0.0,26,0.173,1.246,0.391172956000446,
2026-10-06T13:01:14.278377+00:00,2250.0180833760005,B,249952,257.57,10.397357632165487,887500800,902291456,270,47,532676608,448572825,37,1.111,0,0.0,18,0.172,1.282,0.38728561099924264,
2026-10-06T13:01:14.278565+00:00,2250.018272335001,C,249943,218.65,6.998062154012105,804581376,804581376,263,41,461373440,373534924,29,0.922,0,0.0,10,0.148,1.071,0.5094190999989223,
2026-10-06T13:01:19.277316+00:00,2255.0169907340005,A,249950,274.43,9.399312314352493,841543680,860192768,270,47,484442112,276722176,50,1.073,0,0.0,26,0.173,1.246,0.5458378359999188,
2026-10-06T13:01:19.277488+00:00,2255.0171665380003,B,249952,258.09,10.40190737279041,887500800,902291456,271,47,532676608,460107161,37,1.111,0,0.0,18,0.172,1.282,0.4560163010010001,
2026-10-06T13:01:19.277805+00:00,2255.0175119060004,C,249943,219.08,8.601308136829802,804581376,804581376,263,41,461373440,375632076,29,0.922,0,0.0,10,0.148,1.071,0.4732905019991449,
2026-10-06T13:01:24.277928+00:00,2260.0176320990013,A,249950,274.92,9.798743085826816,841543680,860192768,270,47,484442112,286159360,50,1.073,0,0.0,26,0.173,1.246,0.6431415499991999,
2026-10-06T13:01:24.278043+00:00,2260.0177504170006,B,249952,258.63,10.798738968617796,887500800,902291456,270,47,532676608,472690073,37,1.111,0,0.0,18,0.172,1.282,0.6805764349992387,
2026-10-06T13:01:24.278233+00:00,2260.017939947,C,249943,219.48,7.9993151930256055,804581376,804581376,263,41,461373440,377729228,29,0.922,0,0.0,10,0.148,1.071,0.5965486830009468,
