utc,offset_seconds,server,pid,cpu_total_seconds,cpu_process_percent,rss_bytes,rss_high_water_bytes,fd_count,threads,heap_committed_bytes,heap_used_bytes,YGC,YGCT,FGC,FGCT,CGC,CGCT,GCT,sample_duration_seconds,error
2026-10-06T09:09:50.655790+00:00,0.005022878000090714,A,2066,105.21,,871780352,871780352,269,45,529530880,466995916,34,0.99,0,0.0,12,0.175,1.165,0.4014679229999274,
2026-10-06T09:09:50.656049+00:00,0.005279993999920407,B,2069,97.66,,817967104,817967104,267,44,471859200,394264576,29,0.993,0,0.0,10,0.119,1.112,0.38803128200015635,
2026-10-06T09:09:50.656357+00:00,0.005590033999851585,C,2067,90.24,,909598720,909598720,261,40,599785472,444954726,26,0.806,0,0.0,8,0.088,0.894,0.34248460200024056,
2026-10-06T09:09:55.655850+00:00,5.005081280000013,A,2066,105.56,6.999918238155291,871780352,871780352,269,45,529530880,470141644,34,0.99,0,0.0,12,0.175,1.165,0.43086705499990785,
2026-10-06T09:09:55.655952+00:00,5.005185260999951,B,2069,98.06,8.000151575671907,818024448,818024448,267,44,471859200,404750336,29,0.993,0,0.0,10,0.119,1.112,0.3849181870000393,
2026-10-06T09:09:55.656000+00:00,5.005233633999978,C,2067,90.56,6.40045622451967,909606912,909606912,261,40,599785472,446003302,26,0.806,0,0.0,8,0.088,0.894,0.4004237170001943,
2026-10-06T09:10:00.655822+00:00,10.005052960000285,A,2066,105.92,7.200040781030581,871796736,871796736,269,45,529530880,472238796,34,0.99,0,0.0,12,0.175,1.165,0.41052286899957835,
2026-10-06T09:10:00.655910+00:00,10.005144227000073,B,2069,98.49,8.60007057905887,818065408,818065408,267,44,471859200,415236096,29,0.993,0,0.0,10,0.119,1.112,0.3354425490001631,
2026-10-06T09:10:00.655942+00:00,10.00517595500014,C,2067,90.92,7.200083058717903,909627392,909627392,261,40,599785472,448100454,26,0.806,0,0.0,8,0.088,0.894,0.3007545929999651,
2026-10-06T09:10:05.655855+00:00,15.005085515000246,A,2066,106.26,6.799955725488392,871796736,871796736,269,45,529530880,475384524,34,0.99,0,0.0,12,0.175,1.165,0.31907414199986306,
2026-10-06T09:10:05.657126+00:00,15.006359717000123,B,2069,98.94,8.99781264974044,818110464,818110464,267,44,471859200,423624704,29,0.993,0,0.0,10,0.119,1.112,0.38350960800016765,
2026-10-06T09:10:05.657178+00:00,15.006394653999905,C,2067,91.23,6.19848918148694,909639680,909639680,261,40,599785472,449149030,26,0.806,0,0.0,8,0.088,0.894,0.37910124700010783,
2026-10-06T09:10:10.655844+00:00,20.005074700000023,A,2066,106.62,7.200015573633996,871796736,871796736,269,45,529530880,478530252,34,0.99,0,0.0,12,0.175,1.165,0.43523748999996315,
2026-10-06T09:10:10.655962+00:00,20.00519621300009,B,2069,99.44,10.002327549622725,819331072,819331072,267,44,471859200,432013312,29,0.993,0,0.0,10,0.119,1.112,0.3133571509997637,
2026-10-06T09:10:10.656035+00:00,20.00526825499992,C,2067,91.58,7.001577313936835,909676544,909676544,261,40,599785472,451246182,26,0.806,0,0.0,8,0.088,0.894,0.413768820000314,
2026-10-06T09:10:15.655810+00:00,25.005041204999998,A,2066,107.0,7.600050912741012,871796736,871796736,269,45,529530880,481675980,34,0.99,0,0.0,12,0.175,1.165,0.32164614300018,
2026-10-06T09:10:15.655918+00:00,25.005151877000117,B,2069,99.84,8.000070938229095,819359744,819359744,267,44,471859200,253667942,30,1.002,0,0.0,10,0.119,1.121,0.38213526399977127,
2026-10-06T09:10:15.655978+00:00,25.00521138100021,C,2067,91.9,6.400072799547858,909676544,909676544,261,40,599785472,452294758,26,0.806,0,0.0,8,0.088,0.894,0.42091898599983324,
2026-10-06T09:10:20.655809+00:00,30.005041032999998,A,2066,107.39,7.80000026832002,871796736,871796736,269,45,529530880,483773132,34,0.99,0,0.0,12,0.175,1.165,0.3400966359999984,
2026-10-06T09:10:20.655945+00:00,30.00517517900016,B,2069,100.27,8.59995992074656,819392512,819392512,267,44,471859200,264153702,30,1.002,0,0.0,10,0.119,1.121,0.3925211279997711,
2026-10-06T09:10:20.656244+00:00,30.00547759300025,C,2067,92.27,7.399606027215801,909680640,909680640,261,40,599785472,453343334,26,0.806,0,0.0,8,0.088,0.894,0.39460688799999843,
2026-10-06T09:10:25.655803+00:00,35.00503504500011,A,2066,107.79,8.000009580811403,871796736,871796736,269,45,529530880,485870284,34,0.99,0,0.0,12,0.175,1.165,0.43462574700015466,
2026-10-06T09:10:25.655943+00:00,35.005173368000214,B,2069,100.75,9.600003477121238,819445760,819445760,267,44,471859200,274639462,30,1.002,0,0.0,10,0.119,1.121,0.4088005629996587,
2026-10-06T09:10:25.656120+00:00,35.005353513000045,C,2067,92.63,7.200178679634398,909541376,909541376,261,38,599785472,455440486,26,0.806,0,0.0,8,0.088,0.894,0.434096879000208,
2026-10-06T09:10:30.655801+00:00,40.00503273300001,A,2066,108.15,7.200003329281681,871796736,871796736,269,45,529530880,489016012,34,0.99,0,0.0,12,0.175,1.165,0.4570487000000867,
2026-10-06T09:10:30.655916+00:00,40.00514896300001,B,2069,101.15,8.000039048191034,819482624,819482624,267,44,471859200,286173798,30,1.002,0,0.0,10,0.119,1.121,0.44348712100008925,
2026-10-06T09:10:30.655982+00:00,40.00521585300021,C,2067,92.98,7.000192729306165,909545472,909545472,261,38,599785472,456489062,26,0.806,0,0.0,8,0.088,0.894,0.43798773299977256,
2026-10-06T09:10:35.655765+00:00,45.00499597099997,A,2066,108.58,8.600063231104816,871821312,871821312,269,45,529530880,491113164,34,0.99,0,0.0,12,0.175,1.165,0.4798933790002593,
2026-10-06T09:10:35.655891+00:00,45.00512480499992,B,2069,101.55,8.000038652986726,819576832,819576832,267,44,471859200,295610982,30,1.002,0,0.0,10,0.119,1.121,0.4339242840001134,
2026-10-06T09:10:35.655948+00:00,45.00518189000013,C,2067,93.35,7.400050265581356,909545472,909545472,261,38,599785472,457537638,26,0.806,0,0.0,8,0.088,0.894,0.4133484399999361,
2026-10-06T09:10:40.655822+00:00,50.00505324100004,A,2066,109.23,12.999851099705435,872226816,872226816,269,45,529530880,242580582,35,0.994,0,0.0,14,0.189,1.183,0.3778784370001631,
2026-10-06T09:10:40.655927+00:00,50.00516148299994,B,2069,102.0,8.999933980084325,819679232,819679232,267,44,471859200,305048166,30,1.002,0,0.0,10,0.119,1.121,0.3828683070000807,
2026-10-06T09:10:40.656879+00:00,50.00611295199997,C,2067,93.66,6.198845698065583,909545472,909545472,261,38,599785472,459634790,26,0.806,0,0.0,8,0.088,0.894,0.3961425689999487,
2026-10-06T09:10:45.655868+00:00,55.00509929300006,A,2066,109.62,7.799928159541665,872226816,872226816,269,45,529530880,244677734,35,0.994,0,0.0,14,0.189,1.183,0.44635148199995456,
2026-10-06T09:10:45.656021+00:00,55.0052548220001,B,2069,102.45,8.999831992936093,819728384,819728384,267,44,471859200,316582502,30,1.002,0,0.0,10,0.119,1.121,0.3850325660000635,
2026-10-06T09:10:45.656156+00:00,55.00538915800007,C,2067,94.01,7.001013458307033,909545472,909545472,261,38,599785472,460683366,26,0.806,0,0.0,8,0.088,0.894,0.406623786000182,
2026-10-06T09:10:50.655801+00:00,60.00503247200004,A,2066,109.91,5.800077513395767,872226816,872226816,269,45,529530880,246774886,35,0.994,0,0.0,14,0.189,1.183,0.32529229400006443,
2026-10-06T09:10:50.655925+00:00,60.00515864599993,B,2069,102.81,7.200138496104234,819744768,819744768,267,44,471859200,326019686,30,1.002,0,0.0,10,0.119,1.121,0.38480703100003666,
2026-10-06T09:10:50.656032+00:00,60.00526559199989,C,2067,94.32,6.200153225626685,909553664,909553664,261,38,599785472,461731942,26,0.806,0,0.0,8,0.088,0.894,0.34871434800015777,
2026-10-06T09:10:55.655814+00:00,65.0050457960001,A,2066,110.27,7.199980813491023,872230912,872230912,269,45,529530880,249920614,35,0.994,0,0.0,14,0.189,1.183,0.29609314299977996,
2026-10-06T09:10:55.655911+00:00,65.00514483899997,B,2069,103.19,7.600020986697801,819843072,819843072,267,44,471859200,336505446,30,1.002,0,0.0,10,0.119,1.121,0.35643186100014645,
2026-10-06T09:10:55.656104+00:00,65.00533805400028,C,2067,94.66,6.7999014531077195,909574144,909574144,261,38,599785472,463829094,26,0.806,0,0.0,8,0.088,0.894,0.3202194249997774,
2026-10-06T09:11:00.655774+00:00,70.0050053660002,A,2066,110.66,7.800063071309848,872230912,872230912,269,45,529530880,253066342,35,0.994,0,0.0,14,0.189,1.183,0.509446418999687,
2026-10-06T09:11:00.655915+00:00,70.00514821000024,B,2069,103.64,8.999993932203653,819879936,819879936,267,44,471859200,348039782,30,1.002,0,0.0,10,0.119,1.121,0.5148152929996286,
2026-10-06T09:11:00.655980+00:00,70.00521388400011,C,2067,95.02,7.2001788092407715,909590528,909590528,261,38,599785472,465926246,26,0.806,0,0.0,8,0.088,0.894,0.5207129939999504,
2026-10-06T09:11:05.655822+00:00,75.00505283700022,A,2066,111.03,7.399929743587095,872230912,872230912,269,45,529530880,257260646,35,0.994,0,0.0,14,0.189,1.183,0.41739170499977263,
2026-10-06T09:11:05.655941+00:00,75.0051743250001,B,2069,104.0,7.199962394596611,819920896,819920896,267,44,471859200,354331238,30,1.002,0,0.0,10,0.119,1.121,0.34861757999988185,
2026-10-06T09:11:05.656067+00:00,75.00529809999989,C,2067,95.32,5.999898942502342,909590528,909590528,261,38,599785472,466974822,26,0.806,0,0.0,8,0.088,0.894,0.31969024900035947,
2026-10-06T09:11:10.655798+00:00,80.00502933400003,A,2066,111.42,7.80003666485266,872230912,872230912,269,45,529530880,259357798,35,0.994,0,0.0,14,0.189,1.183,0.30450921400006337,
2026-10-06T09:11:10.655895+00:00,80.00512839300018,B,2069,104.39,7.800071654578137,819924992,819924992,267,45,471859200,364816998,30,1.002,0,0.0,10,0.119,1.121,0.3389572000000953,
2026-10-06T09:11:10.656020+00:00,80.00525372699985,C,2067,95.67,7.000062122751537,909615104,909615104,261,38,599785472,468023398,26,0.806,0,0.0,8,0.088,0.894,0.4100199990002693,
2026-10-06T09:11:15.655813+00:00,85.00504415800015,A,2066,111.77,6.99997924646125,872235008,872235008,269,45,529530880,262503526,35,0.994,0,0.0,14,0.189,1.183,0.32103150700004335,
2026-10-06T09:11:15.655908+00:00,85.00514165899995,B,2069,104.73,6.799981958288251,819933184,819933184,267,44,471859200,375302758,30,1.002,0,0.0,10,0.119,1.121,0.3847801580000123,
2026-10-06T09:11:15.656033+00:00,85.00526631100001,C,2067,95.98,6.199984395879119,909615104,909615104,261,38,599785472,469071974,26,0.806,0,0.0,8,0.088,0.894,0.3778748250001627,
2026-10-06T09:11:20.655780+00:00,90.00501076,A,2066,112.14,7.400049429370468,872235008,872235008,269,45,529530880,264600678,35,0.994,0,0.0,14,0.189,1.183,0.4070880069998566,
2026-10-06T09:11:20.655916+00:00,90.00514744500015,B,2069,105.18,8.999989585211745,819998720,819998720,268,44,471859200,385788518,30,1.002,0,0.0,10,0.119,1.121,0.38229036999973687,
2026-10-06T09:11:20.656407+00:00,90.00563933800004,C,2067,96.37,7.799418121291268,909639680,909639680,261,38,599785472,471169126,26,0.806,0,0.0,8,0.088,0.894,0.43870391200016456,
2026-10-06T09:11:25.655823+00:00,95.00505395800019,A,2066,112.53,7.79993261170193,872239104,872239104,269,45,529530880,267746406,35,0.994,0,0.0,14,0.189,1.183,0.3088232790000802,
2026-10-06T09:11:25.655929+00:00,95.00516211500008,B,2069,105.68,9.999970660086229,820064256,820064256,267,44,471859200,396274278,30,1.002,0,0.0,10,0.119,1.121,0.36574921500005075,
2026-10-06T09:11:25.656080+00:00,95.00531375299988,C,2067,96.7,6.60042980018747,909643776,909643776,261,38,599785472,472217702,26,0.806,0,0.0,8,0.088,0.894,0.42465660000016214,
2026-10-06T09:11:30.655792+00:00,100.00502269400022,A,2066,112.87,6.800042519305895,872239104,872239104,269,45,529530880,270892134,35,0.994,0,0.0,14,0.189,1.183,0.28471023499969306,
2026-10-06T09:11:30.655901+00:00,100.00513445700017,B,2069,106.03,7.00003872141395,820101120,820101120,267,44,471859200,406760038,30,1.002,0,0.0,10,0.119,1.121,0.386063988999922,
2026-10-06T09:11:30.655956+00:00,100.00519057100018,C,2067,97.21,10.200251297470265,910245888,910245888,261,38,599785472,474314854,26,0.806,0,0.0,8,0.088,0.894,0.36973506699996506,
2026-10-06T09:11:35.655815+00:00,105.00504576399999,A,2066,113.28,8.199962165374878,872239104,872239104,269,45,529530880,275086438,35,0.994,0,0.0,14,0.189,1.183,0.43938409300017156,
2026-10-06T09:11:35.655948+00:00,105.00518182799988,B,2069,106.46,8.599918522652285,820125696,820125696,267,44,471859200,417245798,30,1.002,0,0.0,10,0.119,1.121,0.36647804300037023,
2026-10-06T09:11:35.656079+00:00,105.00531225400027,C,2067,97.6,7.799810179139468,910270464,910270464,261,38,599785472,476412006,26,0.806,0,0.0,8,0.088,0.894,0.4805957439998565,
2026-10-06T09:11:40.655781+00:00,110.00501218,A,2066,113.69,8.20005507812987,872243200,872243200,269,45,529530880,283475046,35,0.994,0,0.0,14,0.189,1.183,0.33156793700027265,
2026-10-06T09:11:40.655895+00:00,110.00512877000028,B,2069,106.97,10.200108239467868,820244480,820244480,267,44,471859200,427731558,30,1.002,0,0.0,10,0.119,1.121,0.376201984999625,
2026-10-06T09:11:40.656042+00:00,110.00527553600023,C,2067,97.98,7.600055811770123,910282752,910282752,261,38,599785472,478509158,26,0.806,0,0.0,8,0.088,0.894,0.41373946099975,
2026-10-06T09:11:45.655825+00:00,115.00505553699986,A,2066,114.1,8.199928895136727,872243200,872243200,269,45,529530880,292912230,35,0.994,0,0.0,14,0.189,1.183,0.34341228300036164,
2026-10-06T09:11:45.655923+00:00,115.00515661899999,B,2069,107.85,17.599901972066938,820350976,820350976,267,44,471859200,246327910,31,1.006,0,0.0,12,0.13,1.136,0.3447272769999472,
2026-10-06T09:11:45.656011+00:00,115.00524509200022,C,2067,98.33,7.000042621859408,910319616,910319616,261,38,599785472,479557734,26,0.806,0,0.0,8,0.088,0.894,0.4012205700000777,
2026-10-06T09:11:50.655849+00:00,120.00508012799992,A,2066,114.5,7.999960654593533,872243200,872243200,269,45,529530880,300252262,35,0.994,0,0.0,14,0.189,1.183,0.421876481000254,
2026-10-06T09:11:50.655947+00:00,120.00518031399997,B,2069,108.3,8.999957349202212,820355072,820355072,267,44,471859200,257862246,31,1.006,0,0.0,12,0.13,1.136,0.3951812499999505,
2026-10-06T09:11:50.656089+00:00,120.005322557,C,2067,98.98,12.999798594121076,910438400,910438400,261,38,599785472,480606310,26,0.806,0,0.0,8,0.088,0.894,0.31474554800024634,
2026-10-06T09:11:55.655815+00:00,125.00504625800022,A,2066,114.91,8.200055547175712,872243200,872243200,269,45,529530880,308640870,35,0.994,0,0.0,14,0.189,1.183,0.4249425279999741,
2026-10-06T09:11:55.655914+00:00,125.00514763599995,B,2069,108.76,9.200060127913178,820363264,820363264,267,44,471859200,268348006,31,1.006,0,0.0,12,0.13,1.136,0.4268264699999236,
2026-10-06T09:11:55.655980+00:00,125.00521384000012,C,2067,99.36,7.600165253432892,910450688,910450688,261,38,599785472,482703462,26,0.806,0,0.0,8,0.088,0.894,0.38817631999972946,
2026-10-06T09:12:00.655848+00:00,130.00507783600005,A,2066,115.29,7.599952001743583,872243200,872243200,269,45,529530880,317029478,35,0.994,0,0.0,14,0.189,1.183,0.4828289799997947,
2026-10-06T09:12:00.655967+00:00,130.0051998439999,B,2069,109.27,10.199893496791999,820412416,820412416,267,44,471859200,279882342,31,1.006,0,0.0,12,0.13,1.136,0.5019468750001579,
2026-10-06T09:12:00.656023+00:00,130.00525641900003,C,2067,99.75,7.7999335773257945,910462976,910462976,261,38,599785472,483752038,26,0.806,0,0.0,8,0.088,0.894,0.43848865900008605,
2026-10-06T09:12:05.655794+00:00,135.0050246410001,A,2066,115.72,8.60009149637322,872263680,872263680,269,45,529530880,325418086,35,0.994,0,0.0,14,0.189,1.183,0.5031595810000908,
2026-10-06T09:12:05.655918+00:00,135.00514964900003,B,2069,109.73,9.200092359727098,820461568,820461568,267,44,471859200,290368102,31,1.006,0,0.0,12,0.13,1.136,0.4172050790002686,
2026-10-06T09:12:05.656070+00:00,135.00530322500026,C,2067,100.18,8.599919494433374,910516224,910516224,261,38,599785472,485849190,26,0.806,0,0.0,8,0.088,0.894,0.5104634119998082,
2026-10-06T09:12:10.655825+00:00,140.00505460900013,A,2066,116.12,7.999952051487441,872280064,872280064,269,45,529530880,332758118,35,0.994,0,0.0,14,0.189,1.183,0.3781811439998819,
2026-10-06T09:12:10.655974+00:00,140.0052050700001,B,2069,110.18,8.999900243305655,820469760,820469760,267,44,471859200,298756710,31,1.006,0,0.0,12,0.13,1.136,0.4368961780000973,
2026-10-06T09:12:10.656120+00:00,140.0053533129999,C,2067,100.56,7.599923867003149,910778368,910778368,261,38,599785472,487946342,26,0.806,0,0.0,8,0.088,0.894,0.4782069760003651,
2026-10-06T09:12:15.655775+00:00,145.00500594899995,A,2066,116.54,8.400081749595916,872280064,872280064,269,45,529530880,342195302,35,0.994,0,0.0,14,0.189,1.183,0.425536098000066,
2026-10-06T09:12:15.655878+00:00,145.00511112599997,B,2069,110.66,9.600180375869085,820486144,820486144,267,44,471859200,310291046,31,1.006,0,0.0,12,0.13,1.136,0.35500010200030374,
2026-10-06T09:12:15.655953+00:00,145.00518748100012,C,2067,100.95,7.80025870650001,910778368,910778368,261,38,599785472,488994918,26,0.806,0,0.0,8,0.088,0.894,0.33715141199991194,
2026-10-06T09:12:20.655831+00:00,150.00506268900017,A,2066,116.97,8.599902408306948,872280064,872280064,269,45,529530880,349535334,35,0.994,0,0.0,14,0.189,1.183,0.3860824099997444,
2026-10-06T09:12:20.655933+00:00,150.005165949,B,2069,111.14,9.59989474099415,820486144,820486144,267,44,471859200,322873958,31,1.006,0,0.0,12,0.13,1.136,0.38366510700006984,
2026-10-06T09:12:20.656379+00:00,150.00561285499998,C,2067,101.34,7.799336473009655,910802944,910802944,261,38,599785472,491092070,26,0.806,0,0.0,8,0.088,0.894,0.43188045800025066,
2026-10-06T09:12:25.655834+00:00,155.00506530400025,A,2066,117.34,7.399996129801989,872280064,872280064,269,45,529530880,357923942,35,0.994,0,0.0,14,0.189,1.183,0.31265914999994493,
2026-10-06T09:12:25.655948+00:00,155.00518160299998,B,2069,111.57,8.599973075204181,820490240,820490240,267,44,471859200,334408294,31,1.006,0,0.0,12,0.13,1.136,0.4251155209999524,
2026-10-06T09:12:25.655989+00:00,155.00522285500028,C,2067,101.66,6.400499238940113,910807040,910807040,261,38,599785472,492140646,26,0.806,0,0.0,8,0.088,0.894,0.3486554249998335,
2026-10-06T09:12:30.655825+00:00,160.00505224100016,A,2066,117.71,7.40001933329046,872280064,872280064,269,45,529530880,366312550,35,0.994,0,0.0,14,0.189,1.183,0.4125675659997796,
2026-10-06T09:12:30.656148+00:00,160.0053793520001,B,2069,112.02,8.999644065876986,820490240,820490240,267,44,471859200,345942630,31,1.006,0,0.0,12,0.13,1.136,0.3437020669998674,
2026-10-06T09:12:30.656652+00:00,160.00588592300028,C,2067,102.07,8.198912712669028,910835712,910835712,261,38,599785472,493189222,26,0.806,0,0.0,8,0.088,0.894,0.3420972979997714,
2026-10-06T09:12:35.655785+00:00,165.005016136,A,2066,118.16,9.000064989469639,872280064,872280064,269,45,529530880,374701158,35,0.994,0,0.0,14,0.189,1.183,0.36787941900001897,
2026-10-06T09:12:35.656840+00:00,165.0060735930001,B,2069,112.49,9.398695008115714,820510720,820510720,267,44,471859200,359574118,31,1.006,0,0.0,12,0.13,1.136,0.3545733679998193,
2026-10-06T09:12:35.656994+00:00,165.00622731300018,C,2067,102.46,7.799467467960384,910852096,910852096,261,38,599785472,495286374,26,0.806,0,0.0,8,0.088,0.894,0.3309969369997816,
2026-10-06T09:12:40.655854+00:00,170.00508535400013,A,2066,118.56,7.999889252733039,872280064,872280064,269,45,529530880,383089766,35,0.994,0,0.0,14,0.189,1.183,0.39781756499996845,
2026-10-06T09:12:40.655966+00:00,170.00519955500022,B,2069,112.94,9.00157354346722,820514816,820514816,267,44,471859200,371108454,31,1.006,0,0.0,12,0.13,1.136,0.42672720799964736,
2026-10-06T09:12:40.656032+00:00,170.00526483800013,C,2067,102.84,7.601463243667361,910872576,910872576,261,38,599785472,496334950,26,0.806,0,0.0,8,0.088,0.894,0.5005346829998416,
2026-10-06T09:12:45.655818+00:00,175.0050489529999,A,2066,119.0,8.80006406622675,872280064,872280064,269,45,529530880,391478374,35,0.994,0,0.0,14,0.189,1.183,0.40425941000012244,
2026-10-06T09:12:45.655909+00:00,175.00514283400025,B,2069,113.44,10.000113443286853,820514816,820514816,267,44,471859200,382642790,31,1.006,0,0.0,12,0.13,1.136,0.40333599399991726,
2026-10-06T09:12:45.657264+00:00,175.0064977269999,C,2067,103.21,7.398175774093764,910880768,910880768,261,38,599785472,498432102,26,0.806,0,0.0,8,0.088,0.894,0.4116150250001738,
2026-10-06T09:12:50.655831+00:00,180.005060168,A,2066,119.36,7.199983850436088,872280064,872280064,269,45,529530880,398818406,35,0.994,0,0.0,14,0.189,1.183,0.4782480730000316,
2026-10-06T09:12:50.655997+00:00,180.00523053400002,B,2069,113.83,7.799863190400015,820518912,820518912,267,44,471859200,394177126,31,1.006,0,0.0,12,0.13,1.136,0.4698922269999457,
2026-10-06T09:12:50.656059+00:00,180.00529291800012,C,2067,103.58,7.401783547086471,910880768,910880768,261,38,599785472,499480678,26,0.806,0,0.0,8,0.088,0.894,0.41083766600013405,
2026-10-06T09:12:55.655781+00:00,185.00501168900018,A,2066,119.8,8.800085323866913,872284160,872284160,269,45,529530880,408255590,35,0.994,0,0.0,14,0.189,1.183,0.38897854800006826,
2026-10-06T09:12:55.655923+00:00,185.0051568060003,B,2069,114.28,9.000132712356502,820523008,820523008,267,44,471859200,405711462,31,1.006,0,0.0,12,0.13,1.136,0.32019865699976435,
2026-10-06T09:12:55.656102+00:00,185.00533576999987,C,2067,103.98,7.9999314373881205,910905344,910905344,261,38,599785472,500529254,26,0.806,0,0.0,8,0.088,0.894,0.406831940000302,
2026-10-06T09:13:00.655813+00:00,190.00504422099993,A,2066,120.19,7.799949250410599,872284160,872284160,269,45,529530880,416644198,35,0.994,0,0.0,14,0.189,1.183,0.34017720400015605,
2026-10-06T09:13:00.655928+00:00,190.0051613710002,B,2069,114.69,8.199992513406889,820523008,820523008,268,44,471859200,418294374,31,1.006,0,0.0,12,0.13,1.136,0.41506606199982343,
2026-10-06T09:13:00.656042+00:00,190.00527548299988,C,2067,104.31,6.600079579799487,910909440,910909440,261,38,599785472,502626406,26,0.806,0,0.0,8,0.088,0.894,0.38521436100018036,
2026-10-06T09:13:05.655840+00:00,195.00507073200015,A,2066,120.65,9.199951220018406,872284160,872284160,269,45,529530880,425032806,35,0.994,0,0.0,14,0.189,1.183,0.36717088499972306,
2026-10-06T09:13:05.655970+00:00,195.00520317600012,B,2069,115.14,8.99992475162937,820523008,820523008,267,44,471859200,429828710,31,1.006,0,0.0,12,0.13,1.136,0.45486491099973136,
2026-10-06T09:13:05.656030+00:00,195.00526289100026,C,2067,104.69,7.600019139887534,910909440,910909440,261,38,599785472,504723558,26,0.806,0,0.0,8,0.088,0.894,0.44353663899983076,
2026-10-06T09:13:10.655824+00:00,200.00505461700004,A,2066,121.05,8.000025784083103,872284160,872284160,269,45,529530880,432372838,35,0.994,0,0.0,14,0.189,1.183,0.4682308380001814,
2026-10-06T09:13:10.655945+00:00,200.00517865400025,B,2069,115.6,9.200045120700937,820523008,820523008,267,44,471859200,250522214,32,1.011,0,0.0,12,0.13,1.141,0.48141687799989086,
2026-10-06T09:13:10.656079+00:00,200.0053125190002,C,2067,105.04,6.999930521489866,910909440,910909440,261,38,599785472,505772134,26,0.806,0,0.0,8,0.088,0.894,0.4035329529997398,
2026-10-06T09:13:15.655812+00:00,205.00504369200007,A,2066,121.67,12.400027094059215,872284160,872284160,269,45,529530880,441810022,35,0.994,0,0.0,14,0.189,1.183,0.4235563749998619,
2026-10-06T09:13:15.656060+00:00,205.00529306199996,B,2069,116.12,10.399762036805772,820531200,820531200,267,44,471859200,261007974,32,1.011,0,0.0,12,0.13,1.141,0.45882985400021425,
2026-10-06T09:13:15.656113+00:00,205.00534617099993,C,2067,105.43,7.799947503233759,910909440,910909440,261,38,599785472,506820710,26,0.806,0,0.0,8,0.088,0.894,0.4384509260003142,
2026-10-06T09:13:20.655876+00:00,210.0051070620002,A,2066,122.09,8.399893539749085,872284160,872284160,269,45,529530880,449150054,35,0.994,0,0.0,14,0.189,1.183,0.3870346339999742,
2026-10-06T09:13:20.655994+00:00,210.00522786400006,B,2069,116.56,8.800114749976077,820531200,820531200,267,44,471859200,273590886,32,1.011,0,0.0,12,0.13,1.141,0.43510205600023255,
2026-10-06T09:13:20.656121+00:00,210.00535442399996,C,2067,105.79,7.199988115699557,910909440,910909440,261,38,599785472,508917862,26,0.806,0,0.0,8,0.088,0.894,0.45556666299989956,
2026-10-06T09:13:25.655810+00:00,215.00504104900028,A,2066,122.5,8.200108262749156,872284160,872284160,269,45,529530880,458587238,35,0.994,0,0.0,14,0.189,1.183,0.3252078589998746,
2026-10-06T09:13:25.655930+00:00,215.0051632120003,B,2069,117.03,9.40012154733119,820531200,820531200,267,44,471859200,285125222,32,1.011,0,0.0,12,0.13,1.141,0.3821626709996053,
2026-10-06T09:13:25.656129+00:00,215.00536294699987,C,2067,106.16,7.399987385981448,910909440,910909440,261,38,599785472,509966438,26,0.806,0,0.0,8,0.088,0.894,0.4200704970003244,
2026-10-06T09:13:30.655779+00:00,220.00501004700027,A,2066,122.88,7.600047123332114,872284160,872284160,269,45,529530880,466975846,35,0.994,0,0.0,14,0.189,1.183,0.4574491419998594,
2026-10-06T09:13:30.655893+00:00,220.00512640700026,B,2069,117.45,8.400061832855247,820531200,820531200,267,44,471859200,296659558,32,1.011,0,0.0,12,0.13,1.141,0.40453214999979537,
2026-10-06T09:13:30.655944+00:00,220.00517780400014,C,2067,106.48,6.400236991815272,910909440,910909440,261,38,599785472,512063590,26,0.806,0,0.0,8,0.088,0.894,0.39395015099989905,
2026-10-06T09:13:35.655825+00:00,225.00505586000008,A,2066,123.27,7.799928532375129,872284160,872284160,269,45,529530880,474315878,35,0.994,0,0.0,14,0.189,1.183,0.4442157749999751,
2026-10-06T09:13:35.655938+00:00,225.0051712530003,B,2069,117.89,8.799921071747812,820531200,820531200,267,44,471859200,308193894,32,1.011,0,0.0,12,0.13,1.141,0.3750119189999168,
2026-10-06T09:13:35.656089+00:00,225.00532301600015,C,2067,106.83,6.999796709103932,910909440,910909440,261,38,599785472,513112166,26,0.806,0,0.0,8,0.088,0.894,0.4071398959999897,
2026-10-06T09:13:40.655788+00:00,230.00501888600002,A,2066,123.69,8.40006211677949,872284160,872284160,269,45,529530880,482704486,35,0.994,0,0.0,14,0.189,1.183,0.40990696100016066,
2026-10-06T09:13:40.655886+00:00,230.0051203080002,B,2069,118.41,10.400105966679847,820535296,820535296,267,44,471859200,319728230,32,1.011,0,0.0,12,0.13,1.141,0.44914424399985364,
2026-10-06T09:13:40.655912+00:00,230.005145396,C,2067,107.19,7.200255781886613,910909440,910909440,261,38,599785472,515209318,26,0.806,0,0.0,8,0.088,0.894,0.41970480700001644,
2026-10-06T09:13:45.655892+00:00,235.005122777,A,2066,124.09,7.999833777853942,872284160,872284160,269,45,529530880,491093094,35,0.994,0,0.0,14,0.189,1.183,0.3669269090000853,
2026-10-06T09:13:45.656005+00:00,235.00523864100023,B,2069,118.85,8.799791738848707,820535296,820535296,267,44,471859200,330213990,32,1.011,0,0.0,12,0.13,1.141,0.3845771960000093,
2026-10-06T09:13:45.656056+00:00,235.0052904690001,C,2067,107.52,6.599808509195847,910913536,910913536,261,38,599785472,516257894,26,0.806,0,0.0,8,0.088,0.894,0.45428234400014844,
2026-10-06T09:13:50.655805+00:00,240.00503595700002,A,2066,124.51,8.400145860132714,872288256,872288256,269,45,529530880,245957734,36,1.0,0,0.0,14,0.189,1.189,0.4242055760000767,
2026-10-06T09:13:50.655939+00:00,240.0051730119999,B,2069,119.29,8.80011550855699,820535296,820535296,267,44,471859200,343845478,32,1.011,0,0.0,12,0.13,1.141,0.3130074640002931,
2026-10-06T09:13:50.655992+00:00,240.005225892,C,2067,107.86,6.800087825854514,910925824,910925824,261,38,599785472,518355046,26,0.806,0,0.0,8,0.088,0.894,0.3699316940001154,
2026-10-06T09:13:55.655819+00:00,245.0050504650003,A,2066,124.9,7.7999773675852495,872288256,872288256,269,45,529530880,255394918,36,1.0,0,0.0,14,0.189,1.189,0.3626128089999838,
2026-10-06T09:13:55.655902+00:00,245.00513657500005,B,2069,119.75,9.200067044568152,820535296,820535296,267,44,471859200,355379814,32,1.011,0,0.0,12,0.13,1.141,0.29263138599981176,
2026-10-06T09:13:55.656707+00:00,245.00594023600024,C,2067,108.25,7.798885782546542,910966784,910966784,261,38,599785472,519403622,26,0.806,0,0.0,8,0.088,0.894,0.35982612099996913,
2026-10-06T09:14:00.655817+00:00,250.0050472910002,A,2066,125.28,7.600004824483101,872288256,872288256,269,45,529530880,263783526,36,1.0,0,0.0,14,0.189,1.189,0.43611742299981415,
2026-10-06T09:14:00.657108+00:00,250.00634149300004,B,2069,120.16,8.198024410564612,820535296,820535296,267,44,471859200,366914150,32,1.011,0,0.0,12,0.13,1.141,0.4479815879999478,
2026-10-06T09:14:00.657350+00:00,250.0065832119999,C,2067,108.6,6.999099949342566,910966784,910966784,261,38,599785472,521500774,26,0.806,0,0.0,8,0.088,0.894,0.40653556999996,
2026-10-06T09:14:05.655803+00:00,255.00503483700004,A,2066,125.69,8.200020424611084,872288256,872288256,269,45,529530880,272172134,36,1.0,0,0.0,14,0.189,1.189,0.2884851210001216,
2026-10-06T09:14:05.656806+00:00,255.0060402260001,B,2069,120.59,8.600518210463976,820535296,820535296,267,44,471859200,378448486,32,1.011,0,0.0,12,0.13,1.141,0.3317411049997645,
2026-10-06T09:14:05.656842+00:00,255.00607595500014,C,2067,108.94,6.800689939515063,910974976,910974976,261,38,599785472,522549350,26,0.806,0,0.0,8,0.088,0.894,0.36502217499992184,
2026-10-06T09:14:10.655779+00:00,260.00501045400006,A,2066,126.1,8.200039988314908,872288256,872288256,269,45,529530880,280560742,36,1.0,0,0.0,14,0.189,1.189,0.2980351609999161,
2026-10-06T09:14:10.656871+00:00,260.00610535800024,B,2069,121.01,8.399890579665144,820535296,820535296,267,44,471859200,389982822,32,1.011,0,0.0,12,0.13,1.141,0.4585238439999557,
2026-10-06T09:14:10.657091+00:00,260.00632459200006,C,2067,109.44,9.999502750727087,911138816,911138816,261,38,599785472,220200960,27,0.821,0,0.0,8,0.088,0.909,0.42071880200001033,
2026-10-06T09:14:15.655768+00:00,265.0049984699999,A,2066,126.54,8.800021091891036,872288256,872288256,269,45,529530880,293143654,36,1.0,0,0.0,14,0.189,1.189,0.4246868730001552,
2026-10-06T09:14:15.655893+00:00,265.00512673799994,B,2069,121.43,8.401644403449753,820535296,820535296,267,44,471859200,399420006,32,1.011,0,0.0,12,0.13,1.141,0.38320790200032206,
2026-10-06T09:14:15.655946+00:00,265.0051801929999,C,2067,109.82,7.601739884704628,911147008,911147008,261,38,599785472,221249536,27,0.821,0,0.0,8,0.088,0.909,0.4527068280003732,
2026-10-06T09:14:20.655827+00:00,270.00505843500014,A,2066,126.98,8.799894462865277,872292352,872292352,269,45,529530880,303629414,36,1.0,0,0.0,14,0.189,1.189,0.46645248200002243,
2026-10-06T09:14:20.655932+00:00,270.0051653810001,B,2069,121.86,8.599933534553275,820543488,820543488,267,44,471859200,406760038,32,1.011,0,0.0,12,0.13,1.141,0.4311527599998044,
2026-10-06T09:14:20.656033+00:00,270.0052658720001,C,2067,110.2,7.599869770151449,911147008,911147008,261,38,599785472,223346688,27,0.821,0,0.0,8,0.088,0.909,0.34218391600006726,
2026-10-06T09:14:25.655788+00:00,275.00501936599994,A,2066,127.4,8.400065636433233,872345600,872345600,269,45,529530880,313066598,36,1.0,0,0.0,14,0.189,1.189,0.4154354370002693,
2026-10-06T09:14:25.655935+00:00,275.00516628100013,B,2069,122.28,8.399998488000254,820551680,820551680,267,44,471859200,415148646,32,1.011,0,0.0,12,0.13,1.141,0.3764601779998884,
2026-10-06T09:14:25.656124+00:00,275.00535771900013,C,2067,110.78,11.599786918874088,912191488,912191488,261,40,599785472,225443840,27,0.821,0,0.0,8,0.088,0.909,0.3676456389998748,
2026-10-06T09:14:30.655865+00:00,280.0050955720003,A,2066,127.79,7.79988112045132,872345600,872345600,269,45,529530880,325649510,36,1.0,0,0.0,14,0.189,1.189,0.3901948769998853,
2026-10-06T09:14:30.656046+00:00,280.0052790570003,B,2069,122.73,8.999797007778316,820551680,820551680,267,44,471859200,425634406,32,1.011,0,0.0,12,0.13,1.141,0.374560024999937,
2026-10-06T09:14:30.656355+00:00,280.00558825100006,C,2067,111.18,7.999631165805838,912236544,912236544,261,40,599785472,227540992,27,0.821,0,0.0,8,0.088,0.909,0.383043748000091,
2026-10-06T09:14:35.655786+00:00,285.0050170469999,A,2066,128.19,8.00012564197366,872345600,872345600,269,45,529530880,337183846,36,1.0,0,0.0,14,0.189,1.189,0.43225961100006316,
2026-10-06T09:14:35.655885+00:00,285.0051187150002,B,2069,123.13,8.000256555427267,820551680,820551680,267,44,471859200,436120166,32,1.011,0,0.0,12,0.13,1.141,0.3878243280000788,
2026-10-06T09:14:35.656129+00:00,285.0053626060003,C,2067,111.52,6.8003068910491615,912236544,912236544,261,40,599785472,228589568,27,0.821,0,0.0,8,0.088,0.909,0.37869421199957287,
2026-10-06T09:14:40.655788+00:00,290.00501928799986,A,2066,128.57,7.5999965936815155,872345600,872345600,269,45,529530880,344523878,36,1.0,0,0.0,14,0.189,1.189,0.42316938900012246,
2026-10-06T09:14:40.655892+00:00,290.00512516300023,B,2069,123.54,8.199989425293817,820551680,820551680,267,44,471859200,245605068,33,1.017,0,0.0,12,0.13,1.147,0.2961728659997789,
2026-10-06T09:14:40.655963+00:00,290.00519722499985,C,2067,111.87,7.000231541059289,912240640,912240640,261,40,599785472,230686720,27,0.821,0,0.0,8,0.088,0.909,0.40545335200022237,
2026-10-06T09:14:45.655769+00:00,295.0050002570001,A,2066,129.0,8.600032733444275,872345600,872345600,269,45,529530880,356058214,36,1.0,0,0.0,14,0.189,1.189,0.3384471589997702,
2026-10-06T09:14:45.655874+00:00,295.00510681700007,B,2069,123.94,8.000029353707792,820551680,820551680,267,44,471859200,253993676,33,1.017,0,0.0,12,0.13,1.147,0.40673644300022715,
2026-10-06T09:14:45.656136+00:00,295.00536966200025,C,2067,112.24,7.399744802040327,912240640,912240640,261,40,599785472,231735296,27,0.821,0,0.0,8,0.088,0.909,0.35832457599963163,
2026-10-06T09:14:50.655784+00:00,300.00501572300027,A,2066,129.37,7.399977110390671,872345600,872345600,269,45,529530880,367592550,36,1.0,0,0.0,14,0.189,1.189,0.34545443299975886,
2026-10-06T09:14:50.655889+00:00,300.0051227990002,B,2069,124.37,8.599972511047744,820551680,820551680,267,44,471859200,264479436,33,1.017,0,0.0,12,0.13,1.147,0.4205070899997736,
2026-10-06T09:14:50.656064+00:00,300.0052974519999,C,2067,112.6,7.200103983902194,912252928,912252928,261,40,599785472,232783872,27,0.821,0,0.0,8,0.088,0.909,0.41726703099993756,
2026-10-06T09:14:55.655839+00:00,305.005070833,A,2066,129.78,8.199909620596552,872345600,872345600,269,45,529530880,380175462,36,1.0,0,0.0,14,0.189,1.189,0.3766174930001398,
2026-10-06T09:14:55.655945+00:00,305.005178119,B,2069,124.75,7.599915914530573,820551680,820551680,267,44,471859200,273916620,33,1.017,0,0.0,12,0.13,1.147,0.3650557430000845,
2026-10-06T09:14:55.656059+00:00,305.00529296600007,C,2067,112.96,7.2000064598455715,912252928,912252928,261,40,599785472,234881024,27,0.821,0,0.0,8,0.088,0.909,0.4235401380001349,
2026-10-06T09:15:00.655801+00:00,310.00503242900004,A,2066,130.16,7.600058374528198,872345600,872345600,269,45,529530880,390661222,36,1.0,0,0.0,14,0.189,1.189,0.35774585599983766,
2026-10-06T09:15:00.655911+00:00,310.0051448670001,B,2069,125.21,9.200061184086527,820572160,820572160,267,44,471859200,281256652,33,1.017,0,0.0,12,0.13,1.147,0.3028514150000774,
2026-10-06T09:15:00.655974+00:00,310.0052075620001,C,2067,113.28,6.400109318987335,912252928,912252928,261,40,599785472,235929600,27,0.821,0,0.0,8,0.088,0.909,0.40050581500008775,
2026-10-06T09:15:05.655799+00:00,315.00503100800006,A,2066,130.54,7.600002159920491,872345600,872345600,269,45,529530880,400098406,36,1.0,0,0.0,14,0.189,1.189,0.2982483969999521,
2026-10-06T09:15:05.655911+00:00,315.0051446130001,B,2069,125.6,7.8000003962400974,820572160,820572160,267,44,471859200,289645260,33,1.017,0,0.0,12,0.13,1.147,0.37031895700010864,
2026-10-06T09:15:05.656117+00:00,315.00535099800027,C,2067,113.63,6.999799195360208,912257024,912257024,261,40,599785472,236978176,27,0.821,0,0.0,8,0.088,0.909,0.29824311899983513,
2026-10-06T09:15:10.655799+00:00,320.005030113,A,2066,130.94,8.000001432000506,872345600,872345600,269,45,529530880,412681318,36,1.0,0,0.0,14,0.189,1.189,0.39014324800018585,
2026-10-06T09:15:10.656883+00:00,320.0061165540001,B,2069,126.01,8.198406326551547,820572160,820572160,267,44,471859200,298033868,33,1.017,0,0.0,12,0.13,1.147,0.44671812700016744,
2026-10-06T09:15:10.656924+00:00,320.00615688900007,C,2067,113.99,7.198839703974702,912257024,912257024,261,40,599785472,239075328,27,0.821,0,0.0,8,0.088,0.909,0.3720710309999049,
2026-10-06T09:15:15.655831+00:00,325.0050617679999,A,2066,131.51,11.39992782705695,873021440,873021440,269,45,529530880,424215654,36,1.0,0,0.0,14,0.189,1.189,0.36426028300002145,
2026-10-06T09:15:15.655943+00:00,325.0051767160003,B,2069,126.44,8.601616825270264,820576256,820576256,267,44,471859200,308519628,33,1.017,0,0.0,12,0.13,1.147,0.4243356259999018,
2026-10-06T09:15:15.657487+00:00,325.00672071300005,C,2067,114.33,6.799233285818464,912257024,912257024,261,40,599785472,240123904,27,0.821,0,0.0,8,0.088,0.909,0.3764490690000457,
2026-10-06T09:15:20.655905+00:00,330.0051358400001,A,2066,131.92,8.19987852371922,873021440,873021440,269,45,529530880,431555686,36,1.0,0,0.0,14,0.189,1.189,0.3847152069997719,
2026-10-06T09:15:20.656004+00:00,330.0052374320003,B,2069,126.79,6.999914998632349,820584448,820584448,267,44,471859200,313762508,33,1.017,0,0.0,12,0.13,1.147,0.43025393199968676,
2026-10-06T09:15:20.656187+00:00,330.00542062700015,C,2067,114.69,7.201872610750851,912269312,912269312,261,40,599785472,242221056,27,0.821,0,0.0,8,0.088,0.909,0.34560193800007255,
2026-10-06T09:15:25.655826+00:00,335.0050572690002,A,2066,132.34,8.400132001354452,873025536,873025536,269,45,529530880,444138598,36,1.0,0,0.0,14,0.189,1.189,0.3042142029999013,
2026-10-06T09:15:25.655928+00:00,335.0051617250001,B,2069,127.17,7.600115076382598,820584448,820584448,267,44,471859200,322151116,33,1.017,0,0.0,12,0.13,1.147,0.38805920799995874,
2026-10-06T09:15:25.658112+00:00,335.0073458840002,C,2067,115.02,6.597459638929501,912154624,912154624,261,38,599785472,243269632,27,0.821,0,0.0,8,0.088,0.909,0.3823425059999863,
2026-10-06T09:15:30.655836+00:00,340.0050667700002,A,2066,132.73,7.799985178467857,873025536,873025536,269,45,529530880,456721510,36,1.0,0,0.0,14,0.189,1.189,0.4697665659996346,
2026-10-06T09:15:30.655923+00:00,340.00515696599996,B,2069,127.59,8.400007995127893,820584448,820584448,267,44,471859200,332636876,33,1.017,0,0.0,12,0.13,1.147,0.46529833800013876,
2026-10-06T09:15:30.656936+00:00,340.00616986600016,C,2067,115.39,7.401740916109863,912154624,912154624,261,38,599785472,244318208,27,0.821,0,0.0,8,0.088,0.909,0.45135576099983155,
2026-10-06T09:15:35.655811+00:00,345.0050411500001,A,2066,133.14,8.20004201701537,873025536,873025536,269,45,529530880,468255846,36,1.0,0,0.0,14,0.189,1.189,0.4199110969998401,
2026-10-06T09:15:35.657114+00:00,345.0063472900001,B,2069,128.02,8.597953130007552,820584448,820584448,267,44,471859200,341025484,33,1.017,0,0.0,12,0.13,1.147,0.44963071299980584,
2026-10-06T09:15:35.658031+00:00,345.00726461700015,C,2067,115.76,7.398380123192467,912154624,912154624,261,38,599785472,245366784,27,0.821,0,0.0,8,0.088,0.909,0.36286676899999293,
2026-10-06T09:15:40.655855+00:00,350.0050863700003,A,2066,133.56,8.399924031087087,873025536,873025536,269,45,529530880,478741606,36,1.0,0,0.0,14,0.189,1.189,0.3830348239998784,
2026-10-06T09:15:40.655970+00:00,350.00520290500026,B,2069,128.42,8.001831435172711,820584448,820584448,267,44,471859200,349414092,33,1.017,0,0.0,12,0.13,1.147,0.4049732639996364,
2026-10-06T09:15:40.656186+00:00,350.00541957999985,C,2067,116.16,8.00295314893411,912175104,912175104,261,38,599785472,247463936,27,0.821,0,0.0,8,0.088,0.909,0.4262802470002498,
2026-10-06T09:15:45.655836+00:00,355.005063996,A,2066,133.96,8.0000357985608,873037824,873037824,269,45,529530880,487130214,36,1.0,0,0.0,14,0.189,1.189,0.3250849030000609,
2026-10-06T09:15:45.656006+00:00,355.00523995000003,B,2069,128.81,7.799942210228816,820584448,820584448,267,44,471859200,356754124,33,1.017,0,0.0,12,0.13,1.147,0.37688237700012905,
2026-10-06T09:15:45.656047+00:00,355.0052811119999,C,2067,116.49,6.600182782821791,912175104,912175104,261,38,599785472,248512512,27,0.821,0,0.0,8,0.088,0.909,0.38662683900020056,
2026-10-06T09:15:50.655818+00:00,360.00504847599996,A,2066,134.34,7.600023590473184,873037824,873037824,269,45,529530880,245301760,37,1.006,0,0.0,14,0.189,1.195,0.4628077630000007,
2026-10-06T09:15:50.655913+00:00,360.00514655300003,B,2069,129.18,7.400138230142147,820584448,820584448,267,44,471859200,366191308,33,1.017,0,0.0,12,0.13,1.147,0.37612383900022905,
2026-10-06T09:15:50.655997+00:00,360.0052304589999,C,2067,116.82,6.600066862637346,912175104,912175104,261,38,599785472,250609664,27,0.821,0,0.0,8,0.088,0.909,0.37837600900002144,
2026-10-06T09:15:55.655844+00:00,365.0050743410002,A,2066,134.74,7.999958616213831,873046016,873046016,269,45,529530880,254738944,37,1.006,0,0.0,14,0.189,1.195,0.4026578250000057,
2026-10-06T09:15:55.655968+00:00,365.0052020070002,B,2069,129.57,7.799913492718888,820584448,820584448,267,44,471859200,374579916,33,1.017,0,0.0,12,0.13,1.147,0.3942807919997904,
2026-10-06T09:15:55.656046+00:00,365.0052797630001,C,2067,117.15,6.599934919361752,912175104,912175104,261,38,599785472,251658240,27,0.821,0,0.0,8,0.088,0.909,0.42873634599982324,
2026-10-06T09:16:00.655849+00:00,370.00507969499995,A,2066,135.14,7.99999143360909,873046016,873046016,269,45,529530880,264176128,37,1.006,0,0.0,14,0.189,1.195,0.30476206799994543,
2026-10-06T09:16:00.655980+00:00,370.005211743,B,2069,129.97,7.999984422430749,820584448,820584448,267,44,471859200,381919948,33,1.017,0,0.0,12,0.13,1.147,0.39075483500027985,
2026-10-06T09:16:00.656122+00:00,370.00535249899986,C,2067,117.5,6.999898171081541,912175104,912175104,261,38,599785472,252706816,27,0.821,0,0.0,8,0.088,0.909,0.4198705680000785,
2026-10-06T09:16:05.655841+00:00,375.00507152,A,2066,135.56,8.400013734022686,873046016,873046016,269,45,529530880,276759040,37,1.006,0,0.0,14,0.189,1.195,0.4461053099998935,
2026-10-06T09:16:05.655962+00:00,375.0051935629999,B,2069,130.4,8.600031269714,820584448,820584448,267,44,471859200,390308556,33,1.017,0,0.0,12,0.13,1.147,0.4285037900003772,
2026-10-06T09:16:05.656158+00:00,375.00539104400013,C,2067,117.83,6.599949120991823,912175104,912175104,261,38,599785472,254803968,27,0.821,0,0.0,8,0.088,0.909,0.43269396499999857,
2026-10-06T09:16:10.655806+00:00,380.0050373570002,A,2066,136.11,11.00007515911328,873046016,873046016,269,45,529530880,287244800,37,1.006,0,0.0,14,0.189,1.195,0.39709430699986115,
2026-10-06T09:16:10.655921+00:00,380.00515475300017,B,2069,130.8,8.000062096481708,820584448,820584448,267,44,471859200,398697164,33,1.017,0,0.0,12,0.13,1.147,0.3953802089999954,
2026-10-06T09:16:10.656017+00:00,380.005247262,C,2067,118.21,7.6002185549249495,912179200,912179200,261,38,599785472,255852544,27,0.821,0,0.0,8,0.088,0.909,0.36437139000008756,
2026-10-06T09:16:15.655830+00:00,385.005060338,A,2066,136.53,8.399961392097532,873046016,873046016,269,45,529530880,300876288,37,1.006,0,0.0,14,0.189,1.195,0.2640905040002508,
2026-10-06T09:16:15.655993+00:00,385.0052237330001,B,2069,131.21,8.199886874360738,820584448,820584448,267,44,471859200,409182924,33,1.017,0,0.0,12,0.13,1.147,0.37851716600016516,
2026-10-06T09:16:15.656363+00:00,385.00559673299995,C,2067,118.57,7.199496796931057,912179200,912179200,261,38,599785472,256901120,27,0.821,0,0.0,8,0.088,0.909,0.3625204740001209,
2026-10-06T09:16:20.655820+00:00,390.00505156200006,A,2066,136.93,8.000014041624693,873046016,873046016,269,45,529530880,312410624,37,1.006,0,0.0,14,0.189,1.195,0.30423767499996757,
2026-10-06T09:16:20.655926+00:00,390.00515939900015,B,2069,131.61,8.000102935724478,820584448,820584448,267,44,471859200,417571532,33,1.017,0,0.0,12,0.13,1.147,0.3817295069998181,
2026-10-06T09:16:20.656194+00:00,390.0054272309999,C,2067,118.92,7.000237310845191,912183296,912183296,261,38,599785472,258998272,27,0.821,0,0.0,8,0.088,0.909,0.3222258310001962,
2026-10-06T09:16:25.655792+00:00,395.005022029,A,2066,137.37,8.800051978387124,873050112,873050112,269,45,529530880,321847808,37,1.006,0,0.0,14,0.189,1.195,0.3411219540003003,
2026-10-06T09:16:25.655930+00:00,395.00516031100005,B,2069,131.98,7.39999865023991,820592640,820592640,267,44,471859200,424911564,33,1.017,0,0.0,12,0.13,1.147,0.2947418960002324,
2026-10-06T09:16:25.656240+00:00,395.0054742120001,C,2067,119.27,6.999934227217626,912228352,912228352,261,38,599785472,260046848,27,0.821,0,0.0,8,0.088,0.909,0.3908398280000256,
2026-10-06T09:16:30.655817+00:00,400.00504837300014,A,2066,137.83,9.199951527295253,873050112,873050112,269,45,529530880,333382144,37,1.006,0,0.0,14,0.189,1.195,0.38095792800004347,
2026-10-06T09:16:30.655986+00:00,400.0052197949999,B,2069,132.35,7.399911964727653,820592640,820592640,267,44,471859200,434348748,33,1.017,0,0.0,12,0.13,1.147,0.44627135800010365,
2026-10-06T09:16:30.656109+00:00,400.0053428450001,C,2067,119.6,6.600173408996003,912228352,912228352,261,38,599785472,262144000,27,0.821,0,0.0,8,0.088,0.909,0.38733251099984045,
2026-10-06T09:16:35.655800+00:00,405.00503100100013,A,2066,138.19,7.200025015766622,873050112,873050112,269,45,529530880,344916480,37,1.006,0,0.0,14,0.189,1.195,0.38816667299988694,
2026-10-06T09:16:35.655915+00:00,405.0051488029999,B,2069,133.07,14.400204459863037,820596736,820596736,267,44,471859200,247041331,34,1.02,0,0.0,14,0.138,1.158,0.38038160300038726,
2026-10-06T09:16:35.656014+00:00,405.0052480459999,C,2067,119.93,6.600125137053062,912228352,912228352,261,38,599785472,263192576,27,0.821,0,0.0,8,0.088,0.909,0.3076906470000722,
2026-10-06T09:16:40.655806+00:00,410.00503560900006,A,2066,138.59,7.999992627207026,873050112,873050112,269,45,529530880,358547968,37,1.006,0,0.0,14,0.189,1.195,0.3917753780001476,
2026-10-06T09:16:40.655939+00:00,410.00517045100014,B,2069,133.49,8.399963631517348,820596736,820596736,267,44,471859200,260672819,34,1.02,0,0.0,14,0.138,1.158,0.3912913710000794,
2026-10-06T09:16:40.656056+00:00,410.00528923,C,2067,120.29,7.199940695528308,912228352,912228352,261,38,599785472,264241152,27,0.821,0,0.0,8,0.088,0.909,0.29671786000017164,
2026-10-06T09:16:45.655843+00:00,415.00507361500013,A,2066,139.03,8.79993310994828,873050112,873050112,269,45,529530880,370082304,37,1.006,0,0.0,14,0.189,1.195,0.36462609000000157,
2026-10-06T09:16:45.655965+00:00,415.0051958889999,B,2069,133.92,8.599956246862615,820596736,820596736,267,44,471859200,269061427,34,1.02,0,0.0,14,0.138,1.158,0.3155356610000126,
2026-10-06T09:16:45.656463+00:00,415.00569699100015,C,2067,120.63,6.799445490261093,912232448,912232448,261,38,599785472,266338304,27,0.821,0,0.0,8,0.088,0.909,0.4147846579999168,
2026-10-06T09:16:50.655870+00:00,420.00510050599996,A,2066,139.43,7.999956974631778,873050112,873050112,269,45,529530880,385810944,37,1.006,0,0.0,14,0.189,1.195,0.393289483999979,
2026-10-06T09:16:50.656053+00:00,420.00528671500024,B,2069,134.29,7.399865579961324,820596736,820596736,267,44,471859200,279547187,34,1.02,0,0.0,14,0.138,1.158,0.32144604899986007,
2026-10-06T09:16:50.656129+00:00,420.00536047700007,C,2067,120.96,6.600444228377889,912248832,912248832,261,38,599785472,267386880,27,0.821,0,0.0,8,0.088,0.909,0.399647436000123,
2026-10-06T09:16:55.655852+00:00,425.00508369499994,A,2066,139.85,8.400028242574747,873050112,873050112,269,45,529530880,400491008,37,1.006,0,0.0,14,0.189,1.195,0.37023838400000386,
2026-10-06T09:16:55.657624+00:00,425.0068572370001,B,2069,134.68,7.79755075499918,820600832,820600832,267,44,471859200,285838643,34,1.02,0,0.0,14,0.138,1.158,0.428756673999942,
2026-10-06T09:16:55.658700+00:00,425.00793398299993,C,2067,121.31,6.996398945067658,912248832,912248832,261,38,599785472,269484032,27,0.821,0,0.0,8,0.088,0.909,0.3831790480003292,
2026-10-06T09:17:00.655809+00:00,430.005040261,A,2066,140.27,8.40007296975413,873050112,873050112,269,45,529530880,414122496,37,1.006,0,0.0,14,0.189,1.195,0.378153463000217,
2026-10-06T09:17:00.655923+00:00,430.00515630100017,B,2069,135.04,7.202450181359906,820600832,820600832,267,44,471859200,294227251,34,1.02,0,0.0,14,0.138,1.158,0.4395171629998913,
2026-10-06T09:17:00.656153+00:00,430.00538635600014,C,2067,121.66,7.003568496038957,912265216,912265216,261,38,599785472,271581184,27,0.821,0,0.0,8,0.088,0.909,0.34229801899982704,
2026-10-06T09:17:05.655839+00:00,435.00506921900023,A,2066,140.7,8.59995019252759,873050112,873050112,269,45,529530880,426705408,37,1.006,0,0.0,14,0.189,1.195,0.32859065100001317,
2026-10-06T09:17:05.655977+00:00,435.00521046099993,B,2069,135.37,6.599928509574947,820600832,820600832,267,44,471859200,301567283,34,1.02,0,0.0,14,0.138,1.158,0.39117252400001234,
2026-10-06T09:17:05.656026+00:00,435.0052594250001,C,2067,122.0,6.800172630542595,912265216,912265216,261,38,599785472,272629760,27,0.821,0,0.0,8,0.088,0.909,0.36444485599986365,
2026-10-06T09:17:10.655817+00:00,440.00504734100014,A,2066,141.17,9.400041130820133,873050112,873050112,269,45,529530880,440336896,37,1.006,0,0.0,14,0.189,1.195,0.4210940960001608,
2026-10-06T09:17:10.655922+00:00,440.00515648500004,B,2069,135.78,8.20008852159536,820604928,820604928,267,44,471859200,308907315,34,1.02,0,0.0,14,0.138,1.158,0.4269163839999237,
2026-10-06T09:17:10.655990+00:00,440.00522051999997,C,2067,122.35,7.000054467423852,912265216,912265216,261,38,599785472,274726912,27,0.821,0,0.0,8,0.088,0.909,0.393099040999914,
2026-10-06T09:17:15.655787+00:00,445.00501875500004,A,2066,141.61,8.800050311648338,873050112,873050112,269,45,529530880,453968384,37,1.006,0,0.0,14,0.189,1.195,0.38713982599983865,
2026-10-06T09:17:15.655891+00:00,445.00512467399994,B,2069,136.18,8.000050897924096,820604928,820604928,267,44,471859200,314150195,34,1.02,0,0.0,14,0.138,1.158,0.42517167699998026,
2026-10-06T09:17:15.656065+00:00,445.005298906,C,2067,122.71,7.199887125929479,912273408,912273408,261,38,599785472,274726912,27,0.821,0,0.0,8,0.088,0.909,0.3302721670002029,
2026-10-06T09:17:20.657536+00:00,450.00676685300004,A,2066,142.01,7.997204020728688,873050112,873050112,269,45,529530880,469697024,37,1.006,0,0.0,14,0.189,1.195,0.42376732599996103,
2026-10-06T09:17:20.657704+00:00,450.0069359070003,B,2069,136.55,7.397320345855171,820604928,820604928,267,44,471859200,325684531,34,1.02,0,0.0,14,0.138,1.158,0.4278473349995693,
2026-10-06T09:17:20.658523+00:00,450.0077567190001,C,2067,123.03,6.396855545056478,912277504,912277504,261,38,599785472,277872640,27,0.821,0,0.0,8,0.088,0.909,0.40601658200012025,
2026-10-06T09:17:25.655822+00:00,455.0050526320001,A,2066,142.44,8.602949471329154,873054208,873054208,269,45,529530880,484377088,37,1.006,0,0.0,14,0.189,1.195,0.3659600649998538,
2026-10-06T09:17:25.655939+00:00,455.0051724570003,B,2069,136.95,8.002822515472525,820604928,820604928,267,44,471859200,330927411,34,1.02,0,0.0,14,0.138,1.158,0.39089864799962015,
2026-10-06T09:17:25.656049+00:00,455.005282267,C,2067,123.37,6.803366920977094,912277504,912277504,261,38,599785472,278921216,27,0.821,0,0.0,8,0.088,0.909,0.4295986910001375,
2026-10-06T09:17:30.655783+00:00,460.005015063,A,2066,143.21,15.40011571339009,873062400,873062400,269,45,529530880,242155110,38,1.012,0,0.0,16,0.197,1.209,0.31261546900032045,
2026-10-06T09:17:30.655944+00:00,460.0051777670001,B,2069,137.33,7.599991928809385,820604928,820604928,267,44,471859200,338267443,34,1.02,0,0.0,14,0.138,1.158,0.41103872800022145,
2026-10-06T09:17:30.656289+00:00,460.0055231010001,C,2067,123.72,6.999662848639216,912293888,912293888,261,38,599785472,279969792,27,0.821,0,0.0,8,0.088,0.909,0.3231511379999574,
2026-10-06T09:17:35.655820+00:00,465.0050508730001,A,2066,143.64,8.599938407240524,873062400,873062400,269,45,529530880,255786598,38,1.012,0,0.0,16,0.197,1.209,0.3760215339998467,
2026-10-06T09:17:35.655938+00:00,465.0051716789999,B,2069,137.71,7.600009253771467,820604928,820604928,267,44,471859200,344558899,34,1.02,0,0.0,14,0.138,1.158,0.4056921300002614,
2026-10-06T09:17:35.656116+00:00,465.0053492510001,C,2067,124.08,7.200250352704766,912293888,912293888,261,38,599785472,282066944,27,0.821,0,0.0,8,0.088,0.909,0.417730322999887,
2026-10-06T09:17:40.655803+00:00,470.00503484,A,2066,144.08,8.800028218171123,873066496,873066496,269,45,529530880,268369510,38,1.012,0,0.0,16,0.197,1.209,0.4265759190002427,
2026-10-06T09:17:40.655906+00:00,470.005139331,B,2069,138.15,8.80005693284807,820604928,820604928,267,44,471859200,350850355,34,1.02,0,0.0,14,0.138,1.158,0.4353916519999075,
2026-10-06T09:17:40.656096+00:00,470.00531354800023,C,2067,124.44,7.200051412686914,912293888,912293888,261,38,599785472,283115520,27,0.821,0,0.0,8,0.088,0.909,0.43494779499997094,
2026-10-06T09:17:45.655813+00:00,475.00504441600015,A,2066,144.5,8.39998391235033,873070592,873070592,269,45,529530880,284098150,38,1.012,0,0.0,16,0.197,1.209,0.4025665350000054,
2026-10-06T09:17:45.655946+00:00,475.0051770250002,B,2069,138.53,7.59994270555156,820604928,820604928,267,44,471859200,358190387,34,1.02,0,0.0,14,0.138,1.158,0.38575562699998045,
2026-10-06T09:17:45.656152+00:00,475.00538547299993,C,2067,124.82,7.599890675572994,912293888,912293888,261,38,599785472,285212672,27,0.821,0,0.0,8,0.088,0.909,0.4403112540003349,
2026-10-06T09:17:50.655819+00:00,480.00505023899996,A,2066,144.93,8.599989984452126,873070592,873070592,269,45,529530880,295632486,38,1.012,0,0.0,16,0.197,1.209,0.4044594599999982,
2026-10-06T09:17:50.655936+00:00,480.0051691120002,B,2069,138.92,7.800012344299248,820604928,820604928,267,44,471859200,365530419,34,1.02,0,0.0,14,0.138,1.158,0.4076580619998822,
2026-10-06T09:17:50.656088+00:00,480.0053188320003,C,2067,125.18,7.200095964318798,912314368,912314368,261,38,599785472,286261248,27,0.821,0,0.0,8,0.088,0.909,0.30796481299967127,
2026-10-06T09:17:55.655794+00:00,485.0050254900002,A,2066,145.37,8.800043558455119,873074688,873074688,269,45,529530880,310312550,38,1.012,0,0.0,16,0.197,1.209,0.3579480489997877,
2026-10-06T09:17:55.655898+00:00,485.0051319600002,B,2069,139.32,8.00005944364181,820604928,820604928,267,44,471859200,373919027,34,1.02,0,0.0,14,0.138,1.158,0.46685912199973245,
2026-10-06T09:17:55.656142+00:00,485.00537483900007,C,2067,125.52,6.799923831333272,912314368,912314368,261,38,599785472,288358400,27,0.821,0,0.0,8,0.088,0.909,0.48423291500012056,
2026-10-06T09:18:00.655832+00:00,490.0050628869999,A,2066,145.8,8.599935677641767,873074688,873074688,269,45,529530880,323944038,38,1.012,0,0.0,16,0.197,1.209,0.36287273400012054,
2026-10-06T09:18:00.655940+00:00,490.0051739690002,B,2069,139.75,8.599927745127163,820604928,820604928,267,44,471859200,379161907,34,1.02,0,0.0,14,0.138,1.158,0.3316087220000554,
2026-10-06T09:18:00.656133+00:00,490.0053667279999,C,2067,125.88,7.2000116798591804,912330752,912330752,261,38,599785472,289406976,27,0.821,0,0.0,8,0.088,0.909,0.4131404550003026,
2026-10-06T09:18:05.655784+00:00,495.00501468599987,A,2066,146.24,8.800084834577824,873074688,873074688,269,45,529530880,338624102,38,1.012,0,0.0,16,0.197,1.209,0.3660045500000706,
2026-10-06T09:18:05.657132+00:00,495.00636587400004,B,2069,140.14,7.798141071333292,820609024,820609024,267,44,471859200,386501939,34,1.02,0,0.0,14,0.138,1.158,0.2884145080001872,
2026-10-06T09:18:05.657229+00:00,495.0064626100002,C,2067,126.22,6.798509927068482,912334848,912334848,261,38,599785472,291504128,27,0.821,0,0.0,8,0.088,0.909,0.38574943599996914,
2026-10-06T09:18:10.655799+00:00,500.0050301460001,A,2066,146.67,8.599973408881421,873074688,873074688,269,45,529530880,354352742,38,1.012,0,0.0,16,0.197,1.209,0.37266877599995496,
2026-10-06T09:18:10.655924+00:00,500.0051574570002,B,2069,140.53,7.801885586234901,820609024,820609024,267,44,471859200,394890547,34,1.02,0,0.0,14,0.138,1.158,0.3482210649999615,
2026-10-06T09:18:10.655980+00:00,500.005213506,C,2067,126.57,7.001749182582332,912338944,912338944,261,38,599785472,292552704,27,0.821,0,0.0,8,0.088,0.909,0.4107313829999839,
2026-10-06T09:18:15.655836+00:00,505.0050664989999,A,2066,147.09,8.399938927404666,873074688,873074688,269,45,529530880,367984230,38,1.012,0,0.0,16,0.197,1.209,0.4218694350001897,
2026-10-06T09:18:15.655973+00:00,505.005206454,B,2069,140.91,7.599925525290028,820609024,820609024,267,44,471859200,401182003,34,1.02,0,0.0,14,0.138,1.158,0.4271094460000313,
2026-10-06T09:18:15.656936+00:00,505.0061698300001,C,2067,126.89,6.398776139361516,912338944,912338944,261,38,599785472,294649856,27,0.821,0,0.0,8,0.088,0.909,0.33579554400012057,
2026-10-06T09:18:20.655890+00:00,510.00511998699994,A,2066,147.56,9.399899443635599,873074688,873074688,269,45,529530880,382664294,38,1.012,0,0.0,16,0.197,1.209,0.4103243290001046,
2026-10-06T09:18:20.656009+00:00,510.0052403730001,B,2069,141.29,7.599948443469523,820609024,820609024,267,44,471859200,409570611,34,1.02,0,0.0,14,0.138,1.158,0.34831936399996266,
2026-10-06T09:18:20.656103+00:00,510.00533673300015,C,2067,127.24,7.00116653016636,912338944,912338944,261,38,599785472,295698432,27,0.821,0,0.0,8,0.088,0.909,0.37854774100014765,
2026-10-06T09:18:25.655983+00:00,515.005213804,A,2066,148.01,8.999831132568108,873074688,873074688,269,45,529530880,397344358,38,1.012,0,0.0,16,0.197,1.209,0.39194535600017844,
2026-10-06T09:18:25.656109+00:00,515.005340099,B,2069,141.94,12.99974071757177,821932032,821932032,267,44,471859200,417959219,34,1.02,0,0.0,14,0.138,1.158,0.32824417099982384,
2026-10-06T09:18:25.656336+00:00,515.0055700090002,C,2067,127.6,7.199664098231528,912338944,912338944,261,38,599785472,296747008,27,0.821,0,0.0,8,0.088,0.909,0.41228658799991535,
2026-10-06T09:18:30.655813+00:00,520.0050436649999,A,2066,148.42,8.200279037455203,873074688,873074688,269,45,529530880,410975846,38,1.012,0,0.0,16,0.197,1.209,0.39275420100011615,
2026-10-06T09:18:30.655931+00:00,520.0051648620001,B,2069,142.32,7.600266369575309,821936128,821936128,267,44,471859200,426347827,34,1.02,0,0.0,14,0.138,1.158,0.3181761949999782,
2026-10-06T09:18:30.655986+00:00,520.0052202649999,C,2067,127.96,7.200503666591196,912338944,912338944,261,38,599785472,298844160,27,0.821,0,0.0,8,0.088,0.909,0.3923117419999471,
2026-10-06T09:18:35.655815+00:00,525.0050469030002,A,2066,148.89,9.399993912563321,873074688,873074688,269,45,529530880,425655910,38,1.012,0,0.0,16,0.197,1.209,0.3881011779999426,
2026-10-06T09:18:35.656843+00:00,525.0060770790001,B,2069,142.75,8.598431272964117,821936128,821936128,267,44,471859200,241802854,35,1.024,0,0.0,14,0.138,1.162,0.4047162120000394,
2026-10-06T09:18:35.656881+00:00,525.0061146200001,C,2067,128.32,7.198712359121416,912338944,912338944,261,38,599785472,299892736,27,0.821,0,0.0,8,0.088,0.909,0.41612707500007673,
2026-10-06T09:18:40.655852+00:00,530.005083471,A,2066,149.37,9.59992978995421,873074688,873074688,269,45,529530880,439287398,38,1.012,0,0.0,16,0.197,1.209,0.3691929199999322,
2026-10-06T09:18:40.656916+00:00,530.0061493610001,B,2069,143.11,7.199895915424934,821936128,821936128,267,44,471859200,249142886,35,1.024,0,0.0,14,0.138,1.162,0.3756780539997635,
2026-10-06T09:18:40.656958+00:00,530.0061920850003,C,2067,128.61,5.799910141992311,912343040,912343040,261,38,599785472,301989888,27,0.821,0,0.0,8,0.088,0.909,0.3939491139999518,
2026-10-06T09:18:45.655806+00:00,535.0050377090001,A,2066,149.78,8.200075050366658,873074688,873074688,269,45,529530880,453967462,38,1.012,0,0.0,16,0.197,1.209,0.4046916620000047,
2026-10-06T09:18:45.655898+00:00,535.0051317000002,B,2069,143.5,7.801587874343095,821936128,821936128,267,44,471859200,255434342,35,1.024,0,0.0,14,0.138,1.162,0.4270328969996626,
2026-10-06T09:18:45.655940+00:00,535.005173823,C,2067,128.97,7.201466595955985,912343040,912343040,261,38,599785472,303038464,27,0.821,0,0.0,8,0.088,0.909,0.4204531450000104,
2026-10-06T09:18:50.655851+00:00,540.0050822550002,A,2066,150.2,8.39992516338644,873074688,873074688,269,45,529530880,467598950,38,1.012,0,0.0,16,0.197,1.209,0.30060894000007465,
2026-10-06T09:18:50.655985+00:00,540.0052180490002,B,2069,143.88,7.5998687517866035,821936128,821936128,267,44,471859200,263822950,35,1.024,0,0.0,14,0.138,1.162,0.3584968840000329,
2026-10-06T09:18:50.656123+00:00,540.0053573180003,C,2067,129.32,6.999743116426798,912343040,912343040,261,38,599785472,304087040,27,0.821,0,0.0,8,0.088,0.909,0.3890996439999981,
2026-10-06T09:18:55.655814+00:00,545.0050453510003,A,2066,150.64,8.800064951519172,873074688,873074688,269,45,529530880,482279014,38,1.012,0,0.0,16,0.197,1.209,0.36142359199993734,
2026-10-06T09:18:55.657161+00:00,545.0063943750001,B,2069,144.28,7.9981183210937585,821936128,821936128,267,44,471859200,269065830,35,1.024,0,0.0,14,0.138,1.162,0.3759998609998547,
2026-10-06T09:18:55.657227+00:00,545.0064606750002,C,2067,129.66,6.798499765539017,912343040,912343040,261,38,599785472,306184192,27,0.821,0,0.0,8,0.088,0.909,0.39155018699966604,
2026-10-06T09:19:00.655814+00:00,550.0050440800001,A,2066,151.08,8.800002236961447,873074688,873074688,269,45,529530880,238532198,39,1.016,0,0.0,16,0.197,1.212,0.3787033789999441,
2026-10-06T09:19:00.656920+00:00,550.0061538959999,B,2069,144.67,7.800375165283977,821940224,821940224,267,44,471859200,276405862,35,1.024,0,0.0,14,0.138,1.162,0.37938780600006794,
2026-10-06T09:19:00.657044+00:00,550.0062779720001,C,2067,130.03,7.400270410321141,912355328,912355328,261,38,599785472,307232768,27,0.821,0,0.0,8,0.088,0.909,0.3825801089997185,
2026-10-06T09:19:05.655827+00:00,555.0050578999999,A,2066,151.52,8.799975676867497,873074688,873074688,269,45,529530880,253212262,39,1.016,0,0.0,16,0.197,1.212,0.3847927740002888,
2026-10-06T09:19:05.656004+00:00,555.0052377800002,B,2069,145.07,8.001466054214688,821940224,821940224,267,44,471859200,283745894,35,1.024,0,0.0,14,0.138,1.162,0.3647177019997798,
2026-10-06T09:19:05.656402+00:00,555.0056331629999,C,2067,130.38,7.000902849033312,912355328,912355328,261,38,599785472,309329920,27,0.821,0,0.0,8,0.088,0.909,0.4090597990002607,
2026-10-06T09:19:10.655826+00:00,560.0050567180001,A,2066,151.96,8.800002080320056,873074688,873074688,269,45,529530880,267892326,39,1.016,0,0.0,16,0.197,1.212,0.3024421270001767,
2026-10-06T09:19:10.655956+00:00,560.0051867380002,B,2069,145.46,7.800079626333146,821940224,821940224,267,44,471859200,291085926,35,1.024,0,0.0,14,0.138,1.162,0.3776449499996488,
2026-10-06T09:19:10.656150+00:00,560.0053830780002,C,2067,130.7,6.400320124811043,912355328,912355328,261,38,599785472,310378496,27,0.821,0,0.0,8,0.088,0.909,0.40384390500003065,
2026-10-06T09:19:15.655838+00:00,565.0050687050002,A,2066,152.35,7.799981300324391,873074688,873074688,269,45,529530880,282572390,39,1.016,0,0.0,16,0.197,1.212,0.34487112499982686,
2026-10-06T09:19:15.655962+00:00,565.00519528,B,2069,145.88,8.399985649464762,821940224,821940224,267,44,471859200,299474534,35,1.024,0,0.0,14,0.138,1.162,0.41457349100028296,
2026-10-06T09:19:15.656027+00:00,565.0052602220003,C,2067,130.99,5.800142516462166,912355328,912355328,261,38,599785472,311427072,27,0.821,0,0.0,8,0.088,0.909,0.3778368309999678,
2026-10-06T09:19:20.655817+00:00,570.0050486380001,A,2066,152.76,8.20003291001226,873074688,873074688,269,45,529530880,297252454,39,1.016,0,0.0,16,0.197,1.212,0.5183188890000565,
2026-10-06T09:19:20.655916+00:00,570.0051492390003,B,2069,146.29,8.200075507934695,821940224,821940224,267,44,471859200,306814566,35,1.024,0,0.0,14,0.138,1.162,0.4386179099997207,
2026-10-06T09:19:20.655984+00:00,570.0052173710001,C,2067,131.33,6.800058277859816,912355328,912355328,261,38,599785472,313524224,27,0.821,0,0.0,8,0.088,0.909,0.37809939199996734,
2026-10-06T09:19:25.655813+00:00,575.005043825,A,2066,153.15,7.800007508287574,873078784,873078784,269,45,529530880,305641062,39,1.016,0,0.0,16,0.197,1.212,0.327822709999964,
2026-10-06T09:19:25.655962+00:00,575.0051959520001,B,2069,146.69,7.9999252598986255,821940224,821940224,267,44,471859200,315203174,35,1.024,0,0.0,14,0.138,1.162,0.40880562499978623,
2026-10-06T09:19:25.656024+00:00,575.0052576100002,C,2067,131.69,7.19994205630588,912519168,912519168,261,40,599785472,317718528,27,0.821,0,0.0,8,0.088,0.909,0.41026185600003373,
2026-10-06T09:19:30.655880+00:00,580.0051097400001,A,2066,153.49,6.799910356781766,873078784,873078784,269,45,529530880,308786790,39,1.016,0,0.0,16,0.197,1.212,0.42652651600019453,
2026-10-06T09:19:30.656070+00:00,580.0053018090002,B,2069,147.07,7.599839100766208,821940224,821940224,267,44,471859200,325688934,35,1.024,0,0.0,14,0.138,1.162,0.39760161100002733,
2026-10-06T09:19:30.656327+00:00,580.0055603770002,C,2067,132.03,6.799588261812224,912519168,912519168,261,40,599785472,318767104,27,0.821,0,0.0,8,0.088,0.909,0.40822429499985446,
2026-10-06T09:19:35.655778+00:00,585.0050100409999,A,2066,153.86,7.400147557462657,873078784,873078784,269,45,529530880,310883942,39,1.016,0,0.0,16,0.197,1.212,0.293075650999981,
2026-10-06T09:19:35.655883+00:00,585.0051167460001,B,2069,147.48,8.200303514553987,821940224,821940224,267,44,471859200,336174694,35,1.024,0,0.0,14,0.138,1.162,0.3721713320001072,
2026-10-06T09:19:35.655973+00:00,585.0052069920002,C,2067,132.37,6.800480637569989,912519168,912519168,261,40,599785472,319815680,27,0.821,0,0.0,8,0.088,0.909,0.34295865399963077,
2026-10-06T09:19:40.655810+00:00,590.0050417420002,A,2066,154.19,6.599958154944523,873082880,873082880,269,45,529530880,312981094,39,1.016,0,0.0,16,0.197,1.212,0.33833272299989403,
2026-10-06T09:19:40.655919+00:00,590.0051493230003,B,2069,147.88,7.999947877139421,821940224,821940224,267,44,471859200,346660454,35,1.024,0,0.0,14,0.138,1.162,0.3072444379999979,
2026-10-06T09:19:40.656041+00:00,590.0052749370002,C,2067,132.73,7.199902160529309,912519168,912519168,261,40,599785472,321912832,27,0.821,0,0.0,8,0.088,0.909,0.3781461409998883,
2026-10-06T09:19:45.655783+00:00,595.0050142210002,A,2066,154.56,7.400040731304274,873082880,873082880,269,45,529530880,317175398,39,1.016,0,0.0,16,0.197,1.212,0.43492620799997894,
2026-10-06T09:19:45.655891+00:00,595.0051245220002,B,2069,148.26,7.600037697707062,821940224,821940224,267,44,471859200,357146214,35,1.024,0,0.0,14,0.138,1.162,0.37921383699995204,
2026-10-06T09:19:45.656080+00:00,595.0053133000001,C,2067,133.08,6.9999462922126305,912519168,912519168,261,40,599785472,322961408,27,0.821,0,0.0,8,0.088,0.909,0.4048086279999552,
2026-10-06T09:19:50.655774+00:00,600.0050058930001,A,2066,154.93,7.400012325460841,873082880,873082880,269,45,529530880,319272550,39,1.016,0,0.0,16,0.197,1.212,0.49071984900001553,
2026-10-06T09:19:50.655899+00:00,600.005132753,B,2069,148.78,10.399982879548782,821940224,821940224,267,44,471859200,368680550,35,1.024,0,0.0,14,0.138,1.162,0.3477674720002142,
2026-10-06T09:19:50.655949+00:00,600.0051822730002,C,2067,133.45,7.400193925041335,912523264,912523264,261,40,599785472,325058560,27,0.821,0,0.0,8,0.088,0.909,0.481035602999782,
2026-10-06T09:19:55.655808+00:00,605.0050395100002,A,2066,155.29,7.1999515918450285,873082880,873082880,269,45,529530880,322418278,39,1.016,0,0.0,16,0.197,1.212,0.4046798989998024,
2026-10-06T09:19:55.655902+00:00,605.005135029,B,2069,149.37,11.799994628642438,821940224,821940224,267,44,471859200,377069158,35,1.024,0,0.0,14,0.138,1.162,0.3735678799998823,
2026-10-06T09:19:55.656043+00:00,605.0052764259999,C,2067,133.79,6.799871954331603,912523264,912523264,261,40,599785472,326107136,27,0.821,0,0.0,8,0.088,0.909,0.3868319190000875,
2026-10-06T09:20:00.655859+00:00,610.0050892150002,A,2066,155.67,7.599924449150902,873082880,873082880,269,45,529530880,324515430,39,1.016,0,0.0,16,0.197,1.212,0.39629823299992495,
2026-10-06T09:20:00.655987+00:00,610.0052184040001,B,2069,149.73,7.199879942001627,821940224,821940224,267,44,471859200,387554918,35,1.024,0,0.0,14,0.138,1.162,0.4103714910002054,
2026-10-06T09:20:00.656244+00:00,610.005477874,C,2067,134.13,6.799726041757603,912527360,912527360,261,40,599785472,327155712,27,0.821,0,0.0,8,0.088,0.909,0.4058104050000111,
2026-10-06T09:20:05.655810+00:00,615.005040814,A,2066,156.02,7.000067762056665,873082880,873082880,269,45,529530880,327661158,39,1.016,0,0.0,16,0.197,1.212,0.3913391259998207,
2026-10-06T09:20:05.655943+00:00,615.0051767640002,B,2069,150.13,8.0000666245547,821940224,821940224,267,44,471859200,398040678,35,1.024,0,0.0,14,0.138,1.162,0.4150367889997142,
2026-10-06T09:20:05.655996+00:00,615.0052299839999,C,2067,134.47,6.800337147115259,912527360,912527360,261,40,599785472,328204288,27,0.821,0,0.0,8,0.088,0.909,0.29773197200029244,
2026-10-06T09:20:10.655786+00:00,620.00501725,A,2066,156.37,7.000032989755364,873082880,873082880,269,45,529530880,330806886,39,1.016,0,0.0,16,0.197,1.212,0.3768882519998442,
2026-10-06T09:20:10.655885+00:00,620.0051190120003,B,2069,150.51,7.600087784053812,821940224,821940224,267,44,471859200,408526438,35,1.024,0,0.0,14,0.138,1.162,0.36465547099987816,
2026-10-06T09:20:10.656237+00:00,620.0054711309999,C,2067,134.8,6.599681701311609,912527360,912527360,261,40,599785472,330301440,27,0.821,0,0.0,8,0.088,0.909,0.41536993499994423,
2026-10-06T09:20:15.655827+00:00,625.0050574530001,A,2066,156.72,6.999943716252405,873086976,873086976,269,45,529530880,333952614,39,1.016,0,0.0,16,0.197,1.212,0.3657533909999984,
2026-10-06T09:20:15.657207+00:00,625.0064402030002,B,2069,150.9,7.79793948650669,821944320,821944320,267,44,471859200,419012198,35,1.024,0,0.0,14,0.138,1.162,0.2934886589996495,
2026-10-06T09:20:15.657391+00:00,625.006624479,C,2067,135.13,6.598477931734406,912527360,912527360,261,40,599785472,331350016,27,0.821,0,0.0,8,0.088,0.909,0.3960973319999539,
2026-10-06T09:20:20.655791+00:00,630.0050233520001,A,2066,157.09,7.40005046982428,873086976,873086976,269,45,529530880,337098342,39,1.016,0,0.0,16,0.197,1.212,0.37228650699989885,
2026-10-06T09:20:20.656794+00:00,630.006027769,B,2069,151.46,11.200923928372571,822272000,822272000,267,44,471859200,429497958,35,1.024,0,0.0,14,0.138,1.162,0.370009735000167,
2026-10-06T09:20:20.657024+00:00,630.0062578340003,C,2067,135.44,6.200454673140472,912535552,912535552,261,40,599785472,333447168,27,0.821,0,0.0,8,0.088,0.909,0.39842564199989283,
2026-10-06T09:20:25.655823+00:00,635.0050535760001,A,2066,157.42,6.599960104560767,873091072,873091072,269,45,529530880,339195494,39,1.016,0,0.0,16,0.197,1.212,0.39737572100011676,
2026-10-06T09:20:25.655956+00:00,635.0051894850003,B,2069,151.81,7.001173794394017,822272000,822272000,267,44,471859200,244051251,36,1.029,0,0.0,14,0.138,1.167,0.325911989999895,
2026-10-06T09:20:25.656012+00:00,635.0052458,C,2067,135.75,6.201255176216581,912404480,912404480,261,38,599785472,334495744,27,0.821,0,0.0,8,0.088,0.909,0.3255673769999703,
2026-10-06T09:20:30.655800+00:00,640.0050319229999,A,2066,157.77,7.000030314332019,873091072,873091072,269,45,529530880,342341222,39,1.016,0,0.0,16,0.197,1.212,0.3855946660000882,
2026-10-06T09:20:30.655911+00:00,640.005144752,B,2069,152.21,8.000071573440968,822276096,822276096,267,44,471859200,252439859,36,1.029,0,0.0,14,0.138,1.167,0.3850277100000312,
2026-10-06T09:20:30.655970+00:00,640.00520306,C,2067,136.1,7.000059836511406,912404480,912404480,261,38,599785472,335544320,27,0.821,0,0.0,8,0.088,0.909,0.399953824000022,
2026-10-06T09:20:35.655804+00:00,645.0050356900001,A,2066,158.1,6.59999502756319,873095168,873095168,269,45,529530880,346535526,39,1.016,0,0.0,16,0.197,1.212,0.337428626000019,
2026-10-06T09:20:35.655919+00:00,645.005150297,B,2069,152.53,6.399992902407707,822280192,822280192,267,44,471859200,261877043,36,1.029,0,0.0,14,0.138,1.167,0.33355342400000154,
2026-10-06T09:20:35.656132+00:00,645.0053648540002,C,2067,136.42,6.399792910380807,912412672,912412672,261,38,599785472,336592896,27,0.821,0,0.0,8,0.088,0.909,0.3908940809997148,
2026-10-06T09:20:40.655784+00:00,650.0050143030003,A,2066,158.49,7.800033363862746,873095168,873095168,269,45,529530880,348632678,39,1.016,0,0.0,16,0.197,1.212,0.3611221459996159,
2026-10-06T09:20:40.655988+00:00,650.005220908,B,2069,152.95,8.399881375195067,822284288,822284288,267,44,471859200,273411379,36,1.029,0,0.0,14,0.138,1.167,0.3902590060001785,
2026-10-06T09:20:40.656038+00:00,650.0052718000002,C,2067,136.79,7.400137722483202,912465920,912465920,261,38,599785472,338690048,27,0.821,0,0.0,8,0.088,0.909,0.4327113310000641,
2026-10-06T09:20:45.655795+00:00,655.005027097,A,2066,158.86,7.3999810649289,873095168,873095168,269,45,529530880,351778406,39,1.016,0,0.0,16,0.197,1.212,0.3274340419998225,
2026-10-06T09:20:45.656784+00:00,655.0060183850001,B,2069,153.33,7.5987880282642335,822284288,822284288,267,44,471859200,283897139,36,1.029,0,0.0,14,0.138,1.167,0.37883304300021337,
2026-10-06T09:20:45.656833+00:00,655.0060664279999,C,2067,137.14,6.998887697573543,912478208,912478208,261,38,599785472,340787200,27,0.821,0,0.0,8,0.088,0.909,0.370271971999955,
2026-10-06T09:20:50.655790+00:00,660.005021125,A,2066,159.12,5.200006210887293,873095168,873095168,269,45,529530880,353875558,39,1.016,0,0.0,16,0.197,1.212,0.39264974000025177,
2026-10-06T09:20:50.655894+00:00,660.0051279660001,B,2069,153.81,9.601709908986724,822284288,822284288,267,44,471859200,294382899,36,1.029,0,0.0,14,0.138,1.167,0.3055811740000536,
2026-10-06T09:20:50.655998+00:00,660.0052318410003,C,2067,137.45,6.201035060649237,912478208,912478208,261,38,599785472,341835776,27,0.821,0,0.0,8,0.088,0.909,0.36482150999972873,
2026-10-06T09:20:55.655824+00:00,665.0050544790001,A,2066,159.45,6.599955973013176,873095168,873095168,269,45,529530880,357021286,39,1.016,0,0.0,16,0.197,1.212,0.4295744139999442,
2026-10-06T09:20:55.655962+00:00,665.0051931930002,B,2069,154.17,7.199906074344931,822284288,822284288,267,44,471859200,305917235,36,1.029,0,0.0,14,0.138,1.167,0.3343711029997394,
2026-10-06T09:20:55.656198+00:00,665.0054320710001,C,2067,137.77,6.3997437158638535,912478208,912478208,261,38,599785472,342884352,27,0.821,0,0.0,8,0.088,0.909,0.3600244129997918,
2026-10-06T09:21:00.655811+00:00,670.0050426560001,A,2066,159.84,7.8000184439239435,873095168,873095168,269,45,529530880,359118438,39,1.016,0,0.0,16,0.197,1.212,0.3768902349997916,
2026-10-06T09:21:00.655950+00:00,670.0051807929999,B,2069,154.58,8.200020336051404,822284288,822284288,267,44,471859200,317451571,36,1.029,0,0.0,14,0.138,1.167,0.34840764800037505,
2026-10-06T09:21:00.656071+00:00,670.0053047239999,C,2067,138.12,7.000178290341137,912478208,912478208,261,38,599785472,343932928,27,0.821,0,0.0,8,0.088,0.909,0.435788075000346,
2026-10-06T09:21:05.655819+00:00,675.0050486999999,A,2066,160.23,7.799990571371519,873095168,873095168,269,45,529530880,363312742,39,1.016,0,0.0,16,0.197,1.212,0.3896536670004025,
2026-10-06T09:21:05.655921+00:00,675.0051545639999,B,2069,154.99,8.200043015785607,822284288,822284288,267,44,471859200,324791603,36,1.029,0,0.0,14,0.138,1.167,0.39365408699995896,
2026-10-06T09:21:05.656046+00:00,675.0052795910001,C,2067,138.48,7.200036191701311,912478208,912478208,261,38,599785472,346030080,27,0.821,0,0.0,8,0.088,0.909,0.375478099999782,
2026-10-06T09:21:10.655792+00:00,680.0050237650003,A,2066,160.59,7.200035906578764,873099264,873099264,269,45,529530880,365409894,39,1.016,0,0.0,16,0.197,1.212,0.3793557359999795,
2026-10-06T09:21:10.655895+00:00,680.0051280120001,B,2069,155.4,8.200043545510818,822284288,822284288,267,44,471859200,336325939,36,1.029,0,0.0,14,0.138,1.167,0.4231977609997557,
2026-10-06T09:21:10.655949+00:00,680.0051825830001,C,2067,138.84,7.2001396942305815,912490496,912490496,261,38,599785472,347078656,27,0.821,0,0.0,8,0.088,0.909,0.38088969899990843,
2026-10-06T09:21:15.655848+00:00,685.005077927,A,2066,160.96,7.399919841108786,873099264,873099264,269,45,529530880,368555622,39,1.016,0,0.0,16,0.197,1.212,0.41545212000028187,
2026-10-06T09:21:15.655965+00:00,685.0051992690001,B,2069,155.81,8.199883140185438,822284288,822284288,267,44,471859200,346811699,36,1.029,0,0.0,14,0.138,1.167,0.36455347599985544,
2026-10-06T09:21:15.656030+00:00,685.005262954,C,2067,139.21,7.399881052832121,912490496,912490496,261,38,599785472,348127232,27,0.821,0,0.0,8,0.088,0.909,0.30764743600002475,
2026-10-06T09:21:20.655817+00:00,690.005047355,A,2066,161.34,7.600046469724066,873099264,873099264,269,45,529530880,370652774,39,1.016,0,0.0,16,0.197,1.212,0.332455568000114,
2026-10-06T09:21:20.655947+00:00,690.0051801640002,B,2069,156.21,8.000030568116697,822284288,822284288,267,44,471859200,358346035,36,1.029,0,0.0,14,0.138,1.167,0.31575243199995384,
2026-10-06T09:21:20.656021+00:00,690.0052541710002,C,2067,139.59,7.600013350183185,912490496,912490496,261,38,599785472,350224384,27,0.821,0,0.0,8,0.088,0.909,0.36825439099993673,
2026-10-06T09:21:25.655837+00:00,695.0050683919999,A,2066,161.7,7.199969706847309,873099264,873099264,269,45,529530880,373798502,39,1.016,0,0.0,16,0.197,1.212,0.4044825949999904,
2026-10-06T09:21:25.655971+00:00,695.005202157,B,2069,156.6,7.799965691070964,822288384,822288384,267,44,471859200,368831795,36,1.029,0,0.0,14,0.138,1.167,0.42545947200005685,
2026-10-06T09:21:25.656161+00:00,695.0053951770001,C,2067,139.93,6.799808237248114,912490496,912490496,261,38,599785472,351272960,27,0.821,0,0.0,8,0.088,0.909,0.36339644000008775,
2026-10-06T09:21:30.655823+00:00,700.0050541320002,A,2066,162.08,7.600021675261864,873099264,873099264,269,45,529530880,376944230,39,1.016,0,0.0,16,0.197,1.212,0.3181998029999704,
2026-10-06T09:21:30.655971+00:00,700.0052011980001,B,2069,156.97,7.4000014193201595,822288384,822288384,267,44,471859200,380366131,36,1.029,0,0.0,14,0.138,1.167,0.3708098910001354,
2026-10-06T09:21:30.656194+00:00,700.005427392,C,2067,140.25,6.399958765065644,912490496,912490496,261,38,599785472,353370112,27,0.821,0,0.0,8,0.088,0.909,0.38475491899998815,
2026-10-06T09:21:35.655791+00:00,705.0050224490001,A,2066,162.48,8.000050693120908,873099264,873099264,269,45,529530880,380089958,39,1.016,0,0.0,16,0.197,1.212,0.40739902299992536,
2026-10-06T09:21:35.655940+00:00,705.0051696350001,B,2069,157.38,8.200051763646684,822288384,822288384,267,44,471859200,388754739,36,1.029,0,0.0,14,0.138,1.167,0.38431336099984037,
2026-10-06T09:21:35.656151+00:00,705.005384483,C,2067,140.61,7.200061789490621,912490496,912490496,261,38,599785472,354418688,27,0.821,0,0.0,8,0.088,0.909,0.28965334900021844,
2026-10-06T09:21:40.655848+00:00,710.0050780040001,A,2066,162.85,7.3999177795136175,873099264,873099264,269,45,529530880,382187110,39,1.016,0,0.0,16,0.197,1.212,0.41760102899979756,
2026-10-06T09:21:40.656031+00:00,710.005262316,B,2069,157.8,8.399844298806693,822288384,822288384,267,44,471859200,399240499,36,1.029,0,0.0,14,0.138,1.167,0.40033903299990925,
2026-10-06T09:21:40.656190+00:00,710.005423738,C,2067,140.98,7.399941903055572,912490496,912490496,261,38,599785472,355467264,27,0.821,0,0.0,8,0.088,0.909,0.4083057719999488,
2026-10-06T09:21:45.655833+00:00,715.005063905,A,2066,163.2,7.000019738655622,873099264,873099264,269,45,529530880,386381414,39,1.016,0,0.0,16,0.197,1.212,0.4133719960000235,
2026-10-06T09:21:45.655930+00:00,715.0051636040002,B,2069,158.16,7.2001421480856544,822288384,822288384,267,44,471859200,410774835,36,1.029,0,0.0,14,0.138,1.167,0.47510552799985817,
2026-10-06T09:21:45.657186+00:00,715.0064199500002,C,2067,141.32,6.7986454215691925,912490496,912490496,261,38,599785472,357564416,27,0.821,0,0.0,8,0.088,0.909,0.4043388669997512,
2026-10-06T09:21:50.655795+00:00,720.0050266570001,A,2066,163.59,7.800058107313014,873099264,873099264,269,45,529530880,388478566,39,1.016,0,0.0,16,0.197,1.212,0.4012635260000934,
2026-10-06T09:21:50.655876+00:00,720.0051096010002,B,2069,158.57,8.200088565876595,822288384,822288384,267,44,471859200,421260595,36,1.029,0,0.0,14,0.138,1.167,0.302324765999856,
2026-10-06T09:21:50.656850+00:00,720.0060840639999,C,2067,141.69,7.400497144677407,912490496,912490496,261,38,599785472,358612992,27,0.821,0,0.0,8,0.088,0.909,0.3199991950000367,
2026-10-06T09:21:55.655966+00:00,725.0051967859999,A,2066,163.97,7.599741412718855,873103360,873103360,269,45,529530880,391624294,39,1.016,0,0.0,16,0.197,1.212,0.38868590700030836,
2026-10-06T09:21:55.657053+00:00,725.006287273,B,2069,158.96,7.79816326429503,822288384,822288384,267,44,471859200,431746355,36,1.029,0,0.0,14,0.138,1.167,0.3173815889999787,
2026-10-06T09:21:55.657739+00:00,725.006972912,C,2067,142.05,7.198720286374223,912490496,912490496,261,38,599785472,359661568,27,0.821,0,0.0,8,0.088,0.909,0.39575626900023053,
2026-10-06T09:22:00.655828+00:00,730.005058882,A,2066,164.36,7.800215136173899,873103360,873103360,269,45,529530880,393721446,39,1.016,0,0.0,16,0.197,1.212,0.38254904499990516,
2026-10-06T09:22:00.655912+00:00,730.005146684,B,2069,159.7,14.80337691377372,822288384,822288384,267,44,471859200,247853465,37,1.033,0,0.0,16,0.144,1.178,0.2721173469999485,
2026-10-06T09:22:00.656798+00:00,730.0060317319999,C,2067,142.39,6.801280245788057,912490496,912490496,261,38,599785472,361758720,27,0.821,0,0.0,8,0.088,0.909,0.33218144400007077,
2026-10-06T09:22:05.655801+00:00,735.0050322239999,A,2066,164.76,8.000042653026993,873107456,873107456,269,45,529530880,396867174,39,1.016,0,0.0,16,0.197,1.212,0.4035848690000421,
2026-10-06T09:22:05.656113+00:00,735.0053445920003,B,2069,160.05,6.999722939766598,822288384,822288384,267,44,471859200,256242073,37,1.033,0,0.0,16,0.144,1.178,0.38182686099980856,
2026-10-06T09:22:05.656288+00:00,735.0055219790002,C,2067,142.71,6.400652550367991,912490496,912490496,261,38,599785472,362807296,27,0.821,0,0.0,8,0.088,0.909,0.3452992819998144,
2026-10-06T09:22:10.655786+00:00,740.0050177409998,A,2066,165.12,7.200020855580807,873107456,873107456,269,45,529530880,400012902,39,1.016,0,0.0,16,0.197,1.212,0.3631067440001061,
2026-10-06T09:22:10.656825+00:00,740.006059195,B,2069,160.41,7.198971118728352,822288384,822288384,267,44,471859200,264630681,37,1.033,0,0.0,16,0.144,1.178,0.30299028900026315,
2026-10-06T09:22:10.656883+00:00,740.0061130960003,C,2067,143.05,6.799196175910732,912490496,912490496,261,38,599785472,364904448,27,0.821,0,0.0,8,0.088,0.909,0.3593050869999388,
2026-10-06T09:22:15.655778+00:00,745.00500986,A,2066,165.47,7.000011033417102,873107456,873107456,269,45,529530880,404207206,39,1.016,0,0.0,16,0.197,1.212,0.37930695600016406,
2026-10-06T09:22:15.655880+00:00,745.0051131149999,B,2069,160.78,7.4014004633904324,822288384,822288384,267,44,471859200,275116441,37,1.033,0,0.0,16,0.144,1.178,0.36072135900030844,
2026-10-06T09:22:15.655929+00:00,745.0051633809999,C,2067,143.38,6.601253861962498,912490496,912490496,261,38,599785472,365953024,27,0.821,0,0.0,8,0.088,0.909,0.29645766800013007,
2026-10-06T09:22:20.655818+00:00,750.0050491040001,A,2066,165.79,6.399949768073915,873107456,873107456,269,45,529530880,406304358,39,1.016,0,0.0,16,0.197,1.212,0.4207073849997869,
2026-10-06T09:22:20.655912+00:00,750.0051460899999,B,2069,161.16,7.599949878330358,822288384,822288384,267,44,471859200,286650777,37,1.033,0,0.0,16,0.144,1.178,0.34357741300027556,
2026-10-06T09:22:20.655942+00:00,750.0051759150001,C,2067,143.67,5.799985460596017,912490496,912490496,261,38,599785472,367001600,27,0.821,0,0.0,8,0.088,0.909,0.33144537199996194,
2026-10-06T09:22:25.655846+00:00,755.0050766130003,A,2066,166.22,8.59995268478025,873107456,873107456,269,45,529530880,414692966,39,1.016,0,0.0,16,0.197,1.212,0.45147638499975074,
2026-10-06T09:22:25.655980+00:00,755.0052137990001,B,2069,161.55,7.799894375390366,822288384,822288384,267,44,471859200,295039385,37,1.033,0,0.0,16,0.144,1.178,0.4428915789999337,
2026-10-06T09:22:25.656039+00:00,755.0052732879999,C,2067,144.02,6.999863680455517,912490496,912490496,261,38,599785472,369098752,27,0.821,0,0.0,8,0.088,0.909,0.3914954640003998,
2026-10-06T09:22:30.655820+00:00,760.0050514720001,A,2066,166.62,8.000040225802618,873107456,873107456,269,45,529530880,422032998,39,1.016,0,0.0,16,0.197,1.212,0.3911806820001402,
2026-10-06T09:22:30.655917+00:00,760.0051504110002,B,2069,162.03,9.600121706502634,822288384,822288384,267,44,471859200,308670873,37,1.033,0,0.0,16,0.144,1.178,0.45595262400001957,
2026-10-06T09:22:30.655974+00:00,760.0052078019999,C,2067,144.37,7.000091681600713,912490496,912490496,261,38,599785472,370147328,27,0.821,0,0.0,8,0.088,0.909,0.3680872480003927,
2026-10-06T09:22:35.655819+00:00,765.0050510030001,A,2066,167.05,8.600000806680285,873107456,873107456,269,45,529530880,430421606,39,1.016,0,0.0,16,0.197,1.212,0.476484543999959,
2026-10-06T09:22:35.656030+00:00,765.0052636169999,B,2069,162.49,9.199791705676752,822292480,822292480,267,44,471859200,320205209,37,1.033,0,0.0,16,0.144,1.178,0.41641994200017507,
2026-10-06T09:22:35.656367+00:00,765.005599822,C,2067,144.74,7.399419855885468,912490496,912490496,261,38,599785472,372244480,27,0.821,0,0.0,8,0.088,0.909,0.4416311479999422,
2026-10-06T09:22:40.655811+00:00,770.0050415860001,A,2066,167.5,9.0000169506317,873107456,873107456,269,45,529530880,438810214,39,1.016,0,0.0,16,0.197,1.212,0.40177303100017525,
2026-10-06T09:22:40.655972+00:00,770.0052054870002,B,2069,162.95,9.200106960442406,822292480,822292480,267,44,471859200,333836697,37,1.033,0,0.0,16,0.144,1.178,0.3830298429998038,
2026-10-06T09:22:40.656152+00:00,770.0053856170002,C,2067,145.13,7.800334174115757,912490496,912490496,261,38,599785472,374341632,27,0.821,0,0.0,8,0.088,0.909,0.4345806759997686,
2026-10-06T09:22:45.655811+00:00,775.005042108,A,2066,167.95,8.999999060399984,873107456,873107456,269,45,529530880,448247398,39,1.016,0,0.0,16,0.197,1.212,0.4220746199998757,
2026-10-06T09:22:45.655918+00:00,775.0051510520002,B,2069,163.4,9.000097984067162,822292480,822292480,267,44,471859200,346419609,37,1.033,0,0.0,16,0.144,1.178,0.37391387599973314,
2026-10-06T09:22:45.655993+00:00,775.0052265449999,C,2067,145.5,7.40023543405075,912490496,912490496,261,38,599785472,375390208,27,0.821,0,0.0,8,0.088,0.909,0.39714627800003655,
2026-10-06T09:22:50.655845+00:00,780.0050757960003,A,2066,168.37,8.399943404541203,873107456,873107456,269,45,529530880,455587430,39,1.016,0,0.0,16,0.197,1.212,0.39351905199964676,
2026-10-06T09:22:50.655953+00:00,780.0051864669999,B,2069,163.83,8.599939086632052,822292480,822292480,267,44,471859200,360051097,37,1.033,0,0.0,16,0.144,1.178,0.3370059570002013,
2026-10-06T09:22:50.656083+00:00,780.0053161770002,C,2067,145.84,6.799878102664904,912490496,912490496,261,38,599785472,377487360,27,0.821,0,0.0,8,0.088,0.909,0.409501581999848,
2026-10-06T09:22:55.655817+00:00,785.0050481809999,A,2066,168.78,8.200045288850658,873107456,873107456,269,45,529530880,463976038,39,1.016,0,0.0,16,0.197,1.212,0.45834777400023086,
2026-10-06T09:22:55.655929+00:00,785.0051626980003,B,2069,164.25,8.400039932108998,822296576,822296576,267,44,471859200,370536857,37,1.033,0,0.0,16,0.144,1.178,0.39671142799988957,
2026-10-06T09:22:55.655971+00:00,785.005204741,C,2067,146.21,7.400164928956228,912490496,912490496,261,38,599785472,378535936,27,0.821,0,0.0,8,0.088,0.909,0.5068345630002113,
2026-10-06T09:23:00.655842+00:00,790.005072811,A,2066,169.2,8.399958621803414,873107456,873107456,269,45,529530880,472364646,39,1.016,0,0.0,16,0.197,1.212,0.4612755860002835,
2026-10-06T09:23:00.655957+00:00,790.0051904279999,B,2069,164.7,8.99995008627731,822296576,822296576,267,44,471859200,383119769,37,1.033,0,0.0,16,0.144,1.178,0.40804135600001246,
2026-10-06T09:23:00.656222+00:00,790.0054559170003,C,2067,146.58,7.399628278193096,912506880,912506880,261,38,599785472,380633088,27,0.821,0,0.0,8,0.088,0.909,0.32044152799971926,
2026-10-06T09:23:05.655819+00:00,795.0050496399999,A,2066,169.58,7.600035220083795,873107456,873107456,269,45,529530880,480753254,39,1.016,0,0.0,16,0.197,1.212,0.33124750300021333,
2026-10-06T09:23:05.655957+00:00,795.0051905720002,B,2069,165.12,8.399999758079828,822296576,822296576,267,44,471859200,395702681,37,1.033,0,0.0,16,0.144,1.178,0.37370696400012093,
2026-10-06T09:23:05.656010+00:00,795.0052442219999,C,2067,146.93,7.000296385549137,912506880,912506880,261,38,599785472,381681664,27,0.821,0,0.0,8,0.088,0.909,0.4556037170000309,
2026-10-06T09:23:10.655820+00:00,800.0050504440001,A,2066,169.98,7.999998713599532,873107456,873107456,269,45,529530880,488093286,39,1.016,0,0.0,16,0.197,1.212,0.39291801499985013,
2026-10-06T09:23:10.655920+00:00,800.005153654,B,2069,165.49,7.4000546390438275,822296576,822296576,267,44,471859200,408285593,37,1.033,0,0.0,16,0.144,1.178,0.4138143449999916,
2026-10-06T09:23:10.655980+00:00,800.0052141400001,C,2067,147.27,6.800040911765855,912506880,912506880,261,38,599785472,383778816,27,0.821,0,0.0,8,0.088,0.909,0.42420358399976976,
2026-10-06T09:23:15.655802+00:00,805.0050324060003,A,2066,170.34,7.200025974813664,873127936,873127936,269,45,529530880,237158502,40,1.021,0,0.0,16,0.197,1.218,0.42671688399968843,
2026-10-06T09:23:15.655943+00:00,805.0051762020003,B,2069,165.89,7.999963923361775,822296576,822296576,267,44,471859200,419819929,37,1.033,0,0.0,16,0.144,1.178,0.48216721799963125,
2026-10-06T09:23:15.656000+00:00,805.005233498,C,2067,147.66,7.799969801636772,912543744,912543744,261,38,599785472,384827392,27,0.821,0,0.0,8,0.088,0.909,0.3915366470000663,
2026-10-06T09:23:20.655836+00:00,810.0050666760003,A,2066,170.75,8.199943797585119,873160704,873160704,269,45,529530880,245547110,40,1.021,0,0.0,16,0.197,1.218,0.37476388599998245,
2026-10-06T09:23:20.657202+00:00,810.006436102,B,2069,166.35,9.197682367997631,822300672,822300672,267,44,471859200,431354265,37,1.033,0,0.0,16,0.144,1.178,0.35165685600031793,
2026-10-06T09:23:20.657246+00:00,810.0064794670002,C,2067,148.03,7.398156425287275,912543744,912543744,261,38,599785472,385875968,27,0.821,0,0.0,8,0.088,0.909,0.29213040700005877,
2026-10-06T09:23:25.655816+00:00,815.0050470700003,A,2066,171.16,8.200032153966053,873160704,873160704,269,45,529530880,253935718,40,1.021,0,0.0,16,0.197,1.218,0.3902251569998043,
2026-10-06T09:23:25.655956+00:00,815.0051863829999,B,2069,166.83,9.602400060360655,822300672,822300672,267,44,471859200,247208960,38,1.037,0,0.0,16,0.144,1.182,0.4257861149999371,
2026-10-06T09:23:25.656187+00:00,815.005420079,C,2067,148.4,7.401568226512395,912584704,912584704,261,38,599785472,387973120,27,0.821,0,0.0,8,0.088,0.909,0.3903466199999457,
2026-10-06T09:23:30.655834+00:00,820.0050651269999,A,2066,171.56,7.9999711089051235,873160704,873160704,269,45,529530880,263372902,40,1.021,0,0.0,16,0.197,1.218,0.4600256180001452,
2026-10-06T09:23:30.655950+00:00,820.0051830339999,B,2069,167.26,8.600005760283517,822300672,822300672,267,44,471859200,259791872,38,1.037,0,0.0,16,0.144,1.182,0.3700187850004113,
2026-10-06T09:23:30.656081+00:00,820.005314557,C,2067,148.74,6.80014351294884,912588800,912588800,261,38,599785472,389021696,27,0.821,0,0.0,8,0.088,0.909,0.4118303770001148,
2026-10-06T09:23:35.655803+00:00,825.0050342300001,A,2066,171.98,8.400051907280105,873160704,873160704,269,45,529530880,270712934,40,1.021,0,0.0,16,0.197,1.218,0.4325155349997658,
2026-10-06T09:23:35.655991+00:00,825.0052248709999,B,2069,167.68,8.399929714428382,822304768,822304768,267,44,471859200,269229056,38,1.037,0,0.0,16,0.144,1.182,0.4004010560001916,
2026-10-06T09:23:35.656181+00:00,825.0054144199999,C,2067,149.11,7.399852205712176,912596992,912596992,261,38,599785472,391118848,27,0.821,0,0.0,8,0.088,0.909,0.3285689420004019,
2026-10-06T09:23:40.655869+00:00,830.0050990660002,A,2066,172.39,8.199893670338579,873160704,873160704,269,45,529530880,279101542,40,1.021,0,0.0,16,0.197,1.218,0.38107554799989884,
2026-10-06T09:23:40.656008+00:00,830.0052415099999,B,2069,168.11,8.599971381015335,822304768,822304768,267,44,471859200,280763392,38,1.037,0,0.0,16,0.144,1.182,0.3607453110003007,
2026-10-06T09:23:40.656068+00:00,830.0053012789999,C,2067,149.47,7.200162926726341,912596992,912596992,261,38,599785472,392167424,27,0.821,0,0.0,8,0.088,0.909,0.4007769360000566,
2026-10-06T09:23:45.655872+00:00,835.0051033519999,A,2066,172.77,7.599993485286527,873160704,873160704,269,45,529530880,287490150,40,1.021,0,0.0,16,0.197,1.218,0.35223073200040744,
2026-10-06T09:23:45.655973+00:00,835.0052064420001,B,2069,168.5,7.800054706463043,822304768,822304768,267,44,471859200,291249152,38,1.037,0,0.0,16,0.144,1.182,0.43098595499986914,
2026-10-06T09:23:45.656048+00:00,835.0052812590002,C,2067,149.77,6.000024024096105,912596992,912596992,261,38,599785472,394264576,27,0.821,0,0.0,8,0.088,0.909,0.33834552500002246,
2026-10-06T09:23:50.655797+00:00,840.0050284940003,A,2066,173.16,7.8001167802275,873160704,873160704,269,45,529530880,295878758,40,1.021,0,0.0,16,0.197,1.218,0.3250948309996602,
2026-10-06T09:23:50.655906+00:00,840.0051399710001,B,2069,168.92,8.400111672764488,822304768,822304768,267,44,471859200,302783488,38,1.037,0,0.0,16,0.144,1.182,0.4290804440001921,
2026-10-06T09:23:50.655966+00:00,840.0051998970002,C,2067,150.12,7.000113908653378,912596992,912596992,261,38,599785472,395313152,27,0.821,0,0.0,8,0.088,0.909,0.39026296399970306,
2026-10-06T09:23:55.655806+00:00,845.0050374570001,A,2066,173.54,7.599986376264635,873160704,873160704,269,45,529530880,304267366,40,1.021,0,0.0,16,0.197,1.218,0.40965281499984485,
2026-10-06T09:23:55.655915+00:00,845.0051484740002,B,2069,169.31,7.799986735342671,822308864,822308864,267,44,471859200,315366400,38,1.037,0,0.0,16,0.144,1.182,0.3990760839997165,
2026-10-06T09:23:55.655988+00:00,845.0052217339999,C,2067,150.47,6.999969428333934,912601088,912601088,261,38,599785472,397410304,27,0.821,0,0.0,8,0.088,0.909,0.37311471100019844,
2026-10-06T09:24:00.655769+00:00,850.0049978430002,A,2066,173.95,8.200064967474473,873254912,873254912,268,45,529530880,312655974,40,1.021,0,0.0,16,0.197,1.218,0.34881620299984206,
2026-10-06T09:24:00.655901+00:00,850.005134769,B,2069,169.73,8.400023024463076,822308864,822308864,267,44,471859200,326900736,38,1.037,0,0.0,16,0.144,1.182,0.4311065460001373,
2026-10-06T09:24:00.655957+00:00,850.005190627,C,2067,150.83,7.200044794358687,912617472,912617472,261,38,599785472,398458880,27,0.821,0,0.0,8,0.088,0.909,0.36519261000012193,
2026-10-06T09:24:05.655843+00:00,855.0050733200001,A,2066,174.37,8.399873200554604,873172992,873172992,268,44,529530880,321044582,40,1.021,0,0.0,16,0.197,1.218,0.39762949499981914,
2026-10-06T09:24:05.655997+00:00,855.0052267760002,B,2069,170.18,8.999834390447521,822308864,822308864,267,44,471859200,339483648,38,1.037,0,0.0,16,0.144,1.182,0.4319890080000732,
2026-10-06T09:24:05.656119+00:00,855.0053520880001,C,2067,151.18,6.999773961899068,912617472,912617472,261,38,599785472,399507456,27,0.821,0,0.0,8,0.088,0.909,0.42686385099977997,
2026-10-06T09:24:10.655797+00:00,860.0050272630001,A,2066,174.81,8.800081061066575,873172992,873172992,268,44,529530880,329433190,40,1.021,0,0.0,16,0.197,1.218,0.3091436300001078,
2026-10-06T09:24:10.655919+00:00,860.0051523460002,B,2069,170.59,8.200122067017087,822308864,822308864,267,44,471859200,349969408,38,1.037,0,0.0,16,0.144,1.182,0.41497441799992885,
2026-10-06T09:24:10.655989+00:00,860.0052222009999,C,2067,151.54,7.20018704213884,912617472,912617472,261,38,599785472,401604608,27,0.821,0,0.0,8,0.088,0.909,0.416972547000114,
2026-10-06T09:24:15.655872+00:00,865.005102568,A,2066,175.25,8.79986746519627,873172992,873172992,268,44,529530880,337821798,40,1.021,0,0.0,16,0.197,1.218,0.5157263950000015,
2026-10-06T09:24:15.655973+00:00,865.0052063430003,B,2069,171.05,9.19990064659289,822308864,822308864,267,44,471859200,360455168,38,1.037,0,0.0,16,0.144,1.182,0.5112482939998699,
2026-10-06T09:24:15.656037+00:00,865.0052705749999,C,2067,151.92,7.599926472231251,912617472,912617472,261,38,599785472,402653184,27,0.821,0,0.0,8,0.088,0.909,0.4369105870000567,
2026-10-06T09:24:20.655813+00:00,870.0050443260002,A,2066,175.63,7.600088528870817,873172992,873172992,268,44,529530880,345161830,40,1.021,0,0.0,16,0.197,1.218,0.5034252749996995,
2026-10-06T09:24:20.656017+00:00,870.0052505160002,B,2069,171.47,8.399925790015569,822308864,822308864,267,44,471859200,373038080,38,1.037,0,0.0,16,0.144,1.182,0.4421274199999061,
2026-10-06T09:24:20.656220+00:00,870.0054533299999,C,2067,152.23,6.199773392082831,912617472,912617472,261,38,599785472,404750336,27,0.821,0,0.0,8,0.088,0.909,0.418967110000267,
2026-10-06T09:24:25.655818+00:00,875.0050494450002,A,2066,176.05,8.399991400089156,873177088,873177088,268,44,529530880,354599014,40,1.021,0,0.0,16,0.197,1.218,0.38670359399975496,
2026-10-06T09:24:25.655961+00:00,875.0051942180003,B,2069,171.94,9.400105841431504,822317056,822317056,267,44,471859200,384572416,38,1.037,0,0.0,16,0.144,1.182,0.47751829699973314,
2026-10-06T09:24:25.656053+00:00,875.0052860710002,C,2067,152.59,7.200240861017049,912785408,912785408,261,40,599785472,406847488,27,0.821,0,0.0,8,0.088,0.909,0.4315320440000505,
2026-10-06T09:24:30.655814+00:00,880.0050451709999,A,2066,176.42,7.400006325525338,873177088,873177088,268,44,529530880,362987622,40,1.021,0,0.0,16,0.197,1.218,0.5222197140001299,
2026-10-06T09:24:30.655937+00:00,880.0051708250003,B,2069,172.33,7.800036493251021,822317056,822317056,267,44,471859200,397155328,38,1.037,0,0.0,16,0.144,1.182,0.4614851739997903,
2026-10-06T09:24:30.655995+00:00,880.0052289620003,C,2067,152.93,6.800077669127126,912785408,912785408,261,40,599785472,408944640,27,0.821,0,0.0,8,0.088,0.909,0.48697143099980167,
2026-10-06T09:24:35.655831+00:00,885.0050614850002,A,2066,176.88,9.199969982337592,873177088,873177088,268,44,529530880,371376230,40,1.021,0,0.0,16,0.197,1.218,0.3874472859997695,
2026-10-06T09:24:35.655944+00:00,885.0051780100002,B,2069,172.78,8.999987067018433,822317056,822317056,267,44,471859200,408689664,38,1.037,0,0.0,16,0.144,1.182,0.4028817089997574,
2026-10-06T09:24:35.655979+00:00,885.0052131020002,C,2067,153.29,7.2000228384722575,912785408,912785408,261,40,599785472,409993216,27,0.821,0,0.0,8,0.088,0.909,0.42220871199970134,
2026-10-06T09:24:40.655813+00:00,890.005044469,A,2066,177.25,7.400025183765988,873177088,873177088,268,44,529530880,379764838,40,1.021,0,0.0,16,0.197,1.218,0.4826097430000118,
2026-10-06T09:24:40.655922+00:00,890.005155761,B,2069,173.2,8.400037378486527,822317056,822317056,267,44,471859200,421272576,38,1.037,0,0.0,16,0.144,1.182,0.5000529700000698,
2026-10-06T09:24:40.656004+00:00,890.0052383900002,C,2067,153.62,6.599966620009125,912793600,912793600,261,40,599785472,412090368,27,0.821,0,0.0,8,0.088,0.909,0.42951626300009593,
2026-10-06T09:24:45.655793+00:00,895.0050239000002,A,2066,177.69,8.800036201588606,873177088,873177088,268,44,529530880,388153446,40,1.021,0,0.0,16,0.197,1.218,0.46290678600007595,
2026-10-06T09:24:45.655903+00:00,895.005136539,B,2069,173.67,9.400036137498889,822317056,822317056,267,44,471859200,432806912,38,1.037,0,0.0,16,0.144,1.182,0.3456186930002332,
2026-10-06T09:24:45.655941+00:00,895.0051736999999,C,2067,154.0,7.600098330072518,912793600,912793600,261,40,599785472,413138944,27,0.821,0,0.0,8,0.088,0.909,0.47350544400023864,
2026-10-06T09:24:50.655784+00:00,900.0050021350003,A,2066,178.1,8.200035694755194,873177088,873177088,268,44,529530880,395493478,40,1.021,0,0.0,16,0.197,1.218,0.42968137799971373,
2026-10-06T09:24:50.656972+00:00,900.0062055520002,B,2069,174.16,9.797905182397175,822317056,822317056,267,44,471859200,246162227,39,1.045,0,0.0,16,0.144,1.189,0.43216663699968194,
2026-10-06T09:24:50.657047+00:00,900.0062802790003,C,2067,154.38,7.598318372090117,912793600,912793600,261,40,599785472,414187520,27,0.821,0,0.0,8,0.088,0.909,0.49246583299964186,
2026-10-06T09:24:55.655811+00:00,905.0050423000002,A,2066,178.48,7.599938949690367,873181184,873181184,268,44,529530880,405979238,40,1.021,0,0.0,16,0.197,1.218,0.43864577399972404,
2026-10-06T09:24:55.655902+00:00,905.005136411,B,2069,174.57,8.20175376624501,822317056,822317056,267,44,471859200,256647987,39,1.045,0,0.0,16,0.144,1.189,0.4206052350000391,
2026-10-06T09:24:55.655939+00:00,905.0051723750003,C,2067,154.76,7.601684387307853,912826368,912826368,261,40,599785472,417333248,27,0.821,0,0.0,8,0.088,0.909,0.346814116999667,
2026-10-06T09:25:00.655782+00:00,910.0050129360002,A,2066,178.91,8.600050506376848,873181184,873181184,268,44,529530880,418562150,40,1.021,0,0.0,16,0.197,1.218,0.4879030600000078,
2026-10-06T09:25:00.655903+00:00,910.0051368320001,B,2069,175.03,9.199999225360049,822317056,822317056,267,44,471859200,267133747,39,1.045,0,0.0,16,0.144,1.189,0.4859690779999255,
2026-10-06T09:25:00.655954+00:00,910.005187453,C,2067,155.14,7.599977081509469,912826368,912826368,261,40,599785472,418381824,27,0.821,0,0.0,8,0.088,0.909,0.3577540350001982,
2026-10-06T09:25:05.655831+00:00,915.0050606250002,A,2066,179.39,9.599908437993125,873181184,873181184,268,44,529530880,429047910,40,1.021,0,0.0,16,0.197,1.218,0.4701738829999158,
2026-10-06T09:25:05.655949+00:00,915.0051824930001,B,2069,175.41,7.599930595913633,822317056,822317056,267,44,471859200,274473779,39,1.045,0,0.0,16,0.144,1.189,0.3776973369999723,
2026-10-06T09:25:05.656010+00:00,915.00524357,C,2067,155.51,7.39991694777224,912826368,912826368,261,40,599785472,419430400,27,0.821,0,0.0,8,0.088,0.909,0.4132127450002372,
2026-10-06T09:25:10.655830+00:00,920.0050614440001,A,2066,179.79,7.999998689600361,873181184,873181184,268,44,529530880,440582246,40,1.021,0,0.0,16,0.197,1.218,0.45812853699999323,
2026-10-06T09:25:10.655946+00:00,920.0051798220002,B,2069,175.8,7.800004166762439,822317056,822317056,267,44,471859200,283910963,39,1.045,0,0.0,16,0.144,1.189,0.39251053399993907,
2026-10-06T09:25:10.655989+00:00,920.0052227710003,C,2067,155.91,8.000033278538043,913125376,913125376,261,42,599785472,421527552,27,0.821,0,0.0,8,0.088,0.909,0.3628492009997899,
2026-10-06T09:25:15.655787+00:00,925.00501919,A,2066,180.18,7.8000659167976005,873181184,873181184,268,44,529530880,452116582,40,1.021,0,0.0,16,0.197,1.218,0.3725641609999002,
2026-10-06T09:25:15.655893+00:00,925.0051266109999,B,2069,176.2,8.000085138506005,822317056,822317056,267,44,471859200,292299571,39,1.045,0,0.0,16,0.144,1.189,0.39559489100020073,
2026-10-06T09:25:15.656002+00:00,925.0052360550003,C,2067,156.27,7.1999808710910465,913014784,913014784,261,40,599785472,423624704,27,0.821,0,0.0,8,0.088,0.909,0.4037776169998324,
2026-10-06T09:25:20.655773+00:00,930.005005297,A,2066,180.57,7.800021673139884,873181184,873181184,268,44,529530880,465748070,40,1.021,0,0.0,16,0.197,1.218,0.40648232000012285,
2026-10-06T09:25:20.655882+00:00,930.0051154570001,B,2069,176.6,8.00001784643964,822317056,822317056,267,44,471859200,302785331,39,1.045,0,0.0,16,0.144,1.189,0.3319568709998748,
2026-10-06T09:25:20.655945+00:00,930.0051785370001,C,2067,156.64,7.400085127619057,913043456,913043456,261,40,599785472,424673280,27,0.821,0,0.0,8,0.088,0.909,0.33035032399993725,
2026-10-06T09:25:25.655807+00:00,935.0050374930001,A,2066,180.97,7.9999484867316255,873181184,873181184,268,44,529530880,479379558,40,1.021,0,0.0,16,0.197,1.218,0.360412819999965,
2026-10-06T09:25:25.655929+00:00,935.0051622159999,B,2069,176.98,7.59992892698485,822317056,822317056,267,44,471859200,314319667,39,1.045,0,0.0,16,0.144,1.189,0.45013121300007697,
2026-10-06T09:25:25.656304+00:00,935.0055376939999,C,2067,156.96,6.399540312060689,912904192,912904192,261,38,599785472,425721856,27,0.821,0,0.0,8,0.088,0.909,0.33720349200029887,
2026-10-06T09:25:30.655806+00:00,940.0050376280001,A,2066,181.38,8.199999778600041,873181184,873181184,268,44,529530880,488816742,40,1.021,0,0.0,16,0.197,1.218,0.460378227000092,
2026-10-06T09:25:30.655970+00:00,940.005203493,B,2069,177.39,8.199932306278711,822317056,822317056,267,44,471859200,321659699,39,1.045,0,0.0,16,0.144,1.189,0.34684931400033747,
2026-10-06T09:25:30.656032+00:00,940.0052657460001,C,2067,157.34,7.600413383443461,912949248,912949248,261,38,599785472,427819008,27,0.821,0,0.0,8,0.088,0.909,0.4583687220001593,
2026-10-06T09:25:35.655809+00:00,945.0050403109999,A,2066,182.17,15.799991521724957,873234432,873234432,268,44,529530880,240270438,41,1.026,0,0.0,18,0.206,1.233,0.3822845760000746,
2026-10-06T09:25:35.655910+00:00,945.0051440020002,B,2069,177.77,7.600090427396059,822317056,822317056,267,44,471859200,330048307,39,1.045,0,0.0,16,0.144,1.189,0.29937976399969557,
2026-10-06T09:25:35.656029+00:00,945.0052628500002,C,2067,157.71,7.400004286082338,912949248,912949248,261,38,599785472,428867584,27,0.821,0,0.0,8,0.088,0.909,0.416408711999793,
2026-10-06T09:25:40.655792+00:00,950.0050231780001,A,2066,182.55,7.600026042249411,873234432,873234432,268,44,529530880,253901926,41,1.026,0,0.0,18,0.206,1.233,0.44697073099996487,
2026-10-06T09:25:40.655902+00:00,950.00513499,B,2069,178.13,7.20001297730337,822321152,822321152,267,44,471859200,341582643,39,1.045,0,0.0,16,0.144,1.189,0.33313460799990935,
2026-10-06T09:25:40.656014+00:00,950.0052474230001,C,2067,158.05,6.800020980784948,912949248,912949248,261,38,599785472,430964736,27,0.821,0,0.0,8,0.088,0.909,0.3253632299997662,
2026-10-06T09:25:45.655822+00:00,955.0050536140002,A,2066,182.97,8.399948867830853,873271296,873271296,268,44,529530880,263339110,41,1.026,0,0.0,18,0.206,1.233,0.4092495350000718,
2026-10-06T09:25:45.655925+00:00,955.0051580069999,B,2069,178.5,7.399965934997089,822321152,822321152,267,44,471859200,348922675,39,1.045,0,0.0,16,0.144,1.189,0.3141983940004138,
2026-10-06T09:25:45.655974+00:00,955.0052077310002,C,2067,158.44,7.800061920011231,912961536,912961536,261,38,599785472,432013312,27,0.821,0,0.0,8,0.088,0.909,0.3667938539997522,
2026-10-06T09:25:50.655963+00:00,960.005193595,A,2066,183.36,7.799781635753902,873271296,873271296,268,44,529530880,273824870,41,1.026,0,0.0,18,0.206,1.233,0.43234444500012614,
2026-10-06T09:25:50.656085+00:00,960.0053185320003,B,2069,178.89,7.799749589038531,822321152,822321152,267,44,471859200,356262707,39,1.045,0,0.0,16,0.144,1.189,0.3868880420000096,
2026-10-06T09:25:50.656155+00:00,960.0053885880002,C,2067,158.8,7.199739575340152,912961536,912961536,261,38,599785472,433061888,27,0.821,0,0.0,8,0.088,0.909,0.4452938969998286,
2026-10-06T09:25:55.655907+00:00,965.0051389750001,A,2066,183.81,9.00009831707361,873271296,873271296,268,44,529530880,286407782,41,1.026,0,0.0,18,0.206,1.233,0.4037527139998929,
2026-10-06T09:25:55.656011+00:00,965.005244428,B,2069,179.31,8.400124496565969,822321152,822321152,267,44,471859200,366748467,39,1.045,0,0.0,16,0.144,1.189,0.48056278900003235,
2026-10-06T09:25:55.656070+00:00,965.0053033260001,C,2067,159.16,7.200122779373509,912961536,912961536,261,38,599785472,435159040,27,0.821,0,0.0,8,0.088,0.909,0.44198292999999467,
2026-10-06T09:26:00.655823+00:00,970.0050546269999,A,2066,184.24,8.60014508100794,873271296,873271296,268,44,529530880,300039270,41,1.026,0,0.0,18,0.206,1.233,0.4408827370002655,
2026-10-06T09:26:00.656017+00:00,970.00525002,B,2069,179.69,7.5999915001694465,822321152,822321152,267,44,471859200,377234227,39,1.045,0,0.0,16,0.144,1.189,0.3732884800001557,
2026-10-06T09:26:00.656167+00:00,970.0054008070001,C,2067,159.56,7.9998440334408505,912965632,912965632,261,38,599785472,436207616,27,0.821,0,0.0,8,0.088,0.909,0.4419312199997876,
2026-10-06T09:26:05.655813+00:00,975.0050440690002,A,2066,184.69,9.000019004439466,873271296,873271296,268,44,529530880,312622182,41,1.026,0,0.0,18,0.206,1.233,0.3670569669998258,
2026-10-06T09:26:05.655936+00:00,975.0051693169999,B,2069,180.11,8.40013558322887,822321152,822321152,267,44,471859200,388768563,39,1.045,0,0.0,16,0.144,1.189,0.45537815500028955,
2026-10-06T09:26:05.655976+00:00,975.0052104480001,C,2067,159.91,7.000266512746569,912965632,912965632,261,38,599785472,437256192,27,0.821,0,0.0,8,0.088,0.909,0.39074188799986587,
2026-10-06T09:26:10.656049+00:00,980.005279731,A,2066,185.08,7.799632384607211,873271296,873271296,268,44,529530880,323107942,41,1.026,0,0.0,18,0.206,1.233,0.38651796600015587,
2026-10-06T09:26:10.656259+00:00,980.005492836,B,2069,180.5,7.799495343012677,822321152,822321152,267,44,471859200,396108595,39,1.045,0,0.0,16,0.144,1.189,0.39065649199983454,
2026-10-06T09:26:10.657671+00:00,980.0069041470001,C,2067,160.28,7.397494174302922,912973824,912973824,261,38,599785472,439353344,27,0.821,0,0.0,8,0.088,0.909,0.4123045279998223,
2026-10-06T09:26:15.655813+00:00,985.0050439699999,A,2066,185.5,8.400396097156792,873271296,873271296,268,44,529530880,333593702,41,1.026,0,0.0,18,0.206,1.233,0.3408046210001885,
2026-10-06T09:26:15.655924+00:00,985.005157225,B,2069,180.9,8.000537013645783,822321152,822321152,267,44,471859200,402400051,39,1.045,0,0.0,16,0.144,1.189,0.3783422760002395,
2026-10-06T09:26:15.656033+00:00,985.0052665940002,C,2067,160.68,8.002620943186646,912982016,912982016,261,38,599785472,440401920,27,0.821,0,0.0,8,0.088,0.909,0.42160913199995775,
2026-10-06T09:26:20.655816+00:00,990.005047523,A,2066,185.89,7.799994457323402,873271296,873271296,268,44,529530880,345128038,41,1.026,0,0.0,18,0.206,1.233,0.3604340189999675,
2026-10-06T09:26:20.655924+00:00,990.0051573569999,B,2069,181.31,8.19999978351999,822321152,822321152,267,44,471859200,413934387,39,1.045,0,0.0,16,0.144,1.189,0.38930112000025474,
2026-10-06T09:26:20.656007+00:00,990.005237458,C,2067,161.06,7.600044286978274,912994304,912994304,261,38,599785472,442499072,27,0.821,0,0.0,8,0.088,0.909,0.4444404900000336,
2026-10-06T09:26:25.655807+00:00,995.005038844,A,2066,186.3,8.20001423358533,873275392,873275392,268,44,529530880,355613798,41,1.026,0,0.0,18,0.206,1.233,0.324735525000051,
2026-10-06T09:26:25.655957+00:00,995.005188264,B,2069,181.63,6.399960439284263,822321152,822321152,267,44,471859200,422322995,39,1.045,0,0.0,16,0.144,1.189,0.35734080000020185,
2026-10-06T09:26:25.656120+00:00,995.0053536270002,C,2067,161.39,6.599846660482085,913006592,913006592,261,38,599785472,443547648,27,0.821,0,0.0,8,0.088,0.909,0.4045777649998854,
2026-10-06T09:26:30.655799+00:00,1000.0050303840003,A,2066,186.74,8.800014889624554,873275392,873275392,268,44,529530880,366099558,41,1.026,0,0.0,18,0.206,1.233,0.3194613399996342,
2026-10-06T09:26:30.655900+00:00,1000.005133489,B,2069,182.03,8.000087640960349,822321152,822321152,267,44,471859200,429663027,39,1.045,0,0.0,16,0.144,1.189,0.3798965890000545,
2026-10-06T09:26:30.656023+00:00,1000.0052566290001,C,2067,161.77,7.60014743982093,913006592,913006592,261,38,599785472,444596224,27,0.821,0,0.0,8,0.088,0.909,0.32895655399988755,
2026-10-06T09:26:35.655797+00:00,1005.0050279060001,A,2066,187.16,8.400004163042098,873275392,873275392,268,44,529530880,378682470,41,1.026,0,0.0,18,0.206,1.233,0.40368207699975756,
2026-10-06T09:26:35.655895+00:00,1005.0051288330001,B,2069,183.25,24.40002272130052,822329344,822329344,267,44,471859200,244461772,40,1.061,0,0.0,18,0.161,1.222,0.40552531200000885,
2026-10-06T09:26:35.656057+00:00,1005.0052903650003,C,2067,162.11,6.799954119349355,913006592,913006592,261,38,599785472,446693376,27,0.821,0,0.0,8,0.088,0.909,0.393334601999868,
2026-10-06T09:26:40.655788+00:00,1010.005019622,A,2066,187.58,8.400013917143646,873275392,873275392,268,44,529530880,391265382,41,1.026,0,0.0,18,0.206,1.233,0.4631595060000109,
2026-10-06T09:26:40.655888+00:00,1010.0051214499999,B,2069,183.66,8.200012108138036,822329344,822329344,267,44,471859200,253898956,40,1.061,0,0.0,18,0.161,1.222,0.44110192300013296,
2026-10-06T09:26:40.656054+00:00,1010.0052874090002,C,2067,162.49,7.600004493122743,913006592,913006592,261,38,599785472,447741952,27,0.821,0,0.0,8,0.088,0.909,0.4043288200000461,
2026-10-06T09:26:45.655810+00:00,1015.0050418830001,A,2066,187.98,7.999964382557898,873275392,873275392,268,44,529530880,404896870,41,1.026,0,0.0,18,0.206,1.233,0.38990972900001,
2026-10-06T09:26:45.655919+00:00,1015.005152614,B,2069,184.07,8.199948891358284,822329344,822329344,267,44,471859200,265433292,40,1.061,0,0.0,18,0.161,1.222,0.3971896650000417,
2026-10-06T09:26:45.656302+00:00,1015.0055356890002,C,2067,162.87,7.599622633138361,913006592,913006592,261,38,599785472,449839104,27,0.821,0,0.0,8,0.088,0.909,0.4703762129997813,
2026-10-06T09:26:50.655804+00:00,1020.0050345489999,A,2066,188.33,7.000010267615798,873275392,873275392,268,44,529530880,415382630,41,1.026,0,0.0,18,0.206,1.233,0.4043990840000333,
2026-10-06T09:26:50.655911+00:00,1020.0051447400001,B,2069,184.47,8.00001259841987,822329344,822329344,267,44,471859200,274870476,40,1.061,0,0.0,18,0.161,1.222,0.30081545099983487,
2026-10-06T09:26:50.656011+00:00,1020.0052447600001,C,2067,163.19,6.40037241078905,913006592,913006592,261,38,599785472,450887680,27,0.821,0,0.0,8,0.088,0.909,0.33925895099991976,
2026-10-06T09:26:55.655779+00:00,1025.005010665,A,2066,188.67,6.800032482394393,873275392,873275392,268,44,529530880,424819814,41,1.026,0,0.0,18,0.206,1.233,0.41335378599978867,
2026-10-06T09:26:55.656855+00:00,1025.006088172,B,2069,184.83,7.198641714210349,822329344,822329344,267,44,471859200,281161932,40,1.061,0,0.0,18,0.161,1.222,0.3798522150000281,
2026-10-06T09:26:55.656899+00:00,1025.0061329190003,C,2067,163.52,6.598827838333214,913006592,913006592,261,38,599785472,451936256,27,0.821,0,0.0,8,0.088,0.909,0.43595927499973186,
2026-10-06T09:27:00.655780+00:00,1030.005011703,A,2066,189.01,6.799998588320448,873275392,873275392,268,44,529530880,437402726,41,1.026,0,0.0,18,0.206,1.233,0.4122672270000294,
2026-10-06T09:27:00.656949+00:00,1030.00618266,B,2069,185.22,7.799852601505468,822329344,822329344,267,44,471859200,291647692,40,1.061,0,0.0,18,0.161,1.222,0.3824266770002396,
2026-10-06T09:27:00.657724+00:00,1030.006957658,C,2067,163.88,7.198812571703887,913018880,913018880,261,38,599785472,454033408,27,0.821,0,0.0,8,0.088,0.909,0.443272947999958,
2026-10-06T09:27:05.655794+00:00,1035.005025719,A,2066,189.44,8.599975892547675,873275392,873275392,268,44,529530880,449985638,41,1.026,0,0.0,18,0.206,1.233,0.419443420999869,
2026-10-06T09:27:05.656898+00:00,1035.0061315880002,B,2069,185.6,7.600077630232366,822329344,822329344,267,44,471859200,300036300,40,1.061,0,0.0,18,0.161,1.222,0.43396262899977955,
2026-10-06T09:27:05.657105+00:00,1035.006339099,C,2067,164.24,7.20089083516714,913018880,913018880,261,38,599785472,455081984,27,0.821,0,0.0,8,0.088,0.909,0.4185227850002775,
2026-10-06T09:27:10.655802+00:00,1040.0050324120002,A,2066,189.85,8.199989023494364,873275392,873275392,268,44,529530880,458374246,41,1.026,0,0.0,18,0.206,1.233,0.4258020289998967,
2026-10-06T09:27:10.655912+00:00,1040.005145431,B,2069,186.0,8.001578162463579,822329344,822329344,267,44,471859200,307376332,40,1.061,0,0.0,18,0.161,1.222,0.3964009440001064,
2026-10-06T09:27:10.655963+00:00,1040.005197339,C,2067,164.59,7.001598829095543,913027072,913027072,261,38,599785472,457179136,27,0.821,0,0.0,8,0.088,0.909,0.4497653910002555,
2026-10-06T09:27:15.655821+00:00,1045.005052134,A,2066,190.26,8.19996765604799,873275392,873275392,268,44,529530880,472005734,41,1.026,0,0.0,18,0.206,1.233,0.3288032909999856,
2026-10-06T09:27:15.655970+00:00,1045.005203401,B,2069,186.46,9.19989333643692,822394880,822394880,266,44,471859200,317862092,40,1.061,0,0.0,18,0.161,1.222,0.42674759100009396,
2026-10-06T09:27:15.656016+00:00,1045.0052500010001,C,2067,164.94,6.999926273976197,913027072,913027072,261,38,599785472,458227712,27,0.821,0,0.0,8,0.088,0.909,0.419957734000036,
2026-10-06T09:27:20.655850+00:00,1050.0050810880002,A,2066,190.68,8.399951357561495,873275392,873275392,268,44,529530880,482491494,41,1.026,0,0.0,18,0.206,1.233,0.38705229099969074,
2026-10-06T09:27:20.655971+00:00,1050.005204733,B,2069,186.88,8.399997762240329,822312960,822312960,266,43,471859200,327299276,40,1.061,0,0.0,18,0.161,1.222,0.41483037700027126,
2026-10-06T09:27:20.656077+00:00,1050.0053070120002,C,2067,165.34,7.999908783440055,913035264,913035264,261,38,599785472,459276288,27,0.821,0,0.0,8,0.088,0.909,0.31226828299986664,
2026-10-06T09:27:25.655823+00:00,1055.005053291,A,2066,191.09,8.200045587333792,873275392,873275392,268,44,529530880,492977254,41,1.026,0,0.0,18,0.206,1.233,0.32087350200026776,
2026-10-06T09:27:25.655936+00:00,1055.0051691150002,B,2069,187.26,7.60005413974536,822312960,822312960,266,43,471859200,335687884,40,1.061,0,0.0,18,0.161,1.222,0.3803385379997053,
2026-10-06T09:27:25.655994+00:00,1055.005227062,C,2067,165.69,7.0001119317901335,913035264,913035264,261,38,599785472,461373440,27,0.821,0,0.0,8,0.088,0.909,0.38010378000035416,
2026-10-06T09:27:30.655797+00:00,1060.005028004,A,2066,191.51,8.400042482374552,873275392,873275392,268,44,529530880,244463104,42,1.039,0,0.0,18,0.206,1.245,0.3922214320000421,
2026-10-06T09:27:30.655926+00:00,1060.0051593560001,B,2069,187.66,8.000015614430625,822312960,822312960,266,43,471859200,344076492,40,1.061,0,0.0,18,0.161,1.222,0.36698428899990176,
2026-10-06T09:27:30.656084+00:00,1060.005317568,C,2067,166.05,7.199869673719182,913043456,913043456,261,38,599785472,462422016,27,0.821,0,0.0,8,0.088,0.909,0.43012592100012625,
2026-10-06T09:27:35.655782+00:00,1065.005013466,A,2066,191.94,8.600025005432773,873275392,873275392,268,44,529530880,263337472,42,1.039,0,0.0,18,0.206,1.245,0.38670302899981834,
2026-10-06T09:27:35.655878+00:00,1065.005111679,B,2069,188.1,8.800083912320288,822317056,822317056,266,43,471859200,355610828,40,1.061,0,0.0,18,0.161,1.222,0.39891280700021525,
2026-10-06T09:27:35.656003+00:00,1065.005236992,C,2067,166.48,8.600138592953147,913084416,913084416,261,38,599785472,464519168,27,0.821,0,0.0,8,0.088,0.909,0.4117977780001638,
2026-10-06T09:27:40.655938+00:00,1070.0051688130002,A,2066,192.39,8.99972038408701,873275392,873275392,268,44,529530880,276968960,42,1.039,0,0.0,18,0.206,1.245,0.4110443489998943,
2026-10-06T09:27:40.656124+00:00,1070.0053565150001,B,2069,188.45,6.9996572463834426,822317056,822317056,266,43,471859200,362950860,40,1.061,0,0.0,18,0.161,1.222,0.3532485020000422,
2026-10-06T09:27:40.656323+00:00,1070.0055564590002,C,2067,166.78,5.999616664092524,913084416,913084416,261,38,599785472,466616320,27,0.821,0,0.0,8,0.088,0.909,0.4579995159997452,
2026-10-06T09:27:45.655789+00:00,1075.00501828,A,2066,192.86,9.400283010561264,873275392,873275392,268,44,529530880,291649024,42,1.039,0,0.0,18,0.206,1.245,0.4368482660001973,
2026-10-06T09:27:45.655911+00:00,1075.0051450660003,B,2069,188.86,8.200346791025954,822317056,822317056,266,43,471859200,369242316,40,1.061,0,0.0,18,0.161,1.222,0.48861421399988103,
2026-10-06T09:27:45.656074+00:00,1075.0053073940003,C,2067,167.18,8.000398523851677,913084416,913084416,261,38,599785472,467664896,27,0.821,0,0.0,8,0.088,0.909,0.4199404789997061,
2026-10-06T09:27:50.655801+00:00,1080.0050320159999,A,2066,193.34,9.59997362695263,873275392,873275392,268,44,529530880,305280512,42,1.039,0,0.0,18,0.206,1.245,0.4487612920001993,
2026-10-06T09:27:50.655928+00:00,1080.005161471,B,2069,189.27,8.199973095888582,822325248,822325248,266,43,471859200,377630924,40,1.061,0,0.0,18,0.161,1.222,0.4263784139998279,
2026-10-06T09:27:50.656001+00:00,1080.0052344,C,2067,167.54,7.200105112894543,913084416,913084416,261,38,599785472,468713472,27,0.821,0,0.0,8,0.088,0.909,0.4122479749999002,
2026-10-06T09:27:55.655811+00:00,1085.0050425260001,A,2066,193.78,8.799981502438369,873275392,873275392,268,44,529530880,319960576,42,1.039,0,0.0,18,0.206,1.245,0.3849733870001728,
2026-10-06T09:27:55.655951+00:00,1085.0051849740003,B,2069,189.66,7.79996333549177,822325248,822325248,266,43,471859200,383922380,40,1.061,0,0.0,18,0.161,1.222,0.4718236779999643,
2026-10-06T09:27:55.656064+00:00,1085.005297869,C,2067,167.87,6.599916221983715,913084416,913084416,261,38,599785472,470810624,27,0.821,0,0.0,8,0.088,0.909,0.433324538999841,
2026-10-06T09:28:00.655787+00:00,1090.005018748,A,2066,194.21,8.600040898354655,873275392,873275392,268,44,529530880,333592064,42,1.039,0,0.0,18,0.206,1.245,0.4075561449999441,
2026-10-06T09:28:00.655892+00:00,1090.005125493,B,2069,190.05,7.800092791464684,822325248,822325248,266,43,471859200,392310988,40,1.061,0,0.0,18,0.161,1.222,0.38387392399999953,
2026-10-06T09:28:00.656138+00:00,1090.005372213,C,2067,168.25,7.59988699880004,913088512,913088512,261,38,599785472,471859200,27,0.821,0,0.0,8,0.088,0.909,0.43723225799976717,
2026-10-06T09:28:05.655836+00:00,1095.005066573,A,2066,194.68,9.399910089860136,873275392,873275392,268,44,529530880,351417856,42,1.039,0,0.0,18,0.206,1.245,0.365750602999924,
2026-10-06T09:28:05.655948+00:00,1095.00518147,B,2069,190.51,9.19989700347249,822464512,822464512,267,45,471859200,400699596,40,1.061,0,0.0,18,0.161,1.222,0.4119790889999422,
2026-10-06T09:28:05.656219+00:00,1095.0054527430002,C,2067,168.61,7.199884038667795,913096704,913096704,261,38,599785472,473956352,27,0.821,0,0.0,8,0.088,0.909,0.41345659599983264,
2026-10-06T09:28:10.655918+00:00,1100.005149487,A,2066,195.16,9.599840807759833,873275392,873275392,268,44,529530880,364000768,42,1.039,0,0.0,18,0.206,1.245,0.34596894700007397,
2026-10-06T09:28:10.656016+00:00,1100.005249673,B,2069,190.93,8.399885420523326,822394880,822394880,267,44,471859200,409088204,40,1.061,0,0.0,18,0.161,1.222,0.446554094000021,
2026-10-06T09:28:10.656067+00:00,1100.0053007239999,C,2067,168.99,7.600231075905989,913113088,913113088,261,38,599785472,475004928,27,0.821,0,0.0,8,0.088,0.909,0.43868962800024747,
2026-10-06T09:28:15.655848+00:00,1105.005078394,A,2066,195.64,9.600136500500374,873275392,873275392,268,44,529530880,378680832,42,1.039,0,0.0,18,0.206,1.245,0.33846905500013236,
2026-10-06T09:28:15.655997+00:00,1105.0052310280003,B,2069,191.34,8.20003057791351,822394880,822394880,267,44,471859200,415379660,40,1.061,0,0.0,18,0.161,1.222,0.3707336929996927,
2026-10-06T09:28:15.656063+00:00,1105.0052971320001,C,2067,169.37,7.600005459843462,913113088,913113088,261,38,599785472,477102080,27,0.821,0,0.0,8,0.088,0.909,0.4369863769998119,
2026-10-06T09:28:20.655791+00:00,1110.005022626,A,2066,196.09,9.000100383520047,873275392,873275392,268,44,529530880,392312320,42,1.039,0,0.0,18,0.206,1.245,0.35130364299993744,
2026-10-06T09:28:20.655964+00:00,1110.005197033,B,2069,191.7,7.200048953132816,822394880,822394880,267,44,471859200,422719692,40,1.061,0,0.0,18,0.161,1.222,0.40330173600023045,
2026-10-06T09:28:20.656035+00:00,1110.005268295,C,2067,169.74,7.400042679006494,913117184,913117184,261,38,599785472,478150656,27,0.821,0,0.0,8,0.088,0.909,0.3039879660000224,
2026-10-06T09:28:25.655849+00:00,1115.005079567,A,2066,196.56,9.399892952139226,873279488,873279488,268,44,529530880,406992384,42,1.039,0,0.0,18,0.206,1.245,0.382810678000169,
2026-10-06T09:28:25.656002+00:00,1115.005231956,B,2069,192.09,7.7999455205009225,822394880,822394880,267,44,471859200,427962572,40,1.061,0,0.0,18,0.161,1.222,0.3291296020001937,
2026-10-06T09:28:25.656233+00:00,1115.005465802,C,2067,170.08,6.799731401090184,913117184,913117184,261,38,599785472,479199232,27,0.821,0,0.0,8,0.088,0.909,0.42923560400004135,
2026-10-06T09:28:30.655810+00:00,1120.0050401050003,A,2066,196.97,8.200064718190184,873279488,873279488,268,44,529530880,421672448,42,1.039,0,0.0,18,0.206,1.245,0.40263938399994004,
2026-10-06T09:28:30.655936+00:00,1120.00517016,B,2069,192.47,7.600093931080752,822394880,822394880,267,44,471859200,240259686,41,1.064,0,0.0,18,0.161,1.226,0.4198574550000558,
2026-10-06T09:28:30.656008+00:00,1120.005241847,C,2067,170.39,6.200277716638572,913117184,913117184,261,38,599785472,481296384,27,0.821,0,0.0,8,0.088,0.909,0.4011899050001375,
2026-10-06T09:28:35.655814+00:00,1125.0050450930003,A,2066,197.41,8.79999122112871,873279488,873279488,268,44,529530880,435303936,42,1.039,0,0.0,18,0.206,1.245,0.4472906060000241,
2026-10-06T09:28:35.656012+00:00,1125.0052431200002,B,2069,192.81,6.799900775847776,822394880,822394880,267,44,471859200,246551142,41,1.064,0,0.0,18,0.161,1.226,0.40044967199992243,
2026-10-06T09:28:35.656582+00:00,1125.005815118,C,2067,170.71,6.39926629724238,913117184,913117184,261,38,599785472,482344960,27,0.821,0,0.0,8,0.088,0.909,0.4497206229998483,
2026-10-06T09:28:40.655856+00:00,1130.0050871450003,A,2066,197.86,8.999924307036903,873279488,873279488,268,44,529530880,449984000,42,1.039,0,0.0,18,0.206,1.245,0.37263820499993017,
2026-10-06T09:28:40.655955+00:00,1130.0051883720002,B,2069,193.22,8.200089787702925,822394880,822394880,267,44,471859200,253891174,41,1.064,0,0.0,18,0.161,1.226,0.3458846710000216,
2026-10-06T09:28:40.656022+00:00,1130.0052560479999,C,2067,171.04,6.600738054924866,913117184,913117184,261,38,599785472,484442112,27,0.821,0,0.0,8,0.088,0.909,0.42165995200002726,
2026-10-06T09:28:45.655948+00:00,1135.0051792210002,A,2066,198.3,8.799837949224374,873279488,873279488,268,44,529530880,464664064,42,1.039,0,0.0,18,0.206,1.245,0.45769902099982573,
2026-10-06T09:28:45.656115+00:00,1135.0053480300003,B,2069,193.61,7.799750941473087,822394880,822394880,267,44,471859200,261231206,41,1.064,0,0.0,18,0.161,1.226,0.4395741199996337,
2026-10-06T09:28:45.656392+00:00,1135.00562497,C,2067,171.4,7.1994687915148345,913117184,913117184,261,38,599785472,485490688,27,0.821,0,0.0,8,0.088,0.909,0.36437445599995044,
2026-10-06T09:28:50.655769+00:00,1140.005000139,A,2066,198.74,8.800315195609407,873279488,873279488,268,44,529530880,478295552,42,1.039,0,0.0,18,0.206,1.245,0.41104422900025384,
2026-10-06T09:28:50.655872+00:00,1140.0051055920003,B,2069,194.0,7.8003782216187645,822394880,822394880,267,44,471859200,267522662,41,1.064,0,0.0,18,0.161,1.226,0.39493596899956174,
2026-10-06T09:28:50.655941+00:00,1140.0051745199999,C,2067,171.79,7.800702765312235,913121280,913121280,261,38,599785472,487587840,27,0.821,0,0.0,8,0.088,0.909,0.31020309200039264,
2026-10-06T09:28:55.655820+00:00,1145.0050390700003,A,2066,199.12,7.599940825340214,873279488,873279488,268,44,529530880,490878464,42,1.039,0,0.0,18,0.206,1.245,0.37955824399978155,
2026-10-06T09:28:55.655932+00:00,1145.0051657160002,B,2069,194.41,8.199901397825766,822394880,822394880,267,44,471859200,275911270,41,1.064,0,0.0,18,0.161,1.226,0.3273934969997754,
2026-10-06T09:28:55.656014+00:00,1145.0052447040002,C,2067,172.13,6.799904551099351,913125376,913125376,261,38,599785472,488636416,27,0.821,0,0.0,8,0.088,0.909,0.369491442999788,
2026-10-06T09:29:00.655797+00:00,1150.0050281449999,A,2066,199.56,8.800019228042714,874053632,874053632,268,44,529530880,245357465,43,1.046,0,0.0,18,0.206,1.252,0.3975792160003948,
2026-10-06T09:29:00.655931+00:00,1150.0051616,B,2069,194.77,7.200005927045336,822398976,822398976,267,44,471859200,282202726,41,1.064,0,0.0,18,0.161,1.226,0.4083682119999139,
2026-10-06T09:29:00.656126+00:00,1150.005359453,C,2067,172.45,6.399853124650945,913125376,913125376,261,38,599785472,490733568,27,0.821,0,0.0,8,0.088,0.909,0.30523352999989584,
2026-10-06T09:29:05.655852+00:00,1155.005083255,A,2066,200.21,12.999856715578936,874188800,874188800,269,46,529530880,261086105,43,1.046,0,0.0,18,0.206,1.252,0.43913526500000444,
2026-10-06T09:29:05.655970+00:00,1155.0052036309999,B,2069,195.17,7.9999327509651845,822398976,822398976,267,44,471859200,290591334,41,1.064,0,0.0,18,0.161,1.226,0.4391589750002822,
2026-10-06T09:29:05.656085+00:00,1155.0053188430002,C,2067,172.8,7.000056854461967,913125376,913125376,261,38,599785472,491782144,27,0.821,0,0.0,8,0.088,0.909,0.41069409400006407,
2026-10-06T09:29:10.655835+00:00,1160.0050664760001,A,2066,200.79,11.600038927410099,874119168,874119168,269,45,529530880,274717593,43,1.046,0,0.0,18,0.206,1.252,0.4443921910001336,
2026-10-06T09:29:10.655942+00:00,1160.0051752690001,B,2069,195.56,7.800044244970864,822398976,822398976,267,44,471859200,297931366,41,1.064,0,0.0,18,0.161,1.226,0.4533892529998411,
2026-10-06T09:29:10.656020+00:00,1160.0052535119999,C,2067,173.12,6.4000836247729245,913125376,913125376,261,38,599785472,492830720,27,0.821,0,0.0,8,0.088,0.909,0.3929478250001921,
2026-10-06T09:29:15.655845+00:00,1165.00507612,A,2066,201.22,8.599983412352346,874119168,874119168,269,45,529530880,291494809,43,1.046,0,0.0,18,0.206,1.252,0.4586154550001993,
2026-10-06T09:29:15.655950+00:00,1165.0051837370002,B,2069,195.94,7.599987128661659,822398976,822398976,267,44,471859200,305271398,41,1.064,0,0.0,18,0.161,1.226,0.4630014009999286,
2026-10-06T09:29:15.656070+00:00,1165.0053037070002,C,2067,173.48,7.199927719924874,913125376,913125376,261,38,599785472,494927872,27,0.821,0,0.0,8,0.088,0.909,0.37780996399988,
2026-10-06T09:29:20.655834+00:00,1170.005052045,A,2066,201.63,8.200039483190134,874119168,874119168,269,45,529530880,303029145,43,1.046,0,0.0,18,0.206,1.252,0.41655042200000025,
2026-10-06T09:29:20.655940+00:00,1170.005173517,B,2069,196.35,8.200016760834435,822398976,822398976,267,44,471859200,311562854,41,1.064,0,0.0,18,0.161,1.226,0.44286797399990974,
2026-10-06T09:29:20.656063+00:00,1170.005296121,C,2067,173.82,6.800010316976082,913125376,913125376,261,38,599785472,495976448,27,0.821,0,0.0,8,0.088,0.909,0.3855416010001136,
2026-10-06T09:29:25.655852+00:00,1175.005082604,A,2066,202.19,11.199931548258068,874123264,874123264,269,45,529530880,317709209,43,1.046,0,0.0,18,0.206,1.252,0.382215775000077,
2026-10-06T09:29:25.655999+00:00,1175.005232684,B,2069,196.75,7.999905333920307,822415360,822415360,267,44,471859200,318902886,41,1.064,0,0.0,18,0.161,1.226,0.4231013369999346,
2026-10-06T09:29:25.656053+00:00,1175.00528639,C,2067,174.15,6.600012844945069,913289216,913289216,261,40,599785472,498073600,27,0.821,0,0.0,8,0.088,0.909,0.42733703300018533,
2026-10-06T09:29:30.655804+00:00,1180.005035218,A,2066,202.64,9.000085295608146,874123264,874123264,269,45,529530880,332389273,43,1.046,0,0.0,18,0.206,1.252,0.4311455219999516,
2026-10-06T09:29:30.655915+00:00,1180.00514897,B,2069,197.17,8.40014064187463,822415360,822415360,267,44,471859200,326242918,41,1.064,0,0.0,18,0.161,1.226,0.44377669599998626,
2026-10-06T09:29:30.655945+00:00,1180.005178756,C,2067,174.55,8.000172218107354,913289216,913289216,261,40,599785472,500170752,27,0.821,0,0.0,8,0.088,0.909,0.40894826800013107,
2026-10-06T09:29:35.655813+00:00,1185.005043861,A,2066,203.07,8.599985134065832,874123264,874123264,269,45,529530880,349166489,43,1.046,0,0.0,18,0.206,1.252,0.33151321600007577,
2026-10-06T09:29:35.655930+00:00,1185.0051637710003,B,2069,197.59,8.399975134393319,822415360,822415360,267,44,471859200,334631526,41,1.064,0,0.0,18,0.161,1.226,0.40169361499965817,
2026-10-06T09:29:35.656030+00:00,1185.005263601,C,2067,174.89,6.7998846127575785,913289216,913289216,261,40,599785472,501219328,27,0.821,0,0.0,8,0.088,0.909,0.3920120460002181,
2026-10-06T09:29:40.655806+00:00,1190.0050373180002,A,2066,203.46,7.800010207093538,874123264,874123264,269,45,529530880,363846553,43,1.046,0,0.0,18,0.206,1.252,0.4114677339998707,
2026-10-06T09:29:40.655917+00:00,1190.005149993,B,2069,197.97,7.6000209426180225,822419456,822419456,267,44,471859200,341971558,41,1.064,0,0.0,18,0.161,1.226,0.2927864030002638,
2026-10-06T09:29:40.656022+00:00,1190.0052550300002,C,2067,175.17,5.600009599536314,913289216,913289216,261,40,599785472,502267904,27,0.821,0,0.0,8,0.088,0.909,0.4360283549999622,
2026-10-06T09:29:45.655761+00:00,1195.0049929269999,A,2066,203.85,7.800069250575017,874123264,874123264,269,45,,,,,,,,,,0.40254284700040444,
2026-10-06T09:29:45.655864+00:00,1195.005098099,B,2069,198.33,7.200074728135977,822419456,822419456,267,44,471859200,351408742,41,1.064,0,0.0,18,0.161,1.226,0.3263914930003011,
2026-10-06T09:29:45.656088+00:00,1195.0053222810002,C,2067,175.5,6.599911229874202,913305600,913305600,261,40,599785472,504365056,27,0.821,0,0.0,8,0.088,0.909,0.35840195999981006,
2026-10-06T09:29:50.655776+00:00,1200.005007225,A,2066,204.28,8.599975407510076,874123264,874123264,269,45,529530880,392158105,43,1.046,0,0.0,18,0.206,1.252,0.3260276860000886,
2026-10-06T09:29:50.655893+00:00,1200.005126269,B,2069,198.69,7.199959435428315,822419456,822419456,267,44,471859200,357700198,41,1.064,0,0.0,18,0.161,1.226,0.379410442000335,
2026-10-06T09:29:50.655994+00:00,1200.0052281520002,C,2067,175.85,7.0001317830807945,913305600,913305600,261,40,599785472,505413632,27,0.821,0,0.0,8,0.088,0.909,0.39557954699967013,
2026-10-06T09:29:55.655809+00:00,1205.005040861,A,2066,204.65,7.399950219055127,874123264,874123264,269,45,529530880,407886745,43,1.046,0,0.0,18,0.206,1.252,0.3872319450001669,
2026-10-06T09:29:55.655945+00:00,1205.0051757330002,B,2069,199.02,6.599934708165757,822419456,822419456,267,44,471859200,365040230,41,1.064,0,0.0,18,0.161,1.226,0.40524500199990143,
2026-10-06T09:29:55.656136+00:00,1205.0053701750003,C,2067,176.13,5.599840938758003,913305600,913305600,261,40,599785472,507510784,27,0.821,0,0.0,8,0.088,0.909,0.42688026499990883,
2026-10-06T09:30:00.655840+00:00,1210.0050701330001,A,2066,205.06,8.199951994200779,874123264,874123264,269,45,529530880,422566809,43,1.046,0,0.0,18,0.206,1.252,0.44222598299984384,
2026-10-06T09:30:00.655969+00:00,1210.005202066,B,2069,199.42,7.999957867421724,822419456,822419456,267,44,471859200,373428838,41,1.064,0,0.0,18,0.161,1.226,0.3735536670001238,
2026-10-06T09:30:00.656021+00:00,1210.00525436,C,2067,176.52,7.800180675585751,913321984,913321984,261,40,599785472,508559360,27,0.821,0,0.0,8,0.088,0.909,0.366489976000139,
2026-10-06T09:30:05.655825+00:00,1215.0050551670001,A,2066,205.47,8.200024544313365,874127360,874127360,269,45,529530880,437246873,43,1.046,0,0.0,18,0.206,1.252,0.38703599800010124,
2026-10-06T09:30:05.656032+00:00,1215.0052632350003,B,2069,199.79,7.399909470987281,822423552,822423552,267,44,471859200,382866022,41,1.064,0,0.0,18,0.161,1.226,0.404123158999937,
2026-10-06T09:30:05.656133+00:00,1215.0053670050002,C,2067,176.87,6.999842300552456,913321984,913321984,261,40,599785472,510656512,27,0.821,0,0.0,8,0.088,0.909,0.36394231699978263,
2026-10-06T09:30:10.655802+00:00,1220.00503333,A,2066,205.97,10.000043674190897,874131456,874131456,268,45,529530880,452975513,43,1.046,0,0.0,18,0.206,1.252,0.4115397310001754,
2026-10-06T09:30:10.655896+00:00,1220.0051300750001,B,2069,200.17,7.600202408590656,822423552,822423552,267,44,471859200,384963174,41,1.064,0,0.0,18,0.161,1.226,0.3664085619998332,
2026-10-06T09:30:10.655952+00:00,1220.005185473,C,2067,177.21,6.8002468924840755,913321984,913321984,261,40,599785472,512753664,27,0.821,0,0.0,8,0.088,0.909,0.39397500699988086,
2026-10-06T09:30:15.655787+00:00,1225.0050180020003,A,2066,206.47,10.00003065609356,874065920,874065920,268,44,529530880,466607001,43,1.046,0,0.0,18,0.206,1.252,0.5626417079997736,
2026-10-06T09:30:15.655894+00:00,1225.005127202,B,2069,200.56,7.800004481883003,822423552,822423552,267,44,471859200,386011750,41,1.064,0,0.0,18,0.161,1.226,0.5800636120002309,
2026-10-06T09:30:15.655968+00:00,1225.0052016230002,C,2067,177.58,7.39997609807701,913321984,913321984,261,40,599785472,513802240,27,0.821,0,0.0,8,0.088,0.909,0.533357881000029,
2026-10-06T09:30:20.655841+00:00,1230.0050716210003,A,2066,206.92,8.999903486834711,874065920,874065920,268,44,529530880,476044185,43,1.046,0,0.0,18,0.206,1.252,0.47640759099977004,
2026-10-06T09:30:20.655974+00:00,1230.005206979,B,2069,200.95,7.799875549865562,822423552,822423552,267,44,471859200,388108902,41,1.064,0,0.0,18,0.161,1.226,0.513581793999947,
2026-10-06T09:30:20.656099+00:00,1230.005332402,C,2067,177.98,7.9997907590726545,913321984,913321984,261,40,599785472,515899392,27,0.821,0,0.0,8,0.088,0.909,0.4079782270000578,
2026-10-06T09:30:25.655786+00:00,1235.0050183880003,A,2066,207.56,12.800136277931234,874065920,874065920,268,44,529530880,489675673,43,1.046,0,0.0,18,0.206,1.252,0.45668109600001117,
2026-10-06T09:30:25.655893+00:00,1235.00512622,B,2069,201.32,7.400119525250575,822423552,822423552,267,44,471859200,390206054,41,1.064,0,0.0,18,0.161,1.226,0.4191649600002165,
2026-10-06T09:30:25.655960+00:00,1235.0051938360002,C,2067,178.32,6.800188454982494,913182720,913182720,261,38,599785472,516947968,27,0.821,0,0.0,8,0.088,0.909,0.4078200089998063,
2026-10-06T09:30:30.655845+00:00,1240.005076257,A,2066,208.64,21.599750008814553,874364928,874364928,268,44,529530880,241737420,44,1.051,0,0.0,20,0.237,1.288,0.37895506600034423,
2026-10-06T09:30:30.655968+00:00,1240.0052016660002,B,2069,201.67,6.999894377193357,822423552,822423552,267,44,471859200,392303206,41,1.064,0,0.0,18,0.161,1.226,0.3160974630000055,
2026-10-06T09:30:30.656103+00:00,1240.005336142,C,2067,178.68,7.199795085192659,913186816,913186816,261,38,599785472,519045120,27,0.821,0,0.0,8,0.088,0.909,0.40675708900016616,
2026-10-06T09:30:35.655772+00:00,1245.0050028740002,A,2066,209.04,8.00011741452295,874364928,874364928,268,44,529530880,256417484,44,1.051,0,0.0,20,0.237,1.288,0.3926220129997091,
2026-10-06T09:30:35.656095+00:00,1245.0053283470002,B,2069,202.01,6.799827718205057,822423552,822423552,267,44,471859200,394400358,41,1.064,0,0.0,18,0.161,1.226,0.3273180510000202,
2026-10-06T09:30:35.656193+00:00,1245.005426009,C,2067,179.02,6.799877783076664,913186816,913186816,261,38,599785472,520093696,27,0.821,0,0.0,8,0.088,0.909,0.3875282290000541,
2026-10-06T09:30:40.655833+00:00,1250.0050635110001,A,2066,209.42,7.599907832877759,874364928,874364928,268,44,529530880,270048972,44,1.051,0,0.0,20,0.237,1.288,0.30843467700015026,
2026-10-06T09:30:40.655965+00:00,1250.00519567,B,2069,202.38,7.400196367171125,822423552,822423552,267,44,471859200,395448934,41,1.064,0,0.0,18,0.161,1.226,0.35371414300016113,
2026-10-06T09:30:40.656135+00:00,1250.0053683330002,C,2067,179.38,7.200083054397566,913199104,913199104,261,38,599785472,521142272,27,0.821,0,0.0,8,0.088,0.909,0.42918096799985506,
2026-10-06T09:30:45.655799+00:00,1255.0050288349998,A,2066,209.88,9.200063804283149,874364928,874364928,268,44,529530880,283680460,44,1.051,0,0.0,20,0.237,1.288,0.40224144200010414,
2026-10-06T09:30:45.657189+00:00,1255.006422606,B,2069,202.75,7.398184580200922,822423552,822423552,267,44,471859200,397546086,41,1.064,0,0.0,18,0.161,1.226,0.4117581360001168,
2026-10-06T09:30:45.657334+00:00,1255.006567689,C,2067,179.75,7.39822537880107,913199104,913199104,261,38,599785472,522190848,27,0.821,0,0.0,8,0.088,0.909,0.39767672700008916,
2026-10-06T09:30:50.655798+00:00,1260.005029948,A,2066,210.27,7.7999982637206,874364928,874364928,268,44,529530880,297311948,44,1.051,0,0.0,20,0.237,1.288,0.4040132350000931,
2026-10-06T09:30:50.655937+00:00,1260.00516793,B,2069,203.08,6.601656588016386,822423552,822423552,267,44,471859200,398594662,41,1.064,0,0.0,18,0.161,1.226,0.44975653000028615,
2026-10-06T09:30:50.656074+00:00,1260.0053070990002,C,2067,180.1,7.001765271056039,913199104,913199104,261,38,599785472,524288000,27,0.821,0,0.0,8,0.088,0.909,0.42540612799984956,
2026-10-06T09:30:55.655803+00:00,1265.0050335390001,A,2066,210.67,7.999994254403315,874364928,874364928,268,44,529530880,310943436,44,1.051,0,0.0,20,0.237,1.288,0.32712516199990205,
2026-10-06T09:30:55.655918+00:00,1265.005151541,B,2069,203.44,7.200023600236973,822423552,822423552,267,44,471859200,400691814,41,1.064,0,0.0,18,0.161,1.226,0.4075536740001553,
2026-10-06T09:30:55.656260+00:00,1265.005493474,C,2067,180.44,6.799746539447966,913199104,913199104,261,38,599785472,525336576,27,0.821,0,0.0,8,0.088,0.909,0.3861102609998852,
2026-10-06T09:31:00.655818+00:00,1270.005049194,A,2066,211.04,7.399976830672678,874364928,874364928,268,44,529530880,323526348,44,1.051,0,0.0,20,0.237,1.288,0.3824180950000482,
2026-10-06T09:31:00.655936+00:00,1270.0051696290002,B,2069,203.8,7.199973953374268,822423552,822423552,267,44,471859200,402788966,41,1.064,0,0.0,18,0.161,1.226,0.4044287199999417,
2026-10-06T09:31:00.656009+00:00,1270.005242359,C,2067,180.79,7.000351578657337,913199104,913199104,261,38,599785472,526385152,27,0.821,0,0.0,8,0.088,0.909,0.4842649709999023,
2026-10-06T09:31:05.655843+00:00,1275.005073453,A,2066,211.43,7.7999621561440176,874364928,874364928,268,44,529530880,331914956,44,1.051,0,0.0,20,0.237,1.288,0.34543665399996826,
2026-10-06T09:31:05.655983+00:00,1275.005217069,B,2069,204.17,7.399929789465844,822423552,822423552,267,44,471859200,404886118,41,1.064,0,0.0,18,0.161,1.226,0.4328844639999261,
2026-10-06T09:31:05.656042+00:00,1275.0052753260002,C,2067,181.15,7.199952527833058,913199104,913199104,261,38,599785472,528482304,27,0.821,0,0.0,8,0.088,0.909,0.34180895899999086,
2026-10-06T09:31:10.655801+00:00,1280.005031442,A,2066,211.87,8.800073939981221,874364928,874364928,268,44,529530880,345546444,44,1.051,0,0.0,20,0.237,1.288,0.32903565600008733,
2026-10-06T09:31:10.656882+00:00,1280.00611635,B,2069,204.54,7.398669303454302,822284288,822284288,267,42,471859200,405934694,41,1.064,0,0.0,18,0.161,1.226,0.4102241820000927,
2026-10-06T09:31:10.656937+00:00,1280.006170952,C,2067,181.53,7.598638892288792,913199104,913199104,261,38,599785472,529530880,27,0.821,0,0.0,8,0.088,0.909,0.33263323500023034,
2026-10-06T09:31:15.655844+00:00,1285.005074497,A,2066,212.3,8.599925946038024,874364928,874364928,268,44,529530880,359177932,44,1.051,0,0.0,20,0.237,1.288,0.40501967900036107,
2026-10-06T09:31:15.655962+00:00,1285.0051959850002,B,2069,204.9,7.201325569601455,822284288,822284288,267,42,471859200,408031846,41,1.064,0,0.0,18,0.161,1.226,0.4328031749996626,
2026-10-06T09:31:15.655993+00:00,1285.0052273420001,C,2067,181.86,6.601245800310074,913199104,913199104,261,38,599785472,531628032,27,0.821,0,0.0,8,0.088,0.909,0.3742666799998915,
2026-10-06T09:31:20.655799+00:00,1290.005030403,A,2066,212.71,8.20007231479734,874364928,874364928,268,44,529530880,373857996,44,1.051,0,0.0,20,0.237,1.288,0.33640068700015036,
2026-10-06T09:31:20.655894+00:00,1290.005128581,B,2069,205.29,7.800105151657598,822284288,822284288,267,42,471859200,410128998,41,1.064,0,0.0,18,0.161,1.226,0.3967119650001223,
2026-10-06T09:31:20.655928+00:00,1290.0051617,C,2067,182.25,7.800102402864438,913199104,913199104,261,38,599785472,532676608,27,0.821,0,0.0,8,0.088,0.909,0.4350127719999364,
2026-10-06T09:31:25.655785+00:00,1295.005015451,A,2066,213.14,8.600025717516695,874373120,874373120,268,44,529530880,387489484,44,1.051,0,0.0,20,0.237,1.288,0.43082723399993483,
2026-10-06T09:31:25.655917+00:00,1295.0051509140003,B,2069,205.63,6.799969627255339,822288384,822288384,267,42,471859200,412226150,41,1.064,0,0.0,18,0.161,1.226,0.4009125419997872,
2026-10-06T09:31:25.656155+00:00,1295.0053169930002,C,2067,182.61,7.199776385025064,913219584,913219584,261,38,599785472,533725184,27,0.821,0,0.0,8,0.088,0.909,0.40101288799996837,
2026-10-06T09:31:30.655842+00:00,1300.005073149,A,2066,213.55,8.199905376372268,874373120,874373120,268,44,529530880,400072396,44,1.051,0,0.0,20,0.237,1.288,0.4098399300000892,
2026-10-06T09:31:30.656109+00:00,1300.0053427379999,B,2069,205.99,7.19972378403788,822288384,822288384,267,42,471859200,413274726,41,1.064,0,0.0,18,0.161,1.226,0.459285254000406,
2026-10-06T09:31:30.656420+00:00,1300.0056514920002,C,2067,182.99,7.5994915955320375,913227776,913227776,261,38,599785472,535822336,27,0.821,0,0.0,8,0.088,0.909,0.42757490199983295,
2026-10-06T09:31:35.655833+00:00,1305.0050647550001,A,2066,214.02,9.400015780746292,874373120,874373120,268,44,529530880,414752460,44,1.051,0,0.0,20,0.237,1.288,0.47826209899994865,
2026-10-06T09:31:35.656927+00:00,1305.00616129,B,2069,206.37,7.598756004614807,822288384,822288384,267,42,471859200,415371878,41,1.064,0,0.0,18,0.161,1.226,0.4371152100002291,
2026-10-06T09:31:35.656970+00:00,1305.006203799,C,2067,183.38,7.799138496242783,913227776,913227776,261,38,599785472,536870912,27,0.821,0,0.0,8,0.088,0.909,0.4334601450000264,
2026-10-06T09:31:40.655836+00:00,1310.0050675850002,A,2066,214.39,7.399995811601768,874373120,874373120,268,44,529530880,426286796,44,1.051,0,0.0,20,0.237,1.288,0.4217465409997203,
2026-10-06T09:31:40.655938+00:00,1310.0051719470002,B,2069,206.73,7.2014249358693,822288384,822288384,267,42,471859200,417469030,41,1.064,0,0.0,18,0.161,1.226,0.32528150500002084,
2026-10-06T09:31:40.656139+00:00,1310.0053730630002,C,2067,183.75,7.4012296935900865,913227776,913227776,261,38,599785472,538968064,27,0.821,0,0.0,8,0.088,0.909,0.42134206399987306,
2026-10-06T09:31:45.655809+00:00,1315.00504001,A,2066,214.81,8.400046326256364,874373120,874373120,268,44,529530880,440966860,44,1.051,0,0.0,20,0.237,1.288,0.4023437920000106,
2026-10-06T09:31:45.655928+00:00,1315.0051617980002,B,2069,207.1,7.4000150205505655,822288384,822288384,267,42,471859200,419566182,41,1.064,0,0.0,18,0.161,1.226,0.4301927279998381,
2026-10-06T09:31:45.656028+00:00,1315.005262109,C,2067,184.13,7.6001686538229585,913227776,913227776,261,38,599785472,538968064,27,0.821,0,0.0,8,0.088,0.909,0.31282558700013396,
2026-10-06T09:31:50.655819+00:00,1320.005048979,A,2066,215.2,7.7999860083845265,874373120,874373120,268,44,529530880,455646924,44,1.051,0,0.0,20,0.237,1.288,0.45287475099985386,
2026-10-06T09:31:50.655953+00:00,1320.0051864309999,B,2069,207.43,6.5999674846009535,822288384,822288384,267,42,471859200,420614758,41,1.064,0,0.0,18,0.161,1.226,0.4466523370001596,
2026-10-06T09:31:50.656087+00:00,1320.005320617,C,2067,184.46,6.599922770343743,913231872,913231872,261,38,599785472,541065216,27,0.821,0,0.0,8,0.088,0.909,0.409670799000196,
2026-10-06T09:31:55.655855+00:00,1325.0050843540002,A,2066,215.6,7.999943400400313,874373120,874373120,268,44,529530880,469278412,44,1.051,0,0.0,20,0.237,1.288,0.3269245609999416,
2026-10-06T09:31:55.656555+00:00,1325.005788245,B,2069,207.79,7.1991334921347,822288384,822288384,267,42,471859200,422711910,41,1.064,0,0.0,18,0.161,1.226,0.38934022500006904,
2026-10-06T09:31:55.656635+00:00,1325.0058685909999,C,2067,184.79,6.5992767535839905,913231872,913231872,261,38,599785472,543162368,27,0.821,0,0.0,8,0.088,0.909,0.3970404720002989,
2026-10-06T09:32:00.655795+00:00,1330.005026202,A,2066,215.99,7.8000907181758405,874373120,874373120,268,44,529530880,483958476,44,1.051,0,0.0,20,0.237,1.288,0.43382596800029205,
2026-10-06T09:32:00.655898+00:00,1330.0051310190001,B,2069,208.13,6.800893944864734,822288384,822288384,267,42,471859200,424809062,41,1.064,0,0.0,18,0.161,1.226,0.3353350140000657,
2026-10-06T09:32:00.656022+00:00,1330.0052556270002,C,2067,185.13,6.800833733249256,913231872,913231872,261,38,599785472,544210944,27,0.821,0,0.0,8,0.088,0.909,0.4042480449998038,
2026-10-06T09:32:05.655813+00:00,1335.005044477,A,2066,216.4,8.19997002910947,874373120,874373120,268,44,529530880,238693580,45,1.054,0,0.0,20,0.237,1.291,0.41702034600029947,
2026-10-06T09:32:05.655920+00:00,1335.00515357,B,2069,208.49,7.19996752670702,822325248,822325248,266,42,471859200,426906214,41,1.064,0,0.0,18,0.161,1.226,0.411122405000242,
2026-10-06T09:32:05.656015+00:00,1335.005249103,C,2067,185.47,6.800008872651819,913231872,913231872,261,38,599785472,545259520,27,0.821,0,0.0,8,0.088,0.909,0.3819257340001059,
2026-10-06T09:32:10.655829+00:00,1340.0050607910002,A,2066,216.74,6.799977813032084,874373120,874373120,268,44,529530880,248130764,45,1.054,0,0.0,20,0.237,1.291,0.40732235099994796,
2026-10-06T09:32:10.655930+00:00,1340.0051639910002,B,2069,208.8,6.199987077986608,822255616,822255616,266,41,471859200,429003366,41,1.064,0,0.0,18,0.161,1.226,0.3625719140000001,
2026-10-06T09:32:10.656089+00:00,1340.005318764,C,2067,185.75,5.5999219807670055,913231872,913231872,261,38,599785472,546308096,27,0.821,0,0.0,8,0.088,0.909,0.3977961890000188,
2026-10-06T09:32:15.655798+00:00,1345.005028943,A,2066,217.17,8.600054778908767,874373120,874373120,267,44,529530880,261762252,45,1.054,0,0.0,20,0.237,1.291,0.34280543300019417,
2026-10-06T09:32:15.655892+00:00,1345.0051252120002,B,2069,209.19,7.800060495709042,822255616,822255616,266,41,471859200,430051942,41,1.064,0,0.0,18,0.161,1.226,0.30276571100012006,
2026-10-06T09:32:15.655959+00:00,1345.0051921180002,C,2067,186.12,7.4001874408276676,913231872,913231872,261,38,599785472,548405248,27,0.821,0,0.0,8,0.088,0.909,0.3554165489999832,
2026-10-06T09:32:20.655792+00:00,1350.0050229950002,A,2066,217.58,8.200009754731862,874307584,874307584,267,43,529530880,275393740,45,1.054,0,0.0,20,0.237,1.291,0.3345465709999189,
2026-10-06T09:32:20.655893+00:00,1350.0051261050003,B,2069,209.55,7.199998714080349,822255616,822255616,266,41,471859200,432149094,41,1.064,0,0.0,18,0.161,1.226,0.40568733399959456,
2026-10-06T09:32:20.655993+00:00,1350.0052268110003,C,2067,186.46,6.799952817847325,913231872,913231872,261,38,599785472,549453824,27,0.821,0,0.0,8,0.088,0.909,0.42239454399987153,
2026-10-06T09:32:25.655836+00:00,1355.0050671620002,A,2066,217.96,7.5999328667530115,874307584,874307584,267,43,529530880,290073804,45,1.054,0,0.0,20,0.237,1.291,0.4063980799996898,
2026-10-06T09:32:25.655969+00:00,1355.005199842,B,2069,209.89,6.799899719158872,822255616,822255616,266,41,471859200,434246246,41,1.064,0,0.0,18,0.161,1.226,0.4048492100000658,
2026-10-06T09:32:25.656187+00:00,1355.0054194560003,C,2067,186.75,5.79977654040955,913231872,913231872,261,38,599785472,551550976,27,0.821,0,0.0,8,0.088,0.909,0.32118319399978645,
2026-10-06T09:32:30.655805+00:00,1360.005035922,A,2066,218.31,7.000043736273466,874307584,874307584,267,43,529530880,303705292,45,1.054,0,0.0,20,0.237,1.291,0.40763542500008043,
2026-10-06T09:32:30.655904+00:00,1360.0051375850003,B,2069,210.23,6.800084670573828,822644736,822644736,266,41,471859200,236430233,42,1.072,0,0.0,18,0.161,1.233,0.30515344299965363,
2026-10-06T09:32:30.656018+00:00,1360.0052518470002,C,2067,187.04,5.800194432957668,913235968,913235968,261,38,599785472,552599552,27,0.821,0,0.0,8,0.088,0.909,0.3636837599997307,
2026-10-06T09:32:35.655790+00:00,1365.005020733,A,2066,218.67,7.200021872225998,874311680,874311680,267,43,529530880,318385356,45,1.054,0,0.0,20,0.237,1.291,0.4117731219998859,
2026-10-06T09:32:35.655891+00:00,1365.005124074,B,2069,210.58,7.000018915452073,822644736,822644736,266,41,471859200,238527385,42,1.072,0,0.0,18,0.161,1.233,0.3102683970000726,
2026-10-06T09:32:35.655937+00:00,1365.005170644,C,2067,188.07,20.600334561794593,917876736,917876736,261,38,599785472,219303014,28,0.833,0,0.0,10,0.127,0.96,0.34610864800015406,
2026-10-06T09:32:40.655857+00:00,1370.0050871540002,A,2066,219.22,10.999853875741028,874311680,874311680,267,43,529530880,330968268,45,1.054,0,0.0,20,0.237,1.291,0.4052199150000888,
2026-10-06T09:32:40.655973+00:00,1370.005207004,B,2069,210.93,6.999883899925257,822644736,822644736,266,41,471859200,239575961,42,1.072,0,0.0,18,0.161,1.233,0.3268884409999373,
2026-10-06T09:32:40.656082+00:00,1370.0053151719999,C,2067,188.42,6.999797666648504,917876736,917876736,261,38,599785472,221400166,28,0.833,0,0.0,10,0.127,0.96,0.40265089400008947,
2026-10-06T09:32:45.655851+00:00,1375.0050816400003,A,2066,219.64,8.400009263529789,874311680,874311680,267,43,529530880,343551180,45,1.054,0,0.0,20,0.237,1.291,0.4043143589997271,
2026-10-06T09:32:45.655974+00:00,1375.0052076890001,B,2069,211.29,7.199999013599793,822644736,822644736,266,41,471859200,241673113,42,1.072,0,0.0,18,0.161,1.233,0.40013459600004353,
2026-10-06T09:32:45.656017+00:00,1375.0052505030003,C,2067,188.77,7.0000905377708715,917876736,917876736,261,38,599785472,222448742,28,0.833,0,0.0,10,0.127,0.96,0.369062300999758,
2026-10-06T09:32:50.655820+00:00,1380.005051474,A,2066,220.05,8.20004947253933,874311680,874311680,267,43,529530880,352988364,45,1.054,0,0.0,20,0.237,1.291,0.39323209599979236,
2026-10-06T09:32:50.657099+00:00,1380.006332086,B,2069,211.66,7.398336266579783,822644736,822644736,266,41,471859200,243770265,42,1.072,0,0.0,18,0.161,1.233,0.4181422270003168,
2026-10-06T09:32:50.657137+00:00,1380.0063710100003,C,2067,189.14,7.3983420211949,917876736,917876736,261,38,599785472,223497318,28,0.833,0,0.0,10,0.127,0.96,0.4365348459996312,
2026-10-06T09:32:55.655775+00:00,1385.005005482,A,2066,220.47,8.400077267270815,874311680,874311680,267,43,529530880,366619852,45,1.054,0,0.0,20,0.237,1.291,0.46180476900008216,
2026-10-06T09:32:55.655906+00:00,1385.005139428,B,2069,212.05,7.801860990385366,822644736,822644736,266,41,471859200,245867417,42,1.072,0,0.0,18,0.161,1.233,0.420630968000296,
2026-10-06T09:32:55.656239+00:00,1385.0054728979999,C,2067,189.53,7.801401306426965,917876736,917876736,261,38,599785472,225594470,28,0.833,0,0.0,10,0.127,0.96,0.41427773300029,
2026-10-06T09:33:00.655820+00:00,1390.005051391,A,2066,220.89,8.399922873587634,874311680,874311680,267,43,529530880,381299916,45,1.054,0,0.0,20,0.237,1.291,0.4237914240002283,
2026-10-06T09:33:00.656908+00:00,1390.0061421579999,B,2069,212.42,7.398516257158241,822644736,822644736,266,41,471859200,246915993,42,1.072,0,0.0,18,0.161,1.233,0.31003641600000265,
2026-10-06T09:33:00.656946+00:00,1390.006179425,C,2067,189.9,7.398954487776395,917876736,917876736,261,38,599785472,226643046,28,0.833,0,0.0,10,0.127,0.96,0.35751642800005357,
2026-10-06T09:33:05.655843+00:00,1395.0050743850002,A,2066,221.29,7.999963209769113,874311680,874311680,267,43,529530880,394931404,45,1.054,0,0.0,20,0.237,1.291,0.3926903950000451,
2026-10-06T09:33:05.655946+00:00,1395.005179757,B,2069,212.8,7.601463131144137,822644736,822644736,266,41,471859200,249013145,42,1.072,0,0.0,18,0.161,1.233,0.41680000700034725,
2026-10-06T09:33:05.656014+00:00,1395.005248045,C,2067,190.24,6.801266912795667,917876736,917876736,261,38,599785472,227691622,28,0.833,0,0.0,10,0.127,0.96,0.40790759500032436,
2026-10-06T09:33:10.655803+00:00,1400.0050334860002,A,2066,221.7,8.200067074908494,874311680,874311680,267,43,529530880,414854348,45,1.054,0,0.0,20,0.237,1.291,0.37254527200002485,
2026-10-06T09:33:10.656904+00:00,1400.0061374830002,B,2069,213.18,7.59854453526681,822644736,822644736,266,41,471859200,251110297,42,1.072,0,0.0,18,0.161,1.233,0.2948192129997551,
2026-10-06T09:33:10.657101+00:00,1400.006334884,C,2067,190.55,6.198652612518721,917876736,917876736,261,38,599785472,230837350,28,0.833,0,0.0,10,0.127,0.96,0.4109134090003863,
2026-10-06T09:33:15.655833+00:00,1405.0050634899999,A,2066,222.19,9.79994119251375,874446848,874446848,268,45,529530880,434777292,45,1.054,0,0.0,20,0.237,1.291,0.3930524630000036,
2026-10-06T09:33:15.657218+00:00,1405.006451413,B,2069,213.57,7.799510299946472,822644736,822644736,266,41,471859200,253207449,42,1.072,0,0.0,18,0.161,1.233,0.3444651560002967,
2026-10-06T09:33:15.657259+00:00,1405.00649205,C,2067,190.93,7.5997611151888105,917876736,917876736,261,38,599785472,231885926,28,0.833,0,0.0,10,0.127,0.96,0.3977651360000891,
2026-10-06T09:33:20.655806+00:00,1410.005036947,A,2066,222.67,9.6000509628301,874377216,874377216,268,44,529530880,452603084,45,1.054,0,0.0,20,0.237,1.291,0.44762734300002194,
2026-10-06T09:33:20.655926+00:00,1410.0051592200002,B,2069,213.93,7.201861238935825,822644736,822644736,266,41,471859200,255304601,42,1.072,0,0.0,18,0.161,1.233,0.324529253000037,
2026-10-06T09:33:20.655999+00:00,1410.005232776,C,2067,191.28,7.001763427727553,917876736,917876736,261,38,599785472,233983078,28,0.833,0,0.0,10,0.127,0.96,0.3713844560002144,
2026-10-06T09:33:25.655855+00:00,1415.005085749,A,2066,223.17,9.99990239695257,874377216,874377216,268,44,529530880,471477452,45,1.054,0,0.0,20,0.237,1.291,0.35086493500011784,
2026-10-06T09:33:25.655988+00:00,1415.0052218390001,B,2069,214.3,7.399907325040894,822644736,822644736,266,41,471859200,257401753,42,1.072,0,0.0,18,0.161,1.233,0.40968809900005,
2026-10-06T09:33:25.656375+00:00,1415.0056089,C,2067,191.66,7.59942833452331,917876736,917876736,261,38,599785472,235031654,28,0.833,0,0.0,10,0.127,0.96,0.45264762900023925,
2026-10-06T09:33:30.655828+00:00,1420.005058542,A,2066,224.14,19.400105563734897,893755392,893755392,268,44,529530880,489303244,45,1.054,0,0.0,20,0.237,1.291,0.4449441050001042,
2026-10-06T09:33:30.655967+00:00,1420.00519984,B,2069,214.66,7.200031678699347,822644736,822644736,266,41,471859200,258450329,42,1.072,0,0.0,18,0.161,1.233,0.42814235200012263,
2026-10-06T09:33:30.656040+00:00,1420.0052738250001,C,2067,192.01,7.000469136438839,917876736,917876736,261,38,599785472,236080230,28,0.833,0,0.0,10,0.127,0.96,0.4389445359997808,
2026-10-06T09:33:35.655867+00:00,1425.0050830559999,A,2066,224.7,11.199945088909352,871927808,893247488,268,44,529530880,245366784,46,1.06,0,0.0,20,0.237,1.297,0.3682642860003398,
2026-10-06T09:33:35.656000+00:00,1425.0052331760003,B,2069,215.0,6.799954663341872,822644736,822644736,266,41,471859200,260547481,42,1.072,0,0.0,18,0.161,1.233,0.47849852299987106,
2026-10-06T09:33:35.656086+00:00,1425.005319586,C,2067,192.37,7.199934104763489,917876736,917876736,261,38,599785472,238177382,28,0.833,0,0.0,10,0.127,0.96,0.5285539129999961,
2026-10-06T09:33:40.655756+00:00,1430.0049869939999,A,2066,225.44,14.800284348983242,876625920,893247488,268,44,529530880,266338304,46,1.06,0,0.0,20,0.237,1.297,0.45886468500020783,
2026-10-06T09:33:40.655860+00:00,1430.005093099,B,2069,215.35,7.000196113294353,822644736,822644736,266,41,471859200,262644633,42,1.072,0,0.0,18,0.161,1.233,0.4381078209999032,
2026-10-06T09:33:40.655910+00:00,1430.005143895,C,2067,192.75,7.600267059704051,917876736,917876736,261,38,599785472,240274534,28,0.833,0,0.0,10,0.127,0.96,0.48105162399997425,
2026-10-06T09:33:45.655858+00:00,1435.005088377,A,2066,225.94,9.999797238111064,876761088,893247488,269,46,529530880,284164096,46,1.06,0,0.0,20,0.237,1.297,0.3439599440002894,
2026-10-06T09:33:45.655976+00:00,1435.005209554,B,2069,215.7,6.999836966797236,822644736,822644736,266,41,471859200,264741785,42,1.072,0,0.0,18,0.161,1.233,0.4707492820002699,
2026-10-06T09:33:45.656330+00:00,1435.0055460040003,C,2067,193.11,7.199421009603242,917876736,917876736,261,38,599785472,241323110,28,0.833,0,0.0,10,0.127,0.96,0.38840026799971383,
2026-10-06T09:33:50.655780+00:00,1440.005010238,A,2066,226.45,10.200159406050831,876695552,893247488,269,45,529530880,301989888,46,1.06,0,0.0,20,0.237,1.297,0.45445573899996816,
2026-10-06T09:33:50.655912+00:00,1440.005145791,B,2069,216.07,7.400094370443664,822644736,822644736,266,41,471859200,266838937,42,1.072,0,0.0,18,0.161,1.233,0.42712860600022395,
2026-10-06T09:33:50.655965+00:00,1440.0051980050002,C,2067,193.47,7.2005011534399435,917876736,917876736,261,38,599785472,243420262,28,0.833,0,0.0,10,0.127,0.96,0.4022547780000423,
2026-10-06T09:33:55.655817+00:00,1445.005048347,A,2066,226.93,9.599926831278257,876695552,893247488,269,45,529530880,319815680,46,1.06,0,0.0,20,0.237,1.297,0.42801415200028714,
2026-10-06T09:33:55.655921+00:00,1445.005154892,B,2069,216.44,7.399986530544371,822644736,822644736,266,41,471859200,267887513,42,1.072,0,0.0,18,0.161,1.233,0.37894925499995225,
2026-10-06T09:33:55.655973+00:00,1445.005206235,C,2067,193.84,7.399987819620405,917876736,917876736,261,38,599785472,244468838,28,0.833,0,0.0,10,0.127,0.96,0.43383626500008177,
2026-10-06T09:34:00.655793+00:00,1450.0050238600002,A,2066,227.39,9.200045056299865,876695552,893247488,269,45,529530880,337641472,46,1.06,0,0.0,20,0.237,1.297,0.33268386500003544,
2026-10-06T09:34:00.655904+00:00,1450.0051375920002,B,2069,216.78,6.800023528081277,822644736,822644736,266,41,471859200,269984665,42,1.072,0,0.0,18,0.161,1.233,0.42222551399981967,
2026-10-06T09:34:00.655965+00:00,1450.005198768,C,2067,194.15,6.20000925909407,917876736,917876736,261,38,599785472,246565990,28,0.833,0,0.0,10,0.127,0.96,0.38372460000027786,
2026-10-06T09:34:05.655825+00:00,1455.005055774,A,2066,227.86,9.399940002063653,876695552,893247488,269,45,529530880,354418688,46,1.06,0,0.0,20,0.237,1.297,0.43016131700005644,
2026-10-06T09:34:05.655942+00:00,1455.005174883,B,2069,217.14,7.199946301360345,822644736,822644736,266,41,471859200,272081817,42,1.072,0,0.0,18,0.161,1.233,0.35864563999984966,
2026-10-06T09:34:05.656059+00:00,1455.005292925,C,2067,194.52,7.399860650264022,917876736,917876736,261,38,599785472,247614566,28,0.833,0,0.0,10,0.127,0.96,0.41171273100007966,
2026-10-06T09:34:10.655819+00:00,1460.005050872,A,2066,228.36,10.000009804009613,876699648,893247488,269,45,529530880,373293056,46,1.06,0,0.0,20,0.237,1.297,0.3944442170000002,
2026-10-06T09:34:10.655921+00:00,1460.005154343,B,2069,217.51,7.400030399325194,822644736,822644736,266,41,471859200,273130393,42,1.072,0,0.0,18,0.161,1.233,0.4806398559999252,
2026-10-06T09:34:10.655987+00:00,1460.0052206569999,C,2067,194.89,7.400106958185701,917876736,917876736,261,38,599785472,248663142,28,0.833,0,0.0,10,0.127,0.96,0.32744418900028904,
2026-10-06T09:34:15.655797+00:00,1465.0050275879998,A,2066,228.83,9.400043774124267,876699648,893247488,269,45,529530880,391118848,46,1.06,0,0.0,20,0.237,1.297,0.41269803000022875,
2026-10-06T09:34:15.655921+00:00,1465.0051543630002,B,2069,217.87,7.199999971199923,822644736,822644736,266,41,471859200,275227545,42,1.072,0,0.0,18,0.161,1.233,0.3982941659996868,
2026-10-06T09:34:15.655987+00:00,1465.005220737,C,2067,195.23,6.799999891199985,917876736,917876736,261,38,599785472,250760294,28,0.833,0,0.0,10,0.127,0.96,0.405061969000144,
2026-10-06T09:34:20.655846+00:00,1470.005077249,A,2066,229.29,9.19990862466706,876699648,893247488,269,45,529530880,408944640,46,1.06,0,0.0,20,0.237,1.297,0.5020036400001118,
2026-10-06T09:34:20.655998+00:00,1470.005232166,B,2069,218.21,6.799894189566759,822681600,822681600,266,41,471859200,277324697,42,1.072,0,0.0,18,0.161,1.233,0.433153473999937,
2026-10-06T09:34:20.656072+00:00,1470.005304845,C,2067,195.59,7.199878886517581,917876736,917876736,261,38,599785472,251808870,28,0.833,0,0.0,10,0.127,0.96,0.42250353000008545,
2026-10-06T09:34:25.655832+00:00,1475.0050629870002,A,2066,229.76,9.400026812635884,876703744,893247488,269,45,529530880,427819008,46,1.06,0,0.0,20,0.237,1.297,0.37164600200003406,
2026-10-06T09:34:25.655946+00:00,1475.005179367,B,2069,218.55,6.800071807398421,822820864,822820864,266,43,471859200,280470425,42,1.072,0,0.0,18,0.161,1.233,0.4562488720002875,
2026-10-06T09:34:25.656008+00:00,1475.0052419110002,C,2067,195.94,7.000088108708534,918044672,918044672,261,40,599785472,254954598,28,0.833,0,0.0,10,0.127,0.96,0.3869565820000389,
2026-10-06T09:34:30.655808+00:00,1480.005039537,A,2066,230.33,11.40005346625187,876703744,893247488,269,45,529530880,445644800,46,1.06,0,0.0,20,0.237,1.297,0.46866125900032785,
2026-10-06T09:34:30.655924+00:00,1480.005157124,B,2069,218.94,7.800034699233896,822820864,822820864,266,43,471859200,281519001,42,1.072,0,0.0,18,0.161,1.233,0.4953665100001672,
2026-10-06T09:34:30.655988+00:00,1480.005221255,C,2067,196.31,7.400030571006812,918044672,918044672,261,40,599785472,256003174,28,0.833,0,0.0,10,0.127,0.96,0.5076335120002113,
2026-10-06T09:34:35.655807+00:00,1485.005037754,A,2066,230.84,10.200003637320684,876703744,893247488,269,45,529530880,464519168,46,1.06,0,0.0,20,0.237,1.297,0.4612230359998648,
2026-10-06T09:34:35.656932+00:00,1485.0061661180002,B,2069,219.34,7.998385935316222,822820864,822820864,266,43,471859200,283616153,42,1.072,0,0.0,18,0.161,1.233,0.41954927300002964,
2026-10-06T09:34:35.656972+00:00,1485.006206052,C,2067,196.69,7.59850340332869,918044672,918044672,261,40,599785472,258100326,28,0.833,0,0.0,10,0.127,0.96,0.363911181000276,
2026-10-06T09:34:40.655787+00:00,1490.0050177990001,A,2066,231.34,10.000039910159222,876711936,893247488,269,45,529530880,482344960,46,1.06,0,0.0,20,0.237,1.297,0.38941767599999366,
2026-10-06T09:34:40.655923+00:00,1490.0051563010002,B,2069,219.72,7.601535231900666,822820864,822820864,266,43,471859200,285713305,42,1.072,0,0.0,18,0.161,1.233,0.4692777919999571,
2026-10-06T09:34:40.656029+00:00,1490.0052631510002,C,2067,197.04,7.001320310383847,918044672,918044672,261,40,599785472,259148902,28,0.833,0,0.0,10,0.127,0.96,0.36605290199986484,
2026-10-06T09:34:45.655758+00:00,1495.004989386,A,2066,231.83,9.800055689796858,876711936,893247488,269,45,529530880,232224256,47,1.066,0,0.0,20,0.237,1.303,0.40423308700019334,
2026-10-06T09:34:45.655863+00:00,1495.0050968770001,B,2069,220.08,7.200085571577315,822820864,822820864,266,43,471859200,287810457,42,1.072,0,0.0,18,0.161,1.233,0.43616411399989374,
2026-10-06T09:34:45.655995+00:00,1495.0052286250002,C,2067,197.38,6.800046955684355,918044672,918044672,261,40,599785472,260197478,28,0.833,0,0.0,10,0.127,0.96,0.507215074999749,
2026-10-06T09:34:50.655809+00:00,1500.0050408790003,A,2066,232.77,18.799806388313026,876720128,893247488,269,45,529530880,251098624,47,1.066,0,0.0,22,0.254,1.32,0.41822509399980845,
2026-10-06T09:34:50.656011+00:00,1500.0052445390002,B,2069,220.44,7.199787372999064,822820864,822820864,266,43,471859200,288859033,42,1.072,0,0.0,18,0.161,1.233,0.37464883899974666,
2026-10-06T09:34:50.656056+00:00,1500.005290393,C,2067,197.72,6.799915996558091,918044672,918044672,261,40,599785472,262294630,28,0.833,0,0.0,10,0.127,0.96,0.43682005700020454,
2026-10-06T09:34:55.655821+00:00,1505.005050961,A,2066,233.27,9.999979836041078,876720128,893247488,269,45,529530880,269972992,47,1.066,0,0.0,22,0.254,1.32,0.4332205430000613,
2026-10-06T09:34:55.655969+00:00,1505.005203024,B,2069,220.77,6.600054800255584,822820864,822820864,266,43,471859200,290956185,42,1.072,0,0.0,18,0.161,1.233,0.4103719560002901,
2026-10-06T09:34:55.656016+00:00,1505.0052497340002,C,2067,198.06,6.800055296689392,918044672,918044672,261,40,599785472,263343206,28,0.833,0,0.0,10,0.127,0.96,0.4416666519996397,
2026-10-06T09:35:00.655862+00:00,1510.005091308,A,2066,233.73,9.199925762118891,876720128,893247488,269,45,529530880,286750208,47,1.066,0,0.0,22,0.254,1.32,0.31652345200018317,
2026-10-06T09:35:00.656011+00:00,1510.005244203,B,2069,221.09,6.399947291313753,822820864,822820864,266,43,471859200,293053337,42,1.072,0,0.0,18,0.161,1.233,0.41831955099996776,
2026-10-06T09:35:00.656073+00:00,1510.0053065420002,C,2067,198.42,7.199918197409179,918044672,918044672,261,40,599785472,265440358,28,0.833,0,0.0,10,0.127,0.96,0.33887690799974735,
2026-10-06T09:35:05.656927+00:00,1515.006157966,A,2066,234.18,8.998080425106096,876720128,893247488,269,45,529530880,305624576,47,1.066,0,0.0,22,0.254,1.32,0.4658175049999045,
2026-10-06T09:35:05.657042+00:00,1515.0062746560002,B,2069,221.41,6.398681291933057,822820864,822820864,266,43,471859200,295150489,42,1.072,0,0.0,18,0.161,1.233,0.39527356899998267,
2026-10-06T09:35:05.657389+00:00,1515.0066222270002,C,2067,198.76,6.798211139115542,918044672,918044672,261,40,599785472,266488934,28,0.833,0,0.0,10,0.127,0.96,0.47283317499977784,
2026-10-06T09:35:10.655744+00:00,1520.004975712,A,2066,234.69,10.202412368566325,876720128,893247488,269,45,529530880,322401792,47,1.066,0,0.0,22,0.254,1.32,0.3339687950001462,
2026-10-06T09:35:10.655856+00:00,1520.005089072,B,2069,221.78,7.401755080479555,822820864,822820864,266,43,471859200,296199065,42,1.072,0,0.0,18,0.161,1.233,0.4690392080001402,
2026-10-06T09:35:10.655944+00:00,1520.005177605,C,2067,199.11,7.002023055310827,918044672,918044672,261,40,599785472,268586086,28,0.833,0,0.0,10,0.127,0.96,0.4039087370001653,
2026-10-06T09:35:15.655816+00:00,1525.005047665,A,2066,235.18,9.7998589741499,876720128,893247488,269,45,529530880,342324736,47,1.066,0,0.0,22,0.254,1.32,0.32261625399996774,
2026-10-06T09:35:15.655936+00:00,1525.0051694930003,B,2069,222.16,7.59987776204548,822820864,822820864,266,43,471859200,298296217,42,1.072,0,0.0,18,0.161,1.233,0.43789244299978236,
2026-10-06T09:35:15.656034+00:00,1525.005268511,C,2067,199.49,7.5998618253921375,918044672,918044672,261,40,599785472,269634662,28,0.833,0,0.0,10,0.127,0.96,0.40559679100033463,
2026-10-06T09:35:20.655810+00:00,1530.0050404950002,A,2066,235.67,9.800014053219105,876720128,893247488,269,45,529530880,358053376,47,1.066,0,0.0,22,0.254,1.32,0.43792343399991296,
2026-10-06T09:35:20.655946+00:00,1530.005179614,B,2069,222.52,7.199985425790016,822820864,822820864,266,43,471859200,300393369,42,1.072,0,0.0,18,0.161,1.233,0.39273650899986023,
2026-10-06T09:35:20.655990+00:00,1530.0052234099999,C,2067,199.85,7.200064946025629,918044672,918044672,261,40,599785472,270683238,28,0.833,0,0.0,10,0.127,0.96,0.4467421630001809,
2026-10-06T09:35:25.655834+00:00,1535.0050641110001,A,2066,236.12,8.999957491401284,876728320,893247488,269,45,529530880,376927744,47,1.066,0,0.0,22,0.254,1.32,0.4670106419998774,
2026-10-06T09:35:25.657231+00:00,1535.006464614,B,2069,222.88,7.19815007543057,822681600,822681600,266,41,471859200,302490521,42,1.072,0,0.0,18,0.161,1.233,0.48084067000036157,
2026-10-06T09:35:25.657410+00:00,1535.0066439390002,C,2067,200.21,7.197955019230637,917905408,917905408,261,38,599785472,272780390,28,0.833,0,0.0,10,0.127,0.96,0.3595698869999069,
2026-10-06T09:35:30.655826+00:00,1540.00505626,A,2066,236.59,9.400014759903513,876728320,893247488,269,45,529530880,394753536,47,1.066,0,0.0,22,0.254,1.32,0.4321648790000836,
2026-10-06T09:35:30.655934+00:00,1540.005168188,B,2069,223.24,7.201867337613213,822681600,822681600,266,41,471859200,304587673,42,1.072,0,0.0,18,0.161,1.233,0.4036902560001181,
2026-10-06T09:35:30.656253+00:00,1540.005486956,C,2067,200.56,7.001620151097801,917905408,917905408,261,38,599785472,273828966,28,0.833,0,0.0,10,0.127,0.96,0.3868709769999441,
2026-10-06T09:35:35.655850+00:00,1545.0050805780002,A,2066,237.09,9.999951364236116,876728320,893247488,269,45,529530880,412579328,47,1.066,0,0.0,22,0.254,1.32,0.34127875000012864,
2026-10-06T09:35:35.657272+00:00,1545.0065056470003,B,2069,223.62,7.597967605968196,822681600,822681600,266,41,471859200,305636249,42,1.072,0,0.0,18,0.161,1.233,0.49782009899990953,
2026-10-06T09:35:35.657331+00:00,1545.0065634090001,C,2067,200.91,6.9984932901800345,917905408,917905408,261,38,599785472,275926118,28,0.833,0,0.0,10,0.127,0.96,0.48026849899997615,
2026-10-06T09:35:40.655796+00:00,1550.005027877,A,2066,237.59,10.000105403111343,876728320,893247488,269,45,529530880,430405120,47,1.066,0,0.0,22,0.254,1.32,0.4059106869999596,
2026-10-06T09:35:40.655922+00:00,1550.005155889,B,2069,224.02,8.002160195948926,822816768,822816768,266,43,471859200,309830553,42,1.072,0,0.0,18,0.161,1.233,0.3209525830002349,
2026-10-06T09:35:40.655976+00:00,1550.00520973,C,2067,201.3,7.802112311118854,917905408,917905408,261,38,599785472,278023270,28,0.833,0,0.0,10,0.127,0.96,0.40843027400023857,
2026-10-06T09:35:45.655799+00:00,1555.005029678,A,2066,238.01,8.39999697432075,876728320,893247488,269,45,529530880,444036608,47,1.066,0,0.0,22,0.254,1.32,0.4148910829999295,
2026-10-06T09:35:45.655947+00:00,1555.005179974,B,2069,224.41,7.799962427580792,822816768,822816768,266,43,471859200,321364889,42,1.072,0,0.0,18,0.161,1.233,0.3827249569999367,
2026-10-06T09:35:45.656054+00:00,1555.0052873690001,C,2067,201.67,7.399885096063417,917905408,917905408,261,38,599785472,279071846,28,0.833,0,0.0,10,0.127,0.96,0.3618224100000589,
2026-10-06T09:35:50.655810+00:00,1560.005040852,A,2066,238.41,7.999982121639965,876728320,893247488,269,45,529530880,458716672,47,1.066,0,0.0,22,0.254,1.32,0.378769426999952,
2026-10-06T09:35:50.655987+00:00,1560.0052177480002,B,2069,224.83,8.399936540159327,822816768,822816768,266,43,471859200,331850649,42,1.072,0,0.0,18,0.161,1.233,0.40839342299977943,
2026-10-06T09:35:50.656128+00:00,1560.005361904,C,2067,202.06,7.7998837271338255,917905408,917905408,261,38,599785472,281168998,28,0.833,0,0.0,10,0.127,0.96,0.2925247620000846,
2026-10-06T09:35:55.655809+00:00,1565.0050407429999,A,2066,238.89,9.600000209280205,876728320,893247488,269,45,529530880,471299584,47,1.066,0,0.0,22,0.254,1.32,0.4092807790002553,
2026-10-06T09:35:55.655932+00:00,1565.0051472579999,B,2069,225.26,8.600121244509433,822816768,822816768,266,43,471859200,342336409,42,1.072,0,0.0,18,0.161,1.233,0.4223698460000378,
2026-10-06T09:35:55.656080+00:00,1565.0053005230002,C,2067,202.45,7.800095755534922,917905408,917905408,261,38,599785472,282217574,28,0.833,0,0.0,10,0.127,0.96,0.38122151700008544,
2026-10-06T09:36:00.655797+00:00,1570.005028909,A,2066,239.3,8.20001940780628,876728320,893247488,269,45,529530880,479688192,47,1.066,0,0.0,22,0.254,1.32,0.42798106899999766,
2026-10-06T09:36:00.655885+00:00,1570.005118384,B,2069,225.67,8.20004735363303,822820864,822820864,266,43,471859200,348627865,42,1.072,0,0.0,18,0.161,1.233,0.33719380100001217,
2026-10-06T09:36:00.656036+00:00,1570.0052690950001,C,2067,202.82,7.4000465137325415,917905408,917905408,261,38,599785472,284314726,28,0.833,0,0.0,10,0.127,0.96,0.3472642970000379,
2026-10-06T09:36:05.655782+00:00,1575.005013373,A,2066,239.7,8.000024857676566,876728320,893247488,269,45,529530880,493319680,47,1.066,0,0.0,22,0.254,1.32,0.3241621120000673,
2026-10-06T09:36:05.655878+00:00,1575.0051116959999,B,2069,226.09,8.400011235855704,822820864,822820864,266,43,471859200,360162201,42,1.072,0,0.0,18,0.161,1.233,0.3595956870003647,
2026-10-06T09:36:05.655933+00:00,1575.0051674790002,C,2067,203.18,7.2001463300140776,917905408,917905408,261,38,599785472,285363302,28,0.833,0,0.0,10,0.127,0.96,0.31903943299994353,
2026-10-06T09:36:10.655809+00:00,1580.0050399770003,A,2066,240.11,8.199956369672417,876732416,893247488,269,45,529530880,239535718,48,1.068,0,0.0,22,0.254,1.322,0.4239017629997761,
2026-10-06T09:36:10.655945+00:00,1580.005178805,B,2069,226.5,8.199889942716842,822820864,822820864,266,43,471859200,370647961,42,1.072,0,0.0,18,0.161,1.233,0.42614083900025435,
2026-10-06T09:36:10.656004+00:00,1580.0052371780002,C,2067,203.55,7.39989684691795,917905408,917905408,261,38,599785472,286411878,28,0.833,0,0.0,10,0.127,0.96,0.3707650249998551,
2026-10-06T09:36:15.655823+00:00,1585.0050533419999,A,2066,240.52,8.199978081459125,876732416,893247488,269,45,529530880,253167206,48,1.068,0,0.0,22,0.254,1.322,0.3751080950000869,
2026-10-06T09:36:15.655944+00:00,1585.005177344,B,2069,226.91,8.200002396040649,822820864,822820864,266,43,471859200,381133721,42,1.072,0,0.0,18,0.161,1.233,0.3800295810001444,
2026-10-06T09:36:15.656005+00:00,1585.0052380790003,C,2067,203.95,7.999998558399771,917905408,917905408,261,38,599785472,288509030,28,0.833,0,0.0,10,0.127,0.96,0.36028543599968543,
2026-10-06T09:36:20.655791+00:00,1590.0050223890003,A,2066,240.91,7.800048286978065,876732416,893247488,269,45,529530880,266798694,48,1.068,0,0.0,22,0.254,1.322,0.41915203299959103,
2026-10-06T09:36:20.655890+00:00,1590.005123756,B,2069,227.29,7.600081454632757,822820864,822820864,266,43,471859200,390570905,42,1.072,0,0.0,18,0.161,1.233,0.3618508380000094,
2026-10-06T09:36:20.655966+00:00,1590.0052000260002,C,2067,204.28,6.600050230342568,917905408,917905408,261,38,599785472,289557606,28,0.833,0,0.0,10,0.127,0.96,0.45310059099983846,
2026-10-06T09:36:25.655847+00:00,1595.0050783279999,A,2066,241.26,6.999921686276613,876736512,893247488,269,45,529530880,278333030,48,1.068,0,0.0,22,0.254,1.322,0.4295714500003669,
2026-10-06T09:36:25.655947+00:00,1595.0051805920002,B,2069,227.62,6.5999249773329,822820864,822820864,266,43,471859200,400008089,42,1.072,0,0.0,18,0.161,1.233,0.4347642729999279,
2026-10-06T09:36:25.655996+00:00,1595.005229195,C,2067,204.61,6.599961497145072,917905408,917905408,261,38,599785472,290606182,28,0.833,0,0.0,10,0.127,0.96,0.42556147000004785,
2026-10-06T09:36:30.655806+00:00,1600.0050365850002,A,2066,241.66,8.00006678935716,876736512,893247488,269,45,529530880,286721638,48,1.068,0,0.0,22,0.254,1.322,0.47594162799987316,
2026-10-06T09:36:30.657150+00:00,1600.006383346,B,2069,228.0,7.59817225358626,822820864,822820864,266,43,471859200,407348121,42,1.072,0,0.0,18,0.161,1.233,0.5010661810001693,
2026-10-06T09:36:30.657246+00:00,1600.006479821,C,2067,204.99,7.598099523836888,917905408,917905408,261,38,599785472,292703334,28,0.833,0,0.0,10,0.127,0.96,0.47761483400017823,
2026-10-06T09:36:35.655814+00:00,1605.005045166,A,2066,242.07,8.199985927184498,876736512,893247488,269,45,529530880,301401702,48,1.068,0,0.0,22,0.254,1.322,0.4860853620002672,
2026-10-06T09:36:35.655927+00:00,1605.005160239,B,2069,228.4,8.001957450034261,822820864,822820864,266,43,471859200,417833881,42,1.072,0,0.0,18,0.161,1.233,0.4399728500002311,
2026-10-06T09:36:35.656041+00:00,1605.0052751520002,C,2067,205.35,7.201735141413759,917905408,917905408,261,38,599785472,293751910,28,0.833,0,0.0,10,0.127,0.96,0.5063480260000688,
2026-10-06T09:36:40.655869+00:00,1610.0051003030003,A,2066,242.52,8.99990075449414,876736512,893247488,269,45,529530880,312936038,48,1.068,0,0.0,22,0.254,1.322,0.5696842299998934,
2026-10-06T09:36:40.656003+00:00,1610.0052367080002,B,2069,228.86,9.199859299191447,822820864,822820864,266,43,471859200,428319641,42,1.072,0,0.0,18,0.161,1.233,0.4975265599996419,
2026-10-06T09:36:40.656089+00:00,1610.005322987,C,2067,205.74,7.799925378114509,917905408,917905408,261,38,599785472,294800486,28,0.833,0,0.0,10,0.127,0.96,0.4610647899999094,
2026-10-06T09:36:45.655995+00:00,1615.0052260840002,A,2066,243.01,9.79975347544133,876736512,893247488,269,45,529530880,326567526,48,1.068,0,0.0,22,0.254,1.322,0.3631352389998028,
2026-10-06T09:36:45.658709+00:00,1615.0079415710002,B,2069,230.2,26.785509773135402,823078912,823201792,266,43,471859200,240079872,43,1.081,0,0.0,20,0.208,1.289,0.37126736899972457,
2026-10-06T09:36:45.659364+00:00,1615.0085971849999,C,2067,206.18,8.794241182621848,917905408,917905408,261,38,599785472,296897638,28,0.833,0,0.0,10,0.127,0.96,0.4607295140003771,
2026-10-06T09:36:50.655818+00:00,1620.005048864,A,2066,243.37,7.200255205846215,876736512,893247488,269,45,529530880,338101862,48,1.068,0,0.0,22,0.254,1.322,0.42247141000007105,
2026-10-06T09:36:50.655923+00:00,1620.0051559600001,B,2069,230.57,7.404125002410562,823078912,823201792,266,43,471859200,250565632,43,1.081,0,0.0,20,0.208,1.289,0.3788883759998498,
2026-10-06T09:36:50.655985+00:00,1620.005218749,C,2067,206.49,6.204192093183528,917905408,917905408,261,38,599785472,297946214,28,0.833,0,0.0,10,0.127,0.96,0.4134624180001083,
2026-10-06T09:36:55.655821+00:00,1625.005051485,A,2066,243.77,7.9999958064022785,876736512,893247488,269,45,529530880,346490470,48,1.068,0,0.0,22,0.254,1.322,0.46644231100026445,
2026-10-06T09:36:55.655959+00:00,1625.0051925420003,B,2069,230.98,8.199940005958673,823078912,823201792,266,43,471859200,256857088,43,1.081,0,0.0,20,0.208,1.289,0.4367772129999139,
2026-10-06T09:36:55.656193+00:00,1625.0054270640003,C,2067,206.87,7.599683374391122,917905408,917905408,261,38,599785472,298994790,28,0.833,0,0.0,10,0.127,0.96,0.442699306999657,
2026-10-06T09:37:00.655819+00:00,1630.005050011,A,2066,244.19,8.400002476320267,876736512,893247488,269,45,529530880,359073382,48,1.068,0,0.0,22,0.254,1.322,0.33356908599989765,
2026-10-06T09:37:00.655941+00:00,1630.005174728,B,2069,231.4,8.400029927627498,823083008,823201792,266,43,471859200,267342848,43,1.081,0,0.0,20,0.208,1.289,0.42821132000017315,
2026-10-06T09:37:00.656005+00:00,1630.0052385140002,C,2067,207.21,6.800256437670435,917905408,917905408,261,38,599785472,301091942,28,0.833,0,0.0,10,0.127,0.96,0.35092730099995606,
2026-10-06T09:37:05.655812+00:00,1635.0050435829999,A,2066,244.57,7.600009770572824,876736512,893247488,269,45,529530880,372704870,48,1.068,0,0.0,22,0.254,1.322,0.347168824000164,
2026-10-06T09:37:05.656885+00:00,1635.006118707,B,2069,231.78,7.5985654227618955,823083008,823201792,266,43,471859200,277828608,43,1.081,0,0.0,20,0.208,1.289,0.445105336999859,
2026-10-06T09:37:05.656925+00:00,1635.0061585160001,C,2067,207.57,7.198675440839221,917905408,917905408,261,38,599785472,302140518,28,0.833,0,0.0,10,0.127,0.96,0.44229060799989384,
2026-10-06T09:37:10.655836+00:00,1640.005067084,A,2066,244.93,7.1999661587190245,876736512,893247488,269,45,529530880,380044902,48,1.068,0,0.0,22,0.254,1.322,0.38624096400008057,
2026-10-06T09:37:10.655938+00:00,1640.005171105,B,2069,232.17,7.801478539333087,823083008,823201792,266,43,471859200,284120064,43,1.081,0,0.0,20,0.208,1.289,0.32873739800015755,
2026-10-06T09:37:10.656019+00:00,1640.005252462,C,2067,207.94,7.401341202960697,917905408,917905408,261,38,599785472,304237670,28,0.833,0,0.0,10,0.127,0.96,0.41430970600004,
2026-10-06T09:37:15.657771+00:00,1645.007002758,A,2066,245.36,8.596671929132317,876736512,893247488,269,45,529530880,392627814,48,1.068,0,0.0,22,0.254,1.322,0.39531913900009386,
2026-10-06T09:37:15.657917+00:00,1645.0071470490002,B,2069,232.58,8.196760731962701,823083008,823201792,266,43,471859200,293557248,43,1.081,0,0.0,20,0.208,1.289,0.4095874399999957,
2026-10-06T09:37:15.658247+00:00,1645.007480325,C,2067,208.31,7.396704231264459,917905408,917905408,261,38,599785472,305286246,28,0.833,0,0.0,10,0.127,0.96,0.4222250319999148,
2026-10-06T09:37:20.655811+00:00,1650.00504203,A,2066,245.74,7.602981475732628,876736512,893247488,269,45,529530880,405210726,48,1.068,0,0.0,22,0.254,1.322,0.39558102599994527,
2026-10-06T09:37:20.655954+00:00,1650.0051844540003,B,2069,232.99,8.203219919679412,823083008,823201792,266,43,471859200,304043008,43,1.081,0,0.0,20,0.208,1.289,0.3906164679997346,
2026-10-06T09:37:20.656244+00:00,1650.0054777139999,C,2067,208.63,6.402564369166747,917905408,917905408,261,38,599785472,306334822,28,0.833,0,0.0,10,0.127,0.96,0.48507249300018884,
2026-10-06T09:37:25.655947+00:00,1655.005177524,A,2066,246.14,7.999783215474136,876736512,893247488,269,45,529530880,411502182,48,1.068,0,0.0,22,0.254,1.322,0.5104552890002196,
2026-10-06T09:37:25.656089+00:00,1655.0053227470003,B,2069,233.37,7.599789800453789,823083008,823201792,266,43,471859200,309285888,43,1.081,0,0.0,20,0.208,1.289,0.44161514099960186,
2026-10-06T09:37:25.656158+00:00,1655.00539162,C,2067,208.98,7.0001205336752275,917905408,917905408,261,38,599785472,308431974,28,0.833,0,0.0,10,0.127,0.96,0.47851349000029586,
2026-10-06T09:37:30.655903+00:00,1660.005133998,A,2066,246.56,8.40007312431671,876744704,893247488,269,45,529530880,426182246,48,1.068,0,0.0,22,0.254,1.322,0.4429750059998696,
2026-10-06T09:37:30.656057+00:00,1660.005290617,B,2069,233.75,7.6000488379142945,823083008,823201792,266,43,471859200,319771648,43,1.081,0,0.0,20,0.208,1.289,0.49739472600003864,
2026-10-06T09:37:30.656219+00:00,1660.0054522300002,C,2067,209.34,7.199912722657934,917905408,917905408,261,38,599785472,309480550,28,0.833,0,0.0,10,0.127,0.96,0.4942709570000261,
2026-10-06T09:37:35.655807+00:00,1665.005038676,A,2066,246.97,8.200156331060464,876744704,893247488,269,45,529530880,438765158,48,1.068,0,0.0,22,0.254,1.322,0.39038880099997186,
2026-10-06T09:37:35.657062+00:00,1665.0062955030003,B,2069,234.14,7.798432692832151,823083008,823201792,266,43,471859200,331305984,43,1.081,0,0.0,20,0.208,1.289,0.3197642189998078,
2026-10-06T09:37:35.657795+00:00,1665.0070288030001,C,2067,209.7,7.1977304505018465,917905408,917905408,261,38,599785472,310529126,28,0.833,0,0.0,10,0.127,0.96,0.40501045300015903,
2026-10-06T09:37:40.655828+00:00,1670.0050592960001,A,2066,247.38,8.199966183339042,876744704,893247488,269,45,529530880,449250918,48,1.068,0,0.0,22,0.254,1.322,0.4086961650000376,
2026-10-06T09:37:40.655989+00:00,1670.005222586,B,2069,234.54,8.001717035647987,823083008,823201792,266,43,471859200,339694592,43,1.081,0,0.0,20,0.208,1.289,0.29350549500031775,
2026-10-06T09:37:40.656135+00:00,1670.0053689410001,C,2067,210.06,7.202390995024626,917905408,917905408,261,38,599785472,312626278,28,0.833,0,0.0,10,0.127,0.96,0.47314689599988924,
2026-10-06T09:37:45.655800+00:00,1675.0050315580002,A,2066,247.73,7.000038833415278,876744704,893247488,269,45,529530880,460785254,48,1.068,0,0.0,22,0.254,1.322,0.3410568039998907,
2026-10-06T09:37:45.655895+00:00,1675.0051286990001,B,2069,234.87,6.600123933167157,823083008,823201792,266,43,471859200,348083200,43,1.081,0,0.0,20,0.208,1.289,0.40397819800000434,
2026-10-06T09:37:45.655985+00:00,1675.0052186940002,C,2067,210.43,7.400222372242192,917905408,917905408,261,38,599785472,313674854,28,0.833,0,0.0,10,0.127,0.96,0.32531942200012054,
2026-10-06T09:37:50.655814+00:00,1680.005045289,A,2066,248.15,8.399976931983915,876744704,893247488,269,45,529530880,471271014,48,1.068,0,0.0,22,0.254,1.322,0.4019355820000783,
2026-10-06T09:37:50.655927+00:00,1680.005160187,B,2069,235.28,8.199948360005342,823230464,823230464,267,45,471859200,357520384,43,1.081,0,0.0,20,0.208,1.289,0.33046884500026863,
2026-10-06T09:37:50.655986+00:00,1680.0052198010003,C,2067,210.77,6.799998494480243,917905408,917905408,261,38,599785472,315772006,28,0.833,0,0.0,10,0.127,0.96,0.36000203999992664,
2026-10-06T09:37:55.655810+00:00,1685.0050414430002,A,2066,248.57,8.400006461284383,876744704,893247488,269,45,529530880,484902502,48,1.068,0,0.0,22,0.254,1.322,0.4698180380000849,
2026-10-06T09:37:55.655907+00:00,1685.0051406769999,B,2069,235.69,8.200031996524993,823164928,823201792,267,44,471859200,368006144,43,1.081,0,0.0,20,0.208,1.289,0.5072303450001527,
2026-10-06T09:37:55.656298+00:00,1685.005531533,C,2067,211.13,7.199551133905217,917905408,917905408,261,38,599785472,316820582,28,0.833,0,0.0,10,0.127,0.96,0.47659827100005714,
2026-10-06T09:38:00.655781+00:00,1690.005012569,A,2066,248.97,8.00004619866728,876744704,893247488,269,45,529530880,497485414,48,1.068,0,0.0,22,0.254,1.322,0.33379726400016807,
2026-10-06T09:38:00.655913+00:00,1690.0051467010003,B,2069,236.33,12.799984578577817,823164928,823201792,267,44,471859200,379540480,43,1.081,0,0.0,20,0.208,1.289,0.4203522569996494,
2026-10-06T09:38:00.657630+00:00,1690.006863607,C,2067,211.5,7.398029055568936,917905408,917905408,261,38,599785472,317869158,28,0.833,0,0.0,10,0.127,0.96,0.39312726300022405,
2026-10-06T09:38:05.655841+00:00,1695.0050719660003,A,2066,249.41,8.799895462521244,876748800,893247488,269,45,529530880,238633267,49,1.081,0,0.0,22,0.254,1.335,0.41091460999996343,
2026-10-06T09:38:05.655983+00:00,1695.0051841190002,B,2069,236.71,7.59994312506566,823164928,823201792,267,44,471859200,384783360,43,1.081,0,0.0,20,0.208,1.289,0.3436951109997608,
2026-10-06T09:38:05.657235+00:00,1695.006469113,C,2067,211.9,8.00063124020408,917905408,917905408,261,38,599785472,319966310,28,0.833,0,0.0,10,0.127,0.96,0.3691731640001308,
2026-10-06T09:38:10.655776+00:00,1700.005007714,A,2066,249.82,8.200105374634623,876748800,893247488,269,45,529530880,252264755,49,1.081,0,0.0,22,0.254,1.335,0.39034742000012557,
2026-10-06T09:38:10.655892+00:00,1700.00512497,B,2069,237.1,7.80009227353163,823164928,823201792,267,44,471859200,394220544,43,1.081,0,0.0,20,0.208,1.289,0.45844837599997845,
2026-10-06T09:38:10.656003+00:00,1700.005236678,C,2067,212.26,7.20177514394964,917905408,917905408,261,38,599785472,321014886,28,0.833,0,0.0,10,0.127,0.96,0.426391176999914,
2026-10-06T09:38:15.655783+00:00,1705.005014679,A,2066,250.2,7.599989413214639,876748800,893247488,269,45,529530880,265896243,49,1.081,0,0.0,22,0.254,1.335,0.37666691000003993,
2026-10-06T09:38:15.655866+00:00,1705.0050993560003,B,2069,237.49,7.800039958044519,823164928,823201792,267,44,471859200,404706304,43,1.081,0,0.0,20,0.208,1.289,0.3871997449996343,
2026-10-06T09:38:15.656211+00:00,1705.005444625,C,2067,212.57,6.199742156443561,917905408,917905408,261,38,599785472,322063462,28,0.833,0,0.0,10,0.127,0.96,0.4239977900001577,
2026-10-06T09:38:20.655858+00:00,1710.0050879670002,A,2066,250.59,7.799885672395606,876748800,893247488,269,45,529530880,277430579,49,1.081,0,0.0,22,0.254,1.335,0.2975561379998908,
2026-10-06T09:38:20.656009+00:00,1710.005243039,B,2069,237.87,7.599781608116045,823164928,823201792,267,44,471859200,414143488,43,1.081,0,0.0,20,0.208,1.289,0.3982937010000569,
2026-10-06T09:38:20.656223+00:00,1710.005454306,C,2067,212.92,6.999986446626215,917905408,917905408,261,38,599785472,324160614,28,0.833,0,0.0,10,0.127,0.96,0.4027530600001228,
2026-10-06T09:38:25.655788+00:00,1715.005019866,A,2066,250.99,8.000108963084413,876748800,893247488,269,45,529530880,293159219,49,1.081,0,0.0,22,0.254,1.335,0.3293102459997499,
2026-10-06T09:38:25.655889+00:00,1715.0051222400002,B,2069,238.31,8.800212611376406,823164928,823201792,267,44,471859200,424629248,43,1.081,0,0.0,20,0.208,1.289,0.43298501399976885,
2026-10-06T09:38:25.655964+00:00,1715.0051975679999,C,2067,213.3,7.600390261799772,917909504,917909504,261,38,599785472,326257766,28,0.833,0,0.0,10,0.127,0.96,0.44746568000027764,
2026-10-06T09:38:30.655815+00:00,1720.005046578,A,2066,251.42,8.59995405560518,876748800,893247488,269,45,529530880,306790707,49,1.081,0,0.0,22,0.254,1.335,0.4578376419999586,
2026-10-06T09:38:30.655938+00:00,1720.0051710400003,B,2069,238.7,7.799923872742638,823164928,823201792,267,44,471859200,433017856,43,1.081,0,0.0,20,0.208,1.289,0.3661011099998177,
2026-10-06T09:38:30.656077+00:00,1720.0053108800003,C,2067,213.68,7.599827769662462,917909504,917909504,261,38,599785472,327306342,28,0.833,0,0.0,10,0.127,0.96,0.38170305299991014,
2026-10-06T09:38:35.655844+00:00,1725.005074363,A,2066,251.87,8.99994998727839,876748800,893247488,269,45,529530880,321470771,49,1.081,0,0.0,22,0.254,1.335,0.43168298099999447,
2026-10-06T09:38:35.655973+00:00,1725.0052063060002,B,2069,239.1,7.999943574798187,823164928,823201792,267,44,471859200,440357888,43,1.081,0,0.0,20,0.208,1.289,0.38530314199988425,
2026-10-06T09:38:35.656024+00:00,1725.005257448,C,2067,214.05,7.400079080205449,917909504,917909504,261,38,599785472,328354918,28,0.833,0,0.0,10,0.127,0.96,0.383719420000034,
2026-10-06T09:38:40.655815+00:00,1730.005045937,A,2066,252.29,8.400047755951205,876748800,893247488,269,45,529530880,336150835,49,1.081,0,0.0,22,0.254,1.335,0.38119633199994496,
2026-10-06T09:38:40.655929+00:00,1730.0051629570003,B,2069,239.47,7.40006415707625,823164928,823201792,267,44,471859200,241959628,44,1.085,0,0.0,20,0.208,1.293,0.4126788339999621,
2026-10-06T09:38:40.656075+00:00,1730.0053085700001,C,2067,214.36,6.199936609368104,917909504,917909504,261,38,599785472,330452070,28,0.833,0,0.0,10,0.127,0.96,0.43522501100005684,
2026-10-06T09:38:45.655848+00:00,1735.0050780770002,A,2066,252.83,10.799930578046098,876748800,893247488,269,45,529530880,351879475,49,1.081,0,0.0,22,0.254,1.335,0.40509032399995704,
2026-10-06T09:38:45.655961+00:00,1735.0051944709999,B,2069,239.87,7.999949577918551,823164928,823201792,267,44,471859200,250348236,44,1.085,0,0.0,20,0.208,1.293,0.37709094800038656,
2026-10-06T09:38:45.656100+00:00,1735.005333179,C,2067,214.71,6.9999655475696425,917909504,917909504,261,38,599785472,332549222,28,0.833,0,0.0,10,0.127,0.96,0.453391620000275,
2026-10-06T09:38:50.655818+00:00,1740.0050490940002,A,2066,253.34,10.200059125662532,876748800,893247488,269,45,529530880,365510963,49,1.081,0,0.0,22,0.254,1.335,0.4423785889998726,
2026-10-06T09:38:50.655918+00:00,1740.0051511730003,B,2069,240.23,7.200062349659025,823164928,823201792,267,44,471859200,258736844,44,1.085,0,0.0,20,0.208,1.293,0.4896174729997256,
2026-10-06T09:38:50.656042+00:00,1740.005275169,C,2067,215.05,6.8000788945153685,917909504,917909504,261,38,599785472,333597798,28,0.833,0,0.0,10,0.127,0.96,0.3991511489998629,
2026-10-06T09:38:55.655821+00:00,1745.005051743,A,2066,253.77,8.599995443723023,876748800,893247488,269,45,529530880,383336755,49,1.081,0,0.0,22,0.254,1.335,0.38453900500007876,
2026-10-06T09:38:55.655991+00:00,1745.005224176,B,2069,240.61,7.5998890370611045,823164928,823201792,267,44,471859200,268174028,44,1.085,0,0.0,20,0.208,1.293,0.450145041000269,
2026-10-06T09:38:55.656136+00:00,1745.005369589,C,2067,215.43,7.599856484309914,917909504,917909504,261,38,599785472,335694950,28,0.833,0,0.0,10,0.127,0.96,0.3324008680001498,
2026-10-06T09:39:00.655800+00:00,1750.0050309520002,A,2066,254.21,8.800036592311708,876748800,893247488,269,45,529530880,396968243,49,1.081,0,0.0,22,0.254,1.335,0.36553691299968705,
2026-10-06T09:39:00.655898+00:00,1750.0051318639998,B,2069,240.94,6.600121854089541,823164928,823201792,267,44,471859200,275514060,44,1.085,0,0.0,20,0.208,1.293,0.3351560060000338,
2026-10-06T09:39:00.656073+00:00,1750.0053064560002,C,2067,215.8,7.400093438019765,917909504,917909504,261,38,599785472,336743526,28,0.833,0,0.0,10,0.127,0.96,0.3907815039997331,
2026-10-06T09:39:05.655860+00:00,1755.0050908500002,A,2066,254.63,8.399899372565196,876752896,893247488,269,45,529530880,412696883,49,1.081,0,0.0,22,0.254,1.335,0.4189243829996485,
2026-10-06T09:39:05.655985+00:00,1755.0052169340001,B,2069,241.38,8.799850279346781,823164928,823201792,267,44,471859200,282854092,44,1.085,0,0.0,20,0.208,1.293,0.37193624400015324,
2026-10-06T09:39:05.656107+00:00,1755.0053404340001,C,2067,216.15,6.9999524311232575,917909504,917909504,261,38,599785472,338840678,28,0.833,0,0.0,10,0.127,0.96,0.3337179290001586,
2026-10-06T09:39:10.655807+00:00,1760.005038409,A,2066,255.04,8.2000860041423,876752896,893247488,269,45,529530880,426328371,49,1.081,0,0.0,22,0.254,1.335,0.3700355680002758,
2026-10-06T09:39:10.656266+00:00,1760.0054995310002,B,2069,241.78,7.999547870354173,823164928,823201792,267,44,471859200,292291276,44,1.085,0,0.0,20,0.208,1.293,0.4207328919997053,
2026-10-06T09:39:10.656415+00:00,1760.0056484689999,C,2067,216.47,6.399605739489375,917909504,917909504,261,38,599785472,339889254,28,0.833,0,0.0,10,0.127,0.96,0.3279898990003858,
2026-10-06T09:39:15.655814+00:00,1765.00504564,A,2066,255.47,8.59998756269825,876752896,893247488,269,45,529530880,442057011,49,1.081,0,0.0,22,0.254,1.335,0.39059591600016574,
2026-10-06T09:39:15.655948+00:00,1765.005181053,B,2069,242.13,7.000445897601995,823164928,823201792,267,44,471859200,299631308,44,1.085,0,0.0,20,0.208,1.293,0.46708597800034113,
2026-10-06T09:39:15.656008+00:00,1765.0052418700002,C,2067,216.83,7.2005855501766485,917909504,917909504,261,38,599785472,341986406,28,0.833,0,0.0,10,0.127,0.96,0.47421758099972067,
2026-10-06T09:39:20.655778+00:00,1770.005009123,A,2066,255.89,8.400061349007636,876752896,893247488,269,45,529530880,456737075,49,1.081,0,0.0,22,0.254,1.335,0.4169022529999893,
2026-10-06T09:39:20.655887+00:00,1770.005121011,B,2069,242.45,6.400076854682585,823169024,823201792,267,44,471859200,306971340,44,1.085,0,0.0,20,0.208,1.293,0.4048661520000678,
2026-10-06T09:39:20.656036+00:00,1770.005269935,C,2067,217.16,6.599962954408019,917909504,917909504,261,38,599785472,343034982,28,0.833,0,0.0,10,0.127,0.96,0.39684287900035997,
2026-10-06T09:39:25.655796+00:00,1775.0050270880001,A,2066,256.39,9.999964070128902,876752896,893247488,269,45,529530880,471417139,49,1.081,0,0.0,22,0.254,1.335,0.4247992880000311,
2026-10-06T09:39:25.655901+00:00,1775.005134645,B,2069,242.82,7.399979821735157,823169024,823201792,267,44,471859200,313262796,44,1.085,0,0.0,20,0.208,1.293,0.499454956000136,
2026-10-06T09:39:25.656014+00:00,1775.0052471180002,C,2067,217.5,6.800031031261292,918048768,918048768,261,40,599785472,346180710,28,0.833,0,0.0,10,0.127,0.96,0.47664116999976613,
2026-10-06T09:39:30.655804+00:00,1780.005036387,A,2066,256.83,8.799983633790594,876752896,893247488,269,45,529530880,485048627,49,1.081,0,0.0,22,0.254,1.335,0.2885077060000185,
2026-10-06T09:39:30.655911+00:00,1780.0051442490003,B,2069,243.26,8.799983096991898,823169024,823201792,267,44,471859200,320602828,44,1.085,0,0.0,20,0.208,1.293,0.381484110999736,
2026-10-06T09:39:30.656002+00:00,1780.0052362669999,C,2067,217.85,7.000015191433271,918048768,918048768,261,40,599785472,347229286,28,0.833,0,0.0,10,0.127,0.96,0.3845251800003098,
2026-10-06T09:39:35.655805+00:00,1785.005036002,A,2066,257.69,17.20000132440045,876756992,893247488,269,45,529530880,233439744,50,1.085,0,0.0,24,0.262,1.347,0.4154423400000269,
2026-10-06T09:39:35.656881+00:00,1785.006114531,B,2069,243.69,8.598331438755471,823169024,823201792,267,44,471859200,330040012,44,1.085,0,0.0,20,0.208,1.293,0.44112830999984,
2026-10-06T09:39:35.656943+00:00,1785.006174351,C,2067,218.21,7.198649412432968,918048768,918048768,261,40,599785472,348277862,28,0.833,0,0.0,10,0.127,0.96,0.4103329260001374,
2026-10-06T09:39:40.655839+00:00,1790.005069448,A,2066,258.14,8.99993979760232,876756992,893247488,269,45,529530880,247071232,50,1.085,0,0.0,24,0.262,1.347,0.458705461000136,
2026-10-06T09:39:40.655988+00:00,1790.0052188670002,B,2069,244.09,8.00143331915447,823169024,823201792,267,44,471859200,336331468,44,1.085,0,0.0,20,0.208,1.293,0.38733603599985145,
2026-10-06T09:39:40.656105+00:00,1790.005338131,C,2067,218.57,7.20120435822155,918048768,918048768,261,40,599785472,350375014,28,0.833,0,0.0,10,0.127,0.96,0.3948444810002911,
2026-10-06T09:39:45.655813+00:00,1795.00504498,A,2066,258.6,9.20004502134103,876756992,893247488,269,45,529530880,260702720,50,1.085,0,0.0,24,0.262,1.347,0.43047012999977596,
2026-10-06T09:39:45.655933+00:00,1795.005166982,B,2069,244.43,6.800070564332553,823169024,823201792,267,44,471859200,343671500,44,1.085,0,0.0,20,0.208,1.293,0.34995971500029555,
2026-10-06T09:39:45.656208+00:00,1795.005441625,C,2067,218.85,5.599884089119142,918048768,918048768,261,40,599785472,351423590,28,0.833,0,0.0,10,0.127,0.96,0.4101146470002277,
2026-10-06T09:39:50.655831+00:00,1800.0050616190001,A,2066,259.0,7.999973377688102,876756992,893247488,269,45,529530880,274334208,50,1.085,0,0.0,24,0.262,1.347,0.40587883099988176,
2026-10-06T09:39:50.655969+00:00,1800.0052019949999,B,2069,244.81,7.599946780612754,823169024,823201792,267,44,471859200,349962956,44,1.085,0,0.0,20,0.208,1.293,0.2743236260002959,
2026-10-06T09:39:50.656075+00:00,1800.0053085949999,C,2067,219.2,7.000186246955373,918048768,918048768,261,40,599785472,352472166,28,0.833,0,0.0,10,0.127,0.96,0.3636441270000432,
2026-10-06T09:39:55.655804+00:00,1805.0050355070002,A,2066,259.47,9.400049090816704,876756992,893247488,269,45,529530880,289014272,50,1.085,0,0.0,24,0.262,1.347,0.3936525310000434,
2026-10-06T09:39:55.655943+00:00,1805.0051761230002,B,2069,245.23,8.400043465184146,823169024,823201792,267,44,471859200,357302988,44,1.085,0,0.0,20,0.208,1.293,0.41237767199982045,
2026-10-06T09:39:55.656105+00:00,1805.005338862,C,2067,219.57,7.399955205111168,918048768,918048768,261,40,599785472,354569318,28,0.833,0,0.0,10,0.127,0.96,0.39646226400009255,
2026-10-06T09:40:00.655826+00:00,1810.005057809,A,2066,259.91,8.799960748655549,876756992,893247488,269,45,529530880,302645760,50,1.085,0,0.0,24,0.262,1.347,0.3498630040003263,
2026-10-06T09:40:00.655952+00:00,1810.0051855860002,B,2069,245.61,7.599985616267747,823169024,823201792,267,44,471859200,363594444,44,1.085,0,0.0,20,0.208,1.293,0.35858516500002224,
2026-10-06T09:40:00.656064+00:00,1810.005297153,C,2067,219.93,7.200060061461317,918048768,918048768,261,40,599785472,355617894,28,0.833,0,0.0,10,0.127,0.96,0.42594523300022047,
2026-10-06T09:40:05.655868+00:00,1815.005099595,A,2066,260.37,9.199923114401935,876756992,893247488,269,45,529530880,316277248,50,1.085,0,0.0,24,0.262,1.347,0.41992046099994695,
2026-10-06T09:40:05.655990+00:00,1815.0052233259999,B,2069,245.97,7.199945654810337,823169024,823201792,267,44,471859200,370934476,44,1.085,0,0.0,20,0.208,1.293,0.30864200700034417,
2026-10-06T09:40:05.656097+00:00,1815.0053307070002,C,2067,220.3,7.399950340412886,918048768,918048768,261,40,599785472,356666470,28,0.833,0,0.0,10,0.127,0.96,0.39374618900001224,
2026-10-06T09:40:10.655810+00:00,1820.005040527,A,2066,260.8,8.600101598160643,876756992,893247488,269,45,529530880,329908736,50,1.085,0,0.0,24,0.262,1.347,0.38339464500040776,
2026-10-06T09:40:10.655939+00:00,1820.0051724,B,2069,246.36,7.800079445369241,823169024,823201792,267,44,471859200,377225932,44,1.085,0,0.0,20,0.208,1.293,0.3387873189999482,
2026-10-06T09:40:10.656007+00:00,1820.005240803,C,2067,220.67,7.40013306031221,918048768,918048768,261,40,599785472,358763622,28,0.833,0,0.0,10,0.127,0.96,0.29837156899975525,
2026-10-06T09:40:15.655838+00:00,1825.005068941,A,2066,261.22,8.399952264751423,876756992,893247488,269,45,529530880,343540224,50,1.085,0,0.0,24,0.262,1.347,0.33259598899985576,
2026-10-06T09:40:15.655959+00:00,1825.005192742,B,2069,246.73,7.39996989396205,823169024,823201792,267,44,471859200,384565964,44,1.085,0,0.0,20,0.208,1.293,0.345464254000035,
2026-10-06T09:40:15.656001+00:00,1825.005235146,C,2067,221.04,7.400008372369863,918048768,918048768,261,40,599785472,359812198,28,0.833,0,0.0,10,0.127,0.96,0.41949340700011817,
2026-10-06T09:40:20.655839+00:00,1830.005069551,A,2066,261.64,8.399998975199448,876756992,893247488,269,45,529530880,357171712,50,1.085,0,0.0,24,0.262,1.347,0.41098899100006747,
2026-10-06T09:40:20.655970+00:00,1830.005200688,B,2069,247.13,7.999987286420164,823169024,823201792,267,44,471859200,390857420,44,1.085,0,0.0,20,0.208,1.293,0.360364957999991,
2026-10-06T09:40:20.656263+00:00,1830.0054968929999,C,2067,221.4,7.1996231040505965,918048768,918048768,261,40,599785472,361909350,28,0.833,0,0.0,10,0.127,0.96,0.3948568460000388,
2026-10-06T09:40:25.655839+00:00,1835.0050708940003,A,2066,262.09,8.999997582599793,876756992,893247488,269,45,529530880,371851776,50,1.085,0,0.0,24,0.262,1.347,0.3350020179996136,
2026-10-06T09:40:25.655964+00:00,1835.0051978689999,B,2069,247.5,7.400004172122741,823169024,823201792,267,44,471859200,398197452,44,1.085,0,0.0,20,0.208,1.293,0.40209754900024564,
2026-10-06T09:40:25.656270+00:00,1835.0055040790003,C,2067,221.74,6.799990227053566,917909504,917909504,261,38,599785472,364006502,28,0.833,0,0.0,10,0.127,0.96,0.4191014519997225,
2026-10-06T09:40:30.655876+00:00,1840.005107338,A,2066,262.52,8.599937316777433,876756992,893247488,269,45,529530880,384434688,50,1.085,0,0.0,24,0.262,1.347,0.35697032200005197,
2026-10-06T09:40:30.656001+00:00,1840.0052345889999,B,2069,247.9,7.999941248431544,823169024,823201792,267,44,471859200,404488908,44,1.085,0,0.0,20,0.208,1.293,0.3516624800004138,
2026-10-06T09:40:30.656041+00:00,1840.005274919,C,2067,222.09,7.000320838705049,917909504,917909504,261,38,599785472,365055078,28,0.833,0,0.0,10,0.127,0.96,0.4507968510001774,
2026-10-06T09:40:35.655803+00:00,1845.005030965,A,2066,262.93,8.200125253633628,876756992,893247488,269,45,529530880,399114752,50,1.085,0,0.0,24,0.262,1.347,0.3442626440000822,
2026-10-06T09:40:35.655995+00:00,1845.0052281950002,B,2069,248.25,7.000008951610891,823169024,823201792,267,44,471859200,411828940,44,1.085,0,0.0,20,0.208,1.293,0.38664941199976965,
2026-10-06T09:40:35.656062+00:00,1845.0052955760002,C,2067,222.4,6.199974385425525,917909504,917909504,261,38,599785472,366103654,28,0.833,0,0.0,10,0.127,0.96,0.38340771599996515,
2026-10-06T09:40:40.655825+00:00,1850.0050556680003,A,2066,263.34,8.199959487279134,876756992,893247488,269,45,529530880,412746240,50,1.085,0,0.0,24,0.262,1.347,0.45876414399981513,
2026-10-06T09:40:40.655941+00:00,1850.0051752680001,B,2069,248.58,6.6000698643798845,823169024,823201792,267,44,471859200,419168972,44,1.085,0,0.0,20,0.208,1.293,0.44881048399975043,
2026-10-06T09:40:40.655994+00:00,1850.005227476,C,2067,222.67,5.40007354900152,917909504,917909504,261,38,599785472,368200806,28,0.833,0,0.0,10,0.127,0.96,0.49787369200021203,
2026-10-06T09:40:45.655833+00:00,1855.005063531,A,2066,263.81,9.399985217584526,876756992,893247488,269,45,529530880,427426304,50,1.085,0,0.0,24,0.262,1.347,0.4103157360000296,
2026-10-06T09:40:45.655943+00:00,1855.0051756090002,B,2069,249.0,8.399999427119734,823169024,823201792,267,44,471859200,426509004,44,1.085,0,0.0,20,0.208,1.293,0.4265518060001341,
2026-10-06T09:40:45.656082+00:00,1855.0053158199999,C,2067,223.01,6.799879854283201,917909504,917909504,261,38,599785472,369249382,28,0.833,0,0.0,10,0.127,0.96,0.3478278920001685,
2026-10-06T09:40:50.655811+00:00,1860.0050416620002,A,2066,264.23,8.400036740080573,876756992,893247488,269,45,529530880,441057792,50,1.085,0,0.0,24,0.262,1.347,0.42300396099972204,
2026-10-06T09:40:50.655928+00:00,1860.0051610210003,B,2069,249.37,7.400021590302913,823173120,823201792,267,44,471859200,433849036,44,1.085,0,0.0,20,0.208,1.293,0.30431668199980777,
2026-10-06T09:40:50.656026+00:00,1860.005256549,C,2067,223.35,6.800080609515395,917909504,917909504,261,38,599785472,371346534,28,0.833,0,0.0,10,0.127,0.96,0.3584151190002558,
2026-10-06T09:40:55.655812+00:00,1865.005042923,A,2066,264.65,8.399997881519965,876761088,893247488,269,45,529530880,456786432,50,1.085,0,0.0,24,0.262,1.347,0.44501112900024964,
2026-10-06T09:40:55.655925+00:00,1865.0051581460002,B,2069,249.75,7.6000043700025195,823173120,823201792,267,44,471859200,441189068,44,1.085,0,0.0,20,0.208,1.293,0.4780717829999048,
2026-10-06T09:40:55.656120+00:00,1865.005353264,C,2067,223.7,6.999864601618999,917909504,917909504,261,38,599785472,372395110,28,0.833,0,0.0,10,0.127,0.96,0.40433798899994144,
2026-10-06T09:41:00.655821+00:00,1870.0050525740003,A,2066,265.06,8.199984172390632,876761088,893247488,269,45,529530880,467272192,50,1.085,0,0.0,24,0.262,1.347,0.3943110759996671,
2026-10-06T09:41:00.655925+00:00,1870.005158338,B,2069,250.12,7.399999715840415,823181312,823201792,267,44,471859200,445383372,44,1.085,0,0.0,20,0.208,1.293,0.4332178899999235,
2026-10-06T09:41:00.656108+00:00,1870.0053416340002,C,2067,224.05,7.0000162820380325,917909504,917909504,261,38,599785472,374492262,28,0.833,0,0.0,10,0.127,0.96,0.47390974299969457,
2026-10-06T09:41:05.655813+00:00,1875.0050441030003,A,2066,265.43,7.400012537101333,876761088,893247488,269,45,529530880,478806528,50,1.085,0,0.0,24,0.262,1.347,0.39577834099964093,
2026-10-06T09:41:05.656018+00:00,1875.00524873,B,2069,250.48,7.199869837872903,823181312,823201792,267,44,471859200,235545395,45,1.09,0,0.0,20,0.208,1.298,0.3367856340000799,
2026-10-06T09:41:05.656204+00:00,1875.0054374280003,C,2067,224.37,6.39987738602885,917909504,917909504,261,38,599785472,376589414,28,0.833,0,0.0,10,0.127,0.96,0.4092159309998351,
2026-10-06T09:41:10.655830+00:00,1880.005060634,A,2066,265.79,7.199976195439262,876761088,893247488,269,45,529530880,492438016,50,1.085,0,0.0,24,0.262,1.347,0.30530062900015764,
2026-10-06T09:41:10.655967+00:00,1880.00520052,B,2069,250.8,6.400061709395347,823181312,823201792,267,44,471859200,237642547,45,1.09,0,0.0,20,0.208,1.298,0.399620756999866,
2026-10-06T09:41:10.656144+00:00,1880.0053755019999,C,2067,224.71,6.800084220403697,917909504,917909504,261,38,599785472,377637990,28,0.833,0,0.0,10,0.127,0.96,0.37196038000001863,
2026-10-06T09:41:15.655792+00:00,1885.0050237340001,A,2066,266.21,8.400061992456587,876761088,893247488,269,45,529530880,239796633,51,1.088,0,0.0,24,0.262,1.35,0.34792848400002185,
2026-10-06T09:41:15.655896+00:00,1885.0051295930002,B,2069,251.18,7.600107810568936,823181312,823201792,267,44,471859200,238691123,45,1.09,0,0.0,20,0.208,1.298,0.4009791629996471,
2026-10-06T09:41:15.655988+00:00,1885.005219273,C,2067,225.06,7.000218727434078,917909504,917909504,261,38,599785472,379735142,28,0.833,0,0.0,10,0.127,0.96,0.3669686980001643,
2026-10-06T09:41:20.655802+00:00,1890.005033242,A,2066,266.63,8.399984026590781,876761088,893247488,269,45,529530880,252379545,51,1.088,0,0.0,24,0.262,1.35,0.4092702329999156,
2026-10-06T09:41:20.656874+00:00,1890.006108086,B,2069,251.55,7.398552113709676,823181312,823201792,267,44,471859200,240788275,45,1.09,0,0.0,20,0.208,1.298,0.374550397999883,
2026-10-06T09:41:20.657566+00:00,1890.006800004,C,2067,225.43,7.39766125750449,917909504,917909504,261,38,599785472,380783718,28,0.833,0,0.0,10,0.127,0.96,0.29588404100013577,
2026-10-06T09:41:25.655819+00:00,1895.0050503759999,A,2066,267.05,8.399971214979312,876761088,893247488,269,45,529530880,263913881,51,1.088,0,0.0,24,0.262,1.35,0.40887388400005875,
2026-10-06T09:41:25.655972+00:00,1895.0052020440003,B,2069,251.93,7.601377433442069,823181312,823201792,267,44,471859200,242885427,45,1.09,0,0.0,20,0.208,1.298,0.3285210340000049,
2026-10-06T09:41:25.656085+00:00,1895.005318939,C,2067,225.81,7.60225188583778,917909504,917909504,261,38,599785472,381832294,28,0.833,0,0.0,10,0.127,0.96,0.3966441970001142,
2026-10-06T09:41:30.655843+00:00,1900.005074101,A,2066,267.47,8.399960142189244,876761088,893247488,269,45,529530880,277545369,51,1.088,0,0.0,24,0.262,1.35,0.34021658400024535,
2026-10-06T09:41:30.655962+00:00,1900.005195454,B,2069,252.3,7.400009753213448,823181312,823201792,267,44,471859200,243934003,45,1.09,0,0.0,20,0.208,1.298,0.41012583200017616,
2026-10-06T09:41:30.656047+00:00,1900.0052814230003,C,2067,226.17,7.200054023444754,917909504,917909504,261,38,599785472,383929446,28,0.833,0,0.0,10,0.127,0.96,0.4624215689996163,
2026-10-06T09:41:35.655820+00:00,1905.00505187,A,2066,267.87,8.0000355697577,876761088,893247488,269,45,529530880,291176857,51,1.088,0,0.0,24,0.262,1.35,0.3381577909999578,
2026-10-06T09:41:35.655919+00:00,1905.005152616,B,2069,252.67,7.4000634007825665,823181312,823201792,267,44,471859200,246031155,45,1.09,0,0.0,20,0.208,1.298,0.38302027999998245,
2026-10-06T09:41:35.657443+00:00,1905.006676724,C,2067,226.49,6.398214512979085,917909504,917909504,261,38,599785472,384978022,28,0.833,0,0.0,10,0.127,0.96,0.33509283000012147,
2026-10-06T09:41:40.655811+00:00,1910.005042922,A,2066,268.26,7.8000139589046436,876761088,893247488,269,45,529530880,304808345,51,1.088,0,0.0,24,0.262,1.35,0.29358993700043357,
2026-10-06T09:41:40.655920+00:00,1910.0051535230004,B,2069,253.04,7.399998657639724,823181312,823201792,267,44,471859200,248128307,45,1.09,0,0.0,20,0.208,1.298,0.3523100719994545,
2026-10-06T09:41:40.655982+00:00,1910.0052163420005,C,2067,226.86,7.402161996827675,917909504,917909504,261,38,599785472,386026598,28,0.833,0,0.0,10,0.127,0.96,0.38770842099984293,
2026-10-06T09:41:45.655889+00:00,1915.005118913,A,2066,268.65,7.799881455841535,876761088,893247488,269,45,529530880,319488409,51,1.088,0,0.0,24,0.262,1.35,0.41796753400012676,
2026-10-06T09:41:45.656017+00:00,1915.005250366,B,2069,253.42,7.599852801491725,823181312,823201792,267,44,471859200,250225459,45,1.09,0,0.0,20,0.208,1.298,0.4009755030001543,
2026-10-06T09:41:45.656279+00:00,1915.005512799,C,2067,227.22,7.199573127230422,917909504,917909504,261,38,599785472,388123750,28,0.833,0,0.0,10,0.127,0.96,0.39469650499995623,
2026-10-06T09:41:50.655809+00:00,1920.005040647,A,2066,269.05,8.000125227560808,876761088,893247488,269,45,529530880,332071321,51,1.088,0,0.0,24,0.262,1.35,0.3973172160003742,
2026-10-06T09:41:50.655936+00:00,1920.0051690600003,B,2069,253.81,7.800126839422278,823181312,823201792,267,44,471859200,251274035,45,1.09,0,0.0,20,0.208,1.298,0.39965662799932034,
2026-10-06T09:41:50.656000+00:00,1920.0052337770003,C,2067,227.61,7.800435298611299,917909504,917909504,261,38,599785472,389172326,28,0.833,0,0.0,10,0.127,0.96,0.29882717300006334,
2026-10-06T09:41:55.655803+00:00,1925.0050336530003,A,2066,269.42,7.400010351134132,876761088,893247488,269,45,529530880,346751385,51,1.088,0,0.0,24,0.262,1.35,0.3519282329998532,
2026-10-06T09:41:55.655959+00:00,1925.005192476,B,2069,254.16,6.999967217753763,823181312,823201792,267,44,471859200,253371187,45,1.09,0,0.0,20,0.208,1.298,0.3519939269999668,
2026-10-06T09:41:55.656030+00:00,1925.005263608,C,2067,227.95,6.799959430082003,917909504,917909504,261,38,599785472,390220902,28,0.833,0,0.0,10,0.127,0.96,0.3897077760002503,
2026-10-06T09:42:00.655821+00:00,1930.0050521760004,A,2066,269.84,8.399968881474281,876761088,893247488,269,45,529530880,358285721,51,1.088,0,0.0,24,0.262,1.35,0.3402009409992388,
2026-10-06T09:42:00.655918+00:00,1930.0051512999999,B,2069,254.53,7.40006094098224,823042048,823201792,267,42,471859200,255468339,45,1.09,0,0.0,20,0.208,1.298,0.4215720390002389,
2026-10-06T09:42:00.655978+00:00,1930.0052118860003,C,2067,228.34,7.800080687154372,917909504,917909504,261,38,599785472,391269478,28,0.833,0,0.0,10,0.127,0.96,0.4016370219997043,
2026-10-06T09:42:05.655836+00:00,1935.0050666810002,A,2066,270.23,7.799977372266735,876761088,893247488,269,45,529530880,372965785,51,1.088,0,0.0,24,0.262,1.35,0.4215899230002833,
2026-10-06T09:42:05.656089+00:00,1935.0053203919997,B,2069,254.9,7.399749752303288,823042048,823201792,267,42,471859200,257565491,45,1.09,0,0.0,20,0.208,1.298,0.4337040860000343,
2026-10-06T09:42:05.656337+00:00,1935.0055708179998,C,2067,228.68,6.799511887520625,917909504,917909504,261,38,599785472,393366630,28,0.833,0,0.0,10,0.127,0.96,0.45625520100020367,
2026-10-06T09:42:10.655817+00:00,1940.0050474790005,A,2066,270.68,9.000034563732058,876761088,893247488,269,45,529530880,385548697,51,1.088,0,0.0,24,0.262,1.35,0.3448286539996843,
2026-10-06T09:42:10.655932+00:00,1940.0051660119998,B,2069,255.24,6.800209963282776,823050240,823201792,267,42,471859200,258614067,45,1.09,0,0.0,20,0.208,1.298,0.40236457100036205,
2026-10-06T09:42:10.655993+00:00,1940.0052261669998,C,2067,229.06,7.6005239056327945,917909504,917909504,261,38,599785472,395463782,28,0.833,0,0.0,10,0.127,0.96,0.325541885000348,
2026-10-06T09:42:15.655823+00:00,1945.0050535359997,A,2066,271.09,8.199990066532784,876761088,893247488,269,45,529530880,399180185,51,1.088,0,0.0,24,0.262,1.35,0.42177538000032655,
2026-10-06T09:42:15.655942+00:00,1945.0051753449998,B,2069,255.64,7.999985067227451,823050240,823201792,267,42,471859200,260711219,45,1.09,0,0.0,20,0.208,1.298,0.32966546100033156,
2026-10-06T09:42:15.656005+00:00,1945.005239135,C,2067,229.43,7.399980807409586,917909504,917909504,261,38,599785472,396512358,28,0.833,0,0.0,10,0.127,0.96,0.3956467699999848,
2026-10-06T09:42:20.655817+00:00,1950.0050482759998,A,2066,271.48,7.800008205609266,876761088,893247488,269,45,529530880,413860249,51,1.088,0,0.0,24,0.262,1.35,0.4359722260005583,
2026-10-06T09:42:20.655986+00:00,1950.005218978,B,2069,255.98,6.799940659637728,823050240,823201792,267,42,471859200,262808371,45,1.09,0,0.0,20,0.208,1.298,0.2933616990003429,
2026-10-06T09:42:20.656033+00:00,1950.0052666190004,C,2067,229.74,6.1999659200269,917909504,917909504,261,38,599785472,397560934,28,0.833,0,0.0,10,0.127,0.96,0.3914738799994666,
2026-10-06T09:42:25.656082+00:00,1955.0053135130001,A,2066,271.93,8.999522598724042,876761088,893247488,269,45,529530880,427491737,51,1.088,0,0.0,24,0.262,1.35,0.4210736739996719,
2026-10-06T09:42:25.656239+00:00,1955.0054723860003,B,2069,256.37,7.799604703553944,823050240,823201792,267,42,471859200,264905523,45,1.09,0,0.0,20,0.208,1.298,0.40283100199940236,
2026-10-06T09:42:25.656391+00:00,1955.0056243090003,C,2067,230.13,7.7994420435150165,917909504,917909504,261,38,599785472,399658086,28,0.833,0,0.0,10,0.127,0.96,0.41959191499972803,
2026-10-06T09:42:30.655822+00:00,1960.005052505,A,2066,272.32,7.800407193735973,876761088,893247488,269,45,529530880,441123225,51,1.088,0,0.0,24,0.262,1.35,0.41267092199996114,
2026-10-06T09:42:30.655943+00:00,1960.005176191,B,2069,256.76,7.800462091574153,823050240,823201792,267,42,471859200,265954099,45,1.09,0,0.0,20,0.208,1.298,0.29816302500057645,
2026-10-06T09:42:30.655999+00:00,1960.005232335,C,2067,230.49,7.200564486813383,917909504,917909504,261,38,599785472,400706662,28,0.833,0,0.0,10,0.127,0.96,0.38038333599979524,
2026-10-06T09:42:35.655818+00:00,1965.0050498440005,A,2066,272.72,8.000004257602306,876761088,893247488,269,45,529530880,451608985,51,1.088,0,0.0,24,0.262,1.35,0.3926960519993372,
2026-10-06T09:42:35.655946+00:00,1965.0051792040003,B,2069,257.16,7.99999517920291,823050240,823201792,267,42,471859200,268051251,45,1.09,0,0.0,20,0.208,1.298,0.42165856799965695,
2026-10-06T09:42:35.656039+00:00,1965.0052728190003,C,2067,230.85,7.199941703511377,917909504,917909504,261,38,599785472,401755238,28,0.833,0,0.0,10,0.127,0.96,0.4063840769995295,
2026-10-06T09:42:40.655843+00:00,1970.0050742140002,A,2066,273.12,7.999961008190128,876761088,893247488,269,45,529530880,462094745,51,1.088,0,0.0,24,0.262,1.35,0.31918342399967514,
2026-10-06T09:42:40.655953+00:00,1970.005187144,B,2069,257.5,6.7999892016170485,823050240,823201792,267,42,471859200,270148403,45,1.09,0,0.0,20,0.208,1.298,0.388193542999943,
2026-10-06T09:42:40.655996+00:00,1970.0052275039998,C,2067,231.23,7.600068879424975,917909504,917909504,261,38,599785472,403852390,28,0.833,0,0.0,10,0.127,0.96,0.42579767700044613,
2026-10-06T09:42:45.655802+00:00,1975.0050331470002,A,2066,273.52,8.000065707739203,876761088,893247488,269,45,529530880,475726233,51,1.088,0,0.0,24,0.262,1.35,0.3428835109998545,
2026-10-06T09:42:45.657047+00:00,1975.0062811449998,B,2069,257.88,7.598337482239541,823050240,823201792,267,42,471859200,272245555,45,1.09,0,0.0,20,0.208,1.298,0.4032875550001336,
2026-10-06T09:42:45.657086+00:00,1975.006319092,C,2067,231.59,7.1984284563755665,917909504,917909504,261,38,599785472,404900966,28,0.833,0,0.0,10,0.127,0.96,0.30497816699971736,
2026-10-06T09:42:50.655815+00:00,1980.005046485,A,2066,273.94,8.399977592220234,876761088,893247488,269,45,529530880,490406297,51,1.088,0,0.0,24,0.262,1.35,0.4151542050003627,
2026-10-06T09:42:50.655928+00:00,1980.0051615419998,B,2069,258.24,7.201612589412271,823050240,823201792,267,42,471859200,273294131,45,1.09,0,0.0,20,0.208,1.298,0.4065834510001878,
2026-10-06T09:42:50.656018+00:00,1980.0052520580002,C,2067,231.96,7.401579547405936,917909504,917909504,261,38,599785472,405949542,28,0.833,0,0.0,10,0.127,0.96,0.38066300399987085,
2026-10-06T09:42:55.655765+00:00,1985.004996312,A,2066,274.37,8.600086298426262,877002752,893247488,269,45,529530880,235147366,52,1.094,0,0.0,24,0.262,1.356,0.4141090109997094,
2026-10-06T09:42:55.656837+00:00,1985.006069872,B,2069,258.58,6.798764895575804,823050240,823201792,267,42,471859200,275391283,45,1.09,0,0.0,20,0.208,1.298,0.32430355199994665,
2026-10-06T09:42:55.656879+00:00,1985.0061121360004,C,2067,232.27,6.198933686702335,917909504,917909504,261,38,599785472,406998118,28,0.833,0,0.0,10,0.127,0.96,0.38560919699921214,
2026-10-06T09:43:00.655828+00:00,1990.0050594080003,A,2066,274.76,7.799901571481342,877002752,893247488,269,45,529530880,248778854,52,1.094,0,0.0,24,0.262,1.356,0.36335668199990323,
2026-10-06T09:43:00.655960+00:00,1990.0051935190004,B,2069,258.95,7.401297229805614,823050240,823201792,267,42,471859200,277488435,45,1.09,0,0.0,20,0.208,1.298,0.49632085599932907,
2026-10-06T09:43:00.656061+00:00,1990.0052944899999,C,2067,232.61,6.801112180434782,917909504,917909504,261,38,599785472,409095270,28,0.833,0,0.0,10,0.127,0.96,0.3606654120003441,
2026-10-06T09:43:05.655824+00:00,1995.0050544719998,A,2066,275.17,8.200008095049395,877002752,893247488,269,45,529530880,259264614,52,1.094,0,0.0,24,0.262,1.356,0.3651178780000919,
2026-10-06T09:43:05.657351+00:00,1995.006584844,B,2069,259.31,7.1979970493520105,823050240,823201792,267,42,471859200,279585587,45,1.09,0,0.0,20,0.208,1.298,0.38358142700053577,
2026-10-06T09:43:05.657424+00:00,1995.0066578340002,C,2067,232.94,6.598200876484123,917909504,917909504,261,38,599785472,410143846,28,0.833,0,0.0,10,0.127,0.96,0.33853741100028856,
2026-10-06T09:43:10.655811+00:00,2000.005041642,A,2066,275.56,7.800020014850824,877002752,893247488,269,45,529530880,273944678,52,1.094,0,0.0,24,0.262,1.356,0.35371357399981207,
2026-10-06T09:43:10.655925+00:00,2000.005158332,B,2069,259.67,7.202054763509021,823050240,823201792,267,42,471859200,280634163,45,1.09,0,0.0,20,0.208,1.298,0.4139650300003268,
2026-10-06T09:43:10.656024+00:00,2000.00525759,C,2067,233.28,6.801904865295651,917909504,917909504,261,38,599785472,411192422,28,0.833,0,0.0,10,0.127,0.96,0.3389001820005433,
2026-10-06T09:43:15.656072+00:00,2005.0052932919998,A,2066,275.97,8.199587314771142,877002752,893247488,269,45,529530880,287576166,52,1.094,0,0.0,24,0.262,1.356,0.4002062190002107,
2026-10-06T09:43:15.656412+00:00,2005.005644879,B,2069,260.04,7.399279980504701,823050240,823201792,267,42,471859200,282731315,45,1.09,0,0.0,20,0.208,1.298,0.37439629700020305,
2026-10-06T09:43:15.656492+00:00,2005.0057253450004,C,2067,233.62,6.799363912705991,917909504,917909504,261,38,599785472,413289574,28,0.833,0,0.0,10,0.127,0.96,0.3363125139994736,
2026-10-06T09:43:20.655801+00:00,2010.0050314580003,A,2066,276.4,8.600450378063002,877002752,893247488,269,45,529530880,301207654,52,1.094,0,0.0,24,0.262,1.356,0.3479336609998427,
2026-10-06T09:43:20.655941+00:00,2010.005170591,B,2069,260.41,7.4007020128314585,823050240,823201792,267,42,471859200,284828467,45,1.09,0,0.0,20,0.208,1.298,0.3973467639998489,
2026-10-06T09:43:20.656132+00:00,2010.0053653229998,C,2067,233.97,7.000504067095884,917909504,917909504,261,38,599785472,415386726,28,0.833,0,0.0,10,0.127,0.96,0.291213604999939,
2026-10-06T09:43:25.655828+00:00,2015.0050587409996,A,2066,276.85,8.99995089087009,877002752,893247488,269,45,529530880,315887718,52,1.094,0,0.0,24,0.262,1.356,0.3587326260003465,
2026-10-06T09:43:25.655958+00:00,2015.0051920060005,B,2069,260.79,7.599967449338645,823050240,823201792,267,42,471859200,286925619,45,1.09,0,0.0,20,0.208,1.298,0.3844929009992484,
2026-10-06T09:43:25.656132+00:00,2015.005363233,C,2067,234.35,7.600003176800819,917909504,917909504,261,38,599785472,415386726,28,0.833,0,0.0,10,0.127,0.96,0.37003602999993745,
2026-10-06T09:43:30.656055+00:00,2020.0052862000002,A,2066,277.25,7.999636082153866,877002752,893247488,269,45,529530880,328470630,52,1.094,0,0.0,24,0.262,1.356,0.37798587499946734,
2026-10-06T09:43:30.656266+00:00,2020.0054994700004,B,2069,261.15,7.199557279063447,823050240,823201792,267,42,471859200,287974195,45,1.09,0,0.0,20,0.208,1.298,0.4305080630001612,
2026-10-06T09:43:30.656349+00:00,2020.0055829849998,C,2067,234.73,7.599665991640024,917909504,917909504,261,38,599785472,417483878,28,0.833,0,0.0,10,0.127,0.96,0.31276884999988397,
2026-10-06T09:43:35.655808+00:00,2025.0050400580003,A,2066,277.65,8.00039384658786,877002752,893247488,269,45,529530880,343150694,52,1.094,0,0.0,24,0.262,1.356,0.4207235039993975,
2026-10-06T09:43:35.655903+00:00,2025.0051373530005,B,2069,261.51,7.200521486247929,823050240,823201792,267,42,471859200,290071347,45,1.09,0,0.0,20,0.208,1.298,0.380439161999675,
2026-10-06T09:43:35.655934+00:00,2025.0051676989997,C,2067,235.12,7.800647899973262,917909504,917909504,261,38,599785472,419581030,28,0.833,0,0.0,10,0.127,0.96,0.3144574530006139,
2026-10-06T09:43:40.655819+00:00,2030.005050189,A,2066,278.06,8.199983385194615,877002752,893247488,269,45,529530880,356782182,52,1.094,0,0.0,24,0.262,1.356,0.37770099499994103,
2026-10-06T09:43:40.655916+00:00,2030.0051492430002,B,2069,261.88,7.39998240284228,823050240,823201792,267,42,471859200,292168499,45,1.09,0,0.0,20,0.208,1.298,0.45643635600026755,
2026-10-06T09:43:40.657611+00:00,2030.0068450070003,C,2067,235.48,7.197585486455446,917909504,917909504,261,38,599785472,420629606,28,0.833,0,0.0,10,0.127,0.96,0.39170172899957834,
2026-10-06T09:43:45.655835+00:00,2035.00506674,A,2066,278.41,6.999976828677094,877002752,893247488,269,45,529530880,369365094,52,1.094,0,0.0,24,0.262,1.356,0.41800807599975087,
2026-10-06T09:43:45.655953+00:00,2035.0051866200001,B,2069,262.2,6.399952157797633,823050240,823201792,267,42,471859200,294265651,45,1.09,0,0.0,20,0.208,1.298,0.40144685599989316,
2026-10-06T09:43:45.656049+00:00,2035.0052829040005,C,2067,235.79,6.201937613069964,917909504,917909504,261,38,599785472,421678182,28,0.833,0,0.0,10,0.127,0.96,0.3725510790000044,
2026-10-06T09:43:50.655819+00:00,2040.0050504760002,A,2066,278.83,8.400027323607885,877002752,893247488,269,45,529530880,382996582,52,1.094,0,0.0,24,0.262,1.356,0.37739223500011576,
2026-10-06T09:43:50.655979+00:00,2040.0052096190002,B,2069,262.58,7.599965041680609,823050240,823201792,267,42,471859200,295314227,45,1.09,0,0.0,20,0.208,1.298,0.29666312799963634,
2026-10-06T09:43:50.656514+00:00,2040.0057450929999,C,2067,236.15,7.19933450935772,917909504,917909504,261,38,599785472,422726758,28,0.833,0,0.0,10,0.127,0.96,0.33724434899977496,
2026-10-06T09:43:55.655780+00:00,2045.005012273,A,2066,279.24,8.200062653399634,877002752,893247488,269,45,529530880,396628070,52,1.094,0,0.0,24,0.262,1.356,0.3588019799999529,
2026-10-06T09:43:55.655874+00:00,2045.0051080169997,B,2069,262.94,7.200146309854126,823050240,823201792,267,42,471859200,298459955,45,1.09,0,0.0,20,0.208,1.298,0.3870009290003509,
2026-10-06T09:43:55.656114+00:00,2045.0053478010004,C,2067,236.51,7.20057214594069,917909504,917909504,261,38,599785472,423775334,28,0.833,0,0.0,10,0.127,0.96,0.40008118799960357,
2026-10-06T09:44:00.657578+00:00,2050.006809185,A,2066,279.69,8.99676672038371,877006848,893247488,269,45,529530880,414453862,52,1.094,0,0.0,24,0.262,1.356,0.4134616460005418,
2026-10-06T09:44:00.657686+00:00,2050.0069192950004,B,2069,263.29,6.997465129070543,823050240,823201792,267,42,471859200,299508531,45,1.09,0,0.0,20,0.208,1.298,0.3488991239992174,
2026-10-06T09:44:00.659296+00:00,2050.008529871,C,2067,236.84,6.5958023390509215,917909504,917909504,261,38,599785472,426921062,28,0.833,0,0.0,10,0.127,0.96,0.35399287000018376,
2026-10-06T09:44:05.655843+00:00,2055.005074103,A,2066,280.2,10.203540795993828,877006848,893247488,269,45,529530880,433328230,52,1.094,0,0.0,24,0.262,1.356,0.4191705900002489,
2026-10-06T09:44:05.655996+00:00,2055.0052292299997,B,2069,263.68,7.802637392873944,823050240,823201792,267,42,471859200,301605683,45,1.09,0,0.0,20,0.208,1.298,0.36455116600063775,
2026-10-06T09:44:05.656045+00:00,2055.005278124,C,2067,237.22,7.604945871984668,917909504,917909504,261,38,599785472,427969638,28,0.833,0,0.0,10,0.127,0.96,0.4350671740003236,
2026-10-06T09:44:10.655828+00:00,2060.005059579,A,2066,280.68,9.600027886161575,877006848,893247488,269,45,529530880,450105446,52,1.094,0,0.0,24,0.262,1.356,0.3191402490001565,
2026-10-06T09:44:10.655926+00:00,2060.0051597150004,B,2069,264.03,7.000097322351366,823050240,823201792,267,42,471859200,302654259,45,1.09,0,0.0,20,0.208,1.298,0.3491852269999072,
2026-10-06T09:44:10.656053+00:00,2060.005287086,C,2067,237.56,6.799987811702173,917909504,917909504,261,38,599785472,429018214,28,0.833,0,0.0,10,0.127,0.96,0.4416806649996943,
2026-10-06T09:44:15.655828+00:00,2065.005058287,A,2066,281.13,9.000002325600336,877006848,893247488,269,45,529530880,470028390,52,1.094,0,0.0,24,0.262,1.356,0.3976386080003067,
2026-10-06T09:44:15.655935+00:00,2065.005168728,B,2069,264.41,7.599986300266158,823050240,823201792,267,42,471859200,304751411,45,1.09,0,0.0,20,0.208,1.298,0.41232689899970865,
2026-10-06T09:44:15.656036+00:00,2065.005269739,C,2067,237.92,7.2000249797660985,917909504,917909504,261,38,599785472,431115366,28,0.833,0,0.0,10,0.127,0.96,0.30607092199988983,
2026-10-06T09:44:20.655798+00:00,2070.0050285469997,A,2066,281.61,9.600057101140333,877006848,893247488,269,45,529530880,487854182,52,1.094,0,0.0,24,0.262,1.356,0.3986381490003623,
2026-10-06T09:44:20.655900+00:00,2070.0051336899996,B,2069,264.75,6.80004765201415,823050240,823201792,267,42,471859200,306848563,45,1.09,0,0.0,20,0.208,1.298,0.45912314300039725,
2026-10-06T09:44:20.656241+00:00,2070.005474556,C,2067,238.27,6.999713267946059,917909504,917909504,261,38,599785472,432163942,28,0.833,0,0.0,10,0.127,0.96,0.4721109370002523,
2026-10-06T09:44:25.655873+00:00,2075.005103873,A,2066,282.52,18.199725817489558,877019136,893247488,269,45,529530880,236389273,53,1.096,0,0.0,26,0.267,1.363,0.3421842600000673,
2026-10-06T09:44:25.656994+00:00,2075.0062277690004,B,2069,265.14,7.798293610143661,823189504,823201792,267,44,471859200,308945715,45,1.09,0,0.0,20,0.208,1.298,0.4258269169995401,
2026-10-06T09:44:25.657675+00:00,2075.006908741,C,2067,238.65,7.5978206639139705,918052864,918052864,261,40,599785472,435309670,28,0.833,0,0.0,10,0.127,0.96,0.33215618499980337,
2026-10-06T09:44:30.655838+00:00,2080.0050564250005,A,2066,282.91,7.800074019582266,877019136,893247488,269,45,529530880,253166489,53,1.096,0,0.0,26,0.267,1.363,0.36863932399955956,
2026-10-06T09:44:30.656976+00:00,2080.006209976,B,2069,265.48,6.800024198567501,823189504,823201792,267,44,471859200,311042867,45,1.09,0,0.0,20,0.208,1.298,0.3786201680004524,
2026-10-06T09:44:30.657732+00:00,2080.0069657599997,C,2067,238.99,6.799922455044999,918052864,918052864,261,40,599785472,437406822,28,0.833,0,0.0,10,0.127,0.96,0.40679382600046665,
2026-10-06T09:44:35.655846+00:00,2085.0050768970004,A,2066,283.43,10.399957418414067,877019136,893247488,269,45,529530880,273089433,53,1.096,0,0.0,26,0.267,1.363,0.43181630599974596,
2026-10-06T09:44:35.657210+00:00,2085.0064436969997,B,2069,265.84,7.19966345749075,823189504,823201792,267,44,471859200,313140019,45,1.09,0,0.0,20,0.208,1.298,0.4285982490000606,
2026-10-06T09:44:35.657889+00:00,2085.0071228360002,C,2067,239.33,6.799786383350191,918052864,918052864,261,40,599785472,438455398,28,0.833,0,0.0,10,0.127,0.96,0.3773894380001366,
2026-10-06T09:44:40.655808+00:00,2090.005039191,A,2066,283.89,9.200069379563738,877019136,893247488,269,45,529530880,291963801,53,1.096,0,0.0,26,0.267,1.363,0.3608433810004499,
2026-10-06T09:44:40.655926+00:00,2090.0051598070004,B,2069,266.19,7.0017979076625885,823189504,823201792,267,44,471859200,315237171,45,1.09,0,0.0,20,0.208,1.298,0.42643479199978174,
2026-10-06T09:44:40.656021+00:00,2090.00525481,C,2067,239.68,7.0026162138309935,918052864,918052864,261,40,599785472,440552550,28,0.833,0,0.0,10,0.127,0.96,0.38063632899957156,
2026-10-06T09:44:45.655877+00:00,2095.00510879,A,2066,284.35,9.199871939622938,877019136,893247488,269,45,529530880,310838169,53,1.096,0,0.0,26,0.267,1.363,0.4537703149999288,
2026-10-06T09:44:45.656005+00:00,2095.0052384339997,B,2069,266.51,6.399899359023364,823189504,823201792,267,44,471859200,317334323,45,1.09,0,0.0,20,0.208,1.298,0.3628802950006502,
2026-10-06T09:44:45.656056+00:00,2095.005289541,C,2067,240.03,6.9999513769380695,918052864,918052864,261,40,599785472,441601126,28,0.833,0,0.0,10,0.127,0.96,0.4069169120002698,
2026-10-06T09:44:50.655801+00:00,2100.005033185,A,2066,284.8,9.00013609105823,877019136,893247488,269,45,529530880,329712537,53,1.096,0,0.0,26,0.267,1.363,0.35870894900017447,
2026-10-06T09:44:50.655898+00:00,2100.0051315680003,B,2069,266.88,7.400158165059759,823189504,823201792,267,44,471859200,318382899,45,1.09,0,0.0,20,0.208,1.298,0.3888227540001026,
2026-10-06T09:44:50.656020+00:00,2100.005253851,C,2067,240.36,6.6000471111365355,918052864,918052864,261,40,599785472,442649702,28,0.833,0,0.0,10,0.127,0.96,0.4166932389998692,
2026-10-06T09:44:55.655797+00:00,2105.0050283660003,A,2066,285.24,8.800008481447273,877019136,893247488,269,45,529530880,349635481,53,1.096,0,0.0,26,0.267,1.363,0.3682912039994335,
2026-10-06T09:44:55.655893+00:00,2105.005126764,B,2069,267.2,6.400006149125935,823189504,823201792,267,44,471859200,321528627,45,1.09,0,0.0,20,0.208,1.298,0.4424393500003134,
2026-10-06T09:44:55.655933+00:00,2105.0051660030003,C,2067,240.66,6.000105419451316,918052864,918052864,261,40,599785472,444746854,28,0.833,0,0.0,10,0.127,0.96,0.3220656240000608,
2026-10-06T09:45:00.655956+00:00,2110.005186429,A,2066,285.74,9.999683883994015,877019136,893247488,269,45,529530880,367461273,53,1.096,0,0.0,26,0.267,1.363,0.3894152410002789,
2026-10-06T09:45:00.656093+00:00,2110.005325983,B,2069,267.57,7.399705167627298,823189504,823201792,267,44,471859200,322577203,45,1.09,0,0.0,20,0.208,1.298,0.45447623299969564,
2026-10-06T09:45:00.656363+00:00,2110.0055968940005,C,2067,241.02,7.199379570427519,918052864,918052864,261,40,599785472,445795430,28,0.833,0,0.0,10,0.127,0.96,0.38173973099947034,
2026-10-06T09:45:05.655818+00:00,2115.0050496700005,A,2066,286.21,9.400257113950735,877019136,893247488,269,45,529530880,387384217,53,1.096,0,0.0,26,0.267,1.363,0.4086623289995259,
2026-10-06T09:45:05.656059+00:00,2115.0052921980005,B,2069,267.93,7.200048650728555,823189504,823201792,267,44,471859200,323625779,45,1.09,0,0.0,20,0.208,1.298,0.33957328099950246,
2026-10-06T09:45:05.656227+00:00,2115.0054605960004,C,2067,241.36,6.800185370333383,918052864,918052864,261,40,599785472,447892582,28,0.833,0,0.0,10,0.127,0.96,0.34577784900011466,
2026-10-06T09:45:10.655834+00:00,2120.005065151,A,2066,286.69,9.599970276573282,877019136,893247488,269,45,529530880,405210009,53,1.096,0,0.0,26,0.267,1.363,0.4021056490000774,
2026-10-06T09:45:10.655942+00:00,2120.0051756720004,B,2069,268.31,7.600177123647897,823189504,823201792,267,44,471859200,326771507,45,1.09,0,0.0,20,0.208,1.298,0.6238180559994362,
2026-10-06T09:45:10.656009+00:00,2120.005242092,C,2067,241.76,8.000349621678707,918052864,918052864,261,40,599785472,449989734,28,0.833,0,0.0,10,0.127,0.96,0.3877786780003589,
2026-10-06T09:45:15.655855+00:00,2125.005085498,A,2066,287.19,9.999959306165763,877019136,893247488,269,45,529530880,426181529,53,1.096,0,0.0,26,0.267,1.363,0.41259605800041754,
2026-10-06T09:45:15.655965+00:00,2125.0051983430003,B,2069,268.67,7.199967353908446,823189504,823201792,267,44,471859200,327820083,45,1.09,0,0.0,20,0.208,1.298,0.364961878000031,
2026-10-06T09:45:15.656087+00:00,2125.00532019,C,2067,242.11,6.999890664508366,918052864,918052864,261,40,599785472,449989734,28,0.833,0,0.0,10,0.127,0.96,0.44463786800042726,
2026-10-06T09:45:20.655806+00:00,2130.0050370999998,A,2066,287.69,10.00009679693739,877019136,893247488,269,45,529530880,445055897,53,1.096,0,0.0,26,0.267,1.363,0.4898768190005285,
2026-10-06T09:45:20.655930+00:00,2130.0051634250003,B,2069,269.05,7.600053075730543,823189504,823201792,267,44,471859200,329917235,45,1.09,0,0.0,20,0.208,1.298,0.35005523699965124,
2026-10-06T09:45:20.656020+00:00,2130.005253329,C,2067,242.49,7.600101630079004,918052864,918052864,261,40,599785472,452086886,28,0.833,0,0.0,10,0.127,0.96,0.3645062499999767,
2026-10-06T09:45:25.655841+00:00,2135.0050715400002,A,2066,288.19,9.99993112047346,877019136,893247488,269,45,529530880,463930265,53,1.096,0,0.0,26,0.267,1.363,0.36688824799966824,
2026-10-06T09:45:25.655945+00:00,2135.00517864,B,2069,269.46,8.199975047475917,823050240,823201792,267,42,471859200,332014387,45,1.09,0,0.0,20,0.208,1.298,0.5191818439998315,
2026-10-06T09:45:25.656037+00:00,2135.005270548,C,2067,242.88,7.799973138451834,917913600,917913600,261,38,599785472,454184038,28,0.833,0,0.0,10,0.127,0.96,0.4216695549994256,
2026-10-06T09:45:30.655843+00:00,2140.005073006,A,2066,288.68,9.799997126641106,877019136,893247488,269,45,529530880,482804633,53,1.096,0,0.0,26,0.267,1.363,0.42267561399967235,
2026-10-06T09:45:30.655979+00:00,2140.0052128509997,B,2069,269.84,7.599947999636118,823050240,823201792,267,42,471859200,333062963,45,1.09,0,0.0,20,0.208,1.298,0.3187549480007874,
2026-10-06T09:45:30.656020+00:00,2140.0052541530004,C,2067,243.22,6.80002229727301,917913600,917913600,261,38,599785472,455232614,28,0.833,0,0.0,10,0.127,0.96,0.4126253979993635,
2026-10-06T09:45:35.655839+00:00,2145.0050700740003,A,2066,289.16,9.600005629443503,877019136,893247488,269,45,529530880,233339289,54,1.1,0,0.0,26,0.267,1.366,0.3995744599997124,
2026-10-06T09:45:35.655955+00:00,2145.005188252,B,2069,270.17,6.600032470839929,823050240,823201792,267,42,471859200,335160115,45,1.09,0,0.0,20,0.208,1.298,0.41349992499999644,
2026-10-06T09:45:35.656069+00:00,2145.005302193,C,2067,243.56,6.799934666228536,917913600,917913600,261,38,599785472,457329766,28,0.833,0,0.0,10,0.127,0.96,0.41320098100004543,
2026-10-06T09:45:40.655799+00:00,2150.0050302560003,A,2066,289.6,8.800070080238054,877019136,893247488,269,45,529530880,253262233,54,1.1,0,0.0,26,0.267,1.366,0.43269110700020974,
2026-10-06T09:45:40.655918+00:00,2150.005151253,B,2069,270.5,6.600048839041421,823050240,823201792,267,42,471859200,337257267,45,1.09,0,0.0,20,0.208,1.298,0.28379340799983765,
2026-10-06T09:45:40.655983+00:00,2150.005216281,C,2067,243.92,7.200123715405478,917913600,917913600,261,38,599785472,458378342,28,0.833,0,0.0,10,0.127,0.96,0.39631802500025515,
2026-10-06T09:45:45.655839+00:00,2155.005069961,A,2066,290.07,9.399925355192472,877023232,893247488,269,45,529530880,271088025,54,1.1,0,0.0,26,0.267,1.366,0.40275779199964745,
2026-10-06T09:45:45.655970+00:00,2155.0052038920003,B,2069,270.87,7.399922095099686,823050240,823201792,267,42,471859200,339354419,45,1.09,0,0.0,20,0.208,1.298,0.39530745199954254,
2026-10-06T09:45:45.656040+00:00,2155.0052733109997,C,2067,244.28,7.199917877737132,917913600,917913600,261,38,599785472,459426918,28,0.833,0,0.0,10,0.127,0.96,0.40681739400042716,
2026-10-06T09:45:50.655812+00:00,2160.005042525,A,2066,290.5,8.600047190179048,877023232,893247488,269,45,529530880,291010969,54,1.1,0,0.0,26,0.267,1.366,0.3210224450003807,
2026-10-06T09:45:50.657163+00:00,2160.0063971990003,B,2069,271.16,5.79861609416532,823050240,823201792,267,42,471859200,340402995,45,1.09,0,0.0,20,0.208,1.298,0.4384389189999638,
2026-10-06T09:45:50.657225+00:00,2160.0064586360004,C,2067,244.61,6.598435741830146,917913600,917913600,261,38,599785472,461524070,28,0.833,0,0.0,10,0.127,0.96,0.3971159169996099,
2026-10-06T09:45:55.655807+00:00,2165.005038302,A,2066,290.98,9.600008108167904,877023232,893247488,269,45,529530880,309885337,54,1.1,0,0.0,26,0.267,1.366,0.4628766860005271,
2026-10-06T09:45:55.655920+00:00,2165.005152824,B,2069,271.54,7.601891920851969,823050240,823201792,267,42,471859200,342500147,45,1.09,0,0.0,20,0.208,1.298,0.3813343159999931,
2026-10-06T09:45:55.656376+00:00,2165.005609318,C,2067,244.99,7.601291182685291,917913600,917913600,261,38,599785472,462572646,28,0.833,0,0.0,10,0.127,0.96,0.3171911399995224,
2026-10-06T09:46:00.655838+00:00,2170.005069412,A,2066,291.45,9.399941513562867,877027328,893247488,269,45,529530880,328759705,54,1.1,0,0.0,26,0.267,1.366,0.48288005300037184,
2026-10-06T09:46:00.655944+00:00,2170.005176844,B,2069,271.87,6.599968293752358,823050240,823201792,267,42,471859200,344597299,45,1.09,0,0.0,20,0.208,1.298,0.3886828800004878,
2026-10-06T09:46:00.656014+00:00,2170.0052479650003,C,2067,245.32,6.6004770204339565,917913600,917913600,261,38,599785472,463621222,28,0.833,0,0.0,10,0.127,0.96,0.400918147000084,
2026-10-06T09:46:05.655811+00:00,2175.0050416820004,A,2066,291.93,9.600053241894878,877027328,893247488,269,45,529530880,349731225,54,1.1,0,0.0,26,0.267,1.366,0.4338039349995597,
2026-10-06T09:46:05.655919+00:00,2175.0051522579997,B,2069,272.24,7.400036387459176,823050240,823201792,267,42,471859200,346694451,45,1.09,0,0.0,20,0.208,1.298,0.45380509799997526,
2026-10-06T09:46:05.656036+00:00,2175.0052693790003,C,2067,245.68,7.199969163972334,917913600,917913600,261,38,599785472,465718374,28,0.833,0,0.0,10,0.127,0.96,0.3967638089998218,
2026-10-06T09:46:10.655796+00:00,2180.005027151,A,2066,292.4,9.400027318359719,877027328,893247488,269,45,529530880,368605593,54,1.1,0,0.0,26,0.267,1.366,0.36715437800012296,
2026-10-06T09:46:10.655923+00:00,2180.0051570759997,B,2069,272.59,6.999993254805846,823050240,823201792,267,42,471859200,347743027,45,1.09,0,0.0,20,0.208,1.298,0.37948219100053393,
2026-10-06T09:46:10.656058+00:00,2180.005291828,C,2067,246.02,6.7999694694978015,917913600,917913600,261,38,599785472,466766950,28,0.833,0,0.0,10,0.127,0.96,0.4142743890006386,
2026-10-06T09:46:15.655839+00:00,2185.005069527,A,2066,292.95,10.999906773589817,877027328,893247488,269,45,529530880,388528537,54,1.1,0,0.0,26,0.267,1.366,0.3573887129996365,
2026-10-06T09:46:15.655968+00:00,2185.005200654,B,2069,272.99,7.999930275807957,823050240,823201792,267,42,471859200,349840179,45,1.09,0,0.0,20,0.208,1.298,0.524631932000375,
2026-10-06T09:46:15.656039+00:00,2185.005272241,C,2067,246.41,7.800030555839068,917913600,917913600,261,38,599785472,468864102,28,0.833,0,0.0,10,0.127,0.96,0.49157813399961015,
2026-10-06T09:46:20.655823+00:00,2190.0050528110005,A,2066,293.48,10.600035438038354,877027328,893247488,269,45,529530880,406354329,54,1.1,0,0.0,26,0.267,1.366,0.4909539109994512,
2026-10-06T09:46:20.655950+00:00,2190.0051841169998,B,2069,273.36,7.400024474841324,823050240,823201792,267,42,471859200,351937331,45,1.09,0,0.0,20,0.208,1.298,0.422848036000687,
2026-10-06T09:46:20.656106+00:00,2190.0053393959997,C,2067,246.8,7.799895239607848,917913600,917913600,261,38,599785472,469912678,28,0.833,0,0.0,10,0.127,0.96,0.5488111610002306,
2026-10-06T09:46:25.655841+00:00,2195.0050705040003,A,2066,294.04,11.199960367820758,877027328,893247488,269,45,529530880,426277273,54,1.1,0,0.0,26,0.267,1.366,0.44359349600017595,
2026-10-06T09:46:25.655986+00:00,2195.005219863,B,2069,273.78,8.39993994714797,823050240,823201792,267,42,471859200,354034483,45,1.09,0,0.0,20,0.208,1.298,0.40609412399953726,
2026-10-06T09:46:25.656033+00:00,2195.0052671189997,C,2067,247.17,7.400106971505944,917913600,917913600,261,38,599785472,470961254,28,0.833,0,0.0,10,0.127,0.96,0.5160571650003476,
2026-10-06T09:46:30.655777+00:00,2200.0050089490005,A,2066,294.49,9.00011080036343,877027328,893247488,269,45,529530880,437811609,54,1.1,0,0.0,26,0.267,1.366,0.3412860129992623,
2026-10-06T09:46:30.655950+00:00,2200.0051834960004,B,2069,274.21,8.600062551694524,823185408,823201792,267,44,471859200,360325939,45,1.09,0,0.0,20,0.208,1.298,0.42345068299982813,
2026-10-06T09:46:30.656104+00:00,2200.005337056,C,2067,247.54,7.399896494687473,917913600,917913600,261,38,599785472,474106982,28,0.833,0,0.0,10,0.127,0.96,0.385823571000401,
2026-10-06T09:46:35.655826+00:00,2205.0050563719997,A,2066,294.9,8.199922227018387,877027328,893247488,269,45,529530880,440957337,54,1.1,0,0.0,26,0.267,1.366,0.4198048380003456,
2026-10-06T09:46:35.655938+00:00,2205.0051718860004,B,2069,274.81,12.000027864065158,823185408,823201792,267,44,471859200,370811699,45,1.09,0,0.0,20,0.208,1.298,0.4408031189996109,
2026-10-06T09:46:35.655995+00:00,2205.0052286010005,C,2067,247.94,8.00017353176333,917913600,917913600,261,38,599785472,476204134,28,0.833,0,0.0,10,0.127,0.96,0.41938107699934335,
2026-10-06T09:46:40.655820+00:00,2210.005051422,A,2066,295.27,7.400007326006593,877027328,893247488,269,45,529530880,443054489,54,1.1,0,0.0,26,0.267,1.366,0.41829386100016563,
2026-10-06T09:46:40.655934+00:00,2210.0051671110004,B,2069,275.21,8.000007640006809,823185408,823201792,267,44,471859200,382346035,45,1.09,0,0.0,20,0.208,1.298,0.3587572709993765,
2026-10-06T09:46:40.655995+00:00,2210.005227832,C,2067,248.31,7.400001138121018,917913600,917913600,261,38,599785472,477252710,28,0.833,0,0.0,10,0.127,0.96,0.3938592599997719,
2026-10-06T09:46:45.655845+00:00,2215.0050770469998,A,2066,295.62,6.999964125184902,877027328,893247488,269,45,529530880,447248793,54,1.1,0,0.0,26,0.267,1.366,0.3518982909999977,
2026-10-06T09:46:45.655944+00:00,2215.005177868,B,2069,275.59,7.599983649395887,823185408,823201792,267,44,471859200,392831795,45,1.09,0,0.0,20,0.208,1.298,0.4204392990004635,
2026-10-06T09:46:45.656186+00:00,2215.0054203520003,C,2067,248.64,6.599745883383683,917913600,917913600,261,38,599785472,478301286,28,0.833,0,0.0,10,0.127,0.96,0.4150643419998232,
2026-10-06T09:46:50.655804+00:00,2220.0050353340002,A,2066,295.99,7.400061735754415,877027328,893247488,269,45,529530880,449345945,54,1.1,0,0.0,26,0.267,1.366,0.37353036500007875,
2026-10-06T09:46:50.655943+00:00,2220.005173836,B,2069,276.09,10.000008064006716,823185408,823201792,267,44,471859200,399123251,45,1.09,0,0.0,20,0.208,1.298,0.4297477099999014,
2026-10-06T09:46:50.656078+00:00,2220.005312014,C,2067,248.99,7.000151676487263,917913600,917913600,261,38,599785472,479349862,28,0.833,0,0.0,10,0.127,0.96,0.3639638550002928,
2026-10-06T09:46:55.655820+00:00,2225.005050457,A,2066,296.4,8.199975198354895,877027328,893247488,269,45,529530880,452491673,54,1.1,0,0.0,26,0.267,1.366,0.38700794899978064,
2026-10-06T09:46:55.656910+00:00,2225.006143507,B,2069,276.5,8.198410047906018,823185408,823201792,267,44,471859200,410657587,45,1.09,0,0.0,20,0.208,1.298,0.4208476410003641,
2026-10-06T09:46:55.656942+00:00,2225.00617548,C,2067,249.36,7.398722290972007,917913600,917913600,261,38,599785472,481447014,28,0.833,0,0.0,10,0.127,0.96,0.38021526400007133,
2026-10-06T09:47:00.655837+00:00,2230.005067696,A,2066,296.78,7.599973796810184,877027328,893247488,269,45,529530880,455637401,54,1.1,0,0.0,26,0.267,1.366,0.5004913889997624,
2026-10-06T09:47:00.655959+00:00,2230.005192408,B,2069,276.91,8.20156009912274,823185408,823201792,267,44,471859200,421143347,45,1.09,0,0.0,20,0.208,1.298,0.49995579500046006,
2026-10-06T09:47:00.656026+00:00,2230.005259939,C,2067,249.75,7.801428505530511,917913600,917913600,261,38,599785472,483544166,28,0.833,0,0.0,10,0.127,0.96,0.4440468229995531,
2026-10-06T09:47:05.655811+00:00,2235.0050426139996,A,2066,297.19,8.200041134687373,877027328,893247488,269,45,529530880,458783129,54,1.1,0,0.0,26,0.267,1.366,0.3309571190002316,
2026-10-06T09:47:05.656917+00:00,2235.0061508979998,B,2069,277.35,8.79831338092163,823185408,823201792,267,44,471859200,431629107,45,1.09,0,0.0,20,0.208,1.298,0.37008242899992183,
2026-10-06T09:47:05.657022+00:00,2235.006255395,C,2067,250.11,7.198566828691989,917913600,917913600,261,38,599785472,483544166,28,0.833,0,0.0,10,0.127,0.96,0.4076260820002062,
2026-10-06T09:47:10.655812+00:00,2240.0050425910003,A,2066,297.57,7.600000034958848,877027328,893247488,269,45,529530880,460880281,54,1.1,0,0.0,26,0.267,1.366,0.3468081829996663,
2026-10-06T09:47:10.656880+00:00,2240.0061140489997,B,2069,277.75,8.000058958834101,823185408,823201792,267,44,471859200,443163443,45,1.09,0,0.0,20,0.208,1.298,0.37278084400077205,
2026-10-06T09:47:10.657034+00:00,2240.0062669790004,C,2067,250.44,6.599984709154742,917913600,917913600,261,38,599785472,485641318,28,0.833,0,0.0,10,0.127,0.96,0.33621923999999126,
2026-10-06T09:47:15.655789+00:00,2245.005020255,A,2066,297.94,7.4000330574281445,877027328,893247488,269,45,529530880,464026009,54,1.1,0,0.0,26,0.267,1.366,0.3270463030003157,
2026-10-06T09:47:15.655892+00:00,2245.0051248170003,B,2069,278.62,17.403443208584715,823427072,823427072,267,44,471859200,244109004,46,1.093,0,0.0,22,0.231,1.324,0.41620626999974775,
2026-10-06T09:47:15.656027+00:00,2245.0052609209997,C,2067,250.79,7.001408764660674,917913600,917913600,261,38,599785472,487738470,28,0.833,0,0.0,10,0.127,0.96,0.4505465430002005,
2026-10-06T09:47:20.655870+00:00,2250.0050999980003,A,2066,298.24,5.99990430992606,877027328,893247488,269,45,529530880,466123161,54,1.1,0,0.0,26,0.267,1.366,0.37858966600015265,
2026-10-06T09:47:20.655989+00:00,2250.005222512,B,2069,278.98,7.199859321949605,823427072,823427072,267,44,471859200,255643340,46,1.093,0,0.0,22,0.231,1.324,0.42371939700024086,
2026-10-06T09:47:20.656143+00:00,2250.0053737589997,C,2067,251.14,6.999842030364952,917913600,917913600,261,38,599785472,487738470,28,0.833,0,0.0,10,0.127,0.96,0.3822867850003604,
2026-10-06T09:47:25.655811+00:00,2255.005041118,A,2066,298.58,6.800080077742936,877027328,893247488,269,45,529530880,470317465,54,1.1,0,0.0,26,0.267,1.366,0.44827307800005656,
2026-10-06T09:47:25.655946+00:00,2255.0051796159996,B,2069,279.42,8.800075497608008,823427072,823427072,267,44,471859200,266129100,46,1.093,0,0.0,22,0.231,1.324,0.35142279300089285,
2026-10-06T09:47:25.658240+00:00,2255.007473414,C,2067,251.51,7.396893814983227,917913600,917913600,261,38,599785472,489835622,28,0.833,0,0.0,10,0.127,0.96,0.4865934780000316,
2026-10-06T09:47:30.655897+00:00,2260.0051272540004,A,2066,298.94,7.199875966296464,877027328,893247488,269,45,529530880,472414617,54,1.1,0,0.0,26,0.267,1.366,0.4670179909999206,
2026-10-06T09:47:30.657117+00:00,2260.0063501699997,B,2069,279.99,11.397331761543178,823427072,823427072,267,44,471859200,277663436,46,1.093,0,0.0,22,0.231,1.324,0.42743923000034556,
2026-10-06T09:47:30.657257+00:00,2260.006490891,C,2067,251.86,7.001375802551912,917913600,917913600,261,38,599785472,490884198,28,0.833,0,0.0,10,0.127,0.96,0.42913966700052697,
2026-10-06T09:47:35.655814+00:00,2265.005045045,A,2066,299.34,8.000131536563105,877027328,893247488,269,45,529530880,476608921,54,1.1,0,0.0,26,0.267,1.366,0.37949682300040877,
2026-10-06T09:47:35.655939+00:00,2265.005172121,B,2069,280.44,9.002120987924348,823427072,823427072,267,44,471859200,289197772,46,1.093,0,0.0,22,0.231,1.324,0.33334756499971263,
2026-10-06T09:47:35.655989+00:00,2265.0052228820005,C,2067,252.23,7.401877129362067,917913600,917913600,261,38,599785472,492981350,28,0.833,0,0.0,10,0.127,0.96,0.36751145599919255,
2026-10-06T09:47:40.655810+00:00,2270.005041558,A,2066,299.67,6.600004602843973,877027328,893247488,269,45,529530880,479754649,54,1.1,0,0.0,26,0.267,1.366,0.3960352550002426,
2026-10-06T09:47:40.655906+00:00,2270.005139895,B,2069,280.79,7.000045116691601,823455744,823455744,267,44,471859200,301780684,46,1.093,0,0.0,22,0.231,1.324,0.4308304149999458,
2026-10-06T09:47:40.655940+00:00,2270.0051725040003,C,2067,252.57,6.800068514770663,917913600,917913600,261,38,599785472,495078502,28,0.833,0,0.0,10,0.127,0.96,0.4193866949999574,
2026-10-06T09:47:45.655817+00:00,2275.0050478579997,A,2066,299.98,6.199992188010176,877027328,893247488,269,45,529530880,482900377,54,1.1,0,0.0,26,0.267,1.366,0.4212944280006923,
2026-10-06T09:47:45.655991+00:00,2275.0052247189997,B,2069,281.12,6.5998880342195365,823455744,823455744,267,44,471859200,313315020,46,1.093,0,0.0,22,0.231,1.324,0.44172210400029144,
2026-10-06T09:47:45.656125+00:00,2275.0053583340004,C,2067,252.93,7.19973241474507,917913600,917913600,261,38,599785472,496127078,28,0.833,0,0.0,10,0.127,0.96,0.4135633959995175,
2026-10-06T09:47:50.655875+00:00,2280.005105477,A,2066,300.35,7.399914724862086,877027328,893247488,269,45,529530880,484997529,54,1.1,0,0.0,26,0.267,1.366,0.3855739499995252,
2026-10-06T09:47:50.655995+00:00,2280.0052291580005,B,2069,281.49,7.399993430284733,823455744,823455744,267,44,471859200,324849356,46,1.093,0,0.0,22,0.231,1.324,0.43501287499930186,
2026-10-06T09:47:50.656139+00:00,2280.005291347,C,2067,253.27,6.800091103541349,917917696,917917696,261,38,599785472,498224230,28,0.833,0,0.0,10,0.127,0.96,0.29982308899980126,
2026-10-06T09:47:55.655830+00:00,2285.0050605550005,A,2066,300.74,7.800070078948858,877027328,893247488,269,45,529530880,488143257,54,1.1,0,0.0,26,0.267,1.366,0.4511746559992389,
2026-10-06T09:47:55.655938+00:00,2285.005171916,B,2069,281.87,7.600087008836579,823455744,823455744,267,44,471859200,331140812,46,1.093,0,0.0,22,0.231,1.324,0.436885467999673,
2026-10-06T09:47:55.657149+00:00,2285.006382193,C,2067,253.62,6.9984731487119545,917917696,917917696,261,38,599785472,500321382,28,0.833,0,0.0,10,0.127,0.96,0.413036676000047,
2026-10-06T09:48:00.655807+00:00,2290.0050383959997,A,2066,301.08,6.8000301363740965,877027328,893247488,269,45,529530880,491288985,54,1.1,0,0.0,26,0.267,1.366,0.4119350190003388,
2026-10-06T09:48:00.655934+00:00,2290.0051674650003,B,2069,282.26,7.800006943565546,823459840,823459840,267,44,471859200,342675148,46,1.093,0,0.0,22,0.231,1.324,0.33454934600013075,
2026-10-06T09:48:00.655999+00:00,2290.005232022,C,2067,253.96,6.801564592469313,917917696,917917696,261,38,599785472,501369958,28,0.833,0,0.0,10,0.127,0.96,0.397098632000052,
2026-10-06T09:48:05.655799+00:00,2295.005030427,A,2066,301.43,7.00001115661803,877027328,893247488,269,45,529530880,495483289,54,1.1,0,0.0,26,0.267,1.366,0.4429974710001261,
2026-10-06T09:48:05.657223+00:00,2295.006456688,B,2069,282.61,6.998195553067729,823459840,823459840,267,44,471859200,354209484,46,1.093,0,0.0,22,0.231,1.324,0.4276577950004139,
2026-10-06T09:48:05.657275+00:00,2295.0065087310004,C,2067,254.26,5.998468340296172,917917696,917917696,261,38,599785472,503467110,28,0.833,0,0.0,10,0.127,0.96,0.42194456400011404,
2026-10-06T09:48:10.655915+00:00,2300.005144807,A,2066,301.84,8.199812421090396,877027328,893247488,269,45,529530880,498629017,54,1.1,0,0.0,26,0.267,1.366,0.4647266560004937,
2026-10-06T09:48:10.656096+00:00,2300.0053293439996,B,2069,283.12,10.202300300406712,823459840,823459840,267,44,471859200,365743820,46,1.093,0,0.0,22,0.231,1.324,0.4177084830007516,
2026-10-06T09:48:10.656470+00:00,2300.0057031550004,C,2067,254.67,8.20132135753063,917917696,917917696,261,38,599785472,505564262,28,0.833,0,0.0,10,0.127,0.96,0.3580933549992551,
2026-10-06T09:48:15.655824+00:00,2305.0050549300004,A,2066,302.25,8.200147400929241,877322240,893247488,269,45,529530880,231724236,55,1.106,0,0.0,26,0.267,1.373,0.3991713979994529,
2026-10-06T09:48:15.655933+00:00,2305.0051667380003,B,2069,283.53,8.200266682511085,823459840,823459840,267,44,471859200,376229580,46,1.093,0,0.0,22,0.231,1.324,0.33118043699960253,
2026-10-06T09:48:15.657144+00:00,2305.006377515,C,2067,255.03,7.199029052554298,917917696,917917696,261,38,599785472,506612838,28,0.833,0,0.0,10,0.127,0.96,0.39814525800011324,
2026-10-06T09:48:20.655798+00:00,2310.0050298349997,A,2066,302.65,8.00004015220209,877580288,893247488,269,45,529530880,235918540,55,1.106,0,0.0,26,0.267,1.373,0.42999870800031204,
2026-10-06T09:48:20.656984+00:00,2310.006217948,B,2069,284.15,12.397393547186471,823459840,823459840,268,45,471859200,388812492,46,1.093,0,0.0,22,0.231,1.324,0.3845839320001687,
2026-10-06T09:48:20.658084+00:00,2310.0073181400003,C,2067,255.38,6.998683372690243,917917696,917917696,261,38,599785472,508709990,28,0.833,0,0.0,10,0.127,0.96,0.407270595999762,
2026-10-06T09:48:25.655834+00:00,2315.005065685,A,2066,303.03,7.599945508390414,877580288,893247488,269,45,529530880,238015692,55,1.106,0,0.0,26,0.267,1.373,0.3597151690000828,
2026-10-06T09:48:25.656913+00:00,2315.0061473289998,B,2069,284.64,9.80013841519577,823459840,823459840,267,44,471859200,399298252,46,1.093,0,0.0,22,0.231,1.324,0.34993907600073726,
2026-10-06T09:48:25.657583+00:00,2315.006816684,C,2067,255.75,7.400742229319405,917917696,917917696,261,38,599785472,510807142,28,0.833,0,0.0,10,0.127,0.96,0.28695188199981203,
2026-10-06T09:48:30.655845+00:00,2320.005076421,A,2066,303.39,7.199984540193253,877580288,893247488,269,45,529530880,241161420,55,1.106,0,0.0,26,0.267,1.373,0.3867413409998335,
2026-10-06T09:48:30.655978+00:00,2320.00520881,B,2069,285.18,10.80202758162442,823459840,823459840,267,44,471859200,411881164,46,1.093,0,0.0,22,0.231,1.324,0.3190086969998447,
2026-10-06T09:48:30.656425+00:00,2320.005655715,C,2067,256.11,7.201672183630961,917917696,917917696,261,38,599785472,511855718,28,0.833,0,0.0,10,0.127,0.96,0.33241060599993943,
2026-10-06T09:48:35.655838+00:00,2325.005069189,A,2066,303.79,8.000011571217284,877580288,893247488,269,45,529530880,244307148,55,1.106,0,0.0,26,0.267,1.373,0.3366515170000639,
2026-10-06T09:48:35.655973+00:00,2325.00520358,B,2069,285.6,8.400008786409794,823459840,823459840,267,44,471859200,422366924,46,1.093,0,0.0,22,0.231,1.324,0.40701865600021847,
2026-10-06T09:48:35.656071+00:00,2325.0053036560003,C,2067,256.49,7.600535167361781,917917696,917917696,261,38,599785472,513952870,28,0.833,0,0.0,10,0.127,0.96,0.4098597140000493,
2026-10-06T09:48:40.655776+00:00,2330.005007109,A,2066,304.2,8.200101812463686,877580288,893247488,269,45,529530880,247452876,55,1.106,0,0.0,26,0.267,1.373,0.38330608700016455,
2026-10-06T09:48:40.655891+00:00,2330.0051243850003,B,2069,286.02,8.400133049706003,823459840,823459840,267,44,471859200,430755532,46,1.093,0,0.0,22,0.231,1.324,0.3461991730000591,
2026-10-06T09:48:40.656198+00:00,2330.0054317269996,C,2067,256.86,7.399810459775928,917921792,917921792,261,38,599785472,516050022,28,0.833,0,0.0,10,0.127,0.96,0.3598826580000605,
2026-10-06T09:48:45.655801+00:00,2335.005032997,A,2066,304.58,7.5999606504436725,877580288,893247488,269,45,529530880,250598604,55,1.106,0,0.0,26,0.267,1.373,0.3884877860000415,
2026-10-06T09:48:45.656862+00:00,2335.0060960930005,B,2069,286.84,16.396813417044907,819904512,837668864,267,44,471859200,441241292,46,1.093,0,0.0,22,0.231,1.324,0.35965128599946183,
2026-10-06T09:48:45.656901+00:00,2335.0061342750005,C,2067,257.22,7.19898847300831,917921792,917921792,261,38,599785472,516050022,28,0.833,0,0.0,10,0.127,0.96,0.3576098869998532,
2026-10-06T09:48:50.655879+00:00,2340.0051095750005,A,2066,305.0,8.39987135092979,877580288,893247488,269,45,529530880,253744332,55,1.106,0,0.0,26,0.267,1.373,0.3989304379992973,
2026-10-06T09:48:50.656024+00:00,2340.0052547430005,B,2069,287.28,8.80148102521202,819904512,837668864,267,44,471859200,243291443,47,1.1,0,0.0,22,0.231,1.331,0.4089261749995785,
2026-10-06T09:48:50.656226+00:00,2340.005459981,C,2067,257.59,7.400998089720757,917925888,917925888,261,38,599785472,519195750,28,0.833,0,0.0,10,0.127,0.96,0.5094186189999164,
2026-10-06T09:48:55.655788+00:00,2345.0050198910003,A,2066,305.38,7.600136322125333,877580288,893247488,269,45,529530880,256890060,55,1.106,0,0.0,26,0.267,1.373,0.37357729699942865,
2026-10-06T09:48:55.655918+00:00,2345.0051515679997,B,2069,287.68,8.00016508340835,819904512,837668864,267,44,471859200,254825779,47,1.1,0,0.0,22,0.231,1.331,0.37491838000005373,
2026-10-06T09:48:55.655968+00:00,2345.005202104,C,2067,257.99,8.000412624481902,917925888,917925888,261,38,599785472,520244326,28,0.833,0,0.0,10,0.127,0.96,0.40441657100018347,
2026-10-06T09:49:00.655812+00:00,2350.0050424290002,A,2066,305.74,7.199967545426652,877580288,893247488,269,45,529530880,260035788,55,1.106,0,0.0,26,0.267,1.373,0.42449435599974095,
2026-10-06T09:49:00.656006+00:00,2350.0051903310004,B,2069,288.07,7.799939530187429,819904512,837668864,267,44,471859200,265311539,47,1.1,0,0.0,22,0.231,1.331,0.42570751599942014,
2026-10-06T09:49:00.656082+00:00,2350.0053160690004,C,2067,258.37,7.599826777147707,917925888,917925888,261,38,599785472,522341478,28,0.833,0,0.0,10,0.127,0.96,0.3786417009996512,
2026-10-06T09:49:05.655831+00:00,2355.005061791,A,2066,306.13,7.799969795396885,877580288,893247488,269,45,529530880,263181516,55,1.106,0,0.0,26,0.267,1.373,0.3206040690001828,
2026-10-06T09:49:05.656899+00:00,2355.0061326080004,B,2069,288.5,8.598379588935485,819904512,837668864,267,44,471859200,276845875,47,1.1,0,0.0,22,0.231,1.331,0.37682979199962574,
2026-10-06T09:49:05.657609+00:00,2355.0068432549997,C,2067,258.73,7.197801523657748,917925888,917925888,261,38,599785472,523390054,28,0.833,0,0.0,10,0.127,0.96,0.305168373000015,
2026-10-06T09:49:10.655860+00:00,2360.0050910580003,A,2066,306.62,9.799942637015612,877580288,893247488,269,45,529530880,265278668,55,1.106,0,0.0,26,0.267,1.373,0.3361995429995659,
2026-10-06T09:49:10.656980+00:00,2360.0062138539997,B,2069,289.11,12.199801762983043,821678080,837668864,267,44,471859200,288380211,47,1.1,0,0.0,22,0.231,1.331,0.4113808230003997,
2026-10-06T09:49:10.657676+00:00,2360.0069099990005,C,2067,259.1,7.3999012201974494,917925888,917925888,261,38,599785472,525487206,28,0.833,0,0.0,10,0.127,0.96,0.3931698159994994,
2026-10-06T09:49:15.655839+00:00,2365.005070251,A,2066,307.02,8.0000332913389,877580288,893247488,269,45,529530880,268424396,55,1.106,0,0.0,26,0.267,1.373,0.39524538700061385,
2026-10-06T09:49:15.656030+00:00,2365.00526018,B,2069,289.54,8.601640632205623,821678080,837668864,267,44,471859200,298865971,47,1.1,0,0.0,22,0.231,1.331,0.4717186750003748,
2026-10-06T09:49:15.656289+00:00,2365.0055223890004,C,2067,259.65,11.003053589437702,917925888,917925888,261,38,599785472,527584358,28,0.833,0,0.0,10,0.127,0.96,0.4747446459996354,
2026-10-06T09:49:20.655849+00:00,2370.005078542,A,2066,307.43,8.199986402782907,877580288,893247488,269,45,529530880,272618700,55,1.106,0,0.0,26,0.267,1.373,0.450242755000545,
2026-10-06T09:49:20.655986+00:00,2370.005220264,B,2069,290.0,9.2000734460257,821682176,837668864,267,44,471859200,310400307,47,1.1,0,0.0,22,0.231,1.331,0.3705481340002734,
2026-10-06T09:49:20.656015+00:00,2370.005249369,C,2067,260.04,7.800425934459135,917929984,917929984,261,38,599785472,528632934,28,0.833,0,0.0,10,0.127,0.96,0.3339681309998923,
2026-10-06T09:49:25.655821+00:00,2375.005051899,A,2066,307.81,7.600040497575292,877580288,893247488,269,45,529530880,275764428,55,1.106,0,0.0,26,0.267,1.373,0.34574798999983614,
2026-10-06T09:49:25.655926+00:00,2375.00515884,B,2069,290.42,8.400103193587688,821694464,837668864,267,44,471859200,318788915,47,1.1,0,0.0,22,0.231,1.331,0.40506639199975325,
2026-10-06T09:49:25.656216+00:00,2375.005449606,C,2067,260.41,7.399703661107439,918073344,918073344,261,40,599785472,531778662,28,0.833,0,0.0,10,0.127,0.96,0.41073220699945523,
2026-10-06T09:49:30.655801+00:00,2380.0050321770004,A,2066,308.2,7.800030766440624,877580288,893247488,269,45,529530880,282055884,55,1.106,0,0.0,26,0.267,1.373,0.43128855499981,
2026-10-06T09:49:30.655903+00:00,2380.0051368390004,B,2069,290.84,8.400036961841328,821694464,837668864,267,44,471859200,328226099,47,1.1,0,0.0,22,0.231,1.331,0.3475410450000709,
2026-10-06T09:49:30.655966+00:00,2380.0052002190005,C,2067,260.79,7.6003790871473536,918073344,918073344,261,40,599785472,533875814,28,0.833,0,0.0,10,0.127,0.96,0.4113553499992122,
2026-10-06T09:49:35.655796+00:00,2385.0050274880005,A,2066,308.65,9.000008440207651,877580288,893247488,269,45,529530880,291493068,55,1.106,0,0.0,26,0.267,1.373,0.43056333099957556,
2026-10-06T09:49:35.655902+00:00,2385.00513548,B,2069,291.25,8.200002228762147,821694464,837668864,267,44,471859200,339760435,47,1.1,0,0.0,22,0.231,1.331,0.4203823610005202,
2026-10-06T09:49:35.655970+00:00,2385.005203357,C,2067,261.12,6.599995857842868,918073344,918073344,261,40,599785472,535972966,28,0.833,0,0.0,10,0.127,0.96,0.4036956019999707,
2026-10-06T09:49:40.655816+00:00,2390.0050467990004,A,2066,309.06,8.19996833008288,877580288,893247488,269,45,529530880,299881676,55,1.106,0,0.0,26,0.267,1.373,0.33829837599932944,
2026-10-06T09:49:40.656279+00:00,2390.0055130990004,B,2069,291.71,9.199305233509941,821694464,837668864,267,44,471859200,353391923,47,1.1,0,0.0,22,0.231,1.331,0.4077647859994613,
2026-10-06T09:49:40.656320+00:00,2390.0055533699997,C,2067,261.48,7.199496016560912,918073344,918073344,261,40,599785472,538070118,28,0.833,0,0.0,10,0.127,0.96,0.43236961500042526,
2026-10-06T09:49:45.655794+00:00,2395.0050253400004,A,2066,309.63,11.400048926729806,877584384,893247488,269,45,529530880,308270284,55,1.106,0,0.0,26,0.267,1.373,0.3872721679999813,
2026-10-06T09:49:45.656879+00:00,2395.0061133629997,B,2069,292.15,8.798943662177445,821694464,837668864,267,44,471859200,365974835,47,1.1,0,0.0,22,0.231,1.331,0.3859951220001676,
2026-10-06T09:49:45.657031+00:00,2395.0062646100005,C,2067,261.86,7.598919068958998,918077440,918077440,261,40,599785472,539118694,28,0.833,0,0.0,10,0.127,0.96,0.48003954099931434,
2026-10-06T09:49:50.655861+00:00,2400.005091444,A,2066,310.04,8.199891590874714,877584384,893247488,269,45,529530880,316658892,55,1.106,0,0.0,26,0.267,1.373,0.40144690299985086,
2026-10-06T09:49:50.655966+00:00,2400.0051999469997,B,2069,292.71,11.202046425687644,825008128,837668864,267,45,471859200,379606323,47,1.1,0,0.0,22,0.231,1.331,0.3850659510007972,
2026-10-06T09:49:50.656002+00:00,2400.0052353749998,C,2067,262.23,7.401523581425814,918081536,918081536,261,40,599785472,541215846,28,0.833,0,0.0,10,0.127,0.96,0.40038880400061316,
2026-10-06T09:49:55.655814+00:00,2405.0050446570003,A,2066,310.44,8.00007485989927,877584384,893247488,269,45,529530880,326096076,55,1.106,0,0.0,26,0.267,1.373,0.3945260269993014,
2026-10-06T09:49:55.655949+00:00,2405.0051821180004,B,2069,293.16,9.000032092314015,825008128,837668864,267,44,471859200,392189235,47,1.1,0,0.0,22,0.231,1.331,0.4060701809994498,
2026-10-06T09:49:55.656000+00:00,2405.0052334,C,2067,262.6,7.400002923000621,918081536,918081536,261,40,599785472,542264422,28,0.833,0,0.0,10,0.127,0.96,0.41097537399946305,
2026-10-06T09:50:00.655776+00:00,2410.0050074030005,A,2066,310.84,8.0000596068434,877584384,893247488,269,45,529530880,334484684,55,1.106,0,0.0,26,0.267,1.373,0.4601434709993555,
2026-10-06T09:50:00.655905+00:00,2410.0051383,B,2069,293.58,8.400073614885068,825012224,837668864,267,44,471859200,406869299,47,1.1,0,0.0,22,0.231,1.331,0.4339700939999602,
2026-10-06T09:50:00.655955+00:00,2410.0051886849997,C,2067,262.97,7.400066178792687,918081536,918081536,261,40,599785472,545410150,28,0.833,0,0.0,10,0.127,0.96,0.46065167500000825,
2026-10-06T09:50:05.655821+00:00,2415.005052818,A,2066,311.23,7.7999291532451815,877584384,893247488,269,45,529530880,344970444,55,1.106,0,0.0,26,0.267,1.373,0.386267859000327,
2026-10-06T09:50:05.655929+00:00,2415.005162067,B,2069,294.01,8.599959120954228,825012224,837668864,267,44,471859200,417355059,47,1.1,0,0.0,22,0.231,1.331,0.39360954000039783,
2026-10-06T09:50:05.656130+00:00,2415.005363475,C,2067,263.32,6.999755302552711,918081536,918081536,261,40,599785472,547507302,28,0.833,0,0.0,10,0.127,0.96,0.46530429299946263,
2026-10-06T09:50:10.655834+00:00,2420.00506418,A,2066,311.64,8.199981366361877,877584384,893247488,269,45,529530880,353359052,55,1.106,0,0.0,26,0.267,1.373,0.39315096700011054,
2026-10-06T09:50:10.656194+00:00,2420.005400715,B,2069,294.42,8.199608635960068,825012224,837668864,267,44,471859200,428889395,47,1.1,0,0.0,22,0.231,1.331,0.4969225059994642,
2026-10-06T09:50:10.656757+00:00,2420.0059904600002,C,2067,263.68,7.199097254801735,918081536,918081536,261,40,599785472,548555878,28,0.833,0,0.0,10,0.127,0.96,0.48408685100002913,
2026-10-06T09:50:15.655805+00:00,2425.0050358280005,A,2066,312.26,12.400070313357283,877584384,893247488,269,45,529530880,361747660,55,1.106,0,0.0,26,0.267,1.373,0.37974107899935916,
2026-10-06T09:50:15.656928+00:00,2425.006161548,B,2069,294.84,8.398721995029303,825012224,837668864,267,44,471859200,440423731,47,1.1,0,0.0,22,0.231,1.331,0.4265804440001375,
2026-10-06T09:50:15.656973+00:00,2425.0062063900004,C,2067,264.01,6.599714984708095,918081536,918081536,261,40,599785472,549604454,28,0.833,0,0.0,10,0.127,0.96,0.3796357960000023,
2026-10-06T09:50:20.655879+00:00,2430.005109078,A,2066,312.69,8.599874011847012,877584384,893247488,269,45,529530880,370136268,55,1.106,0,0.0,26,0.267,1.373,0.41591270600019925,
2026-10-06T09:50:20.657336+00:00,2430.0065701639996,B,2069,295.32,9.599215521390981,825237504,837668864,267,44,471859200,241372569,48,1.108,0,0.0,22,0.231,1.339,0.384800735000681,
2026-10-06T09:50:20.658297+00:00,2430.0075305910004,C,2067,264.4,7.797934793389477,918081536,918081536,261,40,599785472,552750182,28,0.833,0,0.0,10,0.127,0.96,0.32055199699971126,
2026-10-06T09:50:25.655844+00:00,2435.0050741800005,A,2066,313.12,8.600060024977857,877584384,893247488,269,45,529530880,378524876,55,1.106,0,0.0,26,0.267,1.373,0.4153607819998797,
2026-10-06T09:50:25.657303+00:00,2435.006536645,B,2069,295.75,8.600057653066239,825237504,837668864,267,44,471859200,252906905,48,1.108,0,0.0,22,0.231,1.339,0.36059393000050477,
2026-10-06T09:50:25.657464+00:00,2435.006697727,C,2067,264.74,6.801132883749052,917942272,917942272,261,38,599785472,553798758,28,0.833,0,0.0,10,0.127,0.96,0.4194907709998006,
2026-10-06T09:50:30.657598+00:00,2440.006684569,A,2066,313.58,9.197037838287361,877584384,893247488,269,45,529530880,387962060,55,1.106,0,0.0,26,0.267,1.373,0.47419406000062736,
2026-10-06T09:50:30.658964+00:00,2440.0081865820002,B,2069,296.19,8.797097068810027,825237504,837668864,267,44,471859200,265489817,48,1.108,0,0.0,22,0.231,1.339,0.47120165999967867,
2026-10-06T09:50:30.659443+00:00,2440.008663032,C,2067,265.13,7.796935328801922,917946368,917946368,261,38,599785472,555895910,28,0.833,0,0.0,10,0.127,0.96,0.5313775069998883,
2026-10-06T09:50:35.655866+00:00,2445.0050963700005,A,2066,314.14,11.203558696142105,877584384,893247488,269,45,529530880,397399244,55,1.106,0,0.0,26,0.267,1.373,0.4885153259992876,
2026-10-06T09:50:35.656003+00:00,2445.005235189,B,2069,296.76,11.406733150475254,825237504,837668864,267,44,471859200,277024153,48,1.108,0,0.0,22,0.231,1.339,0.46782047699980467,
2026-10-06T09:50:35.656126+00:00,2445.0053596059997,C,2067,265.51,7.60502452715133,917946368,917946368,261,38,599785472,556944486,28,0.833,0,0.0,10,0.127,0.96,0.5261961980004344,
2026-10-06T09:50:40.655806+00:00,2450.0050375809997,A,2066,314.57,8.600101118270494,877588480,893247488,269,45,529530880,404739276,55,1.106,0,0.0,26,0.267,1.373,0.38742752200050745,
2026-10-06T09:50:40.655935+00:00,2450.005168703,B,2069,297.29,10.600140952194698,825237504,837668864,267,44,471859200,288558489,48,1.108,0,0.0,22,0.231,1.339,0.380089807999866,
2026-10-06T09:50:40.655986+00:00,2450.0052196240003,C,2067,265.89,7.6002127785960045,917946368,917946368,261,38,599785472,559041638,28,0.833,0,0.0,10,0.127,0.96,0.4087432139995144,
2026-10-06T09:50:45.655834+00:00,2455.005065167,A,2066,315.02,8.99995034547334,877588480,893247488,269,45,529530880,414176460,55,1.106,0,0.0,26,0.267,1.373,0.3681377049997536,
2026-10-06T09:50:45.655952+00:00,2455.005185633,B,2069,297.75,9.199968848904831,825237504,837668864,267,44,471859200,300092825,48,1.108,0,0.0,22,0.231,1.339,0.41818447599962383,
2026-10-06T09:50:45.656154+00:00,2455.005387686,C,2067,266.24,6.999764721108981,917946368,917946368,261,38,599785472,560090214,28,0.833,0,0.0,10,0.127,0.96,0.3969124899995222,
2026-10-06T09:50:50.655841+00:00,2460.0050715690004,A,2066,315.45,8.599988988573362,877588480,893247488,269,45,529530880,422565068,55,1.106,0,0.0,26,0.267,1.373,0.4257824449996406,
2026-10-06T09:50:50.656032+00:00,2460.005265115,B,2069,298.23,9.599847396986549,825237504,837668864,267,44,471859200,311627161,48,1.108,0,0.0,22,0.231,1.339,0.4199002820005262,
2026-10-06T09:50:50.656092+00:00,2460.005325991,C,2067,266.68,8.800108584539979,917946368,917946368,261,38,599785472,217201561,29,0.845,0,0.0,10,0.127,0.972,0.4123231000003216,
2026-10-06T09:50:55.655848+00:00,2465.005078067,A,2066,315.89,8.79998856353571,877588480,893247488,269,45,529530880,430953676,55,1.106,0,0.0,26,0.267,1.373,0.3652901870000278,
2026-10-06T09:50:55.655984+00:00,2465.0052171300003,B,2069,298.72,9.800094051501976,825237504,837668864,267,44,471859200,323161497,48,1.108,0,0.0,22,0.231,1.339,0.43145866399936494,
2026-10-06T09:50:55.656138+00:00,2465.0053700750004,C,2067,267.05,7.399934756254792,917946368,917946368,261,38,599785472,219298713,29,0.845,0,0.0,10,0.127,0.972,0.39490330799981166,
2026-10-06T09:51:00.655842+00:00,2470.0050726870004,A,2066,316.31,8.400009038409193,877588480,893247488,269,45,529530880,439342284,55,1.106,0,0.0,26,0.267,1.373,0.40289790899987565,
2026-10-06T09:51:00.655973+00:00,2470.0052058869996,B,2069,299.18,9.200020687167394,825237504,837668864,267,44,471859200,335744409,48,1.108,0,0.0,22,0.231,1.339,0.38664239900026587,
2026-10-06T09:51:00.656032+00:00,2470.0052648749997,C,2067,267.42,7.400155699277024,917946368,917946368,261,38,599785472,221395865,29,0.845,0,0.0,10,0.127,0.972,0.4029463130000295,
2026-10-06T09:51:05.655850+00:00,2475.0050801750003,A,2066,316.79,9.599985623062015,877588480,893247488,269,45,529530880,448779468,55,1.106,0,0.0,26,0.267,1.373,0.36945554700014327,
2026-10-06T09:51:05.656364+00:00,2475.0055982530002,B,2069,299.7,10.39918394275702,825237504,837668864,267,44,471859200,346230169,48,1.108,0,0.0,22,0.231,1.339,0.41962032499941415,
2026-10-06T09:51:05.656406+00:00,2475.005639039,C,2067,267.81,7.799416347835621,917946368,917946368,261,38,599785472,223493017,29,0.845,0,0.0,10,0.127,0.972,0.2973999929999991,
2026-10-06T09:51:10.655856+00:00,2480.0050856690004,A,2066,317.2,8.19999098984909,877588480,893247488,269,45,529530880,456119500,55,1.106,0,0.0,26,0.267,1.373,0.41274786299982225,
2026-10-06T09:51:10.656053+00:00,2480.00528632,B,2069,300.17,9.400586470629161,825237504,837668864,267,44,471859200,358813081,48,1.108,0,0.0,22,0.231,1.339,0.431346723000388,
2026-10-06T09:51:10.656146+00:00,2480.005379204,C,2067,268.16,7.000363787905671,917946368,917946368,261,38,599785472,225590169,29,0.845,0,0.0,10,0.127,0.972,0.4240073709997887,
2026-10-06T09:51:15.655828+00:00,2485.0050591520003,A,2066,317.65,9.000047730853181,877588480,893247488,269,45,529530880,465556684,55,1.106,0,0.0,26,0.267,1.373,0.44203043099969364,
2026-10-06T09:51:15.655939+00:00,2485.005171971,B,2069,300.64,9.400214981035768,825237504,837668864,267,44,471859200,370347417,48,1.108,0,0.0,22,0.231,1.339,0.4097300459998223,
2026-10-06T09:51:15.656073+00:00,2485.0053066890005,C,2067,268.51,7.000101522470822,917946368,917946368,261,38,599785472,226638745,29,0.845,0,0.0,10,0.127,0.972,0.4166958199994042,
2026-10-06T09:51:20.655804+00:00,2490.005034992,A,2066,318.08,8.600041555401045,877588480,893247488,269,45,529530880,473945292,55,1.106,0,0.0,26,0.267,1.373,0.44389075199978834,
2026-10-06T09:51:20.657341+00:00,2490.0065742220004,B,2069,301.07,8.59758880449971,825237504,837668864,267,44,471859200,381881753,48,1.108,0,0.0,22,0.231,1.339,0.34344221799983643,
2026-10-06T09:51:20.657523+00:00,2490.00675676,C,2067,268.89,7.5977965311180045,917946368,917946368,261,38,599785472,228735897,29,0.845,0,0.0,10,0.127,0.972,0.41170646299997316,
2026-10-06T09:51:25.655886+00:00,2495.0051169890003,A,2066,318.5,8.399862247299293,877588480,893247488,269,45,529530880,483382476,55,1.106,0,0.0,26,0.267,1.373,0.38893353000003117,
2026-10-06T09:51:25.655989+00:00,2495.0052227220003,B,2069,301.53,9.202487432352658,825237504,837668864,267,44,471859200,393416089,48,1.108,0,0.0,22,0.231,1.339,0.3979774039999029,
2026-10-06T09:51:25.656070+00:00,2495.00528724,C,2067,269.22,6.601940336673229,917946368,917946368,261,38,599785472,229784473,29,0.845,0,0.0,10,0.127,0.972,0.36431426200033457,
2026-10-06T09:51:30.655867+00:00,2500.0050969020003,A,2066,318.94,8.800035353261876,877588480,893247488,269,45,529530880,491771084,55,1.106,0,0.0,26,0.267,1.373,0.40569277699978556,
2026-10-06T09:51:30.656009+00:00,2500.0052427460005,B,2069,301.96,8.599965558857807,825237504,837668864,267,44,471859200,404950425,48,1.108,0,0.0,22,0.231,1.339,0.38857862499935436,
2026-10-06T09:51:30.656085+00:00,2500.005317938,C,2067,269.65,8.599947199763093,918089728,918089728,261,40,599785472,232930201,29,0.845,0,0.0,10,0.127,0.972,0.4115080849996957,
2026-10-06T09:51:35.655827+00:00,2505.0050579119998,A,2066,319.89,19.000148163157338,867205120,893247488,269,45,529530880,232064102,56,1.116,0,0.0,28,0.276,1.392,0.3469277789999978,
2026-10-06T09:51:35.655977+00:00,2505.0052065600003,B,2069,302.41,9.000065135272695,825237504,837668864,267,44,471859200,415436185,48,1.108,0,0.0,22,0.231,1.339,0.4369159329999093,
2026-10-06T09:51:35.656123+00:00,2505.005356681,C,2067,270.01,7.199944210512557,917950464,917950464,261,38,599785472,235027353,29,0.845,0,0.0,10,0.127,0.972,0.4203876849996959,
2026-10-06T09:51:40.655823+00:00,2510.0050537039997,A,2066,320.3,8.200006901126415,867213312,893247488,269,45,529530880,240452710,56,1.116,0,0.0,28,0.276,1.392,0.4293175560005693,
2026-10-06T09:51:40.656934+00:00,2510.0061679870005,B,2069,302.85,8.798308213785354,825237504,837668864,267,44,471859200,426970521,48,1.108,0,0.0,22,0.231,1.339,0.359331421999741,
2026-10-06T09:51:40.656975+00:00,2510.006208132,C,2067,270.33,6.398910328280256,917950464,917950464,261,38,599785472,237124505,29,0.845,0,0.0,10,0.127,0.972,0.40489870500005054,
2026-10-06T09:51:45.655822+00:00,2515.005051891,A,2066,320.76,9.200003335919828,867213312,893247488,269,45,529530880,248841318,56,1.116,0,0.0,28,0.276,1.392,0.30491624099977344,
2026-10-06T09:51:45.656023+00:00,2515.0052524370003,B,2069,303.31,9.201684920525706,825237504,837668864,267,44,471859200,438504857,48,1.108,0,0.0,22,0.231,1.339,0.4225080159994832,
2026-10-06T09:51:45.656149+00:00,2515.0053819759996,C,2067,270.7,7.4012229129443305,917950464,917950464,261,38,599785472,238173081,29,0.845,0,0.0,10,0.127,0.972,0.3412587180000628,
2026-10-06T09:51:50.655843+00:00,2520.0050730780004,A,2066,321.19,8.59996355851433,867213312,893247488,269,45,529530880,256181350,56,1.116,0,0.0,28,0.276,1.392,0.4494656219994795,
2026-10-06T09:51:50.657328+00:00,2520.00656042,B,2069,304.31,19.994769436299258,825237504,837668864,267,44,471859200,239412326,49,1.121,0,0.0,24,0.239,1.36,0.47591801500038855,
2026-10-06T09:51:50.657387+00:00,2520.0066204100003,C,2067,271.05,6.998266621734395,917954560,917954560,261,38,599785472,240270233,29,0.845,0,0.0,10,0.127,0.972,0.37636406299952796,
2026-10-06T09:51:55.655825+00:00,2525.0050552390003,A,2066,321.58,7.800027828939117,867213312,893247488,269,45,529530880,265618534,56,1.116,0,0.0,28,0.276,1.392,0.4467436679997263,
2026-10-06T09:51:55.655934+00:00,2525.0051673529997,B,2069,304.73,8.402341004795973,825237504,837668864,267,44,471859200,250946662,49,1.121,0,0.0,24,0.239,1.36,0.36894894300075975,
2026-10-06T09:51:55.656196+00:00,2525.005429326,C,2067,271.4,7.001667914925109,917954560,917954560,261,38,599785472,242367385,29,0.845,0,0.0,10,0.127,0.972,0.47693432200048846,
2026-10-06T09:52:00.655792+00:00,2530.005023945,A,2066,323.02,28.800180254568765,898101248,898101248,270,52,529530880,303367270,56,1.116,0,0.0,28,0.276,1.392,1.3888484879998941,
2026-10-06T09:52:00.656194+00:00,2530.0054268989998,B,2069,305.69,19.199003395092355,826015744,837668864,267,47,471859200,303134720,50,1.17,0,0.0,24,0.239,1.409,1.3404018400005953,
2026-10-06T09:52:00.659031+00:00,2530.0082640279998,C,2067,271.73,6.596260313540492,917954560,917954560,261,38,599785472,244464537,29,0.845,0,0.0,10,0.127,0.972,1.3854483650002294,
2026-10-06T09:52:05.655835+00:00,2535.0050658689997,A,2066,326.32,65.9994466078461,902508544,904110080,269,52,529530880,419068416,57,1.142,0,0.0,28,0.276,1.418,0.4410713350007427,
2026-10-06T09:52:05.655999+00:00,2535.005229114,B,2069,307.79,42.00166145972053,838688768,844005376,267,51,471859200,279103692,51,1.222,0,0.0,24,0.239,1.461,0.39669445700019423,
2026-10-06T09:52:05.656177+00:00,2535.0054096900003,C,2067,272.0,5.4030844458492435,917954560,917954560,261,38,599785472,246561689,29,0.845,0,0.0,10,0.127,0.972,0.34434447700004966,
