scope,scenario,repeat,phase,server,metric,run,status,group_status,reason,samples,first_read_utc,last_read_utc,sample_point_span_seconds,CPU_process_percent,heap_used_sample_mean_bytes,heap_used_sample_max_bytes,GC_GCT_delta_seconds,queried_tick_window_mean_ms
individual,same,1,low_flow,A,cpu_rss,A,UNMEASURED,,,0,,,,,,,,
individual,same,1,low_flow,A,heap_gc,A,UNMEASURED,,,0,,,,,,,,
individual,same,1,low_flow,A,tick,A,UNMEASURED,,,0,,,,,,,,
individual,same,1,low_flow,B,cpu_rss,A,UNMEASURED,,,0,,,,,,,,
individual,same,1,low_flow,B,heap_gc,A,UNMEASURED,,,0,,,,,,,,
individual,same,1,low_flow,B,tick,A,UNMEASURED,,,0,,,,,,,,
individual,same,1,low_flow,C,cpu_rss,A,UNMEASURED,,,0,,,,,,,,
individual,same,1,low_flow,C,heap_gc,A,UNMEASURED,,,0,,,,,,,,
individual,same,1,low_flow,C,tick,A,UNMEASURED,,,0,,,,,,,,
individual,same,1,warmup,A,cpu_rss,A,UNMEASURED,,,0,,,,,,,,
individual,same,1,warmup,A,heap_gc,A,UNMEASURED,,,0,,,,,,,,
individual,same,1,warmup,A,tick,A,UNMEASURED,,,0,,,,,,,,
individual,same,1,warmup,B,cpu_rss,A,UNMEASURED,,,0,,,,,,,,
individual,same,1,warmup,B,heap_gc,A,UNMEASURED,,,0,,,,,,,,
individual,same,1,warmup,B,tick,A,UNMEASURED,,,0,,,,,,,,
individual,same,1,warmup,C,cpu_rss,A,UNMEASURED,,,0,,,,,,,,
individual,same,1,warmup,C,heap_gc,A,UNMEASURED,,,0,,,,,,,,
individual,same,1,warmup,C,tick,A,UNMEASURED,,,0,,,,,,,,
individual,same,1,steady,A,cpu_rss,A,UNMEASURED,,,0,,,,,,,,
individual,same,1,steady,A,heap_gc,A,UNMEASURED,,,0,,,,,,,,
individual,same,1,steady,A,tick,A,UNMEASURED,,,0,,,,,,,,
individual,same,1,steady,B,cpu_rss,A,UNMEASURED,,,0,,,,,,,,
individual,same,1,steady,B,heap_gc,A,UNMEASURED,,,0,,,,,,,,
individual,same,1,steady,B,tick,A,UNMEASURED,,,0,,,,,,,,
individual,same,1,steady,C,cpu_rss,A,UNMEASURED,,,0,,,,,,,,
individual,same,1,steady,C,heap_gc,A,UNMEASURED,,,0,,,,,,,,
individual,same,1,steady,C,tick,A,UNMEASURED,,,0,,,,,,,,
individual,cross,1,low_flow,A,cpu_rss,A,OBSERVED,,,21,2026-10-06T09:09:50.655790+00:00,2026-10-06T09:11:30.657066+00:00,99.99967837333679,7.6600246366816505,,,,
individual,cross,1,low_flow,A,heap_gc,A,OBSERVED,,,21,2026-10-06T09:09:50.657711+00:00,2026-10-06T09:11:30.780003+00:00,99.9800431728363,,362577192.85714287,491113164,0.018000000000000016,
individual,cross,1,low_flow,A,tick,A,UNMEASURED,,,0,,,,,,,,
individual,cross,1,low_flow,B,cpu_rss,A,OBSERVED,,,21,2026-10-06T09:09:50.656049+00:00,2026-10-06T09:11:30.658254+00:00,99.99958038330078,8.370035122065108,,,,
individual,cross,1,low_flow,B,heap_gc,A,OBSERVED,,,21,2026-10-06T09:09:50.658946+00:00,2026-10-06T09:11:30.846802+00:00,99.99616074562073,,350457348.5714286,432013312,0.008999999999999897,
individual,cross,1,low_flow,B,tick,A,UNMEASURED,,,0,,,,,,,,
individual,cross,1,low_flow,C,cpu_rss,A,OBSERVED,,,21,2026-10-06T09:09:50.656357+00:00,2026-10-06T09:11:30.657696+00:00,99.99945735931396,6.970037822261055,,,,
individual,cross,1,low_flow,C,heap_gc,A,OBSERVED,,,21,2026-10-06T09:09:50.658380+00:00,2026-10-06T09:11:30.867191+00:00,100.02165031433105,,459435061.2380952,474314854,0.0,
individual,cross,1,low_flow,C,tick,A,UNMEASURED,,,0,,,,,,,,
individual,cross,1,warmup,A,cpu_rss,A,OBSERVED,,,5,2026-10-06T09:11:40.655781+00:00,2026-10-06T09:12:00.659262+00:00,20.000882863998413,7.9996468699889665,,,,
individual,cross,1,warmup,A,heap_gc,A,OBSERVED,,,5,2026-10-06T09:11:40.657563+00:00,2026-10-06T09:12:00.887896+00:00,20.04038715362549,,300461977.2,317029478,0.0,
individual,cross,1,warmup,A,tick,A,UNMEASURED,,,0,,,,,,,,
individual,cross,1,warmup,B,cpu_rss,A,OBSERVED,,,5,2026-10-06T09:11:40.655895+00:00,2026-10-06T09:12:00.657430+00:00,19.99925947189331,11.500425819427896,,,,
individual,cross,1,warmup,B,heap_gc,A,OBSERVED,,,5,2026-10-06T09:11:40.658984+00:00,2026-10-06T09:12:00.849373+00:00,20.01943349838257,,296030412.4,427731558,0.014999999999999902,
individual,cross,1,warmup,B,tick,A,UNMEASURED,,,0,,,,,,,,
individual,cross,1,warmup,C,cpu_rss,A,OBSERVED,,,5,2026-10-06T09:11:40.656042+00:00,2026-10-06T09:12:00.659923+00:00,20.001483917236328,8.84934341533877,,,,
individual,cross,1,warmup,C,heap_gc,A,OBSERVED,,,5,2026-10-06T09:11:40.656936+00:00,2026-10-06T09:12:00.870866+00:00,20.004364013671875,,481025740.4,483752038,0.0,
individual,cross,1,warmup,C,tick,A,UNMEASURED,,,0,,,,,,,,
individual,cross,1,steady,A,cpu_rss,A,OBSERVED,,,23,2026-10-06T09:12:10.655825+00:00,2026-10-06T09:14:00.656838+00:00,109.99920439720154,8.327332956812763,,,,
individual,cross,1,steady,A,heap_gc,A,OBSERVED,,,23,2026-10-06T09:12:10.658422+00:00,2026-10-06T09:14:00.861671+00:00,109.99586725234985,,391690920.7826087,491093094,0.006000000000000005,
individual,cross,1,steady,A,tick,A,UNMEASURED,,,0,,,,,,,,
individual,cross,1,steady,B,cpu_rss,A,OBSERVED,,,23,2026-10-06T09:12:10.655974+00:00,2026-10-06T09:14:00.658001+00:00,110.00083017349243,9.07265880108324,,,,
individual,cross,1,steady,B,heap_gc,A,OBSERVED,,,23,2026-10-06T09:12:10.657475+00:00,2026-10-06T09:14:00.899804+00:00,110.02071928977966,,337599612.26086956,429828710,0.0050000000000001155,
individual,cross,1,steady,B,tick,A,UNMEASURED,,,0,,,,,,,,
individual,cross,1,steady,C,cpu_rss,A,OBSERVED,,,23,2026-10-06T09:12:10.656120+00:00,2026-10-06T09:14:00.659723+00:00,110.00082492828369,7.3090360960854275,,,,
individual,cross,1,steady,C,heap_gc,A,OBSERVED,,,23,2026-10-06T09:12:10.659303+00:00,2026-10-06T09:14:00.855417+00:00,109.9734411239624,,504267655.3913044,521500774,0.0,
individual,cross,1,steady,C,tick,A,UNMEASURED,,,0,,,,,,,,
individual,mixed,1,low_flow,A,cpu_rss,A,OBSERVED,,,32,2026-10-06T09:14:10.655779+00:00,2026-10-06T09:16:45.657978+00:00,155.00069332122803,8.341898170225273,,,,
individual,mixed,1,low_flow,A,heap_gc,A,OBSERVED,,,32,2026-10-06T09:14:10.656656+00:00,2026-10-06T09:16:45.833427+00:00,155.02713060379028,,355189631.75,487130214,0.006000000000000005,
individual,mixed,1,low_flow,A,tick,A,UNMEASURED,,,0,,,,,,,,
individual,mixed,1,low_flow,B,cpu_rss,A,OBSERVED,,,32,2026-10-06T09:14:10.656871+00:00,2026-10-06T09:16:45.657271+00:00,154.9993453025818,8.329067438831913,,,,
individual,mixed,1,low_flow,B,heap_gc,A,OBSERVED,,,32,2026-10-06T09:14:10.657675+00:00,2026-10-06T09:16:45.801991+00:00,154.95805406570435,,346210866.53125,436120166,0.016999999999999904,
individual,mixed,1,low_flow,B,tick,A,UNMEASURED,,,0,,,,,,,,
individual,mixed,1,low_flow,C,cpu_rss,A,OBSERVED,,,32,2026-10-06T09:14:10.657091+00:00,2026-10-06T09:16:45.658788+00:00,154.9999008178711,7.219359458267356,,,,
individual,mixed,1,low_flow,C,heap_gc,A,OBSERVED,,,32,2026-10-06T09:14:10.658359+00:00,2026-10-06T09:16:45.871077+00:00,155.00431656837463,,243662848,266338304,0.0,
individual,mixed,1,low_flow,C,tick,A,UNMEASURED,,,0,,,,,,,,
individual,mixed,1,warmup,A,cpu_rss,A,OBSERVED,,,6,2026-10-06T09:16:50.655870+00:00,2026-10-06T09:17:15.659106+00:00,25.000122547149658,8.719957255763754,,,,
individual,mixed,1,warmup,A,heap_gc,A,OBSERVED,,,6,2026-10-06T09:16:50.658778+00:00,2026-10-06T09:17:15.840825+00:00,24.982534170150757,,420239189.3333333,453968384,0.0,
individual,mixed,1,warmup,A,tick,A,UNMEASURED,,,0,,,,,,,,
individual,mixed,1,warmup,B,cpu_rss,A,OBSERVED,,,6,2026-10-06T09:16:50.656053+00:00,2026-10-06T09:17:15.657303+00:00,24.99945569038391,7.56016460281176,,,,
individual,mixed,1,warmup,B,heap_gc,A,OBSERVED,,,6,2026-10-06T09:16:50.658229+00:00,2026-10-06T09:17:15.845450+00:00,25.020182847976685,,297372979,314150195,0.0,
individual,mixed,1,warmup,B,tick,A,UNMEASURED,,,0,,,,,,,,
individual,mixed,1,warmup,C,cpu_rss,A,OBSERVED,,,6,2026-10-06T09:16:50.656129+00:00,2026-10-06T09:17:15.658257+00:00,25.000414848327637,6.9998838443957405,,,,
individual,mixed,1,warmup,C,heap_gc,A,OBSERVED,,,6,2026-10-06T09:16:50.657363+00:00,2026-10-06T09:17:15.820271+00:00,24.994105577468872,,271755946.6666667,274726912,0.0,
individual,mixed,1,warmup,C,tick,A,UNMEASURED,,,0,,,,,,,,
individual,mixed,1,steady,A,cpu_rss,A,OBSERVED,,,23,2026-10-06T09:17:25.655822+00:00,2026-10-06T09:19:15.658666+00:00,110.00012135505676,9.00908097002243,,,,
individual,mixed,1,steady,A,heap_gc,A,OBSERVED,,,23,2026-10-06T09:17:25.658440+00:00,2026-10-06T09:19:15.842036+00:00,109.9954469203949,,349026913.5652174,484377088,0.016999999999999904,
individual,mixed,1,steady,A,tick,A,UNMEASURED,,,0,,,,,,,,
individual,mixed,1,steady,B,cpu_rss,A,OBSERVED,,,23,2026-10-06T09:17:25.655939+00:00,2026-10-06T09:19:15.657829+00:00,110.00016212463379,8.11816985313351,,,,
individual,mixed,1,steady,B,heap_gc,A,OBSERVED,,,23,2026-10-06T09:17:25.657528+00:00,2026-10-06T09:19:15.873874+00:00,110.01103115081787,,335123437.9130435,426347827,0.0040000000000000036,
individual,mixed,1,steady,B,tick,A,UNMEASURED,,,0,,,,,,,,
individual,mixed,1,steady,C,cpu_rss,A,OBSERVED,,,23,2026-10-06T09:17:25.656049+00:00,2026-10-06T09:19:15.657155+00:00,110.00003170967102,6.927270730350223,,,,
individual,mixed,1,steady,C,heap_gc,A,OBSERVED,,,23,2026-10-06T09:17:25.657070+00:00,2026-10-06T09:19:15.873500+00:00,110.01226043701172,,295516070.95652175,311427072,0.0,
individual,mixed,1,steady,C,tick,A,UNMEASURED,,,0,,,,,,,,
individual,cross,2,low_flow,A,cpu_rss,A,OBSERVED,,,35,2026-10-06T09:19:25.655813+00:00,2026-10-06T09:22:15.656839+00:00,169.99905586242676,7.247099072109002,,,,
individual,cross,2,low_flow,A,heap_gc,A,OBSERVED,,,35,2026-10-06T09:19:25.658693+00:00,2026-10-06T09:22:15.828854+00:00,170.00209951400757,,354055313.8857143,404207206,0.0,
individual,cross,2,low_flow,A,tick,A,UNMEASURED,,,0,,,,,,,,
individual,cross,2,low_flow,B,cpu_rss,A,OBSERVED,,,35,2026-10-06T09:19:25.655962+00:00,2026-10-06T09:22:15.658036+00:00,170.0000569820404,8.288232515997649,,,,
individual,cross,2,low_flow,B,heap_gc,A,OBSERVED,,,35,2026-10-06T09:19:25.657839+00:00,2026-10-06T09:22:15.820107+00:00,169.98217487335205,,340393617.9714286,431746355,0.016000000000000014,
individual,cross,2,low_flow,B,tick,A,UNMEASURED,,,0,,,,,,,,
individual,cross,2,low_flow,C,cpu_rss,A,OBSERVED,,,35,2026-10-06T09:19:25.656024+00:00,2026-10-06T09:22:15.657615+00:00,170.00019907951355,6.876462535512842,,,,
individual,cross,2,low_flow,C,heap_gc,A,OBSERVED,,,35,2026-10-06T09:19:25.657122+00:00,2026-10-06T09:22:15.780634+00:00,169.94955015182495,,341566142.17142856,365953024,0.0,
individual,cross,2,low_flow,C,tick,A,UNMEASURED,,,0,,,,,,,,
individual,cross,2,warmup,A,cpu_rss,A,OBSERVED,,,5,2026-10-06T09:22:25.655846+00:00,2026-10-06T09:22:45.659013+00:00,20.00100350379944,8.649566006382404,,,,
individual,cross,2,warmup,A,heap_gc,A,OBSERVED,,,5,2026-10-06T09:22:25.656971+00:00,2026-10-06T09:22:45.853873+00:00,20.001497983932495,,430841036.4,448247398,0.0,
individual,cross,2,warmup,A,tick,A,UNMEASURED,,,0,,,,,,,,
individual,cross,2,warmup,B,cpu_rss,A,OBSERVED,,,5,2026-10-06T09:22:25.655980+00:00,2026-10-06T09:22:45.657333+00:00,19.999906301498413,9.25004333575998,,,,
individual,cross,2,warmup,B,heap_gc,A,OBSERVED,,,5,2026-10-06T09:22:25.657459+00:00,2026-10-06T09:22:45.822877+00:00,19.98567843437195,,320834354.6,346419609,0.0,
individual,cross,2,warmup,B,tick,A,UNMEASURED,,,0,,,,,,,,
individual,cross,2,warmup,C,cpu_rss,A,OBSERVED,,,5,2026-10-06T09:22:25.656039+00:00,2026-10-06T09:22:45.658110+00:00,20.00006127357483,7.3999773288467185,,,,
individual,cross,2,warmup,C,heap_gc,A,OBSERVED,,,5,2026-10-06T09:22:25.657942+00:00,2026-10-06T09:22:45.857298+00:00,20.01613759994507,,372244480,375390208,0.0,
individual,cross,2,warmup,C,tick,A,UNMEASURED,,,0,,,,,,,,
individual,cross,2,steady,A,cpu_rss,A,OBSERVED,,,23,2026-10-06T09:22:55.655817+00:00,2026-10-06T09:24:45.658789+00:00,110.00061655044556,8.099954599721656,,,,
individual,cross,2,steady,A,heap_gc,A,OBSERVED,,,23,2026-10-06T09:22:55.657531+00:00,2026-10-06T09:24:45.899626+00:00,110.02187705039978,,341115249.1304348,488093286,0.006000000000000005,
individual,cross,2,steady,A,tick,A,UNMEASURED,,,0,,,,,,,,
individual,cross,2,steady,B,cpu_rss,A,OBSERVED,,,23,2026-10-06T09:22:55.655929+00:00,2026-10-06T09:24:45.658059+00:00,109.99983167648315,8.563649467850857,,,,
individual,cross,2,steady,B,heap_gc,A,OBSERVED,,,23,2026-10-06T09:22:55.658370+00:00,2026-10-06T09:24:45.807013+00:00,109.97595429420471,,355198058.6956522,432806912,0.0040000000000000036,
individual,cross,2,steady,B,tick,A,UNMEASURED,,,0,,,,,,,,
individual,cross,2,steady,C,cpu_rss,A,OBSERVED,,,23,2026-10-06T09:22:55.655971+00:00,2026-10-06T09:24:45.657049+00:00,110.00009751319885,7.081811903907879,,,,
individual,cross,2,steady,C,heap_gc,A,OBSERVED,,,23,2026-10-06T09:22:55.656824+00:00,2026-10-06T09:24:45.898040+00:00,110.00096368789673,,395677874.0869565,413138944,0.0,
individual,cross,2,steady,C,tick,A,UNMEASURED,,,0,,,,,,,,
individual,mixed,2,low_flow,A,cpu_rss,A,OBSERVED,,,32,2026-10-06T09:24:55.655811+00:00,2026-10-06T09:27:30.662151+00:00,155.00169944763184,8.40635944407968,,,,
individual,mixed,2,low_flow,A,heap_gc,A,OBSERVED,,,32,2026-10-06T09:24:55.658738+00:00,2026-10-06T09:27:30.852691+00:00,154.98348999023438,,383966514.8125,492977254,0.027000000000000135,
individual,mixed,2,low_flow,A,tick,A,UNMEASURED,,,0,,,,,,,,
individual,mixed,2,low_flow,B,cpu_rss,A,OBSERVED,,,32,2026-10-06T09:24:55.655902+00:00,2026-10-06T09:27:30.657138+00:00,154.9996120929718,8.445182425455597,,,,
individual,mixed,2,low_flow,B,heap_gc,A,OBSERVED,,,32,2026-10-06T09:24:55.657938+00:00,2026-10-06T09:27:30.786464+00:00,154.95534563064575,,325969996.375,429663027,0.03299999999999992,
individual,mixed,2,low_flow,B,tick,A,UNMEASURED,,,0,,,,,,,,
individual,mixed,2,low_flow,C,cpu_rss,A,OBSERVED,,,32,2026-10-06T09:24:55.655939+00:00,2026-10-06T09:27:30.658077+00:00,155.00054550170898,7.283845333225321,,,,
individual,mixed,2,low_flow,C,heap_gc,A,OBSERVED,,,32,2026-10-06T09:24:55.657130+00:00,2026-10-06T09:27:30.834780+00:00,154.99140310287476,,439910400,462422016,0.0,
individual,mixed,2,low_flow,C,tick,A,UNMEASURED,,,0,,,,,,,,
individual,mixed,2,warmup,A,cpu_rss,A,OBSERVED,,,6,2026-10-06T09:27:35.655782+00:00,2026-10-06T09:28:00.656943+00:00,24.999614000320435,9.080140197248303,,,,
individual,mixed,2,warmup,A,heap_gc,A,OBSERVED,,,6,2026-10-06T09:27:35.657720+00:00,2026-10-06T09:28:00.854923+00:00,25.005072832107544,,298464768,333592064,0.0,
individual,mixed,2,warmup,A,tick,A,UNMEASURED,,,0,,,,,,,,
individual,mixed,2,warmup,B,cpu_rss,A,OBSERVED,,,6,2026-10-06T09:27:35.655878+00:00,2026-10-06T09:28:00.657567+00:00,25.0003182888031,7.799900695157806,,,,
individual,mixed,2,warmup,B,heap_gc,A,OBSERVED,,,6,2026-10-06T09:27:35.656945+00:00,2026-10-06T09:28:00.839578+00:00,25.021118640899658,,373611382.6666667,392310988,0.0,
individual,mixed,2,warmup,B,tick,A,UNMEASURED,,,0,,,,,,,,
individual,mixed,2,warmup,C,cpu_rss,A,OBSERVED,,,6,2026-10-06T09:27:35.656003+00:00,2026-10-06T09:28:00.658282+00:00,25.000035047531128,7.07999007455314,,,,
individual,mixed,2,warmup,C,heap_gc,A,OBSERVED,,,6,2026-10-06T09:27:35.658346+00:00,2026-10-06T09:28:00.876718+00:00,25.019458770751953,,468363946.6666667,471859200,0.0,
individual,mixed,2,warmup,C,tick,A,UNMEASURED,,,0,,,,,,,,
individual,mixed,2,steady,A,cpu_rss,A,OBSERVED,,,24,2026-10-06T09:28:05.655836+00:00,2026-10-06T09:30:00.658258+00:00,115.00000476837158,9.026086582263172,,,,
individual,mixed,2,steady,A,heap_gc,A,OBSERVED,,,23,2026-10-06T09:28:05.658252+00:00,2026-10-06T09:30:00.886797+00:00,115.01471090316772,,373722214.0869565,490878464,0.006999999999999895,
individual,mixed,2,steady,A,tick,A,UNMEASURED,,,0,,,,,,,,
individual,mixed,2,steady,B,cpu_rss,A,OBSERVED,,,24,2026-10-06T09:28:05.655948+00:00,2026-10-06T09:30:00.656863+00:00,115.00000476837158,7.747825765699891,,,,
individual,mixed,2,steady,B,heap_gc,A,OBSERVED,,,24,2026-10-06T09:28:05.656875+00:00,2026-10-06T09:30:00.832590+00:00,114.99100494384766,,328254309.9166667,427962572,0.0040000000000000036,
individual,mixed,2,steady,B,tick,A,UNMEASURED,,,0,,,,,,,,
individual,mixed,2,steady,C,cpu_rss,A,OBSERVED,,,24,2026-10-06T09:28:05.656219+00:00,2026-10-06T09:30:00.657805+00:00,114.99994039535522,6.8782644345783295,,,,
individual,mixed,2,steady,C,heap_gc,A,OBSERVED,,,24,2026-10-06T09:28:05.657727+00:00,2026-10-06T09:30:00.795076+00:00,114.96991038322449,,491126784,508559360,0.0,
individual,mixed,2,steady,C,tick,A,UNMEASURED,,,0,,,,,,,,
individual,same,2,low_flow,A,cpu_rss,A,OBSERVED,,,36,2026-10-06T09:30:10.655802+00:00,2026-10-06T09:33:05.657810+00:00,174.9998757839203,8.754291928136134,,,,
individual,same,2,low_flow,A,heap_gc,A,OBSERVED,,,36,2026-10-06T09:30:10.658100+00:00,2026-10-06T09:33:05.840148+00:00,174.9854290485382,,357345037.4444444,489675673,0.038999999999999924,
individual,same,2,low_flow,A,tick,A,UNMEASURED,,,0,,,,,,,,
individual,same,2,low_flow,B,cpu_rss,A,OBSERVED,,,36,2026-10-06T09:30:10.655896+00:00,2026-10-06T09:33:05.657107+00:00,174.999840259552,7.21714944497536,,,,
individual,same,2,low_flow,B,heap_gc,A,OBSERVED,,,36,2026-10-06T09:30:10.657476+00:00,2026-10-06T09:33:05.858385+00:00,175.03793144226074,,372228323.1111111,434246246,0.007000000000000117,
individual,same,2,low_flow,B,tick,A,UNMEASURED,,,0,,,,,,,,
individual,same,2,low_flow,C,cpu_rss,A,OBSERVED,,,36,2026-10-06T09:30:10.655952+00:00,2026-10-06T09:33:05.658707+00:00,175.00090956687927,7.445675586629101,,,,
individual,same,2,low_flow,C,heap_gc,A,OBSERVED,,,36,2026-10-06T09:30:10.656950+00:00,2026-10-06T09:33:05.872345+00:00,175.01780819892883,,472587539.8333333,552599552,0.050999999999999934,
individual,same,2,low_flow,C,tick,A,UNMEASURED,,,0,,,,,,,,
individual,same,2,warmup,A,cpu_rss,A,OBSERVED,,,6,2026-10-06T09:33:10.655803+00:00,2026-10-06T09:33:35.657406+00:00,25.00039029121399,11.999812663141922,,,,
individual,same,2,warmup,A,heap_gc,A,OBSERVED,,,6,2026-10-06T09:33:10.656689+00:00,2026-10-06T09:33:35.783499+00:00,24.981566190719604,,418063700.6666667,489303244,0.006000000000000005,
individual,same,2,warmup,A,tick,A,UNMEASURED,,,0,,,,,,,,
individual,same,2,warmup,B,cpu_rss,A,OBSERVED,,,6,2026-10-06T09:33:10.656904+00:00,2026-10-06T09:33:35.658595+00:00,25.000038862228394,7.279988683336656,,,,
individual,same,2,warmup,B,heap_gc,A,OBSERVED,,,6,2026-10-06T09:33:10.657614+00:00,2026-10-06T09:33:35.865059+00:00,25.0321524143219,,256003651.66666666,260547481,0.0,
individual,same,2,warmup,B,tick,A,UNMEASURED,,,0,,,,,,,,
individual,same,2,warmup,C,cpu_rss,A,OBSERVED,,,6,2026-10-06T09:33:10.657101+00:00,2026-10-06T09:33:35.657969+00:00,24.999316453933716,7.280199054056979,,,,
individual,same,2,warmup,C,heap_gc,A,OBSERVED,,,6,2026-10-06T09:33:10.658321+00:00,2026-10-06T09:33:35.879449+00:00,25.00259566307068,,234332603.33333334,238177382,0.0,
individual,same,2,warmup,C,tick,A,UNMEASURED,,,0,,,,,,,,
individual,same,2,steady,A,cpu_rss,A,OBSERVED,,,24,2026-10-06T09:33:40.655756+00:00,2026-10-06T09:35:35.656967+00:00,115.00005435943604,10.130429994048168,,,,
individual,same,2,steady,A,heap_gc,A,OBSERVED,,,24,2026-10-06T09:33:40.656952+00:00,2026-10-06T09:35:35.800689+00:00,114.97365760803223,,350448490.6666667,482344960,0.02300000000000013,
individual,same,2,steady,A,tick,A,UNMEASURED,,,0,,,,,,,,
individual,same,2,steady,B,cpu_rss,A,OBSERVED,,,24,2026-10-06T09:33:40.655860+00:00,2026-10-06T09:35:35.658568+00:00,115.0009536743164,7.191244712127097,,,,
individual,same,2,steady,B,heap_gc,A,OBSERVED,,,24,2026-10-06T09:33:40.658073+00:00,2026-10-06T09:35:35.930782+00:00,115.03677797317505,,284358894.3333333,305636249,0.0,
individual,same,2,steady,B,tick,A,UNMEASURED,,,0,,,,,,,,
individual,same,2,steady,C,cpu_rss,A,OBSERVED,,,24,2026-10-06T09:33:40.655910+00:00,2026-10-06T09:35:35.659325+00:00,115.00161743164062,7.095552377644141,,,,
individual,same,2,steady,C,heap_gc,A,OBSERVED,,,24,2026-10-06T09:33:40.657511+00:00,2026-10-06T09:35:35.900288+00:00,115.00424861907959,,258012944.66666666,275926118,0.0,
individual,same,2,steady,C,tick,A,UNMEASURED,,,0,,,,,,,,
individual,mixed,3,low_flow,A,cpu_rss,A,OBSERVED,,,32,2026-10-06T09:35:45.655799+00:00,2026-10-06T09:38:20.658526+00:00,155.00028443336487,8.116114138750627,,,,
individual,mixed,3,low_flow,A,heap_gc,A,OBSERVED,,,32,2026-10-06T09:35:45.658016+00:00,2026-10-06T09:38:20.789366+00:00,154.96319961547852,,371285807.6875,497485414,0.014999999999999902,
individual,mixed,3,low_flow,A,tick,A,UNMEASURED,,,0,,,,,,,,
individual,mixed,3,low_flow,B,cpu_rss,A,OBSERVED,,,32,2026-10-06T09:35:45.655947+00:00,2026-10-06T09:38:20.658941+00:00,155.00028204917908,8.683855165972775,,,,
individual,mixed,3,low_flow,B,heap_gc,A,OBSERVED,,,32,2026-10-06T09:35:45.658439+00:00,2026-10-06T09:38:20.845411+00:00,155.01314163208008,,344551897.375,428319641,0.05599999999999983,
individual,mixed,3,low_flow,B,tick,A,UNMEASURED,,,0,,,,,,,,
individual,mixed,3,low_flow,C,cpu_rss,A,OBSERVED,,,32,2026-10-06T09:35:45.656054+00:00,2026-10-06T09:38:20.657637+00:00,155.0003538131714,7.258047948432498,,,,
individual,mixed,3,low_flow,C,heap_gc,A,OBSERVED,,,32,2026-10-06T09:35:45.657098+00:00,2026-10-06T09:38:20.856878+00:00,155.01801586151123,,301681766,324160614,0.0,
individual,mixed,3,low_flow,C,tick,A,UNMEASURED,,,0,,,,,,,,
individual,mixed,3,warmup,A,cpu_rss,A,OBSERVED,,,6,2026-10-06T09:38:25.655788+00:00,2026-10-06T09:38:50.657475+00:00,24.999611616134644,9.40014603460205,,,,
individual,mixed,3,warmup,A,heap_gc,A,OBSERVED,,,6,2026-10-06T09:38:25.658282+00:00,2026-10-06T09:38:50.861557+00:00,25.020041942596436,,329160328.3333333,365510963,0.0,
individual,mixed,3,warmup,A,tick,A,UNMEASURED,,,0,,,,,,,,
individual,mixed,3,warmup,B,cpu_rss,A,OBSERVED,,,6,2026-10-06T09:38:25.655889+00:00,2026-10-06T09:38:50.657057+00:00,24.99968433380127,7.680096973880655,,,,
individual,mixed,3,warmup,B,heap_gc,A,OBSERVED,,,6,2026-10-06T09:38:25.657717+00:00,2026-10-06T09:38:50.894001+00:00,25.00715160369873,,341508283.3333333,440357888,0.0040000000000000036,
individual,mixed,3,warmup,B,tick,A,UNMEASURED,,,0,,,,,,,,
individual,mixed,3,warmup,C,cpu_rss,A,OBSERVED,,,6,2026-10-06T09:38:25.655964+00:00,2026-10-06T09:38:50.658259+00:00,25.000611782073975,6.99982870521109,,,,
individual,mixed,3,warmup,C,heap_gc,A,OBSERVED,,,6,2026-10-06T09:38:25.657113+00:00,2026-10-06T09:38:50.851275+00:00,24.98363494873047,,329753019.3333333,333597798,0.0,
individual,mixed,3,warmup,C,tick,A,UNMEASURED,,,0,,,,,,,,
individual,mixed,3,steady,A,cpu_rss,A,OBSERVED,,,24,2026-10-06T09:38:55.655821+00:00,2026-10-06T09:40:50.658535+00:00,115.00074625015259,9.09559315141064,,,,
individual,mixed,3,steady,A,heap_gc,A,OBSERVED,,,24,2026-10-06T09:38:55.657033+00:00,2026-10-06T09:40:50.868366+00:00,115.01673769950867,,369388646.3333333,485048627,0.01200000000000001,
individual,mixed,3,steady,A,tick,A,UNMEASURED,,,0,,,,,,,,
individual,mixed,3,steady,B,cpu_rss,A,OBSERVED,,,24,2026-10-06T09:38:55.655991+00:00,2026-10-06T09:40:50.657610+00:00,114.99991655349731,7.617396831696732,,,,
individual,mixed,3,steady,B,heap_gc,A,OBSERVED,,,24,2026-10-06T09:38:55.657714+00:00,2026-10-06T09:40:50.806431+00:00,114.95367503166199,,352409633.3333333,433849036,0.0,
individual,mixed,3,steady,B,tick,A,UNMEASURED,,,0,,,,,,,,
individual,mixed,3,steady,C,cpu_rss,A,OBSERVED,,,24,2026-10-06T09:38:55.656136+00:00,2026-10-06T09:40:50.659508+00:00,115.000479221344,6.8869278229321,,,,
individual,mixed,3,steady,C,heap_gc,A,OBSERVED,,,24,2026-10-06T09:38:55.658439+00:00,2026-10-06T09:40:50.859350+00:00,115.0085756778717,,353477051.3333333,371346534,0.0,
individual,mixed,3,steady,C,tick,A,UNMEASURED,,,0,,,,,,,,
individual,same,3,low_flow,A,cpu_rss,A,OBSERVED,,,35,2026-10-06T09:41:00.655821+00:00,2026-10-06T09:43:50.657503+00:00,169.99968123435974,8.10001518827368,,,,
individual,same,3,low_flow,A,heap_gc,A,OBSERVED,,,35,2026-10-06T09:41:00.658139+00:00,2026-10-06T09:43:50.847571+00:00,169.9898762702942,,355637502.05714285,492438016,0.009000000000000119,
individual,same,3,low_flow,A,tick,A,UNMEASURED,,,0,,,,,,,,
individual,same,3,low_flow,B,cpu_rss,A,OBSERVED,,,35,2026-10-06T09:41:00.655925+00:00,2026-10-06T09:43:50.659069+00:00,170.00081729888916,7.329376527698257,,,,
individual,same,3,low_flow,B,heap_gc,A,OBSERVED,,,35,2026-10-06T09:41:00.657489+00:00,2026-10-06T09:43:50.802950+00:00,169.98181629180908,,270601300.62857145,445383372,0.0050000000000001155,
individual,same,3,low_flow,B,tick,A,UNMEASURED,,,0,,,,,,,,
individual,same,3,low_flow,C,cpu_rss,A,OBSERVED,,,35,2026-10-06T09:41:00.656108+00:00,2026-10-06T09:43:50.658297+00:00,169.9999394416809,7.117649594311145,,,,
individual,same,3,low_flow,C,heap_gc,A,OBSERVED,,,35,2026-10-06T09:41:00.658823+00:00,2026-10-06T09:43:50.821509+00:00,169.96302247047424,,399088859.0285714,422726758,0.0,
individual,same,3,low_flow,C,tick,A,UNMEASURED,,,0,,,,,,,,
individual,same,3,warmup,A,cpu_rss,A,OBSERVED,,,5,2026-10-06T09:44:00.657578+00:00,2026-10-06T09:44:20.657653+00:00,19.996558904647827,9.601652010005319,,,,
individual,same,3,warmup,A,heap_gc,A,OBSERVED,,,5,2026-10-06T09:44:00.662756+00:00,2026-10-06T09:44:20.806001+00:00,19.96021342277527,,451154022,487854182,0.0,
individual,same,3,warmup,A,tick,A,UNMEASURED,,,0,,,,,,,,
individual,same,3,warmup,B,cpu_rss,A,OBSERVED,,,5,2026-10-06T09:44:00.657686+00:00,2026-10-06T09:44:20.657129+00:00,19.997726917266846,7.300829769504236,,,,
individual,same,3,warmup,B,heap_gc,A,OBSERVED,,,5,2026-10-06T09:44:00.659889+00:00,2026-10-06T09:44:20.846732+00:00,20.0025691986084,,303073689.4,306848563,0.0,
individual,same,3,warmup,B,tick,A,UNMEASURED,,,0,,,,,,,,
individual,same,3,warmup,C,cpu_rss,A,OBSERVED,,,5,2026-10-06T09:44:00.659296+00:00,2026-10-06T09:44:20.658358+00:00,19.99725580215454,7.150981185358122,,,,
individual,same,3,warmup,C,heap_gc,A,OBSERVED,,,5,2026-10-06T09:44:00.660791+00:00,2026-10-06T09:44:20.876975+00:00,20.01899814605713,,429437644.4,432163942,0.0,
individual,same,3,warmup,C,tick,A,UNMEASURED,,,0,,,,,,,,
individual,same,3,steady,A,cpu_rss,A,OBSERVED,,,23,2026-10-06T09:44:30.655838+00:00,2026-10-06T09:46:20.659337+00:00,110.00130724906921,9.608976715219384,,,,
individual,same,3,steady,A,heap_gc,A,OBSERVED,,,23,2026-10-06T09:44:30.656708+00:00,2026-10-06T09:46:20.895325+00:00,110.058837890625,,347260825,482804633,0.0030000000000001137,
individual,same,3,steady,A,tick,A,UNMEASURED,,,0,,,,,,,,
individual,same,3,steady,B,cpu_rss,A,OBSERVED,,,23,2026-10-06T09:44:30.656976+00:00,2026-10-06T09:46:20.657488+00:00,109.99945783615112,7.163671671670955,,,,
individual,same,3,steady,B,heap_gc,A,OBSERVED,,,23,2026-10-06T09:44:30.657546+00:00,2026-10-06T09:46:20.868031+00:00,110.01546907424927,,331649664.9130435,351937331,0.0,
individual,same,3,steady,B,tick,A,UNMEASURED,,,0,,,,,,,,
individual,same,3,steady,C,cpu_rss,A,OBSERVED,,,23,2026-10-06T09:44:30.657732+00:00,2026-10-06T09:46:20.658706+00:00,109.99940919876099,7.100038133739334,,,,
individual,same,3,steady,C,heap_gc,A,OBSERVED,,,23,2026-10-06T09:44:30.658261+00:00,2026-10-06T09:46:20.921781+00:00,110.03367948532104,,453682545.1304348,469912678,0.0,
individual,same,3,steady,C,tick,A,UNMEASURED,,,0,,,,,,,,
individual,cross,3,low_flow,A,cpu_rss,A,OBSERVED,,,36,2026-10-06T09:46:30.655777+00:00,2026-10-06T09:49:25.657893+00:00,175.00049257278442,7.611407147588499,,,,
individual,cross,3,low_flow,A,heap_gc,A,OBSERVED,,,36,2026-10-06T09:46:30.656952+00:00,2026-10-06T09:49:25.773597+00:00,174.9610834121704,,378389287.1388889,498629017,0.006999999999999895,
individual,cross,3,low_flow,A,tick,A,OBSERVED,,,11,2026-10-06T09:47:37.250504+00:00,2026-10-06T09:49:17.253398+00:00,99.99983644485474,,,,,0.3
individual,cross,3,low_flow,B,cpu_rss,A,OBSERVED,,,36,2026-10-06T09:46:30.655950+00:00,2026-10-06T09:49:25.657026+00:00,174.99910354614258,9.262904592951754,,,,
individual,cross,3,low_flow,B,heap_gc,A,OBSERVED,,,36,2026-10-06T09:46:30.658795+00:00,2026-10-06T09:49:25.844696+00:00,174.98884344100952,,344605123.75,443163443,0.03299999999999992,
individual,cross,3,low_flow,B,tick,A,OBSERVED,,,11,2026-10-06T09:47:37.250958+00:00,2026-10-06T09:49:17.253648+00:00,99.99792957305908,,,,,0.3090909090909091
individual,cross,3,low_flow,C,cpu_rss,A,OBSERVED,,,36,2026-10-06T09:46:30.656104+00:00,2026-10-06T09:49:25.658378+00:00,175.00039792060852,7.354268991913204,,,,
individual,cross,3,low_flow,C,heap_gc,A,OBSERVED,,,36,2026-10-06T09:46:30.657694+00:00,2026-10-06T09:49:25.861128+00:00,175.01038002967834,,501428212.2222222,531778662,0.0,
individual,cross,3,low_flow,C,tick,A,OBSERVED,,,11,2026-10-06T09:47:37.251232+00:00,2026-10-06T09:49:17.256623+00:00,99.99606609344482,,,,,0.2
individual,cross,3,warmup,A,cpu_rss,A,OBSERVED,,,6,2026-10-06T09:49:30.655801+00:00,2026-10-06T09:49:55.657466+00:00,24.99991226196289,8.960031445422894,,,,
individual,cross,3,warmup,A,heap_gc,A,OBSERVED,,,6,2026-10-06T09:49:30.657655+00:00,2026-10-06T09:49:55.814718+00:00,24.97225546836853,,304075980,326096076,0.0,
individual,cross,3,warmup,A,tick,A,OBSERVED,,,1,2026-10-06T09:49:47.250597+00:00,2026-10-06T09:49:47.252386+00:00,0.0,,,,,0.3
individual,cross,3,warmup,B,cpu_rss,A,OBSERVED,,,6,2026-10-06T09:49:30.655903+00:00,2026-10-06T09:49:55.656821+00:00,24.99991011619568,9.280033364988324,,,,
individual,cross,3,warmup,B,heap_gc,A,OBSERVED,,,6,2026-10-06T09:49:30.657047+00:00,2026-10-06T09:49:55.863340+00:00,25.00805425643921,,359858141.6666667,392189235,0.0,
individual,cross,3,warmup,B,tick,A,OBSERVED,,,1,2026-10-06T09:49:47.250761+00:00,2026-10-06T09:49:47.252664+00:00,0.0,,,,,0.4
individual,cross,3,warmup,C,cpu_rss,A,OBSERVED,,,6,2026-10-06T09:49:30.655966+00:00,2026-10-06T09:49:55.658149+00:00,25.000036239624023,7.239989505020105,,,,
individual,cross,3,warmup,C,heap_gc,A,OBSERVED,,,6,2026-10-06T09:49:30.658110+00:00,2026-10-06T09:49:55.806143+00:00,24.970054626464844,,538419643.3333334,542264422,0.0,
individual,cross,3,warmup,C,tick,A,OBSERVED,,,1,2026-10-06T09:49:47.250808+00:00,2026-10-06T09:49:47.254215+00:00,0.0,,,,,0.2
individual,cross,3,steady,A,cpu_rss,A,OBSERVED,,,24,2026-10-06T09:50:00.655776+00:00,2026-10-06T09:51:55.657369+00:00,114.99968957901001,9.339155644086448,,,,
individual,cross,3,steady,A,heap_gc,A,OBSERVED,,,24,2026-10-06T09:50:00.658039+00:00,2026-10-06T09:51:55.897621+00:00,115.0104591846466,,379294732.0833333,491771084,0.018999999999999906,
individual,cross,3,steady,A,tick,A,OBSERVED,,,11,2026-10-06T09:50:17.252345+00:00,2026-10-06T09:51:57.252088+00:00,99.99633693695068,,,,,0.4
individual,cross,3,steady,B,cpu_rss,A,OBSERVED,,,24,2026-10-06T09:50:00.655905+00:00,2026-10-06T09:51:55.656862+00:00,115.00005793571472,9.695647289354332,,,,
individual,cross,3,steady,B,heap_gc,A,OBSERVED,,,24,2026-10-06T09:50:00.656776+00:00,2026-10-06T09:51:55.836820+00:00,114.97276067733765,,346517699.75,440423731,0.029000000000000137,
individual,cross,3,steady,B,tick,A,OBSERVED,,,11,2026-10-06T09:50:17.252510+00:00,2026-10-06T09:51:57.252980+00:00,99.99809718132019,,,,,0.38181818181818183
individual,cross,3,steady,C,cpu_rss,A,OBSERVED,,,24,2026-10-06T09:50:00.655955+00:00,2026-10-06T09:51:55.658441+00:00,115.0007061958313,7.330389767906949,,,,
individual,cross,3,steady,C,heap_gc,A,OBSERVED,,,24,2026-10-06T09:50:00.657270+00:00,2026-10-06T09:51:55.918727+00:00,115.02325081825256,,364484590.4166667,560090214,0.01200000000000001,
individual,cross,3,steady,C,tick,A,OBSERVED,,,11,2026-10-06T09:50:17.252788+00:00,2026-10-06T09:51:57.252563+00:00,99.99591994285583,,,,,0.2
individual,same,1,low_flow,A,cpu_rss,B,OBSERVED,,,34,2026-10-06T11:34:01.180211+00:00,2026-10-06T11:36:46.180698+00:00,164.99886107444763,12.545541142044703,,,,
individual,same,1,low_flow,A,heap_gc,B,OBSERVED,,,34,2026-10-06T11:34:01.182298+00:00,2026-10-06T11:36:46.363873+00:00,165.01718163490295,,406823996.2352941,606076928,0.013000000000000123,
individual,same,1,low_flow,A,tick,B,OBSERVED,,,16,2026-10-06T11:34:11.329246+00:00,2026-10-06T11:36:41.335537+00:00,150.00147557258606,,,,,0.6124999999999999
individual,same,1,low_flow,B,cpu_rss,B,OBSERVED,,,34,2026-10-06T11:34:01.180390+00:00,2026-10-06T11:36:46.181820+00:00,164.99896597862244,8.933389317063806,,,,
individual,same,1,low_flow,B,heap_gc,B,OBSERVED,,,34,2026-10-06T11:34:01.183133+00:00,2026-10-06T11:36:46.400096+00:00,164.98210334777832,,408451343.0588235,446261760,0.0,
individual,same,1,low_flow,B,tick,B,OBSERVED,,,16,2026-10-06T11:34:11.332149+00:00,2026-10-06T11:36:41.331237+00:00,149.9959785938263,,,,,0.42500000000000004
individual,same,1,low_flow,C,cpu_rss,B,OBSERVED,,,34,2026-10-06T11:34:01.180438+00:00,2026-10-06T11:36:46.181251+00:00,164.99954438209534,8.884873018831687,,,,
individual,same,1,low_flow,C,heap_gc,B,OBSERVED,,,34,2026-10-06T11:34:01.181481+00:00,2026-10-06T11:36:46.391939+00:00,165.0038776397705,,322190396.2352941,351272960,0.0,
individual,same,1,low_flow,C,tick,B,OBSERVED,,,16,2026-10-06T11:34:11.334680+00:00,2026-10-06T11:36:41.332810+00:00,149.994530916214,,,,,0.2875
individual,same,1,warmup,A,cpu_rss,B,OBSERVED,,,5,2026-10-06T11:36:56.179832+00:00,2026-10-06T11:37:16.180681+00:00,19.998562335968018,11.450823121826973,,,,
individual,same,1,warmup,A,heap_gc,B,OBSERVED,,,5,2026-10-06T11:36:56.183285+00:00,2026-10-06T11:37:16.362536+00:00,19.994180917739868,,502625894.4,535760896,0.0,
individual,same,1,warmup,A,tick,B,OBSERVED,,,1,2026-10-06T11:37:11.328935+00:00,2026-10-06T11:37:11.332060+00:00,0.0,,,,,0.6
individual,same,1,warmup,B,cpu_rss,B,OBSERVED,,,5,2026-10-06T11:36:56.180340+00:00,2026-10-06T11:37:16.181852+00:00,20.00067949295044,8.099724814704382,,,,
individual,same,1,warmup,B,heap_gc,B,OBSERVED,,,5,2026-10-06T11:36:56.181151+00:00,2026-10-06T11:37:16.413794+00:00,20.029878616333008,,456537804.8,460941824,0.0,
individual,same,1,warmup,B,tick,B,OBSERVED,,,1,2026-10-06T11:37:11.329026+00:00,2026-10-06T11:37:11.331300+00:00,0.0,,,,,0.4
individual,same,1,warmup,C,cpu_rss,B,OBSERVED,,,5,2026-10-06T11:36:56.181255+00:00,2026-10-06T11:37:16.182349+00:00,19.999982833862305,7.700006608968681,,,,
individual,same,1,warmup,C,heap_gc,B,OBSERVED,,,5,2026-10-06T11:36:56.182364+00:00,2026-10-06T11:37:16.397376+00:00,19.972721338272095,,359242137.6,363855872,0.0,
individual,same,1,warmup,C,tick,B,OBSERVED,,,1,2026-10-06T11:37:11.329094+00:00,2026-10-06T11:37:11.339751+00:00,0.0,,,,,0.3
individual,same,1,steady,A,cpu_rss,B,OBSERVED,,,23,2026-10-06T11:37:26.179487+00:00,2026-10-06T11:39:16.182275+00:00,110.00052428245544,11.34540047095985,,,,
individual,same,1,steady,A,heap_gc,B,OBSERVED,,,23,2026-10-06T11:37:26.181298+00:00,2026-10-06T11:39:16.340588+00:00,109.97782731056213,,441024333.9130435,619646976,0.03200000000000003,
individual,same,1,steady,A,tick,B,OBSERVED,,,10,2026-10-06T11:37:41.328742+00:00,2026-10-06T11:39:11.339187+00:00,90.00323152542114,,,,,0.54
individual,same,1,steady,B,cpu_rss,B,OBSERVED,,,23,2026-10-06T11:37:26.179589+00:00,2026-10-06T11:39:16.180769+00:00,110.00009036064148,8.809083672777717,,,,
individual,same,1,steady,B,heap_gc,B,OBSERVED,,,23,2026-10-06T11:37:26.180657+00:00,2026-10-06T11:39:16.374992+00:00,110.01217293739319,,492900596.8695652,519662080,0.0,
individual,same,1,steady,B,tick,B,OBSERVED,,,10,2026-10-06T11:37:41.332002+00:00,2026-10-06T11:39:11.340138+00:00,90.00227618217468,,,,,0.4
individual,same,1,steady,C,cpu_rss,B,OBSERVED,,,23,2026-10-06T11:37:26.179639+00:00,2026-10-06T11:39:16.181456+00:00,109.99987983703613,8.290918147829984,,,,
individual,same,1,steady,C,heap_gc,B,OBSERVED,,,23,2026-10-06T11:37:26.181962+00:00,2026-10-06T11:39:16.456110+00:00,110.03923606872559,,388155481.04347825,408944640,0.0,
individual,same,1,steady,C,tick,B,OBSERVED,,,10,2026-10-06T11:37:41.332099+00:00,2026-10-06T11:39:11.341927+00:00,90.00282382965088,,,,,0.25
individual,cross,1,low_flow,A,cpu_rss,B,OBSERVED,,,35,2026-10-06T11:39:26.179952+00:00,2026-10-06T11:42:16.181106+00:00,169.99969458580017,8.688250903030571,,,,
individual,cross,1,low_flow,A,heap_gc,B,OBSERVED,,,35,2026-10-06T11:39:26.181316+00:00,2026-10-06T11:42:16.346279+00:00,169.98425483703613,,380451810.74285716,623841280,0.0129999999999999,
individual,cross,1,low_flow,A,tick,B,OBSERVED,,,16,2026-10-06T11:39:41.329707+00:00,2026-10-06T11:42:11.336783+00:00,149.99944353103638,,,,,0.44375000000000003
individual,cross,1,low_flow,B,cpu_rss,B,OBSERVED,,,35,2026-10-06T11:39:26.180107+00:00,2026-10-06T11:42:16.182684+00:00,170.00013709068298,11.323520280299242,,,,
individual,cross,1,low_flow,B,heap_gc,B,OBSERVED,,,35,2026-10-06T11:39:26.182023+00:00,2026-10-06T11:42:16.384763+00:00,169.99719429016113,,470214992.45714283,632908288,0.030000000000000027,
individual,cross,1,low_flow,B,tick,B,OBSERVED,,,16,2026-10-06T11:39:41.330692+00:00,2026-10-06T11:42:11.339247+00:00,150.00073194503784,,,,,0.42500000000000004
individual,cross,1,low_flow,C,cpu_rss,B,OBSERVED,,,35,2026-10-06T11:39:26.180185+00:00,2026-10-06T11:42:16.181922+00:00,169.99802708625793,8.205977586387919,,,,
individual,cross,1,low_flow,C,heap_gc,B,OBSERVED,,,35,2026-10-06T11:39:26.185688+00:00,2026-10-06T11:42:16.348236+00:00,169.96989583969116,,383209589.0285714,455081984,0.01200000000000001,
individual,cross,1,low_flow,C,tick,B,OBSERVED,,,16,2026-10-06T11:39:41.330742+00:00,2026-10-06T11:42:11.341594+00:00,150.00174736976624,,,,,0.20625000000000002
individual,cross,1,warmup,A,cpu_rss,B,OBSERVED,,,5,2026-10-06T11:42:26.179533+00:00,2026-10-06T11:42:46.181891+00:00,19.99985384941101,9.10006649900397,,,,
individual,cross,1,warmup,A,heap_gc,B,OBSERVED,,,5,2026-10-06T11:42:26.182183+00:00,2026-10-06T11:42:46.417433+00:00,20.02248764038086,,410141491.2,429854720,0.0,
individual,cross,1,warmup,A,tick,B,OBSERVED,,,1,2026-10-06T11:42:41.332918+00:00,2026-10-06T11:42:41.339765+00:00,0.0,,,,,0.4
individual,cross,1,warmup,B,cpu_rss,B,OBSERVED,,,5,2026-10-06T11:42:26.179642+00:00,2026-10-06T11:42:46.181319+00:00,19.999820947647095,10.900097584405932,,,,
individual,cross,1,warmup,B,heap_gc,B,OBSERVED,,,5,2026-10-06T11:42:26.181697+00:00,2026-10-06T11:42:46.390059+00:00,19.993664264678955,,417333248,663224320,0.0050000000000001155,
individual,cross,1,warmup,B,tick,B,OBSERVED,,,1,2026-10-06T11:42:41.333705+00:00,2026-10-06T11:42:41.337471+00:00,0.0,,,,,0.4
individual,cross,1,warmup,C,cpu_rss,B,OBSERVED,,,5,2026-10-06T11:42:26.179729+00:00,2026-10-06T11:42:46.180736+00:00,19.999807357788086,8.4500813921185,,,,
individual,cross,1,warmup,C,heap_gc,B,OBSERVED,,,5,2026-10-06T11:42:26.181127+00:00,2026-10-06T11:42:46.332297+00:00,19.97787833213806,,250190233.6,253755392,0.0,
individual,cross,1,warmup,C,tick,B,OBSERVED,,,1,2026-10-06T11:42:41.333758+00:00,2026-10-06T11:42:41.338491+00:00,0.0,,,,,0.2
individual,cross,1,steady,A,cpu_rss,B,OBSERVED,,,23,2026-10-06T11:42:56.179585+00:00,2026-10-06T11:44:46.181996+00:00,109.9996931552887,8.981843236646313,,,,
individual,cross,1,steady,A,heap_gc,B,OBSERVED,,,23,2026-10-06T11:42:56.182565+00:00,2026-10-06T11:44:46.374018+00:00,110.00646448135376,,498435748.65217394,621744128,0.008000000000000007,
individual,cross,1,steady,A,tick,B,OBSERVED,,,10,2026-10-06T11:43:11.332350+00:00,2026-10-06T11:44:41.336249+00:00,89.99449563026428,,,,,0.45
individual,cross,1,steady,B,cpu_rss,B,OBSERVED,,,23,2026-10-06T11:42:56.179697+00:00,2026-10-06T11:44:46.180864+00:00,109.99961614608765,9.463669387877461,,,,
individual,cross,1,steady,B,heap_gc,B,OBSERVED,,,23,2026-10-06T11:42:56.181598+00:00,2026-10-06T11:44:46.344093+00:00,109.97722625732422,,409674084.17391306,526385152,0.0,
individual,cross,1,steady,B,tick,B,OBSERVED,,,10,2026-10-06T11:43:11.333440+00:00,2026-10-06T11:44:41.330526+00:00,89.99389266967773,,,,,0.41000000000000003
individual,cross,1,steady,C,cpu_rss,B,OBSERVED,,,23,2026-10-06T11:42:56.179856+00:00,2026-10-06T11:44:46.181525+00:00,109.99896264076233,7.681890626183674,,,,
individual,cross,1,steady,C,heap_gc,B,OBSERVED,,,22,2026-10-06T11:42:56.183470+00:00,2026-10-06T11:44:46.382888+00:00,109.98965311050415,,278158615.27272725,297795584,0.0,
individual,cross,1,steady,C,tick,B,OBSERVED,,,10,2026-10-06T11:43:11.342502+00:00,2026-10-06T11:44:41.335987+00:00,89.98825454711914,,,,,0.21000000000000002
individual,mixed,1,low_flow,A,cpu_rss,B,OBSERVED,,,34,2026-10-06T11:45:01.179570+00:00,2026-10-06T11:47:46.181955+00:00,165.00062227249146,9.090874806052627,,,,
individual,mixed,1,low_flow,A,heap_gc,B,OBSERVED,,,34,2026-10-06T11:45:01.180632+00:00,2026-10-06T11:47:46.393710+00:00,164.98936343193054,,412408277.2352941,612408729,0.03600000000000003,
individual,mixed,1,low_flow,A,tick,B,OBSERVED,,,16,2026-10-06T11:45:11.333215+00:00,2026-10-06T11:47:41.344086+00:00,150.00104188919067,,,,,0.41250000000000003
individual,mixed,1,low_flow,B,cpu_rss,B,OBSERVED,,,34,2026-10-06T11:45:01.180925+00:00,2026-10-06T11:47:46.180899+00:00,164.99872398376465,8.472792796491923,,,,
individual,mixed,1,low_flow,B,heap_gc,B,OBSERVED,,,34,2026-10-06T11:45:01.182225+00:00,2026-10-06T11:47:46.376910+00:00,164.98713541030884,,487751155.64705884,683671552,0.0039999999999997815,
individual,mixed,1,low_flow,B,tick,B,OBSERVED,,,16,2026-10-06T11:45:11.334691+00:00,2026-10-06T11:47:41.343227+00:00,149.99933457374573,,,,,0.3875
individual,mixed,1,low_flow,C,cpu_rss,B,OBSERVED,,,34,2026-10-06T11:45:01.180965+00:00,2026-10-06T11:47:46.181495+00:00,164.9992995262146,7.406092047111097,,,,
individual,mixed,1,low_flow,C,heap_gc,B,OBSERVED,,,34,2026-10-06T11:45:01.181768+00:00,2026-10-06T11:47:46.343240+00:00,165.00053119659424,,329561268.7058824,356515840,0.0,
individual,mixed,1,low_flow,C,tick,B,OBSERVED,,,16,2026-10-06T11:45:11.334739+00:00,2026-10-06T11:47:41.343577+00:00,149.99787855148315,,,,,0.2
individual,mixed,1,warmup,A,cpu_rss,B,OBSERVED,,,6,2026-10-06T11:47:51.179551+00:00,2026-10-06T11:48:16.180802+00:00,24.99920654296875,9.320295810169693,,,,
individual,mixed,1,warmup,A,heap_gc,B,OBSERVED,,,6,2026-10-06T11:47:51.182383+00:00,2026-10-06T11:48:16.339425+00:00,24.978176593780518,,467880003.6666667,504929689,0.0,
individual,mixed,1,warmup,A,tick,B,OBSERVED,,,2,2026-10-06T11:48:01.328883+00:00,2026-10-06T11:48:11.335276+00:00,10.000226020812988,,,,,0.45
individual,mixed,1,warmup,B,cpu_rss,B,OBSERVED,,,6,2026-10-06T11:47:51.179655+00:00,2026-10-06T11:48:16.181437+00:00,25.000375032424927,8.599870990781097,,,,
individual,mixed,1,warmup,B,heap_gc,B,OBSERVED,,,6,2026-10-06T11:47:51.180705+00:00,2026-10-06T11:48:16.394764+00:00,24.98746657371521,,535722734.6666667,690337894,0.007000000000000117,
individual,mixed,1,warmup,B,tick,B,OBSERVED,,,2,2026-10-06T11:48:01.329179+00:00,2026-10-06T11:48:11.335049+00:00,10.000795841217041,,,,,0.45
individual,mixed,1,warmup,C,cpu_rss,B,OBSERVED,,,6,2026-10-06T11:47:51.179728+00:00,2026-10-06T11:48:16.182032+00:00,25.000227689743042,7.8799282328466145,,,,
individual,mixed,1,warmup,C,heap_gc,B,OBSERVED,,,6,2026-10-06T11:47:51.181723+00:00,2026-10-06T11:48:16.393473+00:00,24.995015859603882,,362632533.3333333,367001600,0.0,
individual,mixed,1,warmup,C,tick,B,OBSERVED,,,2,2026-10-06T11:48:01.329447+00:00,2026-10-06T11:48:11.336284+00:00,10.000415325164795,,,,,0.2
individual,mixed,1,steady,A,cpu_rss,B,OBSERVED,,,23,2026-10-06T11:48:26.179561+00:00,2026-10-06T11:50:16.180538+00:00,110.00000476837158,9.80909048387828,,,,
individual,mixed,1,steady,A,heap_gc,B,OBSERVED,,,23,2026-10-06T11:48:26.180520+00:00,2026-10-06T11:50:16.361927+00:00,109.97184705734253,,422707653.5217391,613981593,0.010999999999999899,
individual,mixed,1,steady,A,tick,B,OBSERVED,,,10,2026-10-06T11:48:41.330800+00:00,2026-10-06T11:50:11.339501+00:00,89.99557685852051,,,,,0.5
individual,mixed,1,steady,B,cpu_rss,B,OBSERVED,,,23,2026-10-06T11:48:26.180758+00:00,2026-10-06T11:50:16.183578+00:00,110.00045108795166,8.972690477522097,,,,
individual,mixed,1,steady,B,heap_gc,B,OBSERVED,,,23,2026-10-06T11:48:26.182702+00:00,2026-10-06T11:50:16.386296+00:00,110.00014805793762,,382319927.65217394,484442112,0.0,
individual,mixed,1,steady,B,tick,B,OBSERVED,,,10,2026-10-06T11:48:41.332429+00:00,2026-10-06T11:50:11.332355+00:00,89.99374198913574,,,,,0.41000000000000003
individual,mixed,1,steady,C,cpu_rss,B,OBSERVED,,,23,2026-10-06T11:48:26.180802+00:00,2026-10-06T11:50:16.182940+00:00,110.00073075294495,7.545404419759083,,,,
individual,mixed,1,steady,C,heap_gc,B,OBSERVED,,,23,2026-10-06T11:48:26.182296+00:00,2026-10-06T11:50:16.388393+00:00,110.02574014663696,,391392389.5652174,411041792,0.0,
individual,mixed,1,steady,C,tick,B,OBSERVED,,,10,2026-10-06T11:48:41.332655+00:00,2026-10-06T11:50:11.336196+00:00,89.99653100967407,,,,,0.21000000000000002
individual,cross,2,low_flow,A,cpu_rss,B,OBSERVED,,,34,2026-10-06T11:50:26.179604+00:00,2026-10-06T11:53:11.180925+00:00,164.99926257133484,8.497007672345616,,,,
individual,cross,2,low_flow,A,heap_gc,B,OBSERVED,,,34,2026-10-06T11:50:26.182387+00:00,2026-10-06T11:53:11.362116+00:00,165.0276186466217,,479128442.88235295,622894489,0.008000000000000007,
individual,cross,2,low_flow,A,tick,B,OBSERVED,,,16,2026-10-06T11:50:41.330033+00:00,2026-10-06T11:53:11.336653+00:00,149.99622297286987,,,,,0.43125
individual,cross,2,low_flow,B,cpu_rss,B,OBSERVED,,,34,2026-10-06T11:50:26.179721+00:00,2026-10-06T11:53:11.183242+00:00,165.00111150741577,9.254483112566014,,,,
individual,cross,2,low_flow,B,heap_gc,B,OBSERVED,,,34,2026-10-06T11:50:26.180999+00:00,2026-10-06T11:53:11.449109+00:00,165.00343227386475,,466393762.11764705,687865856,0.0040000000000000036,
individual,cross,2,low_flow,B,tick,B,OBSERVED,,,16,2026-10-06T11:50:41.330193+00:00,2026-10-06T11:53:11.335218+00:00,150.0009479522705,,,,,0.41250000000000003
individual,cross,2,low_flow,C,cpu_rss,B,OBSERVED,,,34,2026-10-06T11:50:26.179755+00:00,2026-10-06T11:53:11.181858+00:00,165.0000512599945,8.327270140267736,,,,
individual,cross,2,low_flow,C,heap_gc,B,OBSERVED,,,34,2026-10-06T11:50:26.181779+00:00,2026-10-06T11:53:11.404057+00:00,165.01686334609985,,394341677.1764706,456130560,0.038999999999999924,
individual,cross,2,low_flow,C,tick,B,OBSERVED,,,16,2026-10-06T11:50:41.330281+00:00,2026-10-06T11:53:11.336068+00:00,150.00171279907227,,,,,0.23125
individual,cross,2,warmup,A,cpu_rss,B,OBSERVED,,,5,2026-10-06T11:53:21.179577+00:00,2026-10-06T11:53:41.182277+00:00,20.00080919265747,8.849641946735682,,,,
individual,cross,2,warmup,A,heap_gc,B,OBSERVED,,,5,2026-10-06T11:53:21.180634+00:00,2026-10-06T11:53:41.366782+00:00,19.957510471343994,,320107314.6,338352537,0.0,
individual,cross,2,warmup,A,tick,B,OBSERVED,,,2,2026-10-06T11:53:31.330462+00:00,2026-10-06T11:53:41.350823+00:00,10.004675388336182,,,,,0.55
individual,cross,2,warmup,B,cpu_rss,B,OBSERVED,,,5,2026-10-06T11:53:21.181031+00:00,2026-10-06T11:53:41.181483+00:00,19.998587369918823,9.650681642159613,,,,
individual,cross,2,warmup,B,heap_gc,B,OBSERVED,,,5,2026-10-06T11:53:21.182935+00:00,2026-10-06T11:53:41.366286+00:00,19.945258855819702,,590414232.8,611595468,0.0,
individual,cross,2,warmup,B,tick,B,OBSERVED,,,2,2026-10-06T11:53:31.338394+00:00,2026-10-06T11:53:41.329987+00:00,9.98811674118042,,,,,0.4
individual,cross,2,warmup,C,cpu_rss,B,OBSERVED,,,5,2026-10-06T11:53:21.181079+00:00,2026-10-06T11:53:41.180888+00:00,19.998697519302368,7.450485205658463,,,,
individual,cross,2,warmup,C,heap_gc,B,OBSERVED,,,5,2026-10-06T11:53:21.182131+00:00,2026-10-06T11:53:41.369906+00:00,19.965543270111084,,247149363.2,251133952,0.0,
individual,cross,2,warmup,C,tick,B,OBSERVED,,,2,2026-10-06T11:53:31.339959+00:00,2026-10-06T11:53:41.344940+00:00,9.986586570739746,,,,,0.2
individual,cross,2,steady,A,cpu_rss,B,OBSERVED,,,23,2026-10-06T11:53:51.179528+00:00,2026-10-06T11:55:41.181164+00:00,110.00006604194641,8.927267367508081,,,,
individual,cross,2,steady,A,heap_gc,B,OBSERVED,,,23,2026-10-06T11:53:51.181034+00:00,2026-10-06T11:55:41.363897+00:00,110.00052285194397,,463680164.1304348,567990681,0.0,
individual,cross,2,steady,A,tick,B,OBSERVED,,,11,2026-10-06T11:54:01.328928+00:00,2026-10-06T11:55:41.337862+00:00,100.00203204154968,,,,,0.4454545454545455
individual,cross,2,steady,B,cpu_rss,B,OBSERVED,,,23,2026-10-06T11:53:51.179634+00:00,2026-10-06T11:55:41.182068+00:00,110.00076103210449,10.072657585310921,,,,
individual,cross,2,steady,B,heap_gc,B,OBSERVED,,,23,2026-10-06T11:53:51.180542+00:00,2026-10-06T11:55:41.349369+00:00,109.99468278884888,,417587520.34782606,688141516,0.006999999999999895,
individual,cross,2,steady,B,tick,B,OBSERVED,,,11,2026-10-06T11:54:01.329409+00:00,2026-10-06T11:55:41.334728+00:00,100.00243949890137,,,,,0.4272727272727273
individual,cross,2,steady,C,cpu_rss,B,OBSERVED,,,23,2026-10-06T11:53:51.179677+00:00,2026-10-06T11:55:41.180773+00:00,109.99953770637512,7.636395729609667,,,,
individual,cross,2,steady,C,heap_gc,B,OBSERVED,,,23,2026-10-06T11:53:51.181795+00:00,2026-10-06T11:55:41.354647+00:00,109.99431419372559,,274886477.9130435,295174144,0.0,
individual,cross,2,steady,C,tick,B,OBSERVED,,,11,2026-10-06T11:54:01.329579+00:00,2026-10-06T11:55:41.332818+00:00,100.00161409378052,,,,,0.2181818181818182
individual,mixed,2,low_flow,A,cpu_rss,B,OBSERVED,,,34,2026-10-06T11:55:56.179492+00:00,2026-10-06T11:58:41.180633+00:00,164.99929881095886,8.90306813778067,,,,
individual,mixed,2,low_flow,A,heap_gc,B,OBSERVED,,,34,2026-10-06T11:55:56.182106+00:00,2026-10-06T11:58:41.354819+00:00,164.9912633895874,,414836904.0588235,616225177,0.02400000000000002,
individual,mixed,2,low_flow,A,tick,B,OBSERVED,,,16,2026-10-06T11:56:11.334703+00:00,2026-10-06T11:58:41.336136+00:00,149.99804854393005,,,,,0.41250000000000003
individual,mixed,2,low_flow,B,cpu_rss,B,OBSERVED,,,34,2026-10-06T11:55:56.179590+00:00,2026-10-06T11:58:41.181963+00:00,165.00066423416138,8.436329674555347,,,,
individual,mixed,2,low_flow,B,heap_gc,B,OBSERVED,,,34,2026-10-06T11:55:56.180712+00:00,2026-10-06T11:58:41.388674+00:00,165.01319313049316,,466092032,684720128,0.006000000000000005,
individual,mixed,2,low_flow,B,tick,B,OBSERVED,,,16,2026-10-06T11:56:11.334813+00:00,2026-10-06T11:58:41.336441+00:00,149.99660205841064,,,,,0.4
individual,mixed,2,low_flow,C,cpu_rss,B,OBSERVED,,,34,2026-10-06T11:55:56.179670+00:00,2026-10-06T11:58:41.181520+00:00,165.0000810623169,7.369693349064132,,,,
individual,mixed,2,low_flow,C,heap_gc,B,OBSERVED,,,34,2026-10-06T11:55:56.181454+00:00,2026-10-06T11:58:41.352835+00:00,164.98053884506226,,327186552.4705882,353894400,0.0,
individual,mixed,2,low_flow,C,tick,B,OBSERVED,,,16,2026-10-06T11:56:11.334923+00:00,2026-10-06T11:58:41.342808+00:00,150.0002064704895,,,,,0.20625000000000002
individual,mixed,2,warmup,A,cpu_rss,B,OBSERVED,,,6,2026-10-06T11:58:46.179544+00:00,2026-10-06T11:59:11.181070+00:00,24.999987602233887,10.000004959108905,,,,
individual,mixed,2,warmup,A,heap_gc,B,OBSERVED,,,6,2026-10-06T11:58:46.181064+00:00,2026-10-06T11:59:11.356885+00:00,24.970529556274414,,379946051.6666667,418568601,0.0,
individual,mixed,2,warmup,A,tick,B,OBSERVED,,,2,2026-10-06T11:59:01.329114+00:00,2026-10-06T11:59:11.332965+00:00,9.99928617477417,,,,,0.45
individual,mixed,2,warmup,B,cpu_rss,B,OBSERVED,,,6,2026-10-06T11:58:46.179652+00:00,2026-10-06T11:59:11.182377+00:00,24.998313426971436,9.000607207254259,,,,
individual,mixed,2,warmup,B,heap_gc,B,OBSERVED,,,6,2026-10-06T11:58:46.185742+00:00,2026-10-06T11:59:11.374949+00:00,24.977184534072876,,486714026.6666667,510656512,0.0,
individual,mixed,2,warmup,B,tick,B,OBSERVED,,,2,2026-10-06T11:59:01.329255+00:00,2026-10-06T11:59:11.333667+00:00,9.999817848205566,,,,,0.4
individual,mixed,2,warmup,C,cpu_rss,B,OBSERVED,,,6,2026-10-06T11:58:46.179863+00:00,2026-10-06T11:59:11.181694+00:00,24.997371196746826,7.680807653285789,,,,
individual,mixed,2,warmup,C,heap_gc,B,OBSERVED,,,6,2026-10-06T11:58:46.186879+00:00,2026-10-06T11:59:11.388531+00:00,25.00802493095398,,360710144,365428736,0.0,
individual,mixed,2,warmup,C,tick,B,OBSERVED,,,2,2026-10-06T11:59:01.329534+00:00,2026-10-06T11:59:11.333156+00:00,9.998966217041016,,,,,0.2
individual,mixed,2,steady,A,cpu_rss,B,OBSERVED,,,23,2026-10-06T11:59:21.179574+00:00,2026-10-06T12:01:11.182382+00:00,110.00069427490234,10.78175013183165,,,,
individual,mixed,2,steady,A,heap_gc,B,OBSERVED,,,23,2026-10-06T11:59:21.180987+00:00,2026-10-06T12:01:11.371920+00:00,110.00361061096191,,440353239.5217391,625138073,0.03200000000000003,
individual,mixed,2,steady,A,tick,B,OBSERVED,,,10,2026-10-06T11:59:31.329803+00:00,2026-10-06T12:01:01.339093+00:00,90.00399494171143,,,,,0.47000000000000003
individual,mixed,2,steady,B,cpu_rss,B,OBSERVED,,,23,2026-10-06T11:59:21.179724+00:00,2026-10-06T12:01:11.182911+00:00,110.0005555152893,8.499957074035331,,,,
individual,mixed,2,steady,B,heap_gc,B,OBSERVED,,,23,2026-10-06T11:59:21.181772+00:00,2026-10-06T12:01:11.460536+00:00,110.03279876708984,,534345149.04347825,688914432,0.0040000000000000036,
individual,mixed,2,steady,B,tick,B,OBSERVED,,,9,2026-10-06T11:59:31.329895+00:00,2026-10-06T12:00:51.334482+00:00,79.99893641471863,,,,,0.41111111111111115
individual,mixed,2,steady,C,cpu_rss,B,OBSERVED,,,23,2026-10-06T11:59:21.179850+00:00,2026-10-06T12:01:11.181306+00:00,109.9993724822998,7.481860863637467,,,,
individual,mixed,2,steady,C,heap_gc,B,OBSERVED,,,23,2026-10-06T11:59:21.182552+00:00,2026-10-06T12:01:11.363051+00:00,109.97153282165527,,389044491.1304348,408420352,0.0,
individual,mixed,2,steady,C,tick,B,OBSERVED,,,10,2026-10-06T11:59:31.330201+00:00,2026-10-06T12:01:01.346825+00:00,90.00797986984253,,,,,0.21000000000000002
individual,same,2,low_flow,A,cpu_rss,B,OBSERVED,,,35,2026-10-06T12:01:21.179595+00:00,2026-10-06T12:04:11.180970+00:00,169.9999270439148,9.50588643242506,,,,
individual,same,2,low_flow,A,heap_gc,B,OBSERVED,,,35,2026-10-06T12:01:21.181076+00:00,2026-10-06T12:04:11.411422+00:00,170.00349259376526,,448615716.37142855,612253491,0.03299999999999992,
individual,same,2,low_flow,A,tick,B,UNMEASURED,,,0,,,,,,,,
individual,same,2,low_flow,B,cpu_rss,B,OBSERVED,,,35,2026-10-06T12:01:21.179744+00:00,2026-10-06T12:04:11.183145+00:00,170.0000195503235,7.92941085280854,,,,
individual,same,2,low_flow,B,heap_gc,B,OBSERVED,,,35,2026-10-06T12:01:21.183084+00:00,2026-10-06T12:04:11.374823+00:00,169.97661662101746,,329378405.6,362303692,0.0,
individual,same,2,low_flow,B,tick,B,UNMEASURED,,,0,,,,,,,,
individual,same,2,low_flow,C,cpu_rss,B,OBSERVED,,,35,2026-10-06T12:01:21.179799+00:00,2026-10-06T12:04:11.181848+00:00,169.99997186660767,7.60588361164299,,,,
individual,same,2,low_flow,C,heap_gc,B,OBSERVED,,,35,2026-10-06T12:01:21.181957+00:00,2026-10-06T12:04:11.359671+00:00,169.97744035720825,,411173718.28571427,456654848,0.006999999999999895,
individual,same,2,low_flow,C,tick,B,UNMEASURED,,,0,,,,,,,,
individual,same,2,warmup,A,cpu_rss,B,OBSERVED,,,6,2026-10-06T12:04:16.179729+00:00,2026-10-06T12:04:41.182070+00:00,25.000185012817383,9.99992599542072,,,,
individual,same,2,warmup,A,heap_gc,B,OBSERVED,,,6,2026-10-06T12:04:16.181503+00:00,2026-10-06T12:04:41.378393+00:00,24.979984760284424,,378770568.3333333,612253491,0.010000000000000009,
individual,same,2,warmup,A,tick,B,UNMEASURED,,,0,,,,,,,,
individual,same,2,warmup,B,cpu_rss,B,OBSERVED,,,6,2026-10-06T12:04:16.180066+00:00,2026-10-06T12:04:41.180741+00:00,24.998507738113403,7.760463225739755,,,,
individual,same,2,warmup,B,heap_gc,B,OBSERVED,,,6,2026-10-06T12:04:16.183299+00:00,2026-10-06T12:04:41.380877+00:00,25.006581783294678,,370342774.6666667,374886604,0.0,
individual,same,2,warmup,B,tick,B,UNMEASURED,,,0,,,,,,,,
individual,same,2,warmup,C,cpu_rss,B,OBSERVED,,,6,2026-10-06T12:04:16.180276+00:00,2026-10-06T12:04:41.181428+00:00,24.999282360076904,7.120204389717231,,,,
individual,same,2,warmup,C,heap_gc,B,OBSERVED,,,6,2026-10-06T12:04:16.182286+00:00,2026-10-06T12:04:41.368070+00:00,24.97371220588684,,240273373.66666666,244817203,0.0,
individual,same,2,warmup,C,tick,B,UNMEASURED,,,0,,,,,,,,
individual,same,2,steady,A,cpu_rss,B,OBSERVED,,,24,2026-10-06T12:04:46.179597+00:00,2026-10-06T12:06:41.182139+00:00,115.00005912780762,9.599995064116007,,,,
individual,same,2,steady,A,heap_gc,B,OBSERVED,,,24,2026-10-06T12:04:46.181949+00:00,2026-10-06T12:06:41.374994+00:00,115.02729201316833,,424052978.9166667,616447795,0.010000000000000009,
individual,same,2,steady,A,tick,B,UNMEASURED,,,0,,,,,,,,
individual,same,2,steady,B,cpu_rss,B,OBSERVED,,,24,2026-10-06T12:04:46.179722+00:00,2026-10-06T12:06:41.181265+00:00,115.0000171661377,7.660868421673722,,,,
individual,same,2,steady,B,heap_gc,B,OBSERVED,,,24,2026-10-06T12:04:46.181161+00:00,2026-10-06T12:06:41.403222+00:00,115.00339317321777,,401974817.3333333,426266828,0.0,
individual,same,2,steady,B,tick,B,UNMEASURED,,,0,,,,,,,,
individual,same,2,steady,C,cpu_rss,B,OBSERVED,,,24,2026-10-06T12:04:46.179764+00:00,2026-10-06T12:06:41.180611+00:00,114.99900221824646,7.4000642056438375,,,,
individual,same,2,steady,C,heap_gc,B,OBSERVED,,,24,2026-10-06T12:04:46.182556+00:00,2026-10-06T12:06:41.365828+00:00,114.99017357826233,,264871219,283614515,0.0,
individual,same,2,steady,C,tick,B,UNMEASURED,,,0,,,,,,,,
individual,mixed,3,low_flow,A,cpu_rss,B,OBSERVED,,,34,2026-10-06T12:06:51.179573+00:00,2026-10-06T12:09:36.181913+00:00,165.00016736984253,9.260596667002389,,,,
individual,mixed,3,low_flow,A,heap_gc,B,OBSERVED,,,34,2026-10-06T12:06:51.181535+00:00,2026-10-06T12:09:36.436795+00:00,165.04186987876892,,419680604.6764706,611714969,0.039000000000000146,
individual,mixed,3,low_flow,A,tick,B,UNMEASURED,,,0,,,,,,,,
individual,mixed,3,low_flow,B,cpu_rss,B,OBSERVED,,,34,2026-10-06T12:06:51.179725+00:00,2026-10-06T12:09:36.181323+00:00,164.99916696548462,9.369744274668982,,,,
individual,mixed,3,low_flow,B,heap_gc,B,OBSERVED,,,34,2026-10-06T12:06:51.182945+00:00,2026-10-06T12:09:36.338138+00:00,164.94597458839417,,480341714.35294116,693653708,0.007000000000000117,
individual,mixed,3,low_flow,B,tick,B,UNMEASURED,,,0,,,,,,,,
individual,mixed,3,low_flow,C,cpu_rss,B,OBSERVED,,,34,2026-10-06T12:06:51.180047+00:00,2026-10-06T12:09:36.180757+00:00,164.9991843700409,7.65458329277247,,,,
individual,mixed,3,low_flow,C,heap_gc,B,OBSERVED,,,34,2026-10-06T12:06:51.182071+00:00,2026-10-06T12:09:36.442744+00:00,165.02190232276917,,312265312.1764706,337091891,0.0,
individual,mixed,3,low_flow,C,tick,B,UNMEASURED,,,0,,,,,,,,
individual,mixed,3,warmup,A,cpu_rss,B,OBSERVED,,,5,2026-10-06T12:09:46.179554+00:00,2026-10-06T12:10:06.180686+00:00,19.999627828598022,8.50015817578921,,,,
individual,mixed,3,warmup,A,heap_gc,B,OBSERVED,,,5,2026-10-06T12:09:46.181413+00:00,2026-10-06T12:10:06.353428+00:00,19.97915506362915,,511841586.4,542879436,0.0,
individual,mixed,3,warmup,A,tick,B,UNMEASURED,,,0,,,,,,,,
individual,mixed,3,warmup,B,cpu_rss,B,OBSERVED,,,5,2026-10-06T12:09:46.179666+00:00,2026-10-06T12:10:06.181260+00:00,19.999691486358643,10.45016120086426,,,,
individual,mixed,3,warmup,B,heap_gc,B,OBSERVED,,,5,2026-10-06T12:09:46.181869+00:00,2026-10-06T12:10:06.425780+00:00,19.989389419555664,,504428748.8,522464256,0.0,
individual,mixed,3,warmup,B,tick,B,UNMEASURED,,,0,,,,,,,,
individual,mixed,3,warmup,C,cpu_rss,B,OBSERVED,,,5,2026-10-06T12:09:46.179733+00:00,2026-10-06T12:10:06.181658+00:00,20.00043249130249,6.999848631317438,,,,
individual,mixed,3,warmup,C,heap_gc,B,OBSERVED,,,5,2026-10-06T12:09:46.180842+00:00,2026-10-06T12:10:06.429114+00:00,20.004330158233643,,344222207.8,347577651,0.0,
individual,mixed,3,warmup,C,tick,B,UNMEASURED,,,0,,,,,,,,
individual,mixed,3,steady,A,cpu_rss,B,OBSERVED,,,24,2026-10-06T12:10:16.179567+00:00,2026-10-06T12:12:11.180765+00:00,114.99996972084045,9.46087205623699,,,,
individual,mixed,3,steady,A,heap_gc,B,OBSERVED,,,24,2026-10-06T12:10:16.180845+00:00,2026-10-06T12:12:11.466088+00:00,115.0412950515747,,430873890,620474060,0.008999999999999897,
individual,mixed,3,steady,A,tick,B,UNMEASURED,,,0,,,,,,,,
individual,mixed,3,steady,B,cpu_rss,B,OBSERVED,,,24,2026-10-06T12:10:16.179689+00:00,2026-10-06T12:12:11.182033+00:00,115.00022554397583,8.373896620157065,,,,
individual,mixed,3,steady,B,heap_gc,B,OBSERVED,,,24,2026-10-06T12:10:16.182966+00:00,2026-10-06T12:12:11.424961+00:00,115.02470827102661,,519195093.3333333,691284992,0.0040000000000000036,
individual,mixed,3,steady,B,tick,B,UNMEASURED,,,0,,,,,,,,
individual,mixed,3,steady,C,cpu_rss,B,OBSERVED,,,24,2026-10-06T12:10:16.179823+00:00,2026-10-06T12:12:11.182832+00:00,115.00133776664734,7.147742939025176,,,,
individual,mixed,3,steady,C,heap_gc,B,OBSERVED,,,24,2026-10-06T12:10:16.181631+00:00,2026-10-06T12:12:11.394728+00:00,115.02712535858154,,369816200.3333333,388472115,0.0,
individual,mixed,3,steady,C,tick,B,UNMEASURED,,,0,,,,,,,,
individual,same,3,low_flow,A,cpu_rss,B,OBSERVED,,,34,2026-10-06T12:12:21.179582+00:00,2026-10-06T12:15:06.181291+00:00,165.00002932548523,9.272725624683774,,,,
individual,same,3,low_flow,A,heap_gc,B,OBSERVED,,,34,2026-10-06T12:12:21.181277+00:00,2026-10-06T12:15:06.449771+00:00,165.0279393196106,,446891923.0882353,639861145,0.016000000000000014,
individual,same,3,low_flow,A,tick,B,UNMEASURED,,,0,,,,,,,,
individual,same,3,low_flow,B,cpu_rss,B,OBSERVED,,,34,2026-10-06T12:12:21.179740+00:00,2026-10-06T12:15:06.182906+00:00,164.99999952316284,8.066666689978724,,,,
individual,same,3,low_flow,B,heap_gc,B,OBSERVED,,,34,2026-10-06T12:12:21.182921+00:00,2026-10-06T12:15:06.401592+00:00,165.00960063934326,,355991552,387973120,0.0,
individual,same,3,low_flow,B,tick,B,UNMEASURED,,,0,,,,,,,,
individual,same,3,low_flow,C,cpu_rss,B,OBSERVED,,,34,2026-10-06T12:12:21.179902+00:00,2026-10-06T12:15:06.182024+00:00,164.99992299079895,7.600003547092123,,,,
individual,same,3,low_flow,C,heap_gc,B,OBSERVED,,,34,2026-10-06T12:12:21.182150+00:00,2026-10-06T12:15:06.342189+00:00,164.97134637832642,,416907028.88235295,441949491,0.0,
individual,same,3,low_flow,C,tick,B,UNMEASURED,,,0,,,,,,,,
individual,same,3,warmup,A,cpu_rss,B,OBSERVED,,,5,2026-10-06T12:15:16.179560+00:00,2026-10-06T12:15:36.180853+00:00,19.999148845672607,10.45044474706364,,,,
individual,same,3,warmup,A,heap_gc,B,OBSERVED,,,5,2026-10-06T12:15:16.182580+00:00,2026-10-06T12:15:36.351352+00:00,19.96057653427124,,368957030,405657190,0.0,
individual,same,3,warmup,A,tick,B,UNMEASURED,,,0,,,,,,,,
individual,same,3,warmup,B,cpu_rss,B,OBSERVED,,,5,2026-10-06T12:15:16.179790+00:00,2026-10-06T12:15:36.181891+00:00,20.00039577484131,8.199837735526005,,,,
individual,same,3,warmup,B,heap_gc,B,OBSERVED,,,5,2026-10-06T12:15:16.181084+00:00,2026-10-06T12:15:36.396411+00:00,19.962982654571533,,395942297.6,399507456,0.0,
individual,same,3,warmup,B,tick,B,UNMEASURED,,,0,,,,,,,,
individual,same,3,warmup,C,cpu_rss,B,OBSERVED,,,5,2026-10-06T12:15:16.180316+00:00,2026-10-06T12:15:36.182543+00:00,20.00013542175293,8.149944816009313,,,,
individual,same,3,warmup,C,heap_gc,B,OBSERVED,,,5,2026-10-06T12:15:16.181770+00:00,2026-10-06T12:15:36.436794+00:00,19.999823331832886,,448031231.8,451386675,0.0,
individual,same,3,warmup,C,tick,B,UNMEASURED,,,0,,,,,,,,
individual,same,3,steady,A,cpu_rss,B,OBSERVED,,,24,2026-10-06T12:15:46.179537+00:00,2026-10-06T12:17:41.180865+00:00,114.99952173233032,9.93917177030019,,,,
individual,same,3,steady,A,heap_gc,B,OBSERVED,,,24,2026-10-06T12:15:46.181857+00:00,2026-10-06T12:17:41.418782+00:00,115.01823806762695,,439929155.6666667,634246758,0.0020000000000000018,
individual,same,3,steady,A,tick,B,UNMEASURED,,,0,,,,,,,,
individual,same,3,steady,B,cpu_rss,B,OBSERVED,,,24,2026-10-06T12:15:46.179681+00:00,2026-10-06T12:17:41.181431+00:00,114.99957609176636,7.965246752466766,,,,
individual,same,3,steady,B,heap_gc,B,OBSERVED,,,24,2026-10-06T12:15:46.182338+00:00,2026-10-06T12:17:41.366195+00:00,114.95456552505493,,427644245.3333333,450887680,0.0,
individual,same,3,steady,B,tick,B,UNMEASURED,,,0,,,,,,,,
individual,same,3,steady,C,cpu_rss,B,OBSERVED,,,24,2026-10-06T12:15:46.179844+00:00,2026-10-06T12:17:41.182320+00:00,115.00064373016357,7.730391510554845,,,,
individual,same,3,steady,C,heap_gc,B,OBSERVED,,,24,2026-10-06T12:15:46.181033+00:00,2026-10-06T12:17:41.422004+00:00,115.03333520889282,,260940961.75,456629555,0.017000000000000126,
individual,same,3,steady,C,tick,B,UNMEASURED,,,0,,,,,,,,
individual,cross,3,low_flow,A,cpu_rss,B,OBSERVED,,,34,2026-10-06T12:17:51.179579+00:00,2026-10-06T12:20:36.180864+00:00,164.99934434890747,8.157608172998236,,,,
individual,cross,3,low_flow,A,heap_gc,B,OBSERVED,,,34,2026-10-06T12:17:51.182158+00:00,2026-10-06T12:20:36.404889+00:00,165.0242476463318,,534005933.88235295,611477196,0.0,
individual,cross,3,low_flow,A,tick,B,UNMEASURED,,,0,,,,,,,,
individual,cross,3,low_flow,B,cpu_rss,B,OBSERVED,,,34,2026-10-06T12:17:51.179756+00:00,2026-10-06T12:20:36.181478+00:00,165.00003743171692,8.684846514613831,,,,
individual,cross,3,low_flow,B,heap_gc,B,OBSERVED,,,34,2026-10-06T12:17:51.181336+00:00,2026-10-06T12:20:36.398964+00:00,164.99441814422607,,482126931.88235295,693108736,0.004999999999999893,
individual,cross,3,low_flow,B,tick,B,UNMEASURED,,,0,,,,,,,,
individual,cross,3,low_flow,C,cpu_rss,B,OBSERVED,,,34,2026-10-06T12:17:51.179966+00:00,2026-10-06T12:20:36.182318+00:00,164.999418258667,7.593966168024252,,,,
individual,cross,3,low_flow,C,heap_gc,B,OBSERVED,,,34,2026-10-06T12:17:51.183364+00:00,2026-10-06T12:20:36.341588+00:00,164.97721409797668,,288929562.7058824,313262694,0.0,
individual,cross,3,low_flow,C,tick,B,UNMEASURED,,,0,,,,,,,,
individual,cross,3,warmup,A,cpu_rss,B,OBSERVED,,,5,2026-10-06T12:20:46.179563+00:00,2026-10-06T12:21:06.180735+00:00,19.999624729156494,8.200153863933087,,,,
individual,cross,3,warmup,A,heap_gc,B,OBSERVED,,,5,2026-10-06T12:20:46.181451+00:00,2026-10-06T12:21:06.382336+00:00,19.990110635757446,,482344078.8,647128780,0.006000000000000005,
individual,cross,3,warmup,A,tick,B,UNMEASURED,,,0,,,,,,,,
individual,cross,3,warmup,B,cpu_rss,B,OBSERVED,,,5,2026-10-06T12:20:46.179677+00:00,2026-10-06T12:21:06.181427+00:00,20.000317096710205,8.599863650576546,,,,
individual,cross,3,warmup,B,heap_gc,B,OBSERVED,,,5,2026-10-06T12:20:46.180805+00:00,2026-10-06T12:21:06.409489+00:00,20.033586263656616,,601172376.8,623402188,0.0,
individual,cross,3,warmup,B,tick,B,UNMEASURED,,,0,,,,,,,,
individual,cross,3,warmup,C,cpu_rss,B,OBSERVED,,,5,2026-10-06T12:20:46.179728+00:00,2026-10-06T12:21:06.181984+00:00,19.99993920326233,7.500022798845932,,,,
individual,cross,3,warmup,C,heap_gc,B,OBSERVED,,,5,2026-10-06T12:20:46.182133+00:00,2026-10-06T12:21:06.405185+00:00,20.01465153694153,,319973580.4,322699878,0.0,
individual,cross,3,warmup,C,tick,B,UNMEASURED,,,0,,,,,,,,
individual,cross,3,steady,A,cpu_rss,B,OBSERVED,,,23,2026-10-06T12:21:16.179590+00:00,2026-10-06T12:23:06.182151+00:00,109.9996612071991,8.400025871529941,,,,
individual,cross,3,steady,A,heap_gc,B,OBSERVED,,,23,2026-10-06T12:21:16.182782+00:00,2026-10-06T12:23:06.358001+00:00,110.02144122123718,,382788291.6956522,491019571,0.0,
individual,cross,3,steady,A,tick,B,UNMEASURED,,,0,,,,,,,,
individual,cross,3,steady,B,cpu_rss,B,OBSERVED,,,23,2026-10-06T12:21:16.179727+00:00,2026-10-06T12:23:06.181011+00:00,109.99990272521973,8.87273511903053,,,,
individual,cross,3,steady,B,heap_gc,B,OBSERVED,,,23,2026-10-06T12:21:16.181189+00:00,2026-10-06T12:23:06.423300+00:00,110.0254955291748,,405325378.6086956,687365324,0.0050000000000001155,
individual,cross,3,steady,B,tick,B,UNMEASURED,,,0,,,,,,,,
individual,cross,3,steady,C,cpu_rss,B,OBSERVED,,,23,2026-10-06T12:21:16.179852+00:00,2026-10-06T12:23:06.181558+00:00,109.99977445602417,7.345469606603849,,,,
individual,cross,3,steady,C,heap_gc,B,OBSERVED,,,23,2026-10-06T12:21:16.181934+00:00,2026-10-06T12:23:06.356036+00:00,109.9863908290863,,344492022.6956522,362545766,0.0,
individual,cross,3,steady,C,tick,B,UNMEASURED,,,0,,,,,,,,
individual,same,1,low_flow,A,cpu_rss,C,OBSERVED,,,19,2026-10-06T12:24:04.276973+00:00,2026-10-06T12:25:34.281295+00:00,90.00200629234314,12.999710208677165,,,,
individual,same,1,low_flow,A,heap_gc,C,OBSERVED,,,19,2026-10-06T12:24:04.278990+00:00,2026-10-06T12:25:34.529972+00:00,90.04464817047119,,344618522.94736844,430259200,0.006000000000000005,
individual,same,1,low_flow,A,tick,C,OBSERVED,,,9,2026-10-06T12:24:14.324443+00:00,2026-10-06T12:25:34.335960+00:00,80.00263977050781,,,,,0.6222222222222222
individual,same,1,low_flow,B,cpu_rss,C,OBSERVED,,,19,2026-10-06T12:24:04.277093+00:00,2026-10-06T12:25:34.279900+00:00,90.00163125991821,10.422033321719736,,,,
individual,same,1,low_flow,B,heap_gc,C,OBSERVED,,,19,2026-10-06T12:24:04.278330+00:00,2026-10-06T12:25:34.491637+00:00,90.04219436645508,,344720357.05263156,366464512,0.0,
individual,same,1,low_flow,B,tick,C,OBSERVED,,,9,2026-10-06T12:24:14.324901+00:00,2026-10-06T12:25:34.331963+00:00,79.99857497215271,,,,,0.5888888888888889
individual,same,1,low_flow,C,cpu_rss,C,OBSERVED,,,19,2026-10-06T12:24:04.277215+00:00,2026-10-06T12:25:34.280626+00:00,90.00131750106812,9.722079901659392,,,,
individual,same,1,low_flow,C,heap_gc,C,OBSERVED,,,19,2026-10-06T12:24:04.279610+00:00,2026-10-06T12:25:34.489246+00:00,89.997230052948,,342973428.42105263,360688844,0.0,
individual,same,1,low_flow,C,tick,C,OBSERVED,,,9,2026-10-06T12:24:14.326698+00:00,2026-10-06T12:25:34.332717+00:00,79.99990105628967,,,,,0.3111111111111111
individual,same,1,warmup,A,cpu_rss,C,OBSERVED,,,6,2026-10-06T12:25:39.276918+00:00,2026-10-06T12:26:04.279973+00:00,25.000915050506592,16.03941292508309,,,,
individual,same,1,warmup,A,heap_gc,C,OBSERVED,,,6,2026-10-06T12:25:39.278151+00:00,2026-10-06T12:26:04.496842+00:00,25.039005994796753,,342389760,385381376,0.0,
individual,same,1,warmup,A,tick,C,OBSERVED,,,2,2026-10-06T12:25:54.327008+00:00,2026-10-06T12:26:04.330680+00:00,9.997854709625244,,,,,0.6
individual,same,1,warmup,B,cpu_rss,C,OBSERVED,,,6,2026-10-06T12:25:39.277021+00:00,2026-10-06T12:26:04.278514+00:00,24.999663829803467,10.84014576535727,,,,
individual,same,1,warmup,B,heap_gc,C,OBSERVED,,,6,2026-10-06T12:25:39.279241+00:00,2026-10-06T12:26:04.496364+00:00,24.970171213150024,,376425984,383241728,0.0,
individual,same,1,warmup,B,tick,C,OBSERVED,,,2,2026-10-06T12:25:54.327429+00:00,2026-10-06T12:26:04.333392+00:00,10.000086069107056,,,,,0.6
individual,same,1,warmup,C,cpu_rss,C,OBSERVED,,,6,2026-10-06T12:25:39.277208+00:00,2026-10-06T12:26:04.279415+00:00,25.00031042098999,8.879889739833434,,,,
individual,same,1,warmup,C,heap_gc,C,OBSERVED,,,6,2026-10-06T12:25:39.278785+00:00,2026-10-06T12:26:04.440307+00:00,25.004321813583374,,367854113.3333333,373271756,0.0,
individual,same,1,warmup,C,tick,C,OBSERVED,,,2,2026-10-06T12:25:54.327593+00:00,2026-10-06T12:26:04.331756+00:00,9.996066570281982,,,,,0.3
individual,same,1,steady,A,cpu_rss,C,OBSERVED,,,24,2026-10-06T12:26:09.277076+00:00,2026-10-06T12:28:04.280391+00:00,114.99980664253235,12.547847184521352,,,,
individual,same,1,steady,A,heap_gc,C,OBSERVED,,,24,2026-10-06T12:26:09.280710+00:00,2026-10-06T12:28:04.536663+00:00,115.021799325943,,343861008.5416667,437810176,0.02400000000000002,
individual,same,1,steady,A,tick,C,OBSERVED,,,11,2026-10-06T12:26:24.324074+00:00,2026-10-06T12:28:04.332123+00:00,99.99669027328491,,,,,0.5272727272727272
individual,same,1,steady,B,cpu_rss,C,OBSERVED,,,24,2026-10-06T12:26:09.277292+00:00,2026-10-06T12:28:04.279672+00:00,114.99962091445923,9.165247603589954,,,,
individual,same,1,steady,B,heap_gc,C,OBSERVED,,,24,2026-10-06T12:26:09.280269+00:00,2026-10-06T12:28:04.490893+00:00,115.01231455802917,,414961152,444059136,0.0,
individual,same,1,steady,B,tick,C,OBSERVED,,,11,2026-10-06T12:26:24.324222+00:00,2026-10-06T12:28:04.332763+00:00,99.99791765213013,,,,,0.4636363636363636
individual,same,1,steady,C,cpu_rss,C,OBSERVED,,,24,2026-10-06T12:26:09.277352+00:00,2026-10-06T12:28:04.278874+00:00,115.00019192695618,8.686942023840514,,,,
individual,same,1,steady,C,heap_gc,C,OBSERVED,,,24,2026-10-06T12:26:09.278481+00:00,2026-10-06T12:28:04.474849+00:00,114.98587846755981,,335598966.6666667,407874764,0.02299999999999991,
individual,same,1,steady,C,tick,C,OBSERVED,,,11,2026-10-06T12:26:24.324348+00:00,2026-10-06T12:28:04.329750+00:00,99.99836492538452,,,,,0.2545454545454545
individual,cross,1,low_flow,A,cpu_rss,C,OBSERVED,,,19,2026-10-06T12:28:14.276938+00:00,2026-10-06T12:29:44.278071+00:00,89.9993188381195,8.955623335880363,,,,
individual,cross,1,low_flow,A,heap_gc,C,OBSERVED,,,19,2026-10-06T12:28:14.279392+00:00,2026-10-06T12:29:44.438895+00:00,89.98255920410156,,338863082.15789473,441089433,0.006000000000000005,
individual,cross,1,low_flow,A,tick,C,OBSERVED,,,9,2026-10-06T12:28:24.325695+00:00,2026-10-06T12:29:44.332340+00:00,80.000736951828,,,,,0.45555555555555555
individual,cross,1,low_flow,B,cpu_rss,C,OBSERVED,,,19,2026-10-06T12:28:14.277051+00:00,2026-10-06T12:29:44.279731+00:00,89.99936246871948,12.00008500477288,,,,
individual,cross,1,low_flow,B,heap_gc,C,OBSERVED,,,19,2026-10-06T12:28:14.280949+00:00,2026-10-06T12:29:44.509100+00:00,90.02993535995483,,332662703,474467840,0.007000000000000117,
individual,cross,1,low_flow,B,tick,C,OBSERVED,,,9,2026-10-06T12:28:24.326677+00:00,2026-10-06T12:29:44.326994+00:00,79.99717092514038,,,,,0.45555555555555555
individual,cross,1,low_flow,C,cpu_rss,C,OBSERVED,,,19,2026-10-06T12:28:14.277110+00:00,2026-10-06T12:29:44.278739+00:00,89.99929332733154,8.455621948410293,,,,
individual,cross,1,low_flow,C,heap_gc,C,OBSERVED,,,19,2026-10-06T12:28:14.280073+00:00,2026-10-06T12:29:44.488230+00:00,90.01284646987915,,250974870.10526314,266151628,0.0,
individual,cross,1,low_flow,C,tick,C,OBSERVED,,,9,2026-10-06T12:28:24.326742+00:00,2026-10-06T12:29:44.327078+00:00,79.99782657623291,,,,,0.22222222222222224
individual,cross,1,warmup,A,cpu_rss,C,OBSERVED,,,6,2026-10-06T12:29:49.276937+00:00,2026-10-06T12:30:14.279049+00:00,25.000520944595337,9.719797460961825,,,,
individual,cross,1,warmup,A,heap_gc,C,OBSERVED,,,6,2026-10-06T12:29:49.278001+00:00,2026-10-06T12:30:14.426115+00:00,24.95957922935486,,315121664,338190336,0.0,
individual,cross,1,warmup,A,tick,C,OBSERVED,,,2,2026-10-06T12:30:04.326793+00:00,2026-10-06T12:30:14.334253+00:00,9.998847961425781,,,,,0.4
individual,cross,1,warmup,B,cpu_rss,C,OBSERVED,,,6,2026-10-06T12:29:49.278256+00:00,2026-10-06T12:30:14.278262+00:00,24.998604774475098,13.160734487707373,,,,
individual,cross,1,warmup,B,heap_gc,C,OBSERVED,,,6,2026-10-06T12:29:49.279832+00:00,2026-10-06T12:30:14.507635+00:00,25.004662036895752,,382439048.3333333,413546803,0.0,
individual,cross,1,warmup,B,tick,C,OBSERVED,,,2,2026-10-06T12:30:04.326949+00:00,2026-10-06T12:30:14.330963+00:00,9.999359369277954,,,,,0.5
individual,cross,1,warmup,C,cpu_rss,C,OBSERVED,,,6,2026-10-06T12:29:49.278294+00:00,2026-10-06T12:30:14.279668+00:00,24.999560594558716,7.64013428466306,,,,
individual,cross,1,warmup,C,heap_gc,C,OBSERVED,,,6,2026-10-06T12:29:49.279346+00:00,2026-10-06T12:30:14.492284+00:00,25.012470245361328,,273316897.3333333,278734540,0.0,
individual,cross,1,warmup,C,tick,C,OBSERVED,,,2,2026-10-06T12:30:04.327072+00:00,2026-10-06T12:30:14.331982+00:00,9.997730016708374,,,,,0.2
individual,cross,1,steady,A,cpu_rss,C,OBSERVED,,,23,2026-10-06T12:30:24.276929+00:00,2026-10-06T12:32:14.280387+00:00,110.00049567222595,10.081772752229625,,,,
individual,cross,1,steady,A,heap_gc,C,OBSERVED,,,23,2026-10-06T12:30:24.279377+00:00,2026-10-06T12:32:14.502004+00:00,110.02069687843323,,346062277.7826087,441999360,0.016000000000000014,
individual,cross,1,steady,A,tick,C,OBSERVED,,,11,2026-10-06T12:30:34.324060+00:00,2026-10-06T12:32:14.337300+00:00,100.00715470314026,,,,,0.509090909090909
individual,cross,1,steady,B,cpu_rss,C,OBSERVED,,,23,2026-10-06T12:30:24.277035+00:00,2026-10-06T12:32:14.279457+00:00,110.00064706802368,11.218115828326926,,,,
individual,cross,1,steady,B,heap_gc,C,OBSERVED,,,23,2026-10-06T12:30:24.278206+00:00,2026-10-06T12:32:14.474852+00:00,110.00469636917114,,384083545,485898547,0.004999999999999893,
individual,cross,1,steady,B,tick,C,OBSERVED,,,11,2026-10-06T12:30:34.324459+00:00,2026-10-06T12:32:14.343840+00:00,100.01040530204773,,,,,0.5181818181818182
individual,cross,1,steady,C,cpu_rss,C,OBSERVED,,,23,2026-10-06T12:30:24.277088+00:00,2026-10-06T12:32:14.278407+00:00,109.99992728233337,7.954550713057881,,,,
individual,cross,1,steady,C,heap_gc,C,OBSERVED,,,23,2026-10-06T12:30:24.278916+00:00,2026-10-06T12:32:14.514499+00:00,110.0483808517456,,305815154.95652175,329066188,0.0,
individual,cross,1,steady,C,tick,C,OBSERVED,,,11,2026-10-06T12:30:34.329140+00:00,2026-10-06T12:32:14.339276+00:00,100.00298500061035,,,,,0.2090909090909091
individual,mixed,1,low_flow,A,cpu_rss,C,OBSERVED,,,19,2026-10-06T12:32:24.276984+00:00,2026-10-06T12:33:54.278732+00:00,90.00017428398132,9.33331525947398,,,,
individual,mixed,1,low_flow,A,heap_gc,C,OBSERVED,,,19,2026-10-06T12:32:24.278527+00:00,2026-10-06T12:33:54.564843+00:00,90.04861545562744,,347449241,443505049,0.004999999999999893,
individual,mixed,1,low_flow,A,tick,C,OBSERVED,,,9,2026-10-06T12:32:34.324422+00:00,2026-10-06T12:33:54.342788+00:00,80.00982785224915,,,,,0.4444444444444445
individual,mixed,1,low_flow,B,cpu_rss,C,OBSERVED,,,19,2026-10-06T12:32:24.277135+00:00,2026-10-06T12:33:54.280133+00:00,90.00026154518127,9.73330504778851,,,,
individual,mixed,1,low_flow,B,heap_gc,C,OBSERVED,,,19,2026-10-06T12:32:24.279796+00:00,2026-10-06T12:33:54.572996+00:00,90.03419923782349,,313180175.6315789,489495040,0.07800000000000007,
individual,mixed,1,low_flow,B,tick,C,OBSERVED,,,9,2026-10-06T12:32:34.329546+00:00,2026-10-06T12:33:54.337645+00:00,79.97156739234924,,,,,0.4222222222222222
individual,mixed,1,low_flow,C,cpu_rss,C,OBSERVED,,,19,2026-10-06T12:32:24.277344+00:00,2026-10-06T12:33:54.279502+00:00,90.00032901763916,8.477746785241855,,,,
individual,mixed,1,low_flow,C,heap_gc,C,OBSERVED,,,19,2026-10-06T12:32:24.278962+00:00,2026-10-06T12:33:54.553511+00:00,90.0247209072113,,348271685.2631579,363669196,0.0,
individual,mixed,1,low_flow,C,tick,C,OBSERVED,,,9,2026-10-06T12:32:34.342411+00:00,2026-10-06T12:33:54.340470+00:00,79.9862015247345,,,,,0.2111111111111111
individual,mixed,1,warmup,A,cpu_rss,C,OBSERVED,,,6,2026-10-06T12:33:59.276960+00:00,2026-10-06T12:34:24.279367+00:00,25.000470638275146,10.719798194106748,,,,
individual,mixed,1,warmup,A,heap_gc,C,OBSERVED,,,6,2026-10-06T12:33:59.278483+00:00,2026-10-06T12:34:24.473665+00:00,25.004019737243652,,358044569,394744729,0.0,
individual,mixed,1,warmup,A,tick,C,OBSERVED,,,2,2026-10-06T12:34:14.324044+00:00,2026-10-06T12:34:24.335876+00:00,9.999008178710938,,,,,0.55
individual,mixed,1,warmup,B,cpu_rss,C,OBSERVED,,,6,2026-10-06T12:33:59.277099+00:00,2026-10-06T12:34:24.281399+00:00,25.000946044921875,10.23961251466315,,,,
individual,mixed,1,warmup,B,heap_gc,C,OBSERVED,,,6,2026-10-06T12:33:59.280131+00:00,2026-10-06T12:34:24.550320+00:00,25.042797565460205,,371686979.6666667,395629465,0.0,
individual,mixed,1,warmup,B,tick,C,OBSERVED,,,2,2026-10-06T12:34:14.324155+00:00,2026-10-06T12:34:24.330295+00:00,10.00015902519226,,,,,0.55
individual,mixed,1,warmup,C,cpu_rss,C,OBSERVED,,,6,2026-10-06T12:33:59.277182+00:00,2026-10-06T12:34:24.280153+00:00,25.00068688392639,8.119776906230292,,,,
individual,mixed,1,warmup,C,heap_gc,C,OBSERVED,,,6,2026-10-06T12:33:59.279463+00:00,2026-10-06T12:34:24.595686+00:00,25.048579692840576,,371358753.3333333,376252108,0.0,
individual,mixed,1,warmup,C,tick,C,OBSERVED,,,2,2026-10-06T12:34:14.325394+00:00,2026-10-06T12:34:24.331446+00:00,9.996109008789062,,,,,0.3
individual,mixed,1,steady,A,cpu_rss,C,OBSERVED,,,24,2026-10-06T12:34:29.276895+00:00,2026-10-06T12:36:24.278336+00:00,114.99905395507812,10.843567465234221,,,,
individual,mixed,1,steady,A,heap_gc,C,OBSERVED,,,24,2026-10-06T12:34:29.280229+00:00,2026-10-06T12:36:24.465249+00:00,115.00027918815613,,338816353.7083333,441930649,0.02300000000000013,
individual,mixed,1,steady,A,tick,C,OBSERVED,,,11,2026-10-06T12:34:44.324462+00:00,2026-10-06T12:36:24.335094+00:00,100.00206446647644,,,,,0.5
individual,mixed,1,steady,B,cpu_rss,C,OBSERVED,,,24,2026-10-06T12:34:29.277015+00:00,2026-10-06T12:36:24.279876+00:00,115.000657081604,10.26081093747731,,,,
individual,mixed,1,steady,B,heap_gc,C,OBSERVED,,,24,2026-10-06T12:34:29.278576+00:00,2026-10-06T12:36:24.489885+00:00,115.00478935241699,,365630318.5833333,485807001,0.006999999999999895,
individual,mixed,1,steady,B,tick,C,OBSERVED,,,11,2026-10-06T12:34:44.324573+00:00,2026-10-06T12:36:24.341071+00:00,100.01016044616699,,,,,0.4727272727272727
individual,mixed,1,steady,C,cpu_rss,C,OBSERVED,,,24,2026-10-06T12:34:29.277084+00:00,2026-10-06T12:36:24.279111+00:00,114.99982738494873,8.582621578170993,,,,
individual,mixed,1,steady,C,heap_gc,C,OBSERVED,,,24,2026-10-06T12:34:29.279480+00:00,2026-10-06T12:36:24.467527+00:00,114.98501634597778,,369086838.6666667,418195148,0.026000000000000023,
individual,mixed,1,steady,C,tick,C,OBSERVED,,,11,2026-10-06T12:34:44.324878+00:00,2026-10-06T12:36:24.337696+00:00,100.00540709495544,,,,,0.2545454545454545
individual,cross,2,low_flow,A,cpu_rss,C,OBSERVED,,,19,2026-10-06T12:36:34.276896+00:00,2026-10-06T12:38:04.278913+00:00,89.99959969520569,8.600038251517143,,,,
individual,cross,2,low_flow,A,heap_gc,C,OBSERVED,,,19,2026-10-06T12:36:34.279738+00:00,2026-10-06T12:38:04.538818+00:00,90.01178121566772,,390483153.7894737,444015718,0.006999999999999895,
individual,cross,2,low_flow,A,tick,C,OBSERVED,,,9,2026-10-06T12:36:44.324971+00:00,2026-10-06T12:38:04.340501+00:00,80.0058925151825,,,,,0.4777777777777778
individual,cross,2,low_flow,B,cpu_rss,C,OBSERVED,,,19,2026-10-06T12:36:34.277043+00:00,2026-10-06T12:38:04.279633+00:00,90.00068831443787,8.91104296000528,,,,
individual,cross,2,low_flow,B,heap_gc,C,OBSERVED,,,19,2026-10-06T12:36:34.278552+00:00,2026-10-06T12:38:04.499872+00:00,89.98586177825928,,406646207,490516787,0.007000000000000117,
individual,cross,2,low_flow,B,tick,C,OBSERVED,,,9,2026-10-06T12:36:44.325253+00:00,2026-10-06T12:38:04.333677+00:00,80.00337886810303,,,,,0.4666666666666667
individual,cross,2,low_flow,C,cpu_rss,C,OBSERVED,,,19,2026-10-06T12:36:34.277228+00:00,2026-10-06T12:38:04.280273+00:00,90.00096440315247,7.722139474937172,,,,
individual,cross,2,low_flow,C,heap_gc,C,OBSERVED,,,19,2026-10-06T12:36:34.279126+00:00,2026-10-06T12:38:04.493550+00:00,90.00106644630432,,241951597.68421054,257238732,0.0,
individual,cross,2,low_flow,C,tick,C,OBSERVED,,,9,2026-10-06T12:36:44.325400+00:00,2026-10-06T12:38:04.341324+00:00,80.0070903301239,,,,,0.25555555555555554
individual,cross,2,warmup,A,cpu_rss,C,OBSERVED,,,5,2026-10-06T12:38:14.276875+00:00,2026-10-06T12:38:34.279803+00:00,20.0009663105011,10.099512036773053,,,,
individual,cross,2,warmup,A,heap_gc,C,OBSERVED,,,5,2026-10-06T12:38:14.277879+00:00,2026-10-06T12:38:34.577603+00:00,20.020557165145874,,284107878,302982246,0.0,
individual,cross,2,warmup,A,tick,C,OBSERVED,,,2,2026-10-06T12:38:24.324689+00:00,2026-10-06T12:38:34.340965+00:00,10.003693103790283,,,,,0.55
individual,cross,2,warmup,B,cpu_rss,C,OBSERVED,,,5,2026-10-06T12:38:14.277164+00:00,2026-10-06T12:38:34.278483+00:00,19.998955011367798,11.20058522421171,,,,
individual,cross,2,warmup,B,heap_gc,C,OBSERVED,,,5,2026-10-06T12:38:14.280488+00:00,2026-10-06T12:38:34.495617+00:00,19.97516179084778,,312280063.2,336187596,0.0,
individual,cross,2,warmup,B,tick,C,OBSERVED,,,2,2026-10-06T12:38:24.324863+00:00,2026-10-06T12:38:34.343371+00:00,10.00877857208252,,,,,0.5
individual,cross,2,warmup,C,cpu_rss,C,OBSERVED,,,5,2026-10-06T12:38:14.277304+00:00,2026-10-06T12:38:34.278999+00:00,20.000289916992188,8.249880410974296,,,,
individual,cross,2,warmup,C,heap_gc,C,OBSERVED,,,5,2026-10-06T12:38:14.278416+00:00,2026-10-06T12:38:34.556086+00:00,20.003435373306274,,264788479.2,268773068,0.0,
individual,cross,2,warmup,C,tick,C,OBSERVED,,,2,2026-10-06T12:38:24.324962+00:00,2026-10-06T12:38:34.343207+00:00,10.006751537322998,,,,,0.25
individual,cross,2,steady,A,cpu_rss,C,OBSERVED,,,23,2026-10-06T12:38:44.276934+00:00,2026-10-06T12:40:34.279603+00:00,110.00012683868408,9.918170381748363,,,,
individual,cross,2,steady,A,heap_gc,C,OBSERVED,,,23,2026-10-06T12:38:44.279321+00:00,2026-10-06T12:40:34.540646+00:00,109.9965648651123,,338638816.4347826,438248550,0.009000000000000119,
individual,cross,2,steady,A,tick,C,OBSERVED,,,11,2026-10-06T12:38:54.324061+00:00,2026-10-06T12:40:34.328286+00:00,100.00140905380249,,,,,0.5181818181818182
individual,cross,2,steady,B,cpu_rss,C,OBSERVED,,,23,2026-10-06T12:38:44.277132+00:00,2026-10-06T12:40:34.278896+00:00,110.00017189979553,12.299980778507448,,,,
individual,cross,2,steady,B,heap_gc,C,OBSERVED,,,23,2026-10-06T12:38:44.278457+00:00,2026-10-06T12:40:34.475810+00:00,109.9721782207489,,369016555.4782609,485085388,0.02200000000000002,
individual,cross,2,steady,B,tick,C,OBSERVED,,,11,2026-10-06T12:38:54.324259+00:00,2026-10-06T12:40:34.326033+00:00,99.99737191200256,,,,,0.5272727272727272
individual,cross,2,steady,C,cpu_rss,C,OBSERVED,,,23,2026-10-06T12:38:44.277257+00:00,2026-10-06T12:40:34.278252+00:00,109.99914240837097,8.190972950089419,,,,
individual,cross,2,steady,C,heap_gc,C,OBSERVED,,,23,2026-10-06T12:38:44.279825+00:00,2026-10-06T12:40:34.442843+00:00,109.94415092468262,,296263995.3043478,319104716,0.0,
individual,cross,2,steady,C,tick,C,OBSERVED,,,11,2026-10-06T12:38:54.326568+00:00,2026-10-06T12:40:34.328676+00:00,99.99807548522949,,,,,0.2545454545454545
individual,mixed,2,low_flow,A,cpu_rss,C,OBSERVED,,,19,2026-10-06T12:40:44.276941+00:00,2026-10-06T12:42:14.280191+00:00,90.00103759765625,10.499878948335711,,,,
individual,mixed,2,low_flow,A,heap_gc,C,OBSERVED,,,19,2026-10-06T12:40:44.278113+00:00,2026-10-06T12:42:14.541287+00:00,89.99543499946594,,354288230,439518310,0.053999999999999826,
individual,mixed,2,low_flow,A,tick,C,OBSERVED,,,9,2026-10-06T12:40:54.327340+00:00,2026-10-06T12:42:14.329894+00:00,79.99756693840027,,,,,0.4666666666666667
individual,mixed,2,low_flow,B,cpu_rss,C,OBSERVED,,,19,2026-10-06T12:40:44.278380+00:00,2026-10-06T12:42:14.278435+00:00,89.99831438064575,8.889055372930862,,,,
individual,mixed,2,low_flow,B,heap_gc,C,OBSERVED,,,19,2026-10-06T12:40:44.280490+00:00,2026-10-06T12:42:14.584913+00:00,90.05460596084595,,428651471.31578946,492869939,0.0040000000000000036,
individual,mixed,2,low_flow,B,tick,C,OBSERVED,,,9,2026-10-06T12:40:54.328953+00:00,2026-10-06T12:42:14.327571+00:00,79.99092030525208,,,,,0.43333333333333335
individual,mixed,2,low_flow,C,cpu_rss,C,OBSERVED,,,19,2026-10-06T12:40:44.278454+00:00,2026-10-06T12:42:14.279497+00:00,89.99937105178833,7.988944718138816,,,,
individual,mixed,2,low_flow,C,heap_gc,C,OBSERVED,,,19,2026-10-06T12:40:44.279567+00:00,2026-10-06T12:42:14.469655+00:00,89.96624374389648,,338255025.05263156,353707724,0.0,
individual,mixed,2,low_flow,C,tick,C,OBSERVED,,,9,2026-10-06T12:40:54.329033+00:00,2026-10-06T12:42:14.328208+00:00,79.9917414188385,,,,,0.24444444444444444
individual,mixed,2,warmup,A,cpu_rss,C,OBSERVED,,,5,2026-10-06T12:42:24.276906+00:00,2026-10-06T12:42:44.278062+00:00,19.997798681259155,10.451150315652677,,,,
individual,mixed,2,warmup,A,heap_gc,C,OBSERVED,,,5,2026-10-06T12:42:24.282486+00:00,2026-10-06T12:42:44.541718+00:00,20.026330947875977,,323052338.8,352622182,0.0,
individual,mixed,2,warmup,A,tick,C,OBSERVED,,,2,2026-10-06T12:42:34.326754+00:00,2026-10-06T12:42:44.331276+00:00,9.996832609176636,,,,,0.5
individual,mixed,2,warmup,B,cpu_rss,C,OBSERVED,,,5,2026-10-06T12:42:24.277039+00:00,2026-10-06T12:42:44.279273+00:00,19.99955129623413,9.450212017286095,,,,
individual,mixed,2,warmup,B,heap_gc,C,OBSERVED,,,5,2026-10-06T12:42:24.281501+00:00,2026-10-06T12:42:44.519916+00:00,19.980091333389282,,289956556.8,310089216,0.0,
individual,mixed,2,warmup,B,tick,C,OBSERVED,,,2,2026-10-06T12:42:34.326867+00:00,2026-10-06T12:42:44.328133+00:00,9.99458909034729,,,,,0.5
individual,mixed,2,warmup,C,cpu_rss,C,OBSERVED,,,5,2026-10-06T12:42:24.277230+00:00,2026-10-06T12:42:44.279780+00:00,19.9987154006958,7.800501025909526,,,,
individual,mixed,2,warmup,C,heap_gc,C,OBSERVED,,,5,2026-10-06T12:42:24.283727+00:00,2026-10-06T12:42:44.485016+00:00,19.91818356513977,,361047756,365242060,0.0,
individual,mixed,2,warmup,C,tick,C,OBSERVED,,,2,2026-10-06T12:42:34.326994+00:00,2026-10-06T12:42:44.329098+00:00,9.997581481933594,,,,,0.2
individual,mixed,2,steady,A,cpu_rss,C,OBSERVED,,,23,2026-10-06T12:42:54.276898+00:00,2026-10-06T12:44:44.279284+00:00,110.00048661231995,10.945406125732106,,,,
individual,mixed,2,steady,A,heap_gc,C,OBSERVED,,,23,2026-10-06T12:42:54.278327+00:00,2026-10-06T12:44:44.514035+00:00,110.00935912132263,,342801020.3043478,442799718,0.01200000000000001,
individual,mixed,2,steady,A,tick,C,OBSERVED,,,11,2026-10-06T12:43:04.324747+00:00,2026-10-06T12:44:44.333488+00:00,99.99440693855286,,,,,0.5272727272727272
individual,mixed,2,steady,B,cpu_rss,C,OBSERVED,,,23,2026-10-06T12:42:54.277053+00:00,2026-10-06T12:44:44.278591+00:00,109.99943447113037,9.863687074543646,,,,
individual,mixed,2,steady,B,heap_gc,C,OBSERVED,,,23,2026-10-06T12:42:54.279698+00:00,2026-10-06T12:44:44.499891+00:00,109.97500252723694,,374980950.6086956,491492864,0.01200000000000001,
individual,mixed,2,steady,B,tick,C,OBSERVED,,,11,2026-10-06T12:43:04.324856+00:00,2026-10-06T12:44:44.332995+00:00,100.00421714782715,,,,,0.5
individual,mixed,2,steady,C,cpu_rss,C,OBSERVED,,,23,2026-10-06T12:42:54.277377+00:00,2026-10-06T12:44:44.279762+00:00,109.99883031845093,8.209178201129772,,,,
individual,mixed,2,steady,C,heap_gc,C,OBSERVED,,,23,2026-10-06T12:42:54.281822+00:00,2026-10-06T12:44:44.490812+00:00,110.0064127445221,,392049133.3913044,415573708,0.0,
individual,mixed,2,steady,C,tick,C,OBSERVED,,,11,2026-10-06T12:43:04.325228+00:00,2026-10-06T12:44:44.332228+00:00,99.99505114555359,,,,,0.2727272727272727
individual,same,2,low_flow,A,cpu_rss,C,OBSERVED,,,19,2026-10-06T12:44:54.276889+00:00,2026-10-06T12:46:24.278855+00:00,90.00040769577026,9.533290147977013,,,,
individual,same,2,low_flow,A,heap_gc,C,OBSERVED,,,19,2026-10-06T12:44:54.278004+00:00,2026-10-06T12:46:24.530358+00:00,90.03897762298584,,365020262.1052632,444598579,0.025000000000000133,
individual,same,2,low_flow,A,tick,C,OBSERVED,,,9,2026-10-06T12:45:04.329218+00:00,2026-10-06T12:46:24.329381+00:00,79.99426412582397,,,,,0.4666666666666667
individual,same,2,low_flow,B,cpu_rss,C,OBSERVED,,,19,2026-10-06T12:44:54.278269+00:00,2026-10-06T12:46:24.278283+00:00,89.99895668029785,7.955647780934143,,,,
individual,same,2,low_flow,B,heap_gc,C,OBSERVED,,,19,2026-10-06T12:44:54.279059+00:00,2026-10-06T12:46:24.535941+00:00,90.03256464004517,,334040887.7894737,352970444,0.0,
individual,same,2,low_flow,B,tick,C,OBSERVED,,,9,2026-10-06T12:45:04.330161+00:00,2026-10-06T12:46:24.331902+00:00,79.99552202224731,,,,,0.4222222222222222
individual,same,2,low_flow,C,cpu_rss,C,OBSERVED,,,19,2026-10-06T12:44:54.278315+00:00,2026-10-06T12:46:24.279724+00:00,89.99967288970947,7.588916471251922,,,,
individual,same,2,low_flow,C,heap_gc,C,OBSERVED,,,19,2026-10-06T12:44:54.279532+00:00,2026-10-06T12:46:24.422921+00:00,89.98445892333984,,258442956,422913740,0.006000000000000005,
individual,same,2,low_flow,C,tick,C,OBSERVED,,,9,2026-10-06T12:45:04.330254+00:00,2026-10-06T12:46:24.332861+00:00,79.99762153625488,,,,,0.2
individual,same,2,warmup,A,cpu_rss,C,OBSERVED,,,6,2026-10-06T12:46:29.276942+00:00,2026-10-06T12:46:54.278360+00:00,25.000043153762817,9.639983359937768,,,,
individual,same,2,warmup,A,heap_gc,C,OBSERVED,,,6,2026-10-06T12:46:29.278283+00:00,2026-10-06T12:46:54.464221+00:00,24.975315809249878,,319488033.3333333,361081548,0.0,
individual,same,2,warmup,A,tick,C,OBSERVED,,,2,2026-10-06T12:46:44.325767+00:00,2026-10-06T12:46:54.333090+00:00,10.000784397125244,,,,,0.45
individual,same,2,warmup,B,cpu_rss,C,OBSERVED,,,6,2026-10-06T12:46:29.277077+00:00,2026-10-06T12:46:54.279082+00:00,24.999484300613403,7.720159251255526,,,,
individual,same,2,warmup,B,heap_gc,C,OBSERVED,,,6,2026-10-06T12:46:29.280132+00:00,2026-10-06T12:46:54.508775+00:00,25.017704486846924,,361883340,367650508,0.0,
individual,same,2,warmup,B,tick,C,OBSERVED,,,2,2026-10-06T12:46:44.326225+00:00,2026-10-06T12:46:54.335067+00:00,10.001490116119385,,,,,0.4
individual,same,2,warmup,C,cpu_rss,C,OBSERVED,,,6,2026-10-06T12:46:29.277444+00:00,2026-10-06T12:46:54.280553+00:00,25.000465393066406,7.479860756986659,,,,
individual,same,2,warmup,C,heap_gc,C,OBSERVED,,,6,2026-10-06T12:46:29.279365+00:00,2026-10-06T12:46:54.537161+00:00,25.04176926612854,,247789772,253032652,0.0,
individual,same,2,warmup,C,tick,C,OBSERVED,,,2,2026-10-06T12:46:44.326410+00:00,2026-10-06T12:46:54.331304+00:00,9.998836040496826,,,,,0.2
individual,same,2,steady,A,cpu_rss,C,OBSERVED,,,24,2026-10-06T12:46:59.276927+00:00,2026-10-06T12:48:54.278059+00:00,115.00011229515076,11.469554017606107,,,,
individual,same,2,steady,A,heap_gc,C,OBSERVED,,,24,2026-10-06T12:46:59.277822+00:00,2026-10-06T12:48:54.526586+00:00,114.99649667739868,,350389874.6666667,452719206,0.006999999999999895,
individual,same,2,steady,A,tick,C,OBSERVED,,,11,2026-10-06T12:47:14.326674+00:00,2026-10-06T12:48:54.325320+00:00,99.99493646621704,,,,,0.5
individual,same,2,steady,B,cpu_rss,C,OBSERVED,,,24,2026-10-06T12:46:59.278048+00:00,2026-10-06T12:48:54.278563+00:00,114.99942207336426,8.25221538413109,,,,
individual,same,2,steady,B,heap_gc,C,OBSERVED,,,24,2026-10-06T12:46:59.278788+00:00,2026-10-06T12:48:54.458117+00:00,114.9964964389801,,399282550.6666667,428467916,0.0,
individual,same,2,steady,B,tick,C,OBSERVED,,,11,2026-10-06T12:47:14.326810+00:00,2026-10-06T12:48:54.326841+00:00,99.99580693244934,,,,,0.4272727272727273
individual,same,2,steady,C,cpu_rss,C,OBSERVED,,,24,2026-10-06T12:46:59.278841+00:00,2026-10-06T12:48:54.279389+00:00,114.99912023544312,7.826146827535616,,,,
individual,same,2,steady,C,heap_gc,C,OBSERVED,,,24,2026-10-06T12:46:59.279496+00:00,2026-10-06T12:48:54.543455+00:00,115.01122522354126,,278810145.3333333,302315724,0.0,
individual,same,2,steady,C,tick,C,OBSERVED,,,11,2026-10-06T12:47:14.327542+00:00,2026-10-06T12:48:54.329952+00:00,99.99764919281006,,,,,0.23636363636363636
individual,mixed,3,low_flow,A,cpu_rss,C,OBSERVED,,,19,2026-10-06T12:49:04.276913+00:00,2026-10-06T12:50:34.278913+00:00,90.00003170967102,9.222218972960762,,,,
individual,mixed,3,low_flow,A,heap_gc,C,OBSERVED,,,18,2026-10-06T12:49:04.278843+00:00,2026-10-06T12:50:29.506330+00:00,84.96980690956116,,366125180.5,452514713,0.009000000000000119,
individual,mixed,3,low_flow,A,tick,C,OBSERVED,,,9,2026-10-06T12:49:14.327965+00:00,2026-10-06T12:50:34.330399+00:00,79.99595499038696,,,,,0.43333333333333335
individual,mixed,3,low_flow,B,cpu_rss,C,OBSERVED,,,19,2026-10-06T12:49:04.277057+00:00,2026-10-06T12:50:34.278138+00:00,90.00001168251038,8.811109967379078,,,,
individual,mixed,3,low_flow,B,heap_gc,C,OBSERVED,,,18,2026-10-06T12:49:04.278092+00:00,2026-10-06T12:50:29.473819+00:00,85.0179967880249,,374499429.7777778,489285324,0.014999999999999902,
individual,mixed,3,low_flow,B,tick,C,OBSERVED,,,9,2026-10-06T12:49:14.329111+00:00,2026-10-06T12:50:34.336583+00:00,79.9991364479065,,,,,0.4
individual,mixed,3,low_flow,C,cpu_rss,C,OBSERVED,,,19,2026-10-06T12:49:04.277114+00:00,2026-10-06T12:50:34.279439+00:00,89.99988579750061,7.522231767307443,,,,
individual,mixed,3,low_flow,C,heap_gc,C,OBSERVED,,,18,2026-10-06T12:49:04.279757+00:00,2026-10-06T12:50:29.514512+00:00,85.00682544708252,,320665804,334821580,0.0,
individual,mixed,3,low_flow,C,tick,C,OBSERVED,,,9,2026-10-06T12:49:14.329189+00:00,2026-10-06T12:50:34.331639+00:00,79.9985978603363,,,,,0.2
individual,mixed,3,warmup,A,cpu_rss,C,OBSERVED,,,6,2026-10-06T12:50:39.276947+00:00,2026-10-06T12:51:04.279427+00:00,25.00075912475586,10.359685428253155,,,,
individual,mixed,3,warmup,A,heap_gc,C,OBSERVED,,,5,2026-10-06T12:50:39.277852+00:00,2026-10-06T12:50:59.489159+00:00,19.99352264404297,,328788069.6,360664780,0.0,
individual,mixed,3,warmup,A,tick,C,OBSERVED,,,2,2026-10-06T12:50:54.324684+00:00,2026-10-06T12:51:04.327314+00:00,9.996913433074951,,,,,0.55
individual,mixed,3,warmup,B,cpu_rss,C,OBSERVED,,,6,2026-10-06T12:50:39.278110+00:00,2026-10-06T12:51:04.278135+00:00,24.99882221221924,9.68045606091438,,,,
individual,mixed,3,warmup,B,heap_gc,C,OBSERVED,,,6,2026-10-06T12:50:39.279385+00:00,2026-10-06T12:51:04.438151+00:00,24.98397946357727,,322243174,347933286,0.0,
individual,mixed,3,warmup,B,tick,C,OBSERVED,,,2,2026-10-06T12:50:54.325673+00:00,2026-10-06T12:51:04.329571+00:00,9.997930526733398,,,,,0.5
individual,mixed,3,warmup,C,cpu_rss,C,OBSERVED,,,6,2026-10-06T12:50:39.278185+00:00,2026-10-06T12:51:04.279048+00:00,24.9989914894104,7.8803178953618715,,,,
individual,mixed,3,warmup,C,heap_gc,C,OBSERVED,,,5,2026-10-06T12:50:39.280022+00:00,2026-10-06T12:50:59.509035+00:00,19.989617824554443,,342371327.2,346355916,0.0,
individual,mixed,3,warmup,C,tick,C,OBSERVED,,,2,2026-10-06T12:50:54.325758+00:00,2026-10-06T12:51:04.328707+00:00,9.998421669006348,,,,,0.2
individual,mixed,3,steady,A,cpu_rss,C,OBSERVED,,,24,2026-10-06T12:51:09.276936+00:00,2026-10-06T12:53:04.279040+00:00,114.99970054626465,9.95654766543816,,,,
individual,mixed,3,steady,A,heap_gc,C,OBSERVED,,,24,2026-10-06T12:51:09.279560+00:00,2026-10-06T12:53:04.456259+00:00,115.00082397460938,,344882751.8333333,455036620,0.016000000000000014,
individual,mixed,3,steady,A,tick,C,OBSERVED,,,11,2026-10-06T12:51:24.324038+00:00,2026-10-06T12:53:04.327191+00:00,100.00187826156616,,,,,0.5
individual,mixed,3,steady,B,cpu_rss,C,OBSERVED,,,24,2026-10-06T12:51:09.277076+00:00,2026-10-06T12:53:04.279465+00:00,115.00028610229492,9.599976116737425,,,,
individual,mixed,3,steady,B,heap_gc,C,OBSERVED,,,24,2026-10-06T12:51:09.279059+00:00,2026-10-06T12:53:04.499155+00:00,115.02404522895813,,372187366.0833333,492636774,0.004999999999999893,
individual,mixed,3,steady,B,tick,C,OBSERVED,,,11,2026-10-06T12:51:24.325252+00:00,2026-10-06T12:53:04.329434+00:00,100.00199794769287,,,,,0.4636363636363636
individual,mixed,3,steady,C,cpu_rss,C,OBSERVED,,,24,2026-10-06T12:51:09.277145+00:00,2026-10-06T12:53:04.278147+00:00,114.99998497962952,7.747827098915071,,,,
individual,mixed,3,steady,C,heap_gc,C,OBSERVED,,,24,2026-10-06T12:51:09.278360+00:00,2026-10-06T12:53:04.462924+00:00,114.97191286087036,,374492705.3333333,397736140,0.0,
individual,mixed,3,steady,C,tick,C,OBSERVED,,,11,2026-10-06T12:51:24.326367+00:00,2026-10-06T12:53:04.329268+00:00,99.9964964389801,,,,,0.2090909090909091
individual,same,3,low_flow,A,cpu_rss,C,OBSERVED,,,18,2026-10-06T12:53:14.276924+00:00,2026-10-06T12:54:39.279027+00:00,84.99965715408325,9.388273161542594,,,,
individual,same,3,low_flow,A,heap_gc,C,OBSERVED,,,18,2026-10-06T12:53:14.279909+00:00,2026-10-06T12:54:39.522428+00:00,85.01123094558716,,376210852.8888889,451670016,0.016000000000000014,
individual,same,3,low_flow,A,tick,C,OBSERVED,,,8,2026-10-06T12:53:24.324702+00:00,2026-10-06T12:54:34.337097+00:00,70.00388407707214,,,,,0.45
individual,same,3,low_flow,B,cpu_rss,C,OBSERVED,,,18,2026-10-06T12:53:14.277056+00:00,2026-10-06T12:54:39.280441+00:00,85.00106739997864,7.8704894004680215,,,,
individual,same,3,low_flow,B,heap_gc,C,OBSERVED,,,18,2026-10-06T12:53:14.278527+00:00,2026-10-06T12:54:39.516318+00:00,85.00829029083252,,370456541.6666667,388631859,0.0,
individual,same,3,low_flow,B,tick,C,OBSERVED,,,8,2026-10-06T12:53:24.324821+00:00,2026-10-06T12:54:34.330227+00:00,70.00246930122375,,,,,0.3875
individual,same,3,low_flow,C,cpu_rss,C,OBSERVED,,,18,2026-10-06T12:53:14.277250+00:00,2026-10-06T12:54:39.279610+00:00,85.00036025047302,7.647026413589615,,,,
individual,same,3,low_flow,C,heap_gc,C,OBSERVED,,,18,2026-10-06T12:53:14.278997+00:00,2026-10-06T12:54:39.536215+00:00,85.03491044044495,,357284385.3333333,421853388,0.006000000000000005,
individual,same,3,low_flow,C,tick,C,OBSERVED,,,8,2026-10-06T12:53:24.325067+00:00,2026-10-06T12:54:34.331342+00:00,70.002676486969,,,,,0.2
individual,same,3,warmup,A,cpu_rss,C,OBSERVED,,,6,2026-10-06T12:54:44.276891+00:00,2026-10-06T12:55:09.279648+00:00,24.999928951263428,10.840030806819762,,,,
individual,same,3,warmup,A,heap_gc,C,OBSERVED,,,6,2026-10-06T12:54:44.279836+00:00,2026-10-06T12:55:09.420544+00:00,24.936410188674927,,306437494.6666667,349254348,0.0,
individual,same,3,warmup,A,tick,C,OBSERVED,,,2,2026-10-06T12:54:54.325745+00:00,2026-10-06T12:55:04.328380+00:00,10.00019383430481,,,,,0.5
individual,same,3,warmup,B,cpu_rss,C,OBSERVED,,,6,2026-10-06T12:54:44.277066+00:00,2026-10-06T12:55:09.278736+00:00,24.999083280563354,8.080296294586612,,,,
individual,same,3,warmup,B,heap_gc,C,OBSERVED,,,6,2026-10-06T12:54:44.280557+00:00,2026-10-06T12:55:09.526206+00:00,25.02176523208618,,397719517.6666667,404360499,0.0,
individual,same,3,warmup,B,tick,C,OBSERVED,,,2,2026-10-06T12:54:54.328223+00:00,2026-10-06T12:55:04.330217+00:00,9.998043298721313,,,,,0.4
individual,same,3,warmup,C,cpu_rss,C,OBSERVED,,,6,2026-10-06T12:54:44.277219+00:00,2026-10-06T12:55:09.278012+00:00,24.999454975128174,7.88017179558491,,,,
individual,same,3,warmup,C,heap_gc,C,OBSERVED,,,6,2026-10-06T12:54:44.278990+00:00,2026-10-06T12:55:09.557271+00:00,25.009009838104248,,225510945.33333334,229880012,0.0,
individual,same,3,warmup,C,tick,C,OBSERVED,,,2,2026-10-06T12:54:54.328471+00:00,2026-10-06T12:55:04.328979+00:00,9.996812105178833,,,,,0.2
individual,same,3,steady,A,cpu_rss,C,OBSERVED,,,24,2026-10-06T12:55:14.276949+00:00,2026-10-06T12:57:09.277939+00:00,114.99993085861206,11.339137252205973,,,,
individual,same,3,steady,A,heap_gc,C,OBSERVED,,,24,2026-10-06T12:55:14.278006+00:00,2026-10-06T12:57:09.472845+00:00,114.99238896369934,,345848840.3333333,455160524,0.008999999999999897,
individual,same,3,steady,A,tick,C,OBSERVED,,,11,2026-10-06T12:55:24.323994+00:00,2026-10-06T12:57:04.334738+00:00,100.00468611717224,,,,,0.4727272727272727
individual,same,3,steady,B,cpu_rss,C,OBSERVED,,,24,2026-10-06T12:55:14.278270+00:00,2026-10-06T12:57:09.278878+00:00,114.99915266036987,8.034841810781643,,,,
individual,same,3,steady,B,heap_gc,C,OBSERVED,,,24,2026-10-06T12:55:14.279278+00:00,2026-10-06T12:57:09.450361+00:00,114.98850774765015,,435206109.6666667,463080755,0.0,
individual,same,3,steady,B,tick,C,OBSERVED,,,11,2026-10-06T12:55:24.324456+00:00,2026-10-06T12:57:04.333725+00:00,100.00410342216492,,,,,0.4272727272727273
individual,same,3,steady,C,cpu_rss,C,OBSERVED,,,24,2026-10-06T12:55:14.278348+00:00,2026-10-06T12:57:09.279293+00:00,114.99919986724854,7.617444304057994,,,,
individual,same,3,steady,C,heap_gc,C,OBSERVED,,,24,2026-10-06T12:55:14.279830+00:00,2026-10-06T12:57:09.458691+00:00,115.01289367675781,,256050721.33333334,279163084,0.0,
individual,same,3,steady,C,tick,C,OBSERVED,,,11,2026-10-06T12:55:24.326697+00:00,2026-10-06T12:57:04.333028+00:00,100.00119256973267,,,,,0.2181818181818182
individual,cross,3,low_flow,A,cpu_rss,C,OBSERVED,,,19,2026-10-06T12:57:19.276900+00:00,2026-10-06T12:58:49.279369+00:00,90.00020503997803,8.188870232824753,,,,
individual,cross,3,low_flow,A,heap_gc,C,OBSERVED,,,19,2026-10-06T12:57:19.278983+00:00,2026-10-06T12:58:49.485187+00:00,89.99844884872437,,386088906.1052632,429577216,0.0,
individual,cross,3,low_flow,A,tick,C,OBSERVED,,,8,2026-10-06T12:57:34.324623+00:00,2026-10-06T12:58:44.330086+00:00,70.00130534172058,,,,,0.41250000000000003
individual,cross,3,low_flow,B,cpu_rss,C,OBSERVED,,,19,2026-10-06T12:57:19.277017+00:00,2026-10-06T12:58:49.280708+00:00,90.00126552581787,8.877652945566625,,,,
individual,cross,3,low_flow,B,heap_gc,C,OBSERVED,,,19,2026-10-06T12:57:19.278187+00:00,2026-10-06T12:58:49.486732+00:00,89.99874448776245,,319852258.15789473,488246579,0.007000000000000117,
individual,cross,3,low_flow,B,tick,C,OBSERVED,,,8,2026-10-06T12:57:34.325312+00:00,2026-10-06T12:58:44.326066+00:00,69.99747204780579,,,,,0.41250000000000003
individual,cross,3,low_flow,C,cpu_rss,C,OBSERVED,,,19,2026-10-06T12:57:19.279214+00:00,2026-10-06T12:58:49.278345+00:00,89.99799680709839,7.555723728579341,,,,
individual,cross,3,low_flow,C,heap_gc,C,OBSERVED,,,19,2026-10-06T12:57:19.280256+00:00,2026-10-06T12:58:49.511583+00:00,90.02316904067993,,298313393.05263156,313766092,0.0,
individual,cross,3,low_flow,C,tick,C,OBSERVED,,,8,2026-10-06T12:57:34.325372+00:00,2026-10-06T12:58:44.328577+00:00,69.99983596801758,,,,,0.21250000000000002
individual,cross,3,warmup,A,cpu_rss,C,OBSERVED,,,5,2026-10-06T12:58:59.276895+00:00,2026-10-06T12:59:19.278218+00:00,20.00013518333435,11.199924297844492,,,,
individual,cross,3,warmup,A,heap_gc,C,OBSERVED,,,5,2026-10-06T12:58:59.277956+00:00,2026-10-06T12:59:19.519087+00:00,20.02797555923462,,331718676,453694464,0.013000000000000123,
individual,cross,3,warmup,A,tick,C,OBSERVED,,,1,2026-10-06T12:59:14.323993+00:00,2026-10-06T12:59:14.332348+00:00,0.0,,,,,0.6
individual,cross,3,warmup,B,cpu_rss,C,OBSERVED,,,5,2026-10-06T12:58:59.277028+00:00,2026-10-06T12:59:19.280500+00:00,20.00068998336792,10.349642945925137,,,,
individual,cross,3,warmup,B,heap_gc,C,OBSERVED,,,5,2026-10-06T12:58:59.279112+00:00,2026-10-06T12:59:19.475741+00:00,19.969620943069458,,383882239.8,409257779,0.0,
individual,cross,3,warmup,B,tick,C,OBSERVED,,,1,2026-10-06T12:59:14.324416+00:00,2026-10-06T12:59:14.327892+00:00,0.0,,,,,0.6
individual,cross,3,warmup,C,cpu_rss,C,OBSERVED,,,5,2026-10-06T12:58:59.277121+00:00,2026-10-06T12:59:19.278859+00:00,19.999727964401245,8.050109495817763,,,,
individual,cross,3,warmup,C,heap_gc,C,OBSERVED,,,5,2026-10-06T12:58:59.279467+00:00,2026-10-06T12:59:19.452205+00:00,19.96508479118347,,322154700,326349004,0.0,
individual,cross,3,warmup,C,tick,C,OBSERVED,,,1,2026-10-06T12:59:14.324573+00:00,2026-10-06T12:59:14.327426+00:00,0.0,,,,,0.3
individual,cross,3,steady,A,cpu_rss,C,OBSERVED,,,23,2026-10-06T12:59:29.276892+00:00,2026-10-06T13:01:19.280715+00:00,110.0013792514801,8.963523973148131,,,,
individual,cross,3,steady,A,heap_gc,C,OBSERVED,,,23,2026-10-06T12:59:29.278381+00:00,2026-10-06T13:01:19.554890+00:00,110.06261110305786,,341969834.7826087,448582348,0.0009999999999998899,
individual,cross,3,steady,A,tick,C,OBSERVED,,,10,2026-10-06T12:59:44.324995+00:00,2026-10-06T13:01:14.328140+00:00,89.9955780506134,,,,,0.48
individual,cross,3,steady,B,cpu_rss,C,OBSERVED,,,23,2026-10-06T12:59:29.277029+00:00,2026-10-06T13:01:19.278959+00:00,109.99867248535156,10.500126718836619,,,,
individual,cross,3,steady,B,heap_gc,C,OBSERVED,,,23,2026-10-06T12:59:29.282073+00:00,2026-10-06T13:01:19.467316+00:00,109.98343801498413,,376564432.73913044,487900979,0.02200000000000002,
individual,cross,3,steady,B,tick,C,OBSERVED,,,10,2026-10-06T12:59:44.325084+00:00,2026-10-06T13:01:14.334793+00:00,90.00443506240845,,,,,0.46
individual,cross,3,steady,C,cpu_rss,C,OBSERVED,,,23,2026-10-06T12:59:29.277187+00:00,2026-10-06T13:01:19.281845+00:00,110.00165128707886,8.29987540475446,,,,
individual,cross,3,steady,C,heap_gc,C,OBSERVED,,,23,2026-10-06T12:59:29.279160+00:00,2026-10-06T13:01:19.464904+00:00,110.01049375534058,,353201667.65217394,375632076,0.0,
individual,cross,3,steady,C,tick,C,OBSERVED,,,10,2026-10-06T12:59:44.325351+00:00,2026-10-06T13:01:14.331886+00:00,90.00184440612793,,,,,0.22
common,cross,1,low_flow,A,cpu_rss,A,OBSERVED,COMMON_OBSERVED_SLICE,,18,2026-10-06T09:09:55.655850+00:00,2026-10-06T09:11:20.656972+00:00,84.99924540519714,7.741245194157541,,,,
common,cross,1,low_flow,A,cpu_rss,B,OBSERVED,COMMON_OBSERVED_SLICE,,17,2026-10-06T11:40:46.179506+00:00,2026-10-06T11:42:06.180311+00:00,79.99964904785156,8.587537672684938,,,,
common,cross,1,low_flow,A,cpu_rss,C,OBSERVED,COMMON_OBSERVED_SLICE,,10,2026-10-06T12:28:54.276891+00:00,2026-10-06T12:29:39.277955+00:00,44.99901056289673,8.533520964050274,,,,
common,cross,1,low_flow,A,heap_gc,A,OBSERVED,COMMON_OBSERVED_SLICE,,18,2026-10-06T09:09:55.658412+00:00,2026-10-06T09:11:20.844062+00:00,84.98436141014099,,367138144.1111111,491113164,0.018000000000000016,
common,cross,1,low_flow,A,heap_gc,B,OBSERVED,COMMON_OBSERVED_SLICE,,17,2026-10-06T11:40:46.180971+00:00,2026-10-06T11:42:06.474255+00:00,80.05695986747742,,327340995.7647059,365891584,0.0,
common,cross,1,low_flow,A,heap_gc,C,OBSERVED,COMMON_OBSERVED_SLICE,,10,2026-10-06T12:28:54.279889+00:00,2026-10-06T12:29:39.496263+00:00,45.007678508758545,,279798517.7,441089433,0.006000000000000005,
common,cross,1,low_flow,A,tick,ALL_SUPPLIED,UNMEASURED,NO_COMMON_MEASUREMENT,Fewer than two contained real samples,,,,,,,,,
common,cross,1,low_flow,B,cpu_rss,A,OBSERVED,COMMON_OBSERVED_SLICE,,18,2026-10-06T09:09:55.655952+00:00,2026-10-06T09:11:20.657840+00:00,85.0000307559967,8.376467557334022,,,,
common,cross,1,low_flow,B,cpu_rss,B,OBSERVED,COMMON_OBSERVED_SLICE,,17,2026-10-06T11:40:46.179623+00:00,2026-10-06T11:42:06.181532+00:00,80.00017261505127,10.687476939757747,,,,
common,cross,1,low_flow,B,cpu_rss,C,OBSERVED,COMMON_OBSERVED_SLICE,,10,2026-10-06T12:28:54.277008+00:00,2026-10-06T12:29:39.279399+00:00,45.000463008880615,11.044330808372337,,,,
common,cross,1,low_flow,B,heap_gc,A,OBSERVED,COMMON_OBSERVED_SLICE,,18,2026-10-06T09:09:55.657743+00:00,2026-10-06T09:11:20.821050+00:00,85.0153489112854,,342350301.5555556,432013312,0.008999999999999897,
common,cross,1,low_flow,B,heap_gc,B,OBSERVED,COMMON_OBSERVED_SLICE,,17,2026-10-06T11:40:46.182136+00:00,2026-10-06T11:42:06.490893+00:00,80.05867171287537,,489839194.35294116,600309760,0.0,
common,cross,1,low_flow,B,heap_gc,C,OBSERVED,COMMON_OBSERVED_SLICE,,10,2026-10-06T12:28:54.278422+00:00,2026-10-06T12:29:39.520099+00:00,45.02251672744751,,307221196.6,335952179,0.0,
common,cross,1,low_flow,B,tick,ALL_SUPPLIED,UNMEASURED,NO_COMMON_MEASUREMENT,Fewer than two contained real samples,,,,,,,,,
common,cross,1,low_flow,C,cpu_rss,A,OBSERVED,COMMON_OBSERVED_SLICE,,18,2026-10-06T09:09:55.656000+00:00,2026-10-06T09:11:20.658567+00:00,85.00089740753174,6.835221953180451,,,,
common,cross,1,low_flow,C,cpu_rss,B,OBSERVED,COMMON_OBSERVED_SLICE,,17,2026-10-06T11:40:46.179757+00:00,2026-10-06T11:42:06.182312+00:00,80.0007381439209,8.337423072273024,,,,
common,cross,1,low_flow,C,cpu_rss,C,OBSERVED,COMMON_OBSERVED_SLICE,,10,2026-10-06T12:28:54.277482+00:00,2026-10-06T12:29:39.278569+00:00,44.999542236328125,8.400085450087996,,,,
common,cross,1,low_flow,C,heap_gc,A,OBSERVED,COMMON_OBSERVED_SLICE,,18,2026-10-06T09:09:55.657180+00:00,2026-10-06T09:11:20.879374+00:00,85.0142195224762,,458702722.4444444,471169126,0.0,
common,cross,1,low_flow,C,heap_gc,B,OBSERVED,COMMON_OBSERVED_SLICE,,17,2026-10-06T11:40:46.181702+00:00,2026-10-06T11:42:06.619582+00:00,80.13866925239563,,359661568,455081984,0.01200000000000001,
common,cross,1,low_flow,C,heap_gc,C,OBSERVED,COMMON_OBSERVED_SLICE,,10,2026-10-06T12:28:54.279002+00:00,2026-10-06T12:29:39.431969+00:00,45.00310182571411,,257238732,264054476,0.0,
common,cross,1,low_flow,C,tick,ALL_SUPPLIED,UNMEASURED,NO_COMMON_MEASUREMENT,Fewer than two contained real samples,,,,,,,,,
common,cross,1,steady,A,cpu_rss,A,OBSERVED,COMMON_OBSERVED_SLICE,,21,2026-10-06T09:12:15.655775+00:00,2026-10-06T09:13:55.658248+00:00,100.00008010864258,8.359993302922845,,,,
common,cross,1,steady,A,cpu_rss,B,OBSERVED,COMMON_OBSERVED_SLICE,,21,2026-10-06T11:43:01.179496+00:00,2026-10-06T11:44:41.183115+00:00,100.00138974189758,8.999874924967438,,,,
common,cross,1,steady,A,cpu_rss,C,OBSERVED,COMMON_OBSERVED_SLICE,,21,2026-10-06T12:30:29.276924+00:00,2026-10-06T12:32:09.278425+00:00,100.00004029273987,10.069995942522723,,,,
common,cross,1,steady,A,heap_gc,A,OBSERVED,COMMON_OBSERVED_SLICE,,21,2026-10-06T09:12:15.658131+00:00,2026-10-06T09:13:55.805363+00:00,99.96785354614258,,400588073.04761904,491093094,0.006000000000000005,
common,cross,1,steady,A,heap_gc,B,OBSERVED,COMMON_OBSERVED_SLICE,,21,2026-10-06T11:43:01.180386+00:00,2026-10-06T11:44:41.408813+00:00,100.01835536956787,,511853070.5714286,621744128,0.008000000000000007,
common,cross,1,steady,A,heap_gc,C,OBSERVED,COMMON_OBSERVED_SLICE,,21,2026-10-06T12:30:29.278670+00:00,2026-10-06T12:32:09.565140+00:00,100.04083323478699,,344842863.8095238,441999360,0.016000000000000014,
common,cross,1,steady,A,tick,ALL_SUPPLIED,UNMEASURED,NO_COMMON_MEASUREMENT,Fewer than two contained real samples,,,,,,,,,
common,cross,1,steady,B,cpu_rss,A,OBSERVED,COMMON_OBSERVED_SLICE,,21,2026-10-06T09:12:15.655878+00:00,2026-10-06T09:13:55.656622+00:00,99.9998664855957,9.090012136475558,,,,
common,cross,1,steady,B,cpu_rss,B,OBSERVED,COMMON_OBSERVED_SLICE,,21,2026-10-06T11:43:01.180619+00:00,2026-10-06T11:44:41.181810+00:00,99.99947738647461,9.490049596282764,,,,
common,cross,1,steady,B,cpu_rss,C,OBSERVED,COMMON_OBSERVED_SLICE,,21,2026-10-06T12:30:29.277037+00:00,2026-10-06T12:32:09.280096+00:00,100.0018310546875,11.189795108732138,,,,
common,cross,1,steady,B,heap_gc,A,OBSERVED,COMMON_OBSERVED_SLICE,,21,2026-10-06T09:12:15.656913+00:00,2026-10-06T09:13:55.795761+00:00,99.9842300415039,,338053343.9047619,429828710,0.0050000000000001155,
common,cross,1,steady,B,heap_gc,B,OBSERVED,COMMON_OBSERVED_SLICE,,21,2026-10-06T11:43:01.181968+00:00,2026-10-06T11:44:41.384618+00:00,100.01818704605103,,409743555.04761904,515899392,0.0,
common,cross,1,steady,B,heap_gc,C,OBSERVED,COMMON_OBSERVED_SLICE,,21,2026-10-06T12:30:29.278120+00:00,2026-10-06T12:32:09.550783+00:00,100.02900671958923,,377710869.9047619,485898547,0.004999999999999893,
common,cross,1,steady,B,tick,ALL_SUPPLIED,UNMEASURED,NO_COMMON_MEASUREMENT,Fewer than two contained real samples,,,,,,,,,
common,cross,1,steady,C,cpu_rss,A,OBSERVED,COMMON_OBSERVED_SLICE,,21,2026-10-06T09:12:15.655953+00:00,2026-10-06T09:13:55.657405+00:00,100.00035357475281,7.2999741891343035,,,,
common,cross,1,steady,C,cpu_rss,B,OBSERVED,COMMON_OBSERVED_SLICE,,21,2026-10-06T11:43:01.180660+00:00,2026-10-06T11:44:41.180982+00:00,99.99931192398071,7.690052913409966,,,,
common,cross,1,steady,C,cpu_rss,C,OBSERVED,COMMON_OBSERVED_SLICE,,21,2026-10-06T12:30:29.277248+00:00,2026-10-06T12:32:09.280670+00:00,100.00145959854126,7.909884547440527,,,,
common,cross,1,steady,C,heap_gc,A,OBSERVED,COMMON_OBSERVED_SLICE,,21,2026-10-06T09:12:15.657452+00:00,2026-10-06T09:13:55.788777+00:00,99.96723055839539,,504224236.0952381,519403622,0.0,
common,cross,1,steady,C,heap_gc,B,OBSERVED,COMMON_OBSERVED_SLICE,,20,2026-10-06T11:43:01.181513+00:00,2026-10-06T11:44:41.423077+00:00,100.03030633926392,,278187212.8,295698432,0.0,
common,cross,1,steady,C,heap_gc,C,OBSERVED,COMMON_OBSERVED_SLICE,,21,2026-10-06T12:30:29.279359+00:00,2026-10-06T12:32:09.494122+00:00,100.01093053817749,,305747855.04761904,325920460,0.0,
common,cross,1,steady,C,tick,ALL_SUPPLIED,UNMEASURED,NO_COMMON_MEASUREMENT,Fewer than two contained real samples,,,,,,,,,
common,cross,1,warmup,A,cpu_rss,A,OBSERVED,COMMON_OBSERVED_SLICE,,3,2026-10-06T09:11:45.655825+00:00,2026-10-06T09:11:55.657703+00:00,10.000398635864258,8.099677117821216,,,,
common,cross,1,warmup,A,cpu_rss,B,OBSERVED,COMMON_OBSERVED_SLICE,,3,2026-10-06T11:42:31.179529+00:00,2026-10-06T11:42:41.182735+00:00,10.000723361968994,9.29932732202787,,,,
common,cross,1,warmup,A,cpu_rss,C,OBSERVED,COMMON_OBSERVED_SLICE,,3,2026-10-06T12:29:59.276928+00:00,2026-10-06T12:30:09.280256+00:00,10.000352382659912,9.899651153459384,,,,
common,cross,1,warmup,A,heap_gc,A,OBSERVED,COMMON_OBSERVED_SLICE,,3,2026-10-06T09:11:45.656895+00:00,2026-10-06T09:11:55.848802+00:00,10.028650760650635,,300601787.3333333,308640870,0.0,
common,cross,1,warmup,A,heap_gc,B,OBSERVED,COMMON_OBSERVED_SLICE,,3,2026-10-06T11:42:31.181569+00:00,2026-10-06T11:42:41.361671+00:00,9.996720790863037,,409931776,419368960,0.0,
common,cross,1,warmup,A,heap_gc,C,OBSERVED,COMMON_OBSERVED_SLICE,,3,2026-10-06T12:29:59.279598+00:00,2026-10-06T12:30:09.466121+00:00,10.033458709716797,,320015018.6666667,329801728,0.0,
common,cross,1,warmup,A,tick,ALL_SUPPLIED,UNMEASURED,NO_COMMON_MEASUREMENT,Fewer than two contained real samples,,,,,,,,,
common,cross,1,warmup,B,cpu_rss,A,OBSERVED,COMMON_OBSERVED_SLICE,,3,2026-10-06T09:11:45.655923+00:00,2026-10-06T09:11:55.658096+00:00,9.999893188476562,9.100097199524638,,,,
common,cross,1,warmup,B,cpu_rss,B,OBSERVED,COMMON_OBSERVED_SLICE,,3,2026-10-06T11:42:31.179641+00:00,2026-10-06T11:42:41.181388+00:00,10.0004723072052,10.899485209460295,,,,
common,cross,1,warmup,B,cpu_rss,C,OBSERVED,COMMON_OBSERVED_SLICE,,3,2026-10-06T12:29:59.277039+00:00,2026-10-06T12:30:09.278333+00:00,10.000068187713623,12.799912720321712,,,,
common,cross,1,warmup,B,heap_gc,A,OBSERVED,COMMON_OBSERVED_SLICE,,3,2026-10-06T09:11:45.658300+00:00,2026-10-06T09:11:55.831280+00:00,10.010694026947021,,257512720.66666666,268348006,0.0,
common,cross,1,warmup,B,heap_gc,B,OBSERVED,COMMON_OBSERVED_SLICE,,3,2026-10-06T11:42:31.180721+00:00,2026-10-06T11:42:41.368238+00:00,9.999476909637451,,388497408,663224320,0.0050000000000001155,
common,cross,1,warmup,B,heap_gc,C,OBSERVED,COMMON_OBSERVED_SLICE,,3,2026-10-06T12:29:59.278295+00:00,2026-10-06T12:30:09.548489+00:00,10.00987195968628,,388730504.3333333,400963891,0.0,
common,cross,1,warmup,B,tick,ALL_SUPPLIED,UNMEASURED,NO_COMMON_MEASUREMENT,Fewer than two contained real samples,,,,,,,,,
common,cross,1,warmup,C,cpu_rss,A,OBSERVED,COMMON_OBSERVED_SLICE,,3,2026-10-06T09:11:45.656011+00:00,2026-10-06T09:11:55.656990+00:00,9.999639749526978,10.300371071355087,,,,
common,cross,1,warmup,C,cpu_rss,B,OBSERVED,COMMON_OBSERVED_SLICE,,3,2026-10-06T11:42:31.179752+00:00,2026-10-06T11:42:41.182112+00:00,10.000208854675293,8.7998162117242,,,,
common,cross,1,warmup,C,cpu_rss,C,OBSERVED,COMMON_OBSERVED_SLICE,,3,2026-10-06T12:29:59.277091+00:00,2026-10-06T12:30:09.279494+00:00,10.00033974647522,7.899731609403114,,,,
common,cross,1,warmup,C,heap_gc,A,OBSERVED,COMMON_OBSERVED_SLICE,,3,2026-10-06T09:11:45.657680+00:00,2026-10-06T09:11:55.817307+00:00,9.970471620559692,,480955835.3333333,482703462,0.0,
common,cross,1,warmup,C,heap_gc,B,OBSERVED,COMMON_OBSERVED_SLICE,,3,2026-10-06T11:42:31.182036+00:00,2026-10-06T11:42:41.389204+00:00,9.998532772064209,,250260138.66666666,252706816,0.0,
common,cross,1,warmup,C,heap_gc,C,OBSERVED,COMMON_OBSERVED_SLICE,,3,2026-10-06T12:29:59.279001+00:00,2026-10-06T12:30:09.536867+00:00,10.02628493309021,,274190710.6666667,276637388,0.0,
common,cross,1,warmup,C,tick,ALL_SUPPLIED,UNMEASURED,NO_COMMON_MEASUREMENT,Fewer than two contained real samples,,,,,,,,,
common,cross,2,low_flow,A,cpu_rss,A,OBSERVED,COMMON_OBSERVED_SLICE,,29,2026-10-06T09:19:40.655810+00:00,2026-10-06T09:22:00.657984+00:00,139.99953603744507,7.264309788340935,,,,
common,cross,2,low_flow,A,cpu_rss,B,OBSERVED,COMMON_OBSERVED_SLICE,,29,2026-10-06T11:50:36.179589+00:00,2026-10-06T11:52:56.180687+00:00,139.9994077682495,8.500035957079819,,,,
common,cross,2,low_flow,A,cpu_rss,C,OBSERVED,COMMON_OBSERVED_SLICE,,17,2026-10-06T12:36:39.276914+00:00,2026-10-06T12:37:59.279613+00:00,80.00064611434937,8.62493034135931,,,,
common,cross,2,low_flow,A,heap_gc,A,OBSERVED,COMMON_OBSERVED_SLICE,,29,2026-10-06T09:19:40.658930+00:00,2026-10-06T09:22:00.864194+00:00,140.013414144516,,353984031.37931037,393721446,0.0,
common,cross,2,low_flow,A,heap_gc,B,OBSERVED,COMMON_OBSERVED_SLICE,,29,2026-10-06T11:50:36.181834+00:00,2026-10-06T11:52:56.420916+00:00,139.95073056221008,,497227266.9310345,622894489,0.008000000000000007,
common,cross,2,low_flow,A,heap_gc,C,OBSERVED,COMMON_OBSERVED_SLICE,,17,2026-10-06T12:36:39.278327+00:00,2026-10-06T12:37:59.465127+00:00,79.98831176757812,,400006366.4705882,444015718,0.006999999999999895,
common,cross,2,low_flow,A,tick,ALL_SUPPLIED,UNMEASURED,NO_COMMON_MEASUREMENT,Fewer than two contained real samples,,,,,,,,,
common,cross,2,low_flow,B,cpu_rss,A,OBSERVED,COMMON_OBSERVED_SLICE,,29,2026-10-06T09:19:40.655919+00:00,2026-10-06T09:22:00.656595+00:00,139.99962377548218,8.442879831559951,,,,
common,cross,2,low_flow,B,cpu_rss,B,OBSERVED,COMMON_OBSERVED_SLICE,,29,2026-10-06T11:50:36.179993+00:00,2026-10-06T11:52:56.182486+00:00,140.00056743621826,9.257105337022544,,,,
common,cross,2,low_flow,B,cpu_rss,C,OBSERVED,COMMON_OBSERVED_SLICE,,17,2026-10-06T12:36:39.277067+00:00,2026-10-06T12:37:59.278999+00:00,79.99963521957397,9.012541094982263,,,,
common,cross,2,low_flow,B,heap_gc,A,OBSERVED,COMMON_OBSERVED_SLICE,,29,2026-10-06T09:19:40.657341+00:00,2026-10-06T09:22:00.763942+00:00,139.98641157150269,,349680021.79310346,431746355,0.016000000000000014,
common,cross,2,low_flow,B,heap_gc,B,OBSERVED,COMMON_OBSERVED_SLICE,,29,2026-10-06T11:50:36.181012+00:00,2026-10-06T11:52:56.327084+00:00,139.89930820465088,,456636584.9655172,687865856,0.0040000000000000036,
common,cross,2,low_flow,B,heap_gc,C,OBSERVED,COMMON_OBSERVED_SLICE,,17,2026-10-06T12:36:39.279702+00:00,2026-10-06T12:37:59.482821+00:00,79.98257541656494,,415109408.8235294,490516787,0.007000000000000117,
common,cross,2,low_flow,B,tick,ALL_SUPPLIED,UNMEASURED,NO_COMMON_MEASUREMENT,Fewer than two contained real samples,,,,,,,,,
common,cross,2,low_flow,C,cpu_rss,A,OBSERVED,COMMON_OBSERVED_SLICE,,29,2026-10-06T09:19:40.656041+00:00,2026-10-06T09:22:00.657286+00:00,140.00016045570374,6.899992091835092,,,,
common,cross,2,low_flow,C,cpu_rss,B,OBSERVED,COMMON_OBSERVED_SLICE,,29,2026-10-06T11:50:36.180238+00:00,2026-10-06T11:52:56.181338+00:00,139.99906253814697,8.392913343114975,,,,
common,cross,2,low_flow,C,cpu_rss,C,OBSERVED,COMMON_OBSERVED_SLICE,,17,2026-10-06T12:36:39.277217+00:00,2026-10-06T12:37:59.278235+00:00,79.99948453903198,7.825050418850803,,,,
common,cross,2,low_flow,C,heap_gc,A,OBSERVED,COMMON_OBSERVED_SLICE,,29,2026-10-06T09:19:40.657722+00:00,2026-10-06T09:22:00.831599+00:00,139.9964780807495,,341546513.6551724,361758720,0.0,
common,cross,2,low_flow,C,heap_gc,B,OBSERVED,COMMON_OBSERVED_SLICE,,29,2026-10-06T11:50:36.182717+00:00,2026-10-06T11:52:56.386803+00:00,140.00788736343384,,409089271.17241377,456130560,0.038999999999999924,
common,cross,2,low_flow,C,heap_gc,C,OBSERVED,COMMON_OBSERVED_SLICE,,17,2026-10-06T12:36:39.279128+00:00,2026-10-06T12:37:59.461036+00:00,80.00693774223328,,241941858.5882353,255141580,0.0,
common,cross,2,low_flow,C,tick,ALL_SUPPLIED,UNMEASURED,NO_COMMON_MEASUREMENT,Fewer than two contained real samples,,,,,,,,,
common,cross,2,steady,A,cpu_rss,A,OBSERVED,COMMON_OBSERVED_SLICE,,21,2026-10-06T09:23:00.655842+00:00,2026-10-06T09:24:40.658035+00:00,99.99986481666565,8.050010882273137,,,,
common,cross,2,steady,A,cpu_rss,B,OBSERVED,COMMON_OBSERVED_SLICE,,21,2026-10-06T11:53:56.179572+00:00,2026-10-06T11:55:36.180594+00:00,99.99888563156128,9.06010096290565,,,,
common,cross,2,steady,A,cpu_rss,C,OBSERVED,COMMON_OBSERVED_SLICE,,21,2026-10-06T12:38:49.276938+00:00,2026-10-06T12:40:29.279566+00:00,100.00036716461182,9.849963834418517,,,,
common,cross,2,steady,A,heap_gc,A,OBSERVED,COMMON_OBSERVED_SLICE,,21,2026-10-06T09:23:00.658277+00:00,2026-10-06T09:24:40.894368+00:00,100.00172591209412,,333024821.2380952,488093286,0.006000000000000005,
common,cross,2,steady,A,heap_gc,B,OBSERVED,COMMON_OBSERVED_SLICE,,21,2026-10-06T11:53:56.182811+00:00,2026-10-06T11:55:36.411548+00:00,100.00011777877808,,463732267.28571427,559602073,0.0,
common,cross,2,steady,A,heap_gc,C,OBSERVED,COMMON_OBSERVED_SLICE,,21,2026-10-06T12:38:49.278836+00:00,2026-10-06T12:40:29.472070+00:00,100.01814556121826,,340026860.0952381,438248550,0.009000000000000119,
common,cross,2,steady,A,tick,ALL_SUPPLIED,UNMEASURED,NO_COMMON_MEASUREMENT,Fewer than two contained real samples,,,,,,,,,
common,cross,2,steady,B,cpu_rss,A,OBSERVED,COMMON_OBSERVED_SLICE,,21,2026-10-06T09:23:00.655957+00:00,2026-10-06T09:24:40.657080+00:00,99.99991416931152,8.500007295614783,,,,
common,cross,2,steady,B,cpu_rss,B,OBSERVED,COMMON_OBSERVED_SLICE,,21,2026-10-06T11:53:56.179815+00:00,2026-10-06T11:55:36.181700+00:00,100.00037693977356,10.249961363818844,,,,
common,cross,2,steady,B,cpu_rss,C,OBSERVED,COMMON_OBSERVED_SLICE,,21,2026-10-06T12:38:49.277056+00:00,2026-10-06T12:40:29.279112+00:00,100.00047850608826,12.449940426277065,,,,
common,cross,2,steady,B,heap_gc,A,OBSERVED,COMMON_OBSERVED_SLICE,,21,2026-10-06T09:23:00.657218+00:00,2026-10-06T09:24:40.830556+00:00,99.98465132713318,,350771980.04761904,431354265,0.0040000000000000036,
common,cross,2,steady,B,heap_gc,B,OBSERVED,COMMON_OBSERVED_SLICE,,21,2026-10-06T11:53:56.181962+00:00,2026-10-06T11:55:36.387923+00:00,100.00972986221313,,407312578.85714287,688141516,0.006999999999999895,
common,cross,2,steady,B,heap_gc,C,OBSERVED,COMMON_OBSERVED_SLICE,,21,2026-10-06T12:38:49.278176+00:00,2026-10-06T12:40:29.494834+00:00,99.9725251197815,,368476905.5714286,485085388,0.02200000000000002,
common,cross,2,steady,B,tick,ALL_SUPPLIED,UNMEASURED,NO_COMMON_MEASUREMENT,Fewer than two contained real samples,,,,,,,,,
common,cross,2,steady,C,cpu_rss,A,OBSERVED,COMMON_OBSERVED_SLICE,,21,2026-10-06T09:23:00.656222+00:00,2026-10-06T09:24:40.658527+00:00,100.00026082992554,7.039981637621128,,,,
common,cross,2,steady,C,cpu_rss,B,OBSERVED,COMMON_OBSERVED_SLICE,,21,2026-10-06T11:53:56.179894+00:00,2026-10-06T11:55:36.182338+00:00,100.0009765625,7.699924805421811,,,,
common,cross,2,steady,C,cpu_rss,C,OBSERVED,COMMON_OBSERVED_SLICE,,21,2026-10-06T12:38:49.277469+00:00,2026-10-06T12:40:29.278380+00:00,99.99929332733154,8.210058018236086,,,,
common,cross,2,steady,C,heap_gc,A,OBSERVED,COMMON_OBSERVED_SLICE,,21,2026-10-06T09:23:00.657787+00:00,2026-10-06T09:24:40.864905+00:00,100.04512882232666,,395662677.3333333,412090368,0.0,
common,cross,2,steady,C,heap_gc,B,OBSERVED,COMMON_OBSERVED_SLICE,,21,2026-10-06T11:53:56.181400+00:00,2026-10-06T11:55:36.372556+00:00,100.01918029785156,,274851742.47619045,293076992,0.0,
common,cross,2,steady,C,heap_gc,C,OBSERVED,COMMON_OBSERVED_SLICE,,21,2026-10-06T12:38:49.279571+00:00,2026-10-06T12:40:29.474238+00:00,99.94690537452698,,296235772.7619048,317007564,0.0,
common,cross,2,steady,C,tick,ALL_SUPPLIED,UNMEASURED,NO_COMMON_MEASUREMENT,Fewer than two contained real samples,,,,,,,,,
common,cross,2,warmup,A,cpu_rss,A,OBSERVED,COMMON_OBSERVED_SLICE,,3,2026-10-06T09:22:30.655820+00:00,2026-10-06T09:22:40.657061+00:00,9.99941349029541,8.800516158813208,,,,
common,cross,2,warmup,A,cpu_rss,B,OBSERVED,COMMON_OBSERVED_SLICE,,3,2026-10-06T11:53:26.179566+00:00,2026-10-06T11:53:36.182075+00:00,9.999818325042725,8.80015987686692,,,,
common,cross,2,warmup,A,cpu_rss,C,OBSERVED,COMMON_OBSERVED_SLICE,,3,2026-10-06T12:38:19.276945+00:00,2026-10-06T12:38:29.278724+00:00,9.999434232711792,9.800554483313194,,,,
common,cross,2,warmup,A,heap_gc,A,OBSERVED,COMMON_OBSERVED_SLICE,,3,2026-10-06T09:22:30.658226+00:00,2026-10-06T09:22:40.824516+00:00,9.980047225952148,,430421606,438810214,0.0,
common,cross,2,warmup,A,heap_gc,B,OBSERVED,COMMON_OBSERVED_SLICE,,3,2026-10-06T11:53:26.182407+00:00,2026-10-06T11:53:36.314561+00:00,9.967777013778687,,320177219.6666667,329963929,0.0,
common,cross,2,warmup,A,heap_gc,C,OBSERVED,COMMON_OBSERVED_SLICE,,3,2026-10-06T12:38:19.279851+00:00,2026-10-06T12:38:29.453889+00:00,9.989344358444214,,284457403.3333333,294593638,0.0,
common,cross,2,warmup,A,tick,ALL_SUPPLIED,UNMEASURED,NO_COMMON_MEASUREMENT,Fewer than two contained real samples,,,,,,,,,
common,cross,2,warmup,B,cpu_rss,A,OBSERVED,COMMON_OBSERVED_SLICE,,3,2026-10-06T09:22:30.655917+00:00,2026-10-06T09:22:40.657679+00:00,10.000144243240356,9.199867298132881,,,,
common,cross,2,warmup,B,cpu_rss,B,OBSERVED,COMMON_OBSERVED_SLICE,,3,2026-10-06T11:53:26.179724+00:00,2026-10-06T11:53:36.180786+00:00,9.999485969543457,9.800503775742918,,,,
common,cross,2,warmup,B,cpu_rss,C,OBSERVED,COMMON_OBSERVED_SLICE,,3,2026-10-06T12:38:19.277083+00:00,2026-10-06T12:38:29.280202+00:00,10.000894784927368,10.79903371873996,,,,
common,cross,2,warmup,B,heap_gc,A,OBSERVED,COMMON_OBSERVED_SLICE,,3,2026-10-06T09:22:30.657445+00:00,2026-10-06T09:22:40.844807+00:00,9.973177671432495,,320904259.6666667,333836697,0.0,
common,cross,2,warmup,B,heap_gc,B,OBSERVED,COMMON_OBSERVED_SLICE,,3,2026-10-06T11:53:26.181749+00:00,2026-10-06T11:53:36.367859+00:00,9.973801851272583,,590274422.6666666,600061132,0.0,
common,cross,2,warmup,B,heap_gc,C,OBSERVED,COMMON_OBSERVED_SLICE,,3,2026-10-06T12:38:19.278384+00:00,2026-10-06T12:38:29.525643+00:00,10.020325183868408,,312419873.3333333,324653260,0.0,
common,cross,2,warmup,B,tick,ALL_SUPPLIED,UNMEASURED,NO_COMMON_MEASUREMENT,Fewer than two contained real samples,,,,,,,,,
common,cross,2,warmup,C,cpu_rss,A,OBSERVED,COMMON_OBSERVED_SLICE,,3,2026-10-06T09:22:30.655974+00:00,2026-10-06T09:22:40.658937+00:00,10.000073432922363,7.599944191388731,,,,
common,cross,2,warmup,C,cpu_rss,B,OBSERVED,COMMON_OBSERVED_SLICE,,3,2026-10-06T11:53:26.179914+00:00,2026-10-06T11:53:36.181572+00:00,10.00013542175293,7.799894372463152,,,,
common,cross,2,warmup,C,cpu_rss,C,OBSERVED,COMMON_OBSERVED_SLICE,,3,2026-10-06T12:38:19.277166+00:00,2026-10-06T12:38:29.279418+00:00,10.000086069107056,8.09993028462334,,,,
common,cross,2,warmup,C,heap_gc,A,OBSERVED,COMMON_OBSERVED_SLICE,,3,2026-10-06T09:22:30.658967+00:00,2026-10-06T09:22:40.839543+00:00,10.011577129364014,,372244480,374341632,0.0,
common,cross,2,warmup,C,heap_gc,B,OBSERVED,COMMON_OBSERVED_SLICE,,3,2026-10-06T11:53:26.181114+00:00,2026-10-06T11:53:36.381915+00:00,9.998003005981445,,247289173.33333334,249036800,0.0,
common,cross,2,warmup,C,heap_gc,C,OBSERVED,COMMON_OBSERVED_SLICE,,3,2026-10-06T12:38:19.279209+00:00,2026-10-06T12:38:29.564867+00:00,10.045407056808472,,264578764,266675916,0.0,
common,cross,2,warmup,C,tick,ALL_SUPPLIED,UNMEASURED,NO_COMMON_MEASUREMENT,Fewer than two contained real samples,,,,,,,,,
common,cross,3,low_flow,A,cpu_rss,A,OBSERVED,COMMON_OBSERVED_SLICE,,31,2026-10-06T09:46:40.655820+00:00,2026-10-06T09:49:10.656745+00:00,149.9995789527893,7.566687906218929,,,,
common,cross,3,low_flow,A,cpu_rss,B,OBSERVED,COMMON_OBSERVED_SLICE,,30,2026-10-06T12:17:56.179533+00:00,2026-10-06T12:20:21.181840+00:00,145.00002336502075,8.131033172539569,,,,
common,cross,3,low_flow,A,cpu_rss,C,OBSERVED,COMMON_OBSERVED_SLICE,,17,2026-10-06T12:57:24.276907+00:00,2026-10-06T12:58:44.280553+00:00,80.0007073879242,8.174927714435661,,,,
common,cross,3,low_flow,A,heap_gc,A,OBSERVED,COMMON_OBSERVED_SLICE,,30,2026-10-06T09:46:45.657625+00:00,2026-10-06T09:49:10.786429+00:00,145.00054788589478,,382779445.93333334,498629017,0.006999999999999895,
common,cross,3,low_flow,A,heap_gc,B,OBSERVED,COMMON_OBSERVED_SLICE,,29,2026-10-06T12:18:01.182040+00:00,2026-10-06T12:20:21.386589+00:00,139.98019313812256,,531640788.82758623,595748556,0.0,
common,cross,3,low_flow,A,heap_gc,C,OBSERVED,COMMON_OBSERVED_SLICE,,17,2026-10-06T12:57:24.279147+00:00,2026-10-06T12:58:44.470096+00:00,79.99138736724854,,386030471.5294118,424334336,0.0,
common,cross,3,low_flow,A,tick,ALL_SUPPLIED,UNMEASURED,NO_COMMON_MEASUREMENT,Fewer than two contained real samples,,,,,,,,,
common,cross,3,low_flow,B,cpu_rss,A,OBSERVED,COMMON_OBSERVED_SLICE,,31,2026-10-06T09:46:40.655934+00:00,2026-10-06T09:49:10.657511+00:00,150.00022649765015,9.26665267416632,,,,
common,cross,3,low_flow,B,cpu_rss,B,OBSERVED,COMMON_OBSERVED_SLICE,,30,2026-10-06T12:17:56.179685+00:00,2026-10-06T12:20:21.181155+00:00,145.00014090538025,8.682750183129565,,,,
common,cross,3,low_flow,B,cpu_rss,C,OBSERVED,COMMON_OBSERVED_SLICE,,17,2026-10-06T12:57:24.277030+00:00,2026-10-06T12:58:44.278497+00:00,79.99997472763062,8.825002787859132,,,,
common,cross,3,low_flow,B,heap_gc,A,OBSERVED,COMMON_OBSERVED_SLICE,,30,2026-10-06T09:46:45.657028+00:00,2026-10-06T09:49:10.825271+00:00,144.97655248641968,,345474852.96666664,443163443,0.03299999999999992,
common,cross,3,low_flow,B,heap_gc,B,OBSERVED,COMMON_OBSERVED_SLICE,,29,2026-10-06T12:18:01.182955+00:00,2026-10-06T12:20:21.329268+00:00,139.9763126373291,,476825924.4137931,693108736,0.004999999999999893,
common,cross,3,low_flow,B,heap_gc,C,OBSERVED,COMMON_OBSERVED_SLICE,,17,2026-10-06T12:57:24.278549+00:00,2026-10-06T12:58:44.469845+00:00,79.99207854270935,,309622036.88235295,488246579,0.007000000000000117,
common,cross,3,low_flow,B,tick,ALL_SUPPLIED,UNMEASURED,NO_COMMON_MEASUREMENT,Fewer than two contained real samples,,,,,,,,,
common,cross,3,low_flow,C,cpu_rss,A,OBSERVED,COMMON_OBSERVED_SLICE,,31,2026-10-06T09:46:40.655995+00:00,2026-10-06T09:49:10.658231+00:00,150.00046610832214,7.193310980919267,,,,
common,cross,3,low_flow,C,cpu_rss,B,OBSERVED,COMMON_OBSERVED_SLICE,,30,2026-10-06T12:17:56.179767+00:00,2026-10-06T12:20:21.182304+00:00,144.99958968162537,7.586228363923412,,,,
common,cross,3,low_flow,C,cpu_rss,C,OBSERVED,COMMON_OBSERVED_SLICE,,17,2026-10-06T12:57:24.277083+00:00,2026-10-06T12:58:44.279622+00:00,80.00087785720825,7.599916604480312,,,,
common,cross,3,low_flow,C,heap_gc,A,OBSERVED,COMMON_OBSERVED_SLICE,,30,2026-10-06T09:46:45.659216+00:00,2026-10-06T09:49:10.877654+00:00,145.00804448127747,,501195195.3333333,525487206,0.0,
common,cross,3,low_flow,C,heap_gc,B,OBSERVED,COMMON_OBSERVED_SLICE,,29,2026-10-06T12:18:01.181042+00:00,2026-10-06T12:20:21.371715+00:00,140.0131242275238,,288241501.17241377,309068390,0.0,
common,cross,3,low_flow,C,heap_gc,C,OBSERVED,COMMON_OBSERVED_SLICE,,17,2026-10-06T12:57:24.278052+00:00,2026-10-06T12:58:44.465376+00:00,79.97604489326477,,298284175.7647059,312717516,0.0,
common,cross,3,low_flow,C,tick,ALL_SUPPLIED,UNMEASURED,NO_COMMON_MEASUREMENT,Fewer than two contained real samples,,,,,,,,,
common,cross,3,steady,A,cpu_rss,A,OBSERVED,COMMON_OBSERVED_SLICE,,22,2026-10-06T09:50:05.655821+00:00,2026-10-06T09:51:50.656976+00:00,104.99945592880249,9.48576343743496,,,,
common,cross,3,steady,A,cpu_rss,B,OBSERVED,COMMON_OBSERVED_SLICE,,21,2026-10-06T12:21:21.179509+00:00,2026-10-06T12:23:01.180986+00:00,99.99988198280334,8.47000999606838,,,,
common,cross,3,steady,A,cpu_rss,C,OBSERVED,COMMON_OBSERVED_SLICE,,21,2026-10-06T12:59:34.276908+00:00,2026-10-06T13:01:14.278056+00:00,99.9992926120758,8.94006324092778,,,,
common,cross,3,steady,A,heap_gc,A,OBSERVED,COMMON_OBSERVED_SLICE,,22,2026-10-06T09:50:05.658086+00:00,2026-10-06T09:51:50.818235+00:00,104.99037027359009,,386498652.3636364,491771084,0.018999999999999906,
common,cross,3,steady,A,heap_gc,B,OBSERVED,COMMON_OBSERVED_SLICE,,21,2026-10-06T12:21:21.181261+00:00,2026-10-06T12:23:01.384027+00:00,99.96009516716003,,382666717.6666667,479485235,0.0,
common,cross,3,steady,A,heap_gc,C,OBSERVED,COMMON_OBSERVED_SLICE,,21,2026-10-06T12:59:34.279484+00:00,2026-10-06T13:01:14.460936+00:00,100.01334834098816,,347889365.9047619,448582348,0.0009999999999998899,
common,cross,3,steady,A,tick,ALL_SUPPLIED,UNMEASURED,NO_COMMON_MEASUREMENT,Fewer than two contained real samples,,,,,,,,,
common,cross,3,steady,B,cpu_rss,A,OBSERVED,COMMON_OBSERVED_SLICE,,22,2026-10-06T09:50:05.655929+00:00,2026-10-06T09:51:50.658736+00:00,105.00140857696533,9.80939221634363,,,,
common,cross,3,steady,B,cpu_rss,B,OBSERVED,COMMON_OBSERVED_SLICE,,21,2026-10-06T12:21:21.180001+00:00,2026-10-06T12:23:01.181879+00:00,99.9994649887085,8.860047402253992,,,,
common,cross,3,steady,B,cpu_rss,C,OBSERVED,COMMON_OBSERVED_SLICE,,21,2026-10-06T12:59:34.277059+00:00,2026-10-06T13:01:14.279490+00:00,100.00133681297302,10.5298592354757,,,,
common,cross,3,steady,B,heap_gc,A,OBSERVED,COMMON_OBSERVED_SLICE,,22,2026-10-06T09:50:05.657318+00:00,2026-10-06T09:51:50.903553+00:00,105.02195858955383,,348118583.3181818,440423731,0.029000000000000137,
common,cross,3,steady,B,heap_gc,B,OBSERVED,COMMON_OBSERVED_SLICE,,21,2026-10-06T12:21:21.182621+00:00,2026-10-06T12:23:01.352679+00:00,99.98781895637512,,393195558.85714287,687365324,0.0050000000000001155,
common,cross,3,steady,B,heap_gc,C,OBSERVED,COMMON_OBSERVED_SLICE,,21,2026-10-06T12:59:34.278135+00:00,2026-10-06T13:01:14.452802+00:00,99.97277522087097,,369781076.8095238,487900979,0.02200000000000002,
common,cross,3,steady,B,tick,ALL_SUPPLIED,UNMEASURED,NO_COMMON_MEASUREMENT,Fewer than two contained real samples,,,,,,,,,
common,cross,3,steady,C,cpu_rss,A,OBSERVED,COMMON_OBSERVED_SLICE,,22,2026-10-06T09:50:05.656130+00:00,2026-10-06T09:51:50.659435+00:00,105.0019416809082,7.361768626613419,,,,
common,cross,3,steady,C,cpu_rss,B,OBSERVED,COMMON_OBSERVED_SLICE,,21,2026-10-06T12:21:21.180142+00:00,2026-10-06T12:23:01.182795+00:00,100.00024175643921,7.349982230944699,,,,
common,cross,3,steady,C,cpu_rss,C,OBSERVED,COMMON_OBSERVED_SLICE,,21,2026-10-06T12:59:34.277131+00:00,2026-10-06T13:01:14.280088+00:00,100.00136113166809,8.329886619275321,,,,
common,cross,3,steady,C,heap_gc,A,OBSERVED,COMMON_OBSERVED_SLICE,,22,2026-10-06T09:50:05.656809+00:00,2026-10-06T09:51:50.794944+00:00,104.94231843948364,,361811483.40909094,560090214,0.01200000000000001,
common,cross,3,steady,C,heap_gc,B,OBSERVED,COMMON_OBSERVED_SLICE,,21,2026-10-06T12:21:21.181922+00:00,2026-10-06T12:23:01.426694+00:00,100.03474855422974,,344470313.04761904,360448614,0.0,
common,cross,3,steady,C,heap_gc,C,OBSERVED,COMMON_OBSERVED_SLICE,,21,2026-10-06T12:59:34.278800+00:00,2026-10-06T13:01:14.538789+00:00,100.03361654281616,,353212522.47619045,373534924,0.0,
common,cross,3,steady,C,tick,ALL_SUPPLIED,UNMEASURED,NO_COMMON_MEASUREMENT,Fewer than two contained real samples,,,,,,,,,
common,cross,3,warmup,A,cpu_rss,A,OBSERVED,COMMON_OBSERVED_SLICE,,3,2026-10-06T09:49:35.655796+00:00,2026-10-06T09:49:45.656646+00:00,9.999142169952393,9.800840745568518,,,,
common,cross,3,warmup,A,cpu_rss,B,OBSERVED,COMMON_OBSERVED_SLICE,,3,2026-10-06T12:20:51.179521+00:00,2026-10-06T12:21:01.181902+00:00,9.99994945526123,7.900039930545661,,,,
common,cross,3,warmup,A,cpu_rss,C,OBSERVED,COMMON_OBSERVED_SLICE,,3,2026-10-06T12:59:04.276910+00:00,2026-10-06T12:59:14.278099+00:00,9.99966049194336,13.400454956242347,,,,
common,cross,3,warmup,A,heap_gc,A,OBSERVED,COMMON_OBSERVED_SLICE,,3,2026-10-06T09:49:35.658359+00:00,2026-10-06T09:49:45.859878+00:00,9.994699478149414,,299881676,308270284,0.0,
common,cross,3,warmup,A,heap_gc,B,OBSERVED,COMMON_OBSERVED_SLICE,,3,2026-10-06T12:20:51.182039+00:00,2026-10-06T12:21:01.364680+00:00,9.984556436538696,,509109145,647128780,0.006000000000000005,
common,cross,3,warmup,A,heap_gc,C,OBSERVED,COMMON_OBSERVED_SLICE,,3,2026-10-06T12:59:04.278796+00:00,2026-10-06T12:59:14.615659+00:00,10.062751531600952,,316767709.3333333,453694464,0.013000000000000123,
common,cross,3,warmup,A,tick,ALL_SUPPLIED,UNMEASURED,NO_COMMON_MEASUREMENT,Fewer than two contained real samples,,,,,,,,,
common,cross,3,warmup,B,cpu_rss,A,OBSERVED,COMMON_OBSERVED_SLICE,,3,2026-10-06T09:49:35.655902+00:00,2026-10-06T09:49:45.657880+00:00,10.000645875930786,8.999418749203656,,,,
common,cross,3,warmup,B,cpu_rss,B,OBSERVED,COMMON_OBSERVED_SLICE,,3,2026-10-06T12:20:51.179640+00:00,2026-10-06T12:21:01.181114+00:00,9.999871492385864,8.000102807412576,,,,
common,cross,3,warmup,B,cpu_rss,C,OBSERVED,COMMON_OBSERVED_SLICE,,3,2026-10-06T12:59:04.277017+00:00,2026-10-06T12:59:14.279866+00:00,10.001667737960815,10.898182468739332,,,,
common,cross,3,warmup,B,heap_gc,A,OBSERVED,COMMON_OBSERVED_SLICE,,3,2026-10-06T09:49:35.657566+00:00,2026-10-06T09:49:45.814301+00:00,9.982950210571289,,353042397.6666667,365974835,0.0,
common,cross,3,warmup,B,heap_gc,B,OBSERVED,COMMON_OBSERVED_SLICE,,3,2026-10-06T12:20:51.181432+00:00,2026-10-06T12:21:01.372400+00:00,10.024728775024414,,600683041.3333334,610819276,0.0,
common,cross,3,warmup,B,heap_gc,C,OBSERVED,COMMON_OBSERVED_SLICE,,3,2026-10-06T12:59:04.277944+00:00,2026-10-06T12:59:14.452305+00:00,9.95172119140625,,384091955,396674867,0.0,
common,cross,3,warmup,B,tick,ALL_SUPPLIED,UNMEASURED,NO_COMMON_MEASUREMENT,Fewer than two contained real samples,,,,,,,,,
common,cross,3,warmup,C,cpu_rss,A,OBSERVED,COMMON_OBSERVED_SLICE,,3,2026-10-06T09:49:35.655970+00:00,2026-10-06T09:49:45.658400+00:00,10.001251220703125,7.399074212516226,,,,
common,cross,3,warmup,C,cpu_rss,B,OBSERVED,COMMON_OBSERVED_SLICE,,3,2026-10-06T12:20:51.179798+00:00,2026-10-06T12:21:01.182354+00:00,10.000849962234497,6.9994050770019465,,,,
common,cross,3,warmup,C,cpu_rss,C,OBSERVED,COMMON_OBSERVED_SLICE,,3,2026-10-06T12:59:04.277108+00:00,2026-10-06T12:59:14.280430+00:00,10.001241445541382,7.699044205589625,,,,
common,cross,3,warmup,C,heap_gc,A,OBSERVED,COMMON_OBSERVED_SLICE,,3,2026-10-06T09:49:35.656958+00:00,2026-10-06T09:49:45.948787+00:00,10.042415618896484,,537720592.6666666,539118694,0.0,
common,cross,3,warmup,C,heap_gc,B,OBSERVED,COMMON_OBSERVED_SLICE,,3,2026-10-06T12:20:51.180779+00:00,2026-10-06T12:21:01.409743+00:00,9.998430967330933,,319903675.3333333,321651302,0.0,
common,cross,3,warmup,C,heap_gc,C,OBSERVED,COMMON_OBSERVED_SLICE,,3,2026-10-06T12:59:04.279319+00:00,2026-10-06T12:59:14.463226+00:00,9.992587089538574,,322154700,324251852,0.0,
common,cross,3,warmup,C,tick,ALL_SUPPLIED,UNMEASURED,NO_COMMON_MEASUREMENT,Fewer than two contained real samples,,,,,,,,,
common,mixed,1,low_flow,A,cpu_rss,A,OBSERVED,COMMON_OBSERVED_SLICE,,27,2026-10-06T09:14:20.655827+00:00,2026-10-06T09:16:30.656932+00:00,129.99991655349731,8.346159203521518,,,,
common,mixed,1,low_flow,A,cpu_rss,B,OBSERVED,COMMON_OBSERVED_SLICE,,31,2026-10-06T11:45:06.179544+00:00,2026-10-06T11:47:36.182003+00:00,150.00079536437988,9.213284480544688,,,,
common,mixed,1,low_flow,A,cpu_rss,C,OBSERVED,COMMON_OBSERVED_SLICE,,17,2026-10-06T12:32:29.276891+00:00,2026-10-06T12:33:49.279109+00:00,80.00048160552979,9.387443486941333,,,,
common,mixed,1,low_flow,A,heap_gc,A,OBSERVED,COMMON_OBSERVED_SLICE,,27,2026-10-06T09:14:20.657089+00:00,2026-10-06T09:16:30.830818+00:00,129.96390175819397,,359956187.7037037,487130214,0.006000000000000005,
common,mixed,1,low_flow,A,heap_gc,B,OBSERVED,COMMON_OBSERVED_SLICE,,31,2026-10-06T11:45:06.180936+00:00,2026-10-06T11:47:36.389626+00:00,149.97300148010254,,416527967.1935484,612408729,0.03600000000000003,
common,mixed,1,low_flow,A,heap_gc,C,OBSERVED,COMMON_OBSERVED_SLICE,,17,2026-10-06T12:32:29.278142+00:00,2026-10-06T12:33:49.491883+00:00,80.03194880485535,,348083910.1764706,443505049,0.004999999999999893,
common,mixed,1,low_flow,A,tick,ALL_SUPPLIED,UNMEASURED,NO_COMMON_MEASUREMENT,Fewer than two contained real samples,,,,,,,,,
common,mixed,1,low_flow,B,cpu_rss,A,OBSERVED,COMMON_OBSERVED_SLICE,,27,2026-10-06T09:14:20.655932+00:00,2026-10-06T09:16:30.659072+00:00,130.00049829483032,8.06919983968796,,,,
common,mixed,1,low_flow,B,cpu_rss,B,OBSERVED,COMMON_OBSERVED_SLICE,,31,2026-10-06T11:45:06.179681+00:00,2026-10-06T11:47:36.183634+00:00,150.0013303756714,8.49992461271391,,,,
common,mixed,1,low_flow,B,cpu_rss,C,OBSERVED,COMMON_OBSERVED_SLICE,,17,2026-10-06T12:32:29.276996+00:00,2026-10-06T12:33:49.279659+00:00,80.00007200241089,9.81249116846223,,,,
common,mixed,1,low_flow,B,heap_gc,A,OBSERVED,COMMON_OBSERVED_SLICE,,27,2026-10-06T09:14:20.658129+00:00,2026-10-06T09:16:30.900349+00:00,130.00729036331177,,352317382.3703704,436120166,0.006000000000000005,
common,mixed,1,low_flow,B,heap_gc,B,OBSERVED,COMMON_OBSERVED_SLICE,,31,2026-10-06T11:45:06.181634+00:00,2026-10-06T11:47:36.447830+00:00,150.00561475753784,,475328987.3548387,683671552,0.0039999999999997815,
common,mixed,1,low_flow,B,heap_gc,C,OBSERVED,COMMON_OBSERVED_SLICE,,17,2026-10-06T12:32:29.279528+00:00,2026-10-06T12:33:49.482016+00:00,80.00999474525452,,301721292.2352941,489495040,0.07800000000000007,
common,mixed,1,low_flow,B,tick,ALL_SUPPLIED,UNMEASURED,NO_COMMON_MEASUREMENT,Fewer than two contained real samples,,,,,,,,,
common,mixed,1,low_flow,C,cpu_rss,A,OBSERVED,COMMON_OBSERVED_SLICE,,27,2026-10-06T09:14:20.656033+00:00,2026-10-06T09:16:30.657738+00:00,130.00016164779663,7.230760239719526,,,,
common,mixed,1,low_flow,C,cpu_rss,B,OBSERVED,COMMON_OBSERVED_SLICE,,31,2026-10-06T11:45:06.179724+00:00,2026-10-06T11:47:36.182711+00:00,150.00044870376587,7.473310977981466,,,,
common,mixed,1,low_flow,C,cpu_rss,C,OBSERVED,COMMON_OBSERVED_SLICE,,17,2026-10-06T12:32:29.277271+00:00,2026-10-06T12:33:49.278663+00:00,79.99974656105042,8.412526650773977,,,,
common,mixed,1,low_flow,C,heap_gc,A,OBSERVED,COMMON_OBSERVED_SLICE,,27,2026-10-06T09:14:20.657491+00:00,2026-10-06T09:16:30.853687+00:00,130.02811479568481,,243036615.1111111,262144000,0.0,
common,mixed,1,low_flow,C,heap_gc,B,OBSERVED,COMMON_OBSERVED_SLICE,,31,2026-10-06T11:45:06.182482+00:00,2026-10-06T11:47:36.338368+00:00,149.9998688697815,,328745488.516129,353370112,0.0,
common,mixed,1,low_flow,C,heap_gc,C,OBSERVED,COMMON_OBSERVED_SLICE,,17,2026-10-06T12:32:29.279027+00:00,2026-10-06T12:33:49.433361+00:00,79.9638442993164,,348310641.64705884,361572044,0.0,
common,mixed,1,low_flow,C,tick,ALL_SUPPLIED,UNMEASURED,NO_COMMON_MEASUREMENT,Fewer than two contained real samples,,,,,,,,,
common,mixed,1,steady,A,cpu_rss,A,OBSERVED,COMMON_OBSERVED_SLICE,,21,2026-10-06T09:17:30.655783+00:00,2026-10-06T09:19:10.659096+00:00,100.00101280212402,8.749911380711687,,,,
common,mixed,1,steady,A,cpu_rss,B,OBSERVED,COMMON_OBSERVED_SLICE,,21,2026-10-06T11:48:31.179589+00:00,2026-10-06T11:50:11.181369+00:00,99.99983096122742,9.870016684155033,,,,
common,mixed,1,steady,A,cpu_rss,C,OBSERVED,COMMON_OBSERVED_SLICE,,21,2026-10-06T12:34:39.277097+00:00,2026-10-06T12:36:19.280605+00:00,100.00048851966858,10.869946898171442,,,,
common,mixed,1,steady,A,heap_gc,A,OBSERVED,COMMON_OBSERVED_SLICE,,21,2026-10-06T09:17:30.657113+00:00,2026-10-06T09:19:10.805834+00:00,99.99949669837952,,345746168.28571427,482279014,0.0029999999999998916,
common,mixed,1,steady,A,heap_gc,B,OBSERVED,COMMON_OBSERVED_SLICE,,21,2026-10-06T11:48:31.181668+00:00,2026-10-06T11:50:11.327822+00:00,99.95984196662903,,414053102.3333333,613981593,0.010999999999999899,
common,mixed,1,steady,A,heap_gc,C,OBSERVED,COMMON_OBSERVED_SLICE,,21,2026-10-06T12:34:39.279752+00:00,2026-10-06T12:36:19.517502+00:00,100.02395057678223,,330527568.04761904,441930649,0.02300000000000013,
common,mixed,1,steady,A,tick,ALL_SUPPLIED,UNMEASURED,NO_COMMON_MEASUREMENT,Fewer than two contained real samples,,,,,,,,,
common,mixed,1,steady,B,cpu_rss,A,OBSERVED,COMMON_OBSERVED_SLICE,,21,2026-10-06T09:17:30.655944+00:00,2026-10-06T09:19:10.657514+00:00,99.99949407577515,8.130041131847571,,,,
common,mixed,1,steady,B,cpu_rss,B,OBSERVED,COMMON_OBSERVED_SLICE,,21,2026-10-06T11:48:31.179751+00:00,2026-10-06T11:50:11.180635+00:00,99.99884700775146,8.990103655198274,,,,
common,mixed,1,steady,B,cpu_rss,C,OBSERVED,COMMON_OBSERVED_SLICE,,21,2026-10-06T12:34:39.277251+00:00,2026-10-06T12:36:19.279243+00:00,100.0000262260437,10.299997298718203,,,,
common,mixed,1,steady,B,heap_gc,A,OBSERVED,COMMON_OBSERVED_SLICE,,21,2026-10-06T09:17:30.658537+00:00,2026-10-06T09:19:10.843261+00:00,99.97814750671387,,337020815.5714286,426347827,0.0040000000000000036,
common,mixed,1,steady,B,heap_gc,B,OBSERVED,COMMON_OBSERVED_SLICE,,21,2026-10-06T11:48:31.182858+00:00,2026-10-06T11:50:11.413584+00:00,100.01860404014587,,382380714.6666667,475004928,0.0,
common,mixed,1,steady,B,heap_gc,C,OBSERVED,COMMON_OBSERVED_SLICE,,21,2026-10-06T12:34:39.279288+00:00,2026-10-06T12:36:19.503301+00:00,100.03188514709473,,360171739.0952381,485807001,0.006999999999999895,
common,mixed,1,steady,B,tick,ALL_SUPPLIED,UNMEASURED,NO_COMMON_MEASUREMENT,Fewer than two contained real samples,,,,,,,,,
common,mixed,1,steady,C,cpu_rss,A,OBSERVED,COMMON_OBSERVED_SLICE,,21,2026-10-06T09:17:30.656289+00:00,2026-10-06T09:19:10.658561+00:00,100.00032210350037,6.979977517248082,,,,
common,mixed,1,steady,C,cpu_rss,B,OBSERVED,COMMON_OBSERVED_SLICE,,21,2026-10-06T11:48:31.179922+00:00,2026-10-06T11:50:11.181930+00:00,100.00042867660522,7.5999674207176575,,,,
common,mixed,1,steady,C,cpu_rss,C,OBSERVED,COMMON_OBSERVED_SLICE,,21,2026-10-06T12:34:39.277385+00:00,2026-10-06T12:36:19.279896+00:00,100.00114107131958,8.709900613822139,,,,
common,mixed,1,steady,C,heap_gc,A,OBSERVED,COMMON_OBSERVED_SLICE,,21,2026-10-06T09:17:30.657778+00:00,2026-10-06T09:19:10.880605+00:00,100.02070784568787,,295548635.4285714,310378496,0.0,
common,mixed,1,steady,C,heap_gc,B,OBSERVED,COMMON_OBSERVED_SLICE,,21,2026-10-06T11:48:31.180871+00:00,2026-10-06T11:50:11.389903+00:00,100.01748824119568,,391418441.14285713,408944640,0.0,
common,mixed,1,steady,C,heap_gc,C,OBSERVED,COMMON_OBSERVED_SLICE,,21,2026-10-06T12:34:39.278529+00:00,2026-10-06T12:36:19.491576+00:00,99.98007082939148,,374978837.14285713,418195148,0.026000000000000023,
common,mixed,1,steady,C,tick,ALL_SUPPLIED,UNMEASURED,NO_COMMON_MEASUREMENT,Fewer than two contained real samples,,,,,,,,,
common,mixed,1,warmup,A,cpu_rss,A,OBSERVED,COMMON_OBSERVED_SLICE,,4,2026-10-06T09:16:55.655852+00:00,2026-10-06T09:17:10.658901+00:00,14.999679803848267,8.800187852418945,,,,
common,mixed,1,warmup,A,cpu_rss,B,OBSERVED,COMMON_OBSERVED_SLICE,,4,2026-10-06T11:47:56.179551+00:00,2026-10-06T11:48:11.180883+00:00,14.999252319335938,9.00044863076057,,,,
common,mixed,1,warmup,A,cpu_rss,C,OBSERVED,COMMON_OBSERVED_SLICE,,4,2026-10-06T12:34:04.276937+00:00,2026-10-06T12:34:19.279422+00:00,14.99756908416748,10.601718125629588,,,,
common,mixed,1,warmup,A,heap_gc,A,OBSERVED,COMMON_OBSERVED_SLICE,,4,2026-10-06T09:16:55.659506+00:00,2026-10-06T09:17:10.866545+00:00,15.03446626663208,,420413952,440336896,0.0,
common,mixed,1,warmup,A,heap_gc,B,OBSERVED,COMMON_OBSERVED_SLICE,,4,2026-10-06T11:47:56.182461+00:00,2026-10-06T11:48:11.421062+00:00,15.03931450843811,,468229529,489201049,0.0,
common,mixed,1,warmup,A,heap_gc,C,OBSERVED,COMMON_OBSERVED_SLICE,,4,2026-10-06T12:34:04.284269+00:00,2026-10-06T12:34:19.532023+00:00,15.027447938919067,,358044569,381113241,0.0,
common,mixed,1,warmup,A,tick,ALL_SUPPLIED,UNMEASURED,NO_COMMON_MEASUREMENT,Fewer than two contained real samples,,,,,,,,,
common,mixed,1,warmup,B,cpu_rss,A,OBSERVED,COMMON_OBSERVED_SLICE,,4,2026-10-06T09:16:55.657624+00:00,2026-10-06T09:17:10.657939+00:00,14.998905897140503,7.333868267082774,,,,
common,mixed,1,warmup,B,cpu_rss,B,OBSERVED,COMMON_OBSERVED_SLICE,,4,2026-10-06T11:47:56.179714+00:00,2026-10-06T11:48:11.182457+00:00,14.99955129623413,8.333582620660337,,,,
common,mixed,1,warmup,B,cpu_rss,C,OBSERVED,COMMON_OBSERVED_SLICE,,4,2026-10-06T12:34:04.277100+00:00,2026-10-06T12:34:19.278246+00:00,14.996538162231445,10.66912898624544,,,,
common,mixed,1,warmup,B,heap_gc,A,OBSERVED,COMMON_OBSERVED_SLICE,,4,2026-10-06T09:16:55.658426+00:00,2026-10-06T09:17:10.858157+00:00,14.983216524124146,,297635123,308907315,0.0,
common,mixed,1,warmup,B,heap_gc,B,OBSERVED,COMMON_OBSERVED_SLICE,,4,2026-10-06T11:47:56.183384+00:00,2026-10-06T11:48:11.366855+00:00,14.997722148895264,,573327948.5,690337894,0.007000000000000117,
common,mixed,1,warmup,B,heap_gc,C,OBSERVED,COMMON_OBSERVED_SLICE,,4,2026-10-06T12:34:04.285121+00:00,2026-10-06T12:34:19.449031+00:00,14.960052490234375,,371774361,386192281,0.0,
common,mixed,1,warmup,B,tick,ALL_SUPPLIED,UNMEASURED,NO_COMMON_MEASUREMENT,Fewer than two contained real samples,,,,,,,,,
common,mixed,1,warmup,C,cpu_rss,A,OBSERVED,COMMON_OBSERVED_SLICE,,4,2026-10-06T09:16:55.658700+00:00,2026-10-06T09:17:10.657252+00:00,14.996742725372314,6.934839245061282,,,,
common,mixed,1,warmup,C,cpu_rss,B,OBSERVED,COMMON_OBSERVED_SLICE,,4,2026-10-06T11:47:56.179795+00:00,2026-10-06T11:48:11.181653+00:00,15.000181674957275,7.999903107862997,,,,
common,mixed,1,warmup,C,cpu_rss,C,OBSERVED,COMMON_OBSERVED_SLICE,,4,2026-10-06T12:34:04.277150+00:00,2026-10-06T12:34:19.278896+00:00,14.996782064437866,8.135078543903138,,,,
common,mixed,1,warmup,C,heap_gc,A,OBSERVED,COMMON_OBSERVED_SLICE,,4,2026-10-06T09:16:55.661057+00:00,2026-10-06T09:17:10.829489+00:00,14.978475570678711,,272105472,274726912,0.0,
common,mixed,1,warmup,C,heap_gc,B,OBSERVED,COMMON_OBSERVED_SLICE,,4,2026-10-06T11:47:56.181292+00:00,2026-10-06T11:48:11.393313+00:00,15.018904685974121,,362545152,364904448,0.0,
common,mixed,1,warmup,C,heap_gc,C,OBSERVED,COMMON_OBSERVED_SLICE,,4,2026-10-06T12:34:04.285543+00:00,2026-10-06T12:34:19.508558+00:00,15.014621257781982,,371533516,374154956,0.0,
common,mixed,1,warmup,C,tick,ALL_SUPPLIED,UNMEASURED,NO_COMMON_MEASUREMENT,Fewer than two contained real samples,,,,,,,,,
common,mixed,2,low_flow,A,cpu_rss,A,OBSERVED,COMMON_OBSERVED_SLICE,,27,2026-10-06T09:25:05.655831+00:00,2026-10-06T09:27:15.657135+00:00,129.99968123435974,8.361558964443825,,,,
common,mixed,2,low_flow,A,cpu_rss,B,OBSERVED,COMMON_OBSERVED_SLICE,,30,2026-10-06T11:56:01.179535+00:00,2026-10-06T11:58:26.183315+00:00,145.0006308555603,8.868926930952622,,,,
common,mixed,2,low_flow,A,cpu_rss,C,OBSERVED,COMMON_OBSERVED_SLICE,,17,2026-10-06T12:40:49.276952+00:00,2026-10-06T12:42:09.278650+00:00,80.00028014183044,10.212464238269707,,,,
common,mixed,2,low_flow,A,heap_gc,A,OBSERVED,COMMON_OBSERVED_SLICE,,27,2026-10-06T09:25:05.657763+00:00,2026-10-06T09:27:15.779239+00:00,129.94317293167114,,379350193.8518519,488816742,0.015000000000000124,
common,mixed,2,low_flow,A,heap_gc,B,OBSERVED,COMMON_OBSERVED_SLICE,,30,2026-10-06T11:56:01.182047+00:00,2026-10-06T11:58:26.420684+00:00,145.00321412086487,,419320080.46666664,616225177,0.02400000000000002,
common,mixed,2,low_flow,A,heap_gc,C,OBSERVED,COMMON_OBSERVED_SLICE,,17,2026-10-06T12:40:49.278198+00:00,2026-10-06T12:42:09.500569+00:00,79.99709415435791,,359981820.5882353,439518310,0.053999999999999826,
common,mixed,2,low_flow,A,tick,ALL_SUPPLIED,UNMEASURED,NO_COMMON_MEASUREMENT,Fewer than two contained real samples,,,,,,,,,
common,mixed,2,low_flow,B,cpu_rss,A,OBSERVED,COMMON_OBSERVED_SLICE,,27,2026-10-06T09:25:05.655949+00:00,2026-10-06T09:27:15.657894+00:00,129.99941873550415,8.500038005925441,,,,
common,mixed,2,low_flow,B,cpu_rss,B,OBSERVED,COMMON_OBSERVED_SLICE,,30,2026-10-06T11:56:01.179645+00:00,2026-10-06T11:58:26.181964+00:00,145.00054740905762,8.37927871108233,,,,
common,mixed,2,low_flow,B,cpu_rss,C,OBSERVED,COMMON_OBSERVED_SLICE,,17,2026-10-06T12:40:49.277157+00:00,2026-10-06T12:42:09.280476+00:00,80.00093603134155,8.887396013984809,,,,
common,mixed,2,low_flow,B,heap_gc,A,OBSERVED,COMMON_OBSERVED_SLICE,,27,2026-10-06T09:25:05.659077+00:00,2026-10-06T09:27:15.858322+00:00,129.99675011634827,,329636833.2592593,429663027,0.03299999999999992,
common,mixed,2,low_flow,B,heap_gc,B,OBSERVED,COMMON_OBSERVED_SLICE,,30,2026-10-06T11:56:01.180863+00:00,2026-10-06T11:58:26.317158+00:00,144.9382882118225,,469342617.6,684720128,0.006000000000000005,
common,mixed,2,low_flow,B,heap_gc,C,OBSERVED,COMMON_OBSERVED_SLICE,,17,2026-10-06T12:40:49.278960+00:00,2026-10-06T12:42:09.489351+00:00,80.02007532119751,,440298453.64705884,492869939,0.0040000000000000036,
common,mixed,2,low_flow,B,tick,ALL_SUPPLIED,UNMEASURED,NO_COMMON_MEASUREMENT,Fewer than two contained real samples,,,,,,,,,
common,mixed,2,low_flow,C,cpu_rss,A,OBSERVED,COMMON_OBSERVED_SLICE,,27,2026-10-06T09:25:05.656010+00:00,2026-10-06T09:27:15.658591+00:00,130.00075936317444,7.253803782527182,,,,
common,mixed,2,low_flow,C,cpu_rss,B,OBSERVED,COMMON_OBSERVED_SLICE,,30,2026-10-06T11:56:01.179808+00:00,2026-10-06T11:58:26.182476+00:00,144.99955320358276,7.303470780445369,,,,
common,mixed,2,low_flow,C,cpu_rss,C,OBSERVED,COMMON_OBSERVED_SLICE,,17,2026-10-06T12:40:49.279160+00:00,2026-10-06T12:42:09.279701+00:00,79.9990804195404,8.025092246475188,,,,
common,mixed,2,low_flow,C,heap_gc,A,OBSERVED,COMMON_OBSERVED_SLICE,,27,2026-10-06T09:25:05.657079+00:00,2026-10-06T09:27:15.864684+00:00,129.9954891204834,,439197999.4074074,458227712,0.0,
common,mixed,2,low_flow,C,heap_gc,B,OBSERVED,COMMON_OBSERVED_SLICE,,30,2026-10-06T11:56:01.183296+00:00,2026-10-06T11:58:26.389543+00:00,144.986811876297,,325582848,348651520,0.0,
common,mixed,2,low_flow,C,heap_gc,C,OBSERVED,COMMON_OBSERVED_SLICE,,17,2026-10-06T12:40:49.279988+00:00,2026-10-06T12:42:09.488977+00:00,79.96583962440491,,338225807.7647059,351610572,0.0,
common,mixed,2,low_flow,C,tick,ALL_SUPPLIED,UNMEASURED,NO_COMMON_MEASUREMENT,Fewer than two contained real samples,,,,,,,,,
common,mixed,2,steady,A,cpu_rss,A,OBSERVED,COMMON_OBSERVED_SLICE,,21,2026-10-06T09:28:10.655918+00:00,2026-10-06T09:29:50.656761+00:00,99.99894285202026,9.120096412914984,,,,
common,mixed,2,steady,A,cpu_rss,B,OBSERVED,COMMON_OBSERVED_SLICE,,21,2026-10-06T11:59:26.179570+00:00,2026-10-06T12:01:06.181075+00:00,99.99922513961792,10.4100806635908,,,,
common,mixed,2,steady,A,cpu_rss,C,OBSERVED,COMMON_OBSERVED_SLICE,,21,2026-10-06T12:42:59.276954+00:00,2026-10-06T12:44:39.280328+00:00,100.00001001358032,10.989998899507642,,,,
common,mixed,2,steady,A,heap_gc,A,OBSERVED,COMMON_OBSERVED_SLICE,,20,2026-10-06T09:28:10.658734+00:00,2026-10-06T09:29:50.786227+00:00,99.98306775093079,,370686975.7,490878464,0.006999999999999895,
common,mixed,2,steady,A,heap_gc,B,OBSERVED,COMMON_OBSERVED_SLICE,,21,2026-10-06T11:59:26.182597+00:00,2026-10-06T12:01:06.403105+00:00,99.98266768455505,,441144095.28571427,625138073,0.03200000000000003,
common,mixed,2,steady,A,heap_gc,C,OBSERVED,COMMON_OBSERVED_SLICE,,21,2026-10-06T12:42:59.280291+00:00,2026-10-06T12:44:39.448801+00:00,99.98114681243896,,342828587.52380955,442799718,0.01200000000000001,
common,mixed,2,steady,A,tick,ALL_SUPPLIED,UNMEASURED,NO_COMMON_MEASUREMENT,Fewer than two contained real samples,,,,,,,,,
common,mixed,2,steady,B,cpu_rss,A,OBSERVED,COMMON_OBSERVED_SLICE,,21,2026-10-06T09:28:10.656016+00:00,2026-10-06T09:29:50.658024+00:00,100.00048089027405,7.7599626830941775,,,,
common,mixed,2,steady,B,cpu_rss,B,OBSERVED,COMMON_OBSERVED_SLICE,,21,2026-10-06T11:59:26.179694+00:00,2026-10-06T12:01:06.181729+00:00,100.00033831596375,8.519971175577416,,,,
common,mixed,2,steady,B,cpu_rss,C,OBSERVED,COMMON_OBSERVED_SLICE,,21,2026-10-06T12:42:59.277059+00:00,2026-10-06T12:44:39.281264+00:00,100.00156998634338,9.929844102803674,,,,
common,mixed,2,steady,B,heap_gc,A,OBSERVED,COMMON_OBSERVED_SLICE,,21,2026-10-06T09:28:10.656939+00:00,2026-10-06T09:29:50.827979+00:00,99.97198557853699,,320901655.9047619,427962572,0.0040000000000000036,
common,mixed,2,steady,B,heap_gc,B,OBSERVED,COMMON_OBSERVED_SLICE,,21,2026-10-06T11:59:26.181053+00:00,2026-10-06T12:01:06.392314+00:00,99.98658871650696,,546561696.7619047,688914432,0.0040000000000000036,
common,mixed,2,steady,B,heap_gc,C,OBSERVED,COMMON_OBSERVED_SLICE,,21,2026-10-06T12:42:59.278247+00:00,2026-10-06T12:44:39.494865+00:00,100.00690507888794,,380667050.47619045,491492864,0.01200000000000001,
common,mixed,2,steady,B,tick,ALL_SUPPLIED,UNMEASURED,NO_COMMON_MEASUREMENT,Fewer than two contained real samples,,,,,,,,,
common,mixed,2,steady,C,cpu_rss,A,OBSERVED,COMMON_OBSERVED_SLICE,,21,2026-10-06T09:28:10.656067+00:00,2026-10-06T09:29:50.657273+00:00,99.99967694282532,6.860022161793763,,,,
common,mixed,2,steady,C,cpu_rss,B,OBSERVED,COMMON_OBSERVED_SLICE,,21,2026-10-06T11:59:26.179752+00:00,2026-10-06T12:01:06.182121+00:00,100.00009155273438,7.469993161017002,,,,
common,mixed,2,steady,C,cpu_rss,C,OBSERVED,COMMON_OBSERVED_SLICE,,21,2026-10-06T12:42:59.277227+00:00,2026-10-06T12:44:39.278652+00:00,99.99964332580566,8.220029318723347,,,,
common,mixed,2,steady,C,heap_gc,A,OBSERVED,COMMON_OBSERVED_SLICE,,21,2026-10-06T09:28:10.657846+00:00,2026-10-06T09:29:50.836882+00:00,99.97014546394348,,490334110.47619045,505413632,0.0,
common,mixed,2,steady,C,heap_gc,B,OBSERVED,COMMON_OBSERVED_SLICE,,21,2026-10-06T11:59:26.181991+00:00,2026-10-06T12:01:06.399603+00:00,100.03082704544067,,389046662.0952381,407371776,0.0,
common,mixed,2,steady,C,heap_gc,C,OBSERVED,COMMON_OBSERVED_SLICE,,21,2026-10-06T12:42:59.279371+00:00,2026-10-06T12:44:39.442404+00:00,99.93722367286682,,392005714.0952381,412427980,0.0,
common,mixed,2,steady,C,tick,ALL_SUPPLIED,UNMEASURED,NO_COMMON_MEASUREMENT,Fewer than two contained real samples,,,,,,,,,
common,mixed,2,warmup,A,cpu_rss,A,OBSERVED,COMMON_OBSERVED_SLICE,,3,2026-10-06T09:27:40.655938+00:00,2026-10-06T09:27:50.657068+00:00,9.999332427978516,9.500634235760385,,,,
common,mixed,2,warmup,A,cpu_rss,B,OBSERVED,COMMON_OBSERVED_SLICE,,3,2026-10-06T11:58:56.179560+00:00,2026-10-06T11:59:06.181995+00:00,9.999635219573975,10.100368441670225,,,,
common,mixed,2,warmup,A,cpu_rss,C,OBSERVED,COMMON_OBSERVED_SLICE,,3,2026-10-06T12:42:29.276968+00:00,2026-10-06T12:42:39.277850+00:00,9.999048471450806,10.400989683862328,,,,
common,mixed,2,warmup,A,heap_gc,A,OBSERVED,COMMON_OBSERVED_SLICE,,3,2026-10-06T09:27:40.658266+00:00,2026-10-06T09:27:50.859897+00:00,9.990476131439209,,291299498.6666667,305280512,0.0,
common,mixed,2,warmup,A,heap_gc,B,OBSERVED,COMMON_OBSERVED_SLICE,,3,2026-10-06T11:58:56.182742+00:00,2026-10-06T11:59:06.349672+00:00,9.950732707977295,,388159897,403888537,0.0,
common,mixed,2,warmup,A,heap_gc,C,OBSERVED,COMMON_OBSERVED_SLICE,,3,2026-10-06T12:42:29.279686+00:00,2026-10-06T12:42:39.494129+00:00,9.987512111663818,,323611579.3333333,338990694,0.0,
common,mixed,2,warmup,A,tick,ALL_SUPPLIED,UNMEASURED,NO_COMMON_MEASUREMENT,Fewer than two contained real samples,,,,,,,,,
common,mixed,2,warmup,B,cpu_rss,A,OBSERVED,COMMON_OBSERVED_SLICE,,3,2026-10-06T09:27:40.656124+00:00,2026-10-06T09:27:50.658296+00:00,10.000278949737549,8.19977126759591,,,,
common,mixed,2,warmup,B,cpu_rss,B,OBSERVED,COMMON_OBSERVED_SLICE,,3,2026-10-06T11:58:56.179682+00:00,2026-10-06T11:59:06.180784+00:00,9.999891519546509,9.100098718283544,,,,
common,mixed,2,warmup,B,cpu_rss,C,OBSERVED,COMMON_OBSERVED_SLICE,,3,2026-10-06T12:42:29.277092+00:00,2026-10-06T12:42:39.278672+00:00,10.000590085983276,9.499439451392961,,,,
common,mixed,2,warmup,B,heap_gc,A,OBSERVED,COMMON_OBSERVED_SLICE,,3,2026-10-06T09:27:40.657542+00:00,2026-10-06T09:27:50.857526+00:00,10.02191162109375,,369941366.6666667,377630924,0.0,
common,mixed,2,warmup,B,heap_gc,B,OBSERVED,COMMON_OBSERVED_SLICE,,3,2026-10-06T11:58:56.181013+00:00,2026-10-06T11:59:06.399915+00:00,10.018602848052979,,491083093.3333333,500170752,0.0,
common,mixed,2,warmup,B,heap_gc,C,OBSERVED,COMMON_OBSERVED_SLICE,,3,2026-10-06T12:42:29.278463+00:00,2026-10-06T12:42:39.452159+00:00,10.013397693634033,,289816746.6666667,299603456,0.0,
common,mixed,2,warmup,B,tick,ALL_SUPPLIED,UNMEASURED,NO_COMMON_MEASUREMENT,Fewer than two contained real samples,,,,,,,,,
common,mixed,2,warmup,C,cpu_rss,A,OBSERVED,COMMON_OBSERVED_SLICE,,3,2026-10-06T09:27:40.656323+00:00,2026-10-06T09:27:50.657700+00:00,9.99923324584961,7.600582777838939,,,,
common,mixed,2,warmup,C,cpu_rss,B,OBSERVED,COMMON_OBSERVED_SLICE,,3,2026-10-06T11:58:56.179858+00:00,2026-10-06T11:59:06.181399+00:00,9.999695539474487,7.800237486440436,,,,
common,mixed,2,warmup,C,cpu_rss,C,OBSERVED,COMMON_OBSERVED_SLICE,,3,2026-10-06T12:42:29.277195+00:00,2026-10-06T12:42:39.279708+00:00,10.0011625289917,7.7990933327891785,,,,
common,mixed,2,warmup,C,heap_gc,A,OBSERVED,COMMON_OBSERVED_SLICE,,3,2026-10-06T09:27:40.658911+00:00,2026-10-06T09:27:50.822962+00:00,9.972325801849365,,467664896,468713472,0.0,
common,mixed,2,warmup,C,heap_gc,B,OBSERVED,COMMON_OBSERVED_SLICE,,3,2026-10-06T11:58:56.181952+00:00,2026-10-06T11:59:06.399551+00:00,9.997934579849243,,361583957.3333333,363331584,0.0,
common,mixed,2,warmup,C,heap_gc,C,OBSERVED,COMMON_OBSERVED_SLICE,,3,2026-10-06T12:42:29.278994+00:00,2026-10-06T12:42:39.486547+00:00,10.016156673431396,,361047756,363144908,0.0,
common,mixed,2,warmup,C,tick,ALL_SUPPLIED,UNMEASURED,NO_COMMON_MEASUREMENT,Fewer than two contained real samples,,,,,,,,,
common,mixed,3,low_flow,A,cpu_rss,A,OBSERVED,COMMON_OBSERVED_SLICE,,28,2026-10-06T09:36:00.655797+00:00,2026-10-06T09:38:15.656801+00:00,134.9994056224823,8.074109622735058,,,,
common,mixed,3,low_flow,A,cpu_rss,B,OBSERVED,COMMON_OBSERVED_SLICE,,31,2026-10-06T12:07:01.179558+00:00,2026-10-06T12:09:31.182549+00:00,150.00005173683167,9.299996792317554,,,,
common,mixed,3,low_flow,A,cpu_rss,C,OBSERVED,COMMON_OBSERVED_SLICE,,17,2026-10-06T12:49:09.276888+00:00,2026-10-06T12:50:29.278329+00:00,80.00002145767212,9.262497515604561,,,,
common,mixed,3,low_flow,A,heap_gc,A,OBSERVED,COMMON_OBSERVED_SLICE,,26,2026-10-06T09:36:00.657975+00:00,2026-10-06T09:38:05.899500+00:00,125.01653409004211,,373519284.8076923,497485414,0.014999999999999902,
common,mixed,3,low_flow,A,heap_gc,B,OBSERVED,COMMON_OBSERVED_SLICE,,29,2026-10-06T12:07:01.182438+00:00,2026-10-06T12:09:21.341006+00:00,139.97209811210632,,422799172.17241377,611714969,0.039000000000000146,
common,mixed,3,low_flow,A,heap_gc,C,OBSERVED,COMMON_OBSERVED_SLICE,,16,2026-10-06T12:49:09.278322+00:00,2026-10-06T12:50:24.558744+00:00,75.02945351600647,,372142693.75,452514713,0.009000000000000119,
common,mixed,3,low_flow,A,tick,ALL_SUPPLIED,UNMEASURED,NO_COMMON_MEASUREMENT,Fewer than two contained real samples,,,,,,,,,
common,mixed,3,low_flow,B,cpu_rss,A,OBSERVED,COMMON_OBSERVED_SLICE,,28,2026-10-06T09:36:00.655885+00:00,2026-10-06T09:38:15.657476+00:00,135.00024819374084,8.755539458740081,,,,
common,mixed,3,low_flow,B,cpu_rss,B,OBSERVED,COMMON_OBSERVED_SLICE,,31,2026-10-06T12:07:01.179931+00:00,2026-10-06T12:09:31.181032+00:00,149.9988796710968,9.186735281100411,,,,
common,mixed,3,low_flow,B,cpu_rss,C,OBSERVED,COMMON_OBSERVED_SLICE,,17,2026-10-06T12:49:09.277037+00:00,2026-10-06T12:50:29.279022+00:00,79.99967741966248,8.887535836803892,,,,
common,mixed,3,low_flow,B,heap_gc,A,OBSERVED,COMMON_OBSERVED_SLICE,,26,2026-10-06T09:36:00.656960+00:00,2026-10-06T09:38:05.821052+00:00,125.01797580718994,,339116862.8076923,428319641,0.05599999999999983,
common,mixed,3,low_flow,B,heap_gc,B,OBSERVED,COMMON_OBSERVED_SLICE,,29,2026-10-06T12:07:01.183039+00:00,2026-10-06T12:09:21.373486+00:00,139.98723793029785,,486619651.0344828,693653708,0.007000000000000117,
common,mixed,3,low_flow,B,heap_gc,C,OBSERVED,COMMON_OBSERVED_SLICE,,16,2026-10-06T12:49:09.279702+00:00,2026-10-06T12:50:24.522550+00:00,75.01034355163574,,376325727.375,489285324,0.014999999999999902,
common,mixed,3,low_flow,B,tick,ALL_SUPPLIED,UNMEASURED,NO_COMMON_MEASUREMENT,Fewer than two contained real samples,,,,,,,,,
common,mixed,3,low_flow,C,cpu_rss,A,OBSERVED,COMMON_OBSERVED_SLICE,,28,2026-10-06T09:36:00.656036+00:00,2026-10-06T09:38:15.658006+00:00,135.00028610229492,7.222206916370569,,,,
common,mixed,3,low_flow,C,cpu_rss,B,OBSERVED,COMMON_OBSERVED_SLICE,,31,2026-10-06T12:07:01.180072+00:00,2026-10-06T12:09:31.181684+00:00,150.00014352798462,7.653326010223626,,,,
common,mixed,3,low_flow,C,cpu_rss,C,OBSERVED,COMMON_OBSERVED_SLICE,,17,2026-10-06T12:49:09.277177+00:00,2026-10-06T12:50:29.281640+00:00,80.00134110450745,7.499874273560081,,,,
common,mixed,3,low_flow,C,heap_gc,A,OBSERVED,COMMON_OBSERVED_SLICE,,26,2026-10-06T09:36:00.657609+00:00,2026-10-06T09:38:05.792281+00:00,124.98257613182068,,301696889.6923077,319966310,0.0,
common,mixed,3,low_flow,C,heap_gc,B,OBSERVED,COMMON_OBSERVED_SLICE,,29,2026-10-06T12:07:01.181560+00:00,2026-10-06T12:09:21.433317+00:00,139.9999475479126,,311528331.2758621,332897587,0.0,
common,mixed,3,low_flow,C,heap_gc,C,OBSERVED,COMMON_OBSERVED_SLICE,,16,2026-10-06T12:49:09.278926+00:00,2026-10-06T12:50:24.557516+00:00,75.03511142730713,,320665804,332724428,0.0,
common,mixed,3,low_flow,C,tick,ALL_SUPPLIED,UNMEASURED,NO_COMMON_MEASUREMENT,Fewer than two contained real samples,,,,,,,,,
common,mixed,3,steady,A,cpu_rss,A,OBSERVED,COMMON_OBSERVED_SLICE,,22,2026-10-06T09:39:00.655800+00:00,2026-10-06T09:40:45.657745+00:00,105.00036859512329,9.142825047612131,,,,
common,mixed,3,steady,A,cpu_rss,B,OBSERVED,COMMON_OBSERVED_SLICE,,22,2026-10-06T12:10:21.179516+00:00,2026-10-06T12:12:06.182903+00:00,105.00118565559387,9.48560717463615,,,,
common,mixed,3,steady,A,cpu_rss,C,OBSERVED,COMMON_OBSERVED_SLICE,,22,2026-10-06T12:51:14.276941+00:00,2026-10-06T12:52:59.278066+00:00,104.999587059021,9.990515480888043,,,,
common,mixed,3,steady,A,heap_gc,A,OBSERVED,COMMON_OBSERVED_SLICE,,22,2026-10-06T09:39:00.657041+00:00,2026-10-06T09:40:45.885791+00:00,105.04045414924622,,365496952.95454544,485048627,0.01200000000000001,
common,mixed,3,steady,A,heap_gc,B,OBSERVED,COMMON_OBSERVED_SLICE,,22,2026-10-06T12:10:21.180589+00:00,2026-10-06T12:12:06.452036+00:00,105.0301947593689,,419177336.90909094,620474060,0.008999999999999897,
common,mixed,3,steady,A,heap_gc,C,OBSERVED,COMMON_OBSERVED_SLICE,,22,2026-10-06T12:51:14.278909+00:00,2026-10-06T12:52:59.444479+00:00,104.95566987991333,,344077674.90909094,455036620,0.016000000000000014,
common,mixed,3,steady,A,tick,ALL_SUPPLIED,UNMEASURED,NO_COMMON_MEASUREMENT,Fewer than two contained real samples,,,,,,,,,
common,mixed,3,steady,B,cpu_rss,A,OBSERVED,COMMON_OBSERVED_SLICE,,22,2026-10-06T09:39:00.655898+00:00,2026-10-06T09:40:45.657284+00:00,104.99984288215637,7.676201962555236,,,,
common,mixed,3,steady,B,cpu_rss,B,OBSERVED,COMMON_OBSERVED_SLICE,,22,2026-10-06T12:10:21.179641+00:00,2026-10-06T12:12:06.180659+00:00,104.99969291687012,8.380976891967777,,,,
common,mixed,3,steady,B,cpu_rss,C,OBSERVED,COMMON_OBSERVED_SLICE,,22,2026-10-06T12:51:14.277055+00:00,2026-10-06T12:52:59.279990+00:00,105.0015618801117,9.637951873091929,,,,
common,mixed,3,steady,B,heap_gc,A,OBSERVED,COMMON_OBSERVED_SLICE,,22,2026-10-06T09:39:00.657643+00:00,2026-10-06T09:40:45.894890+00:00,105.02696347236633,,352536733.45454544,426509004,0.0,
common,mixed,3,steady,B,heap_gc,B,OBSERVED,COMMON_OBSERVED_SLICE,,22,2026-10-06T12:10:21.181310+00:00,2026-10-06T12:12:06.451625+00:00,105.02764320373535,,527823220.3636364,691284992,0.0040000000000000036,
common,mixed,3,steady,B,heap_gc,C,OBSERVED,COMMON_OBSERVED_SLICE,,22,2026-10-06T12:51:14.278216+00:00,2026-10-06T12:52:59.491007+00:00,105.02568888664246,,374162873.8636364,492636774,0.004999999999999893,
common,mixed,3,steady,B,tick,ALL_SUPPLIED,UNMEASURED,NO_COMMON_MEASUREMENT,Fewer than two contained real samples,,,,,,,,,
common,mixed,3,steady,C,cpu_rss,A,OBSERVED,COMMON_OBSERVED_SLICE,,22,2026-10-06T09:39:00.656073+00:00,2026-10-06T09:40:45.658717+00:00,105.00026607513428,6.866649266241643,,,,
common,mixed,3,steady,C,cpu_rss,B,OBSERVED,COMMON_OBSERVED_SLICE,,22,2026-10-06T12:10:21.179741+00:00,2026-10-06T12:12:06.181635+00:00,104.99969387054443,7.10478261888796,,,,
common,mixed,3,steady,C,cpu_rss,C,OBSERVED,COMMON_OBSERVED_SLICE,,22,2026-10-06T12:51:14.277137+00:00,2026-10-06T12:52:59.279371+00:00,105.00064706802368,7.809475683219072,,,,
common,mixed,3,steady,C,heap_gc,A,OBSERVED,COMMON_OBSERVED_SLICE,,22,2026-10-06T09:39:00.658194+00:00,2026-10-06T09:40:45.832064+00:00,104.99353647232056,,353473079.45454544,369249382,0.0,
common,mixed,3,steady,C,heap_gc,B,OBSERVED,COMMON_OBSERVED_SLICE,,22,2026-10-06T12:10:21.182221+00:00,2026-10-06T12:12:06.382739+00:00,105.00385475158691,,369836059.72727275,387423539,0.0,
common,mixed,3,steady,C,heap_gc,C,OBSERVED,COMMON_OBSERVED_SLICE,,22,2026-10-06T12:51:14.279393+00:00,2026-10-06T12:52:59.520931+00:00,105.00034594535828,,374524480.3636364,395638988,0.0,
common,mixed,3,steady,C,tick,ALL_SUPPLIED,UNMEASURED,NO_COMMON_MEASUREMENT,Fewer than two contained real samples,,,,,,,,,
common,mixed,3,warmup,A,cpu_rss,A,OBSERVED,COMMON_OBSERVED_SLICE,,3,2026-10-06T09:38:35.655844+00:00,2026-10-06T09:38:45.657882+00:00,9.993521213531494,9.606223667190923,,,,
common,mixed,3,warmup,A,cpu_rss,B,OBSERVED,COMMON_OBSERVED_SLICE,,3,2026-10-06T12:09:51.179528+00:00,2026-10-06T12:10:01.180675+00:00,9.996636867523193,8.702926909613346,,,,
common,mixed,3,warmup,A,cpu_rss,C,OBSERVED,COMMON_OBSERVED_SLICE,,3,2026-10-06T12:50:44.276887+00:00,2026-10-06T12:50:54.279701+00:00,10.000309228897095,9.899693872858304,,,,
common,mixed,3,warmup,A,heap_gc,A,OBSERVED,COMMON_OBSERVED_SLICE,,2,2026-10-06T09:38:35.670844+00:00,2026-10-06T09:38:40.841068+00:00,4.988163948059082,,328810803,336150835,0.0,
common,mixed,3,warmup,A,heap_gc,B,OBSERVED,COMMON_OBSERVED_SLICE,,3,2026-10-06T12:09:51.187410+00:00,2026-10-06T12:10:01.374745+00:00,9.982229471206665,,511422156,527150796,0.0,
common,mixed,3,warmup,A,heap_gc,C,OBSERVED,COMMON_OBSERVED_SLICE,,3,2026-10-06T12:50:44.279150+00:00,2026-10-06T12:50:54.556988+00:00,10.021530866622925,,328508449.3333333,343887564,0.0,
common,mixed,3,warmup,A,tick,ALL_SUPPLIED,UNMEASURED,NO_COMMON_MEASUREMENT,Fewer than two contained real samples,,,,,,,,,
common,mixed,3,warmup,B,cpu_rss,A,OBSERVED,COMMON_OBSERVED_SLICE,,3,2026-10-06T09:38:35.655973+00:00,2026-10-06T09:38:45.657099+00:00,9.999943017959595,7.700043876421231,,,,
common,mixed,3,warmup,B,cpu_rss,B,OBSERVED,COMMON_OBSERVED_SLICE,,3,2026-10-06T12:09:51.179632+00:00,2026-10-06T12:10:01.181903+00:00,9.997670650482178,12.702958963133387,,,,
common,mixed,3,warmup,B,cpu_rss,C,OBSERVED,COMMON_OBSERVED_SLICE,,3,2026-10-06T12:50:44.277025+00:00,2026-10-06T12:50:54.278492+00:00,10.000160932540894,9.499847116546714,,,,
common,mixed,3,warmup,B,heap_gc,A,OBSERVED,COMMON_OBSERVED_SLICE,,3,2026-10-06T09:38:35.657201+00:00,2026-10-06T09:38:45.853715+00:00,10.022693634033203,,310888584,440357888,0.0040000000000000036,
common,mixed,3,warmup,B,heap_gc,B,OBSERVED,COMMON_OBSERVED_SLICE,,3,2026-10-06T12:09:51.187895+00:00,2026-10-06T12:10:01.371891+00:00,9.99415636062622,,504638464,514075648,0.0,
common,mixed,3,warmup,B,heap_gc,C,OBSERVED,COMMON_OBSERVED_SLICE,,3,2026-10-06T12:50:44.278288+00:00,2026-10-06T12:50:54.547676+00:00,10.00942850112915,,317175056.6666667,326961766,0.0,
common,mixed,3,warmup,B,tick,ALL_SUPPLIED,UNMEASURED,NO_COMMON_MEASUREMENT,Fewer than two contained real samples,,,,,,,,,
common,mixed,3,warmup,C,cpu_rss,A,OBSERVED,COMMON_OBSERVED_SLICE,,3,2026-10-06T09:38:35.656024+00:00,2026-10-06T09:38:45.658326+00:00,10.000211954116821,6.599860113247821,,,,
common,mixed,3,warmup,C,cpu_rss,B,OBSERVED,COMMON_OBSERVED_SLICE,,3,2026-10-06T12:09:51.179719+00:00,2026-10-06T12:10:01.182412+00:00,10.001463890075684,6.699019337207419,,,,
common,mixed,3,warmup,C,cpu_rss,C,OBSERVED,COMMON_OBSERVED_SLICE,,3,2026-10-06T12:50:44.277351+00:00,2026-10-06T12:50:54.280231+00:00,10.000134468078613,7.899893771646248,,,,
common,mixed,3,warmup,C,heap_gc,A,OBSERVED,COMMON_OBSERVED_SLICE,,2,2026-10-06T09:38:35.657979+00:00,2026-10-06T09:38:40.814546+00:00,4.997103214263916,,329403494,330452070,0.0,
common,mixed,3,warmup,C,heap_gc,B,OBSERVED,COMMON_OBSERVED_SLICE,,3,2026-10-06T12:09:51.180776+00:00,2026-10-06T12:10:01.414761+00:00,10.029370307922363,,344082397.6666667,345480499,0.0,
common,mixed,3,warmup,C,heap_gc,C,OBSERVED,COMMON_OBSERVED_SLICE,,3,2026-10-06T12:50:44.280103+00:00,2026-10-06T12:50:54.548083+00:00,10.05079460144043,,342511137.3333333,344258764,0.0,
common,mixed,3,warmup,C,tick,ALL_SUPPLIED,UNMEASURED,NO_COMMON_MEASUREMENT,Fewer than two contained real samples,,,,,,,,,
common,same,1,low_flow,A,cpu_rss,ALL_SUPPLIED,UNMEASURED,NO_COMMON_MEASUREMENT,Fewer than two contained real samples,,,,,,,,,
common,same,1,low_flow,A,heap_gc,ALL_SUPPLIED,UNMEASURED,NO_COMMON_MEASUREMENT,Fewer than two contained real samples,,,,,,,,,
common,same,1,low_flow,A,tick,ALL_SUPPLIED,UNMEASURED,NO_COMMON_MEASUREMENT,Fewer than two contained real samples,,,,,,,,,
common,same,1,low_flow,B,cpu_rss,ALL_SUPPLIED,UNMEASURED,NO_COMMON_MEASUREMENT,Fewer than two contained real samples,,,,,,,,,
common,same,1,low_flow,B,heap_gc,ALL_SUPPLIED,UNMEASURED,NO_COMMON_MEASUREMENT,Fewer than two contained real samples,,,,,,,,,
common,same,1,low_flow,B,tick,ALL_SUPPLIED,UNMEASURED,NO_COMMON_MEASUREMENT,Fewer than two contained real samples,,,,,,,,,
common,same,1,low_flow,C,cpu_rss,ALL_SUPPLIED,UNMEASURED,NO_COMMON_MEASUREMENT,Fewer than two contained real samples,,,,,,,,,
common,same,1,low_flow,C,heap_gc,ALL_SUPPLIED,UNMEASURED,NO_COMMON_MEASUREMENT,Fewer than two contained real samples,,,,,,,,,
common,same,1,low_flow,C,tick,ALL_SUPPLIED,UNMEASURED,NO_COMMON_MEASUREMENT,Fewer than two contained real samples,,,,,,,,,
common,same,1,steady,A,cpu_rss,ALL_SUPPLIED,UNMEASURED,NO_COMMON_MEASUREMENT,Fewer than two contained real samples,,,,,,,,,
common,same,1,steady,A,heap_gc,ALL_SUPPLIED,UNMEASURED,NO_COMMON_MEASUREMENT,Fewer than two contained real samples,,,,,,,,,
common,same,1,steady,A,tick,ALL_SUPPLIED,UNMEASURED,NO_COMMON_MEASUREMENT,Fewer than two contained real samples,,,,,,,,,
common,same,1,steady,B,cpu_rss,ALL_SUPPLIED,UNMEASURED,NO_COMMON_MEASUREMENT,Fewer than two contained real samples,,,,,,,,,
common,same,1,steady,B,heap_gc,ALL_SUPPLIED,UNMEASURED,NO_COMMON_MEASUREMENT,Fewer than two contained real samples,,,,,,,,,
common,same,1,steady,B,tick,ALL_SUPPLIED,UNMEASURED,NO_COMMON_MEASUREMENT,Fewer than two contained real samples,,,,,,,,,
common,same,1,steady,C,cpu_rss,ALL_SUPPLIED,UNMEASURED,NO_COMMON_MEASUREMENT,Fewer than two contained real samples,,,,,,,,,
common,same,1,steady,C,heap_gc,ALL_SUPPLIED,UNMEASURED,NO_COMMON_MEASUREMENT,Fewer than two contained real samples,,,,,,,,,
common,same,1,steady,C,tick,ALL_SUPPLIED,UNMEASURED,NO_COMMON_MEASUREMENT,Fewer than two contained real samples,,,,,,,,,
common,same,1,warmup,A,cpu_rss,ALL_SUPPLIED,UNMEASURED,NO_COMMON_MEASUREMENT,Fewer than two contained real samples,,,,,,,,,
common,same,1,warmup,A,heap_gc,ALL_SUPPLIED,UNMEASURED,NO_COMMON_MEASUREMENT,Fewer than two contained real samples,,,,,,,,,
common,same,1,warmup,A,tick,ALL_SUPPLIED,UNMEASURED,NO_COMMON_MEASUREMENT,Fewer than two contained real samples,,,,,,,,,
common,same,1,warmup,B,cpu_rss,ALL_SUPPLIED,UNMEASURED,NO_COMMON_MEASUREMENT,Fewer than two contained real samples,,,,,,,,,
common,same,1,warmup,B,heap_gc,ALL_SUPPLIED,UNMEASURED,NO_COMMON_MEASUREMENT,Fewer than two contained real samples,,,,,,,,,
common,same,1,warmup,B,tick,ALL_SUPPLIED,UNMEASURED,NO_COMMON_MEASUREMENT,Fewer than two contained real samples,,,,,,,,,
common,same,1,warmup,C,cpu_rss,ALL_SUPPLIED,UNMEASURED,NO_COMMON_MEASUREMENT,Fewer than two contained real samples,,,,,,,,,
common,same,1,warmup,C,heap_gc,ALL_SUPPLIED,UNMEASURED,NO_COMMON_MEASUREMENT,Fewer than two contained real samples,,,,,,,,,
common,same,1,warmup,C,tick,ALL_SUPPLIED,UNMEASURED,NO_COMMON_MEASUREMENT,Fewer than two contained real samples,,,,,,,,,
common,same,2,low_flow,A,cpu_rss,A,OBSERVED,COMMON_OBSERVED_SLICE,,31,2026-10-06T09:30:20.655841+00:00,2026-10-06T09:32:50.656777+00:00,149.99937057495117,8.753370063935883,,,,
common,same,2,low_flow,A,cpu_rss,B,OBSERVED,COMMON_OBSERVED_SLICE,,30,2026-10-06T12:01:31.179549+00:00,2026-10-06T12:03:56.182102+00:00,145.00051593780518,9.51031098807603,,,,
common,same,2,low_flow,A,cpu_rss,C,OBSERVED,COMMON_OBSERVED_SLICE,,17,2026-10-06T12:44:59.276923+00:00,2026-10-06T12:46:19.278443+00:00,79.9993007183075,9.600083914536608,,,,
common,same,2,low_flow,A,heap_gc,A,OBSERVED,COMMON_OBSERVED_SLICE,,31,2026-10-06T09:30:20.658015+00:00,2026-10-06T09:32:50.820838+00:00,149.97063398361206,,348451214.9032258,489675673,0.038999999999999924,
common,same,2,low_flow,A,heap_gc,B,OBSERVED,COMMON_OBSERVED_SLICE,,30,2026-10-06T12:01:31.181105+00:00,2026-10-06T12:03:56.358129+00:00,144.99454355239868,,437420919.26666665,612253491,0.03299999999999992,
common,same,2,low_flow,A,heap_gc,C,OBSERVED,COMMON_OBSERVED_SLICE,,17,2026-10-06T12:44:59.279773+00:00,2026-10-06T12:46:19.481210+00:00,79.99549984931946,,373400509.4705882,444598579,0.025000000000000133,
common,same,2,low_flow,A,tick,ALL_SUPPLIED,UNMEASURED,NO_COMMON_MEASUREMENT,Fewer than two contained real samples,,,,,,,,,
common,same,2,low_flow,B,cpu_rss,A,OBSERVED,COMMON_OBSERVED_SLICE,,31,2026-10-06T09:30:20.655974+00:00,2026-10-06T09:32:50.658414+00:00,150.00115823745728,7.139944868322742,,,,
common,same,2,low_flow,B,cpu_rss,B,OBSERVED,COMMON_OBSERVED_SLICE,,30,2026-10-06T12:01:31.179706+00:00,2026-10-06T12:03:56.180634+00:00,144.99948048591614,7.903476592878617,,,,
common,same,2,low_flow,B,cpu_rss,C,OBSERVED,COMMON_OBSERVED_SLICE,,17,2026-10-06T12:44:59.277043+00:00,2026-10-06T12:46:19.280260+00:00,80.000972032547,7.912403861074006,,,,
common,same,2,low_flow,B,heap_gc,A,OBSERVED,COMMON_OBSERVED_SLICE,,31,2026-10-06T09:30:20.657223+00:00,2026-10-06T09:32:50.818296+00:00,149.9651334285736,,383466069.4516129,434246246,0.007000000000000117,
common,same,2,low_flow,B,heap_gc,B,OBSERVED,COMMON_OBSERVED_SLICE,,30,2026-10-06T12:01:31.181665+00:00,2026-10-06T12:03:56.382596+00:00,144.988272190094,,328364782.1333333,357060812,0.0,
common,same,2,low_flow,B,heap_gc,C,OBSERVED,COMMON_OBSERVED_SLICE,,17,2026-10-06T12:44:59.278274+00:00,2026-10-06T12:46:19.487067+00:00,80.0259964466095,,334096076,350873292,0.0,
common,same,2,low_flow,B,tick,ALL_SUPPLIED,UNMEASURED,NO_COMMON_MEASUREMENT,Fewer than two contained real samples,,,,,,,,,
common,same,2,low_flow,C,cpu_rss,A,OBSERVED,COMMON_OBSERVED_SLICE,,31,2026-10-06T09:30:20.656099+00:00,2026-10-06T09:32:50.657941+00:00,150.00006318092346,7.4399968662275136,,,,
common,same,2,low_flow,C,cpu_rss,B,OBSERVED,COMMON_OBSERVED_SLICE,,30,2026-10-06T12:01:31.179795+00:00,2026-10-06T12:03:56.181502+00:00,144.9996213912964,7.579330135174881,,,,
common,same,2,low_flow,C,cpu_rss,C,OBSERVED,COMMON_OBSERVED_SLICE,,17,2026-10-06T12:44:59.277284+00:00,2026-10-06T12:46:19.279346+00:00,79.99989080429077,7.562510322420957,,,,
common,same,2,low_flow,C,heap_gc,A,OBSERVED,COMMON_OBSERVED_SLICE,,31,2026-10-06T09:30:20.658853+00:00,2026-10-06T09:32:50.864072+00:00,149.99838948249817,,493763432,552599552,0.050999999999999934,
common,same,2,low_flow,C,heap_gc,B,OBSERVED,COMMON_OBSERVED_SLICE,,30,2026-10-06T12:01:31.182378+00:00,2026-10-06T12:03:56.380605+00:00,144.988214969635,,428971598.5,456654848,0.006999999999999895,
common,same,2,low_flow,C,heap_gc,C,OBSERVED,COMMON_OBSERVED_SLICE,,17,2026-10-06T12:44:59.279322+00:00,2026-10-06T12:46:19.476609+00:00,80.0031578540802,,250011671.29411766,422913740,0.006000000000000005,
common,same,2,low_flow,C,tick,ALL_SUPPLIED,UNMEASURED,NO_COMMON_MEASUREMENT,Fewer than two contained real samples,,,,,,,,,
common,same,2,steady,A,cpu_rss,A,OBSERVED,COMMON_OBSERVED_SLICE,,22,2026-10-06T09:33:45.655858+00:00,2026-10-06T09:35:30.657124+00:00,104.99983191490173,10.142873379674946,,,,
common,same,2,steady,A,cpu_rss,B,OBSERVED,COMMON_OBSERVED_SLICE,,22,2026-10-06T12:04:51.179489+00:00,2026-10-06T12:06:36.181680+00:00,105.00008583068848,9.552373143935586,,,,
common,same,2,steady,A,cpu_rss,C,OBSERVED,COMMON_OBSERVED_SLICE,,22,2026-10-06T12:47:04.276942+00:00,2026-10-06T12:48:49.283071+00:00,105.00246453285217,11.275925810575252,,,,
common,same,2,steady,A,heap_gc,A,OBSERVED,COMMON_OBSERVED_SLICE,,22,2026-10-06T09:33:45.657428+00:00,2026-10-06T09:35:30.849818+00:00,104.9974935054779,,351447552,482344960,0.02300000000000013,
common,same,2,steady,A,heap_gc,B,OBSERVED,COMMON_OBSERVED_SLICE,,22,2026-10-06T12:04:51.181551+00:00,2026-10-06T12:06:36.403644+00:00,105.01245069503784,,434231295.72727275,616447795,0.010000000000000009,
common,same,2,steady,A,heap_gc,C,OBSERVED,COMMON_OBSERVED_SLICE,,22,2026-10-06T12:47:04.278100+00:00,2026-10-06T12:48:49.474873+00:00,104.97558832168579,,349551480.5,452719206,0.006999999999999895,
common,same,2,steady,A,tick,ALL_SUPPLIED,UNMEASURED,NO_COMMON_MEASUREMENT,Fewer than two contained real samples,,,,,,,,,
common,same,2,steady,B,cpu_rss,A,OBSERVED,COMMON_OBSERVED_SLICE,,22,2026-10-06T09:33:45.655976+00:00,2026-10-06T09:35:30.658058+00:00,105.00007915496826,7.180946967546407,,,,
common,same,2,steady,B,cpu_rss,B,OBSERVED,COMMON_OBSERVED_SLICE,,22,2026-10-06T12:04:51.179606+00:00,2026-10-06T12:06:36.180572+00:00,104.99989223480225,7.628579258050966,,,,
common,same,2,steady,B,cpu_rss,C,OBSERVED,COMMON_OBSERVED_SLICE,,22,2026-10-06T12:47:04.277051+00:00,2026-10-06T12:48:49.284025+00:00,105.00260400772095,8.266461657809703,,,,
common,same,2,steady,B,heap_gc,A,OBSERVED,COMMON_OBSERVED_SLICE,,22,2026-10-06T09:33:45.657858+00:00,2026-10-06T09:35:30.832948+00:00,104.96987199783325,,284378753.72727275,304587673,0.0,
common,same,2,steady,B,heap_gc,B,OBSERVED,COMMON_OBSERVED_SLICE,,22,2026-10-06T12:04:51.180811+00:00,2026-10-06T12:06:36.380276+00:00,105.00857329368591,,401958929.8181818,424169676,0.0,
common,same,2,steady,B,heap_gc,C,OBSERVED,COMMON_OBSERVED_SLICE,,22,2026-10-06T12:47:04.278795+00:00,2026-10-06T12:48:49.495914+00:00,105.01407480239868,,399250775.6363636,426370764,0.0,
common,same,2,steady,B,tick,ALL_SUPPLIED,UNMEASURED,NO_COMMON_MEASUREMENT,Fewer than two contained real samples,,,,,,,,,
common,same,2,steady,C,cpu_rss,A,OBSERVED,COMMON_OBSERVED_SLICE,,22,2026-10-06T09:33:45.656330+00:00,2026-10-06T09:35:30.658511+00:00,104.99992036819458,7.095243476257589,,,,
common,same,2,steady,C,cpu_rss,B,OBSERVED,COMMON_OBSERVED_SLICE,,22,2026-10-06T12:04:51.179902+00:00,2026-10-06T12:06:36.181154+00:00,104.99950051307678,7.400035202103007,,,,
common,same,2,steady,C,cpu_rss,C,OBSERVED,COMMON_OBSERVED_SLICE,,22,2026-10-06T12:47:04.277122+00:00,2026-10-06T12:48:49.278310+00:00,104.99941873550415,7.790519317640802,,,,
common,same,2,steady,C,heap_gc,A,OBSERVED,COMMON_OBSERVED_SLICE,,22,2026-10-06T09:33:45.658593+00:00,2026-10-06T09:35:30.862794+00:00,104.99936103820801,,258005000.9090909,273828966,0.0,
common,same,2,steady,C,heap_gc,B,OBSERVED,COMMON_OBSERVED_SLICE,,22,2026-10-06T12:04:51.182247+00:00,2026-10-06T12:06:36.340575+00:00,104.96627283096313,,264883134.63636363,282565939,0.0,
common,same,2,steady,C,heap_gc,C,OBSERVED,COMMON_OBSERVED_SLICE,,22,2026-10-06T12:47:04.279421+00:00,2026-10-06T12:48:49.565804+00:00,105.05839610099792,,278818089.09090906,300218572,0.0,
common,same,2,steady,C,tick,ALL_SUPPLIED,UNMEASURED,NO_COMMON_MEASUREMENT,Fewer than two contained real samples,,,,,,,,,
common,same,2,warmup,A,cpu_rss,A,OBSERVED,COMMON_OBSERVED_SLICE,,4,2026-10-06T09:33:15.655833+00:00,2026-10-06T09:33:30.658108+00:00,15.000589847564697,12.999488818878449,,,,
common,same,2,warmup,A,cpu_rss,B,OBSERVED,COMMON_OBSERVED_SLICE,,4,2026-10-06T12:04:21.179565+00:00,2026-10-06T12:04:36.181973+00:00,15.000062227249146,9.26662822421436,,,,
common,same,2,warmup,A,cpu_rss,C,OBSERVED,COMMON_OBSERVED_SLICE,,4,2026-10-06T12:46:34.276954+00:00,2026-10-06T12:46:49.279748+00:00,15.000948905944824,9.666055188184519,,,,
common,same,2,warmup,A,heap_gc,A,OBSERVED,COMMON_OBSERVED_SLICE,,4,2026-10-06T09:33:15.656923+00:00,2026-10-06T09:33:30.869861+00:00,15.013156414031982,,462040268,489303244,0.0,
common,same,2,warmup,A,heap_gc,B,OBSERVED,COMMON_OBSERVED_SLICE,,4,2026-10-06T12:04:21.181868+00:00,2026-10-06T12:04:36.454417+00:00,15.02469778060913,,346701619,612253491,0.010000000000000009,
common,same,2,warmup,A,heap_gc,C,OBSERVED,COMMON_OBSERVED_SLICE,,4,2026-10-06T12:46:34.277833+00:00,2026-10-06T12:46:49.454846+00:00,14.95511507987976,,319662796,345352908,0.0,
common,same,2,warmup,A,tick,ALL_SUPPLIED,UNMEASURED,NO_COMMON_MEASUREMENT,Fewer than two contained real samples,,,,,,,,,
common,same,2,warmup,B,cpu_rss,A,OBSERVED,COMMON_OBSERVED_SLICE,,4,2026-10-06T09:33:15.657218+00:00,2026-10-06T09:33:30.657302+00:00,14.998695850372314,7.267298509643065,,,,
common,same,2,warmup,B,cpu_rss,B,OBSERVED,COMMON_OBSERVED_SLICE,,4,2026-10-06T12:04:21.179688+00:00,2026-10-06T12:04:36.181361+00:00,14.999990940093994,7.7333380042210065,,,,
common,same,2,warmup,B,cpu_rss,C,OBSERVED,COMMON_OBSERVED_SLICE,,4,2026-10-06T12:46:34.278067+00:00,2026-10-06T12:46:49.278924+00:00,14.999256134033203,7.667046883682878,,,,
common,same,2,warmup,B,heap_gc,A,OBSERVED,COMMON_OBSERVED_SLICE,,4,2026-10-06T09:33:15.658659+00:00,2026-10-06T09:33:30.852244+00:00,15.005887031555176,,256091033,258450329,0.0,
common,same,2,warmup,B,heap_gc,B,OBSERVED,COMMON_OBSERVED_SLICE,,4,2026-10-06T12:04:21.181394+00:00,2026-10-06T12:04:36.443581+00:00,15.046388864517212,,370430156,372789452,0.0,
common,same,2,warmup,B,heap_gc,C,OBSERVED,COMMON_OBSERVED_SLICE,,4,2026-10-06T12:46:34.279383+00:00,2026-10-06T12:46:49.447537+00:00,14.980116128921509,,361883340,365553356,0.0,
common,same,2,warmup,B,tick,ALL_SUPPLIED,UNMEASURED,NO_COMMON_MEASUREMENT,Fewer than two contained real samples,,,,,,,,,
common,same,2,warmup,C,cpu_rss,A,OBSERVED,COMMON_OBSERVED_SLICE,,4,2026-10-06T09:33:15.657259+00:00,2026-10-06T09:33:30.658895+00:00,14.999829292297363,7.200081940629686,,,,
common,same,2,warmup,C,cpu_rss,B,OBSERVED,COMMON_OBSERVED_SLICE,,4,2026-10-06T12:04:21.179777+00:00,2026-10-06T12:04:36.180865+00:00,15.000057697296143,6.8666402542282565,,,,
common,same,2,warmup,C,cpu_rss,C,OBSERVED,COMMON_OBSERVED_SLICE,,4,2026-10-06T12:46:34.278105+00:00,2026-10-06T12:46:49.278440+00:00,14.999241352081299,7.333704246631023,,,,
common,same,2,warmup,C,heap_gc,A,OBSERVED,COMMON_OBSERVED_SLICE,,4,2026-10-06T09:33:15.658018+00:00,2026-10-06T09:33:30.876408+00:00,15.0132417678833,,234245222,236080230,0.0,
common,same,2,warmup,C,heap_gc,B,OBSERVED,COMMON_OBSERVED_SLICE,,4,2026-10-06T12:04:21.180802+00:00,2026-10-06T12:04:36.373747+00:00,14.992822885513306,,240098611,242720051,0.0,
common,same,2,warmup,C,heap_gc,C,OBSERVED,COMMON_OBSERVED_SLICE,,4,2026-10-06T12:46:34.278926+00:00,2026-10-06T12:46:49.486684+00:00,14.996646404266357,,247789772,250935500,0.0,
common,same,2,warmup,C,tick,ALL_SUPPLIED,UNMEASURED,NO_COMMON_MEASUREMENT,Fewer than two contained real samples,,,,,,,,,
common,same,3,low_flow,A,cpu_rss,A,OBSERVED,COMMON_OBSERVED_SLICE,,31,2026-10-06T09:41:10.655830+00:00,2026-10-06T09:43:40.657407+00:00,150.00006079673767,8.17999668455257,,,,
common,same,3,low_flow,A,cpu_rss,B,OBSERVED,COMMON_OBSERVED_SLICE,,29,2026-10-06T12:12:36.179512+00:00,2026-10-06T12:14:56.181838+00:00,140.00060105323792,9.278531593632454,,,,
common,same,3,low_flow,A,cpu_rss,C,OBSERVED,COMMON_OBSERVED_SLICE,,16,2026-10-06T12:53:19.276944+00:00,2026-10-06T12:54:34.280422+00:00,75.00106191635132,9.373200619266644,,,,
common,same,3,low_flow,A,heap_gc,A,OBSERVED,COMMON_OBSERVED_SLICE,,31,2026-10-06T09:41:10.657274+00:00,2026-10-06T09:43:40.847975+00:00,150.02540493011475,,346737812.12903225,492438016,0.009000000000000119,
common,same,3,low_flow,A,heap_gc,B,OBSERVED,COMMON_OBSERVED_SLICE,,29,2026-10-06T12:12:36.180723+00:00,2026-10-06T12:14:56.425804+00:00,140.0418438911438,,442904335.3448276,639861145,0.016000000000000014,
common,same,3,low_flow,A,heap_gc,C,OBSERVED,COMMON_OBSERVED_SLICE,,16,2026-10-06T12:53:19.278356+00:00,2026-10-06T12:54:34.498555+00:00,75.0008647441864,,386876460.75,451670016,0.016000000000000014,
common,same,3,low_flow,A,tick,ALL_SUPPLIED,UNMEASURED,NO_COMMON_MEASUREMENT,Fewer than two contained real samples,,,,,,,,,
common,same,3,low_flow,B,cpu_rss,A,OBSERVED,COMMON_OBSERVED_SLICE,,31,2026-10-06T09:41:10.655967+00:00,2026-10-06T09:43:40.656888+00:00,149.99942231178284,7.386695114711533,,,,
common,same,3,low_flow,B,cpu_rss,B,OBSERVED,COMMON_OBSERVED_SLICE,,29,2026-10-06T12:12:36.179615+00:00,2026-10-06T12:14:56.181075+00:00,139.9999237060547,8.071432970010456,,,,
common,same,3,low_flow,B,cpu_rss,C,OBSERVED,COMMON_OBSERVED_SLICE,,16,2026-10-06T12:53:19.277109+00:00,2026-10-06T12:54:34.279428+00:00,75.00002574920654,7.866663965861899,,,,
common,same,3,low_flow,B,heap_gc,A,OBSERVED,COMMON_OBSERVED_SLICE,,31,2026-10-06T09:41:10.657993+00:00,2026-10-06T09:43:40.869760+00:00,150.02411651611328,,264533447.6451613,292168499,0.0,
common,same,3,low_flow,B,heap_gc,B,OBSERVED,COMMON_OBSERVED_SLICE,,29,2026-10-06T12:12:36.181364+00:00,2026-10-06T12:14:56.395011+00:00,139.99020981788635,,356949733.51724136,383778816,0.0,
common,same,3,low_flow,B,heap_gc,C,OBSERVED,COMMON_OBSERVED_SLICE,,16,2026-10-06T12:53:19.279493+00:00,2026-10-06T12:54:34.479574+00:00,75.00352883338928,,370478387,386534707,0.0,
common,same,3,low_flow,B,tick,ALL_SUPPLIED,UNMEASURED,NO_COMMON_MEASUREMENT,Fewer than two contained real samples,,,,,,,,,
common,same,3,low_flow,C,cpu_rss,A,OBSERVED,COMMON_OBSERVED_SLICE,,31,2026-10-06T09:41:10.656144+00:00,2026-10-06T09:43:40.658378+00:00,150.0003411769867,7.179983669032036,,,,
common,same,3,low_flow,C,cpu_rss,B,OBSERVED,COMMON_OBSERVED_SLICE,,29,2026-10-06T12:12:36.179789+00:00,2026-10-06T12:14:56.182759+00:00,140.00046515464783,7.592831915421028,,,,
common,same,3,low_flow,C,cpu_rss,C,OBSERVED,COMMON_OBSERVED_SLICE,,16,2026-10-06T12:53:19.277279+00:00,2026-10-06T12:54:34.278582+00:00,74.99978375434875,7.666688771841418,,,,
common,same,3,low_flow,C,heap_gc,A,OBSERVED,COMMON_OBSERVED_SLICE,,31,2026-10-06T09:41:10.659163+00:00,2026-10-06T09:43:40.850816+00:00,149.99671626091003,,399116885.483871,420629606,0.0,
common,same,3,low_flow,C,heap_gc,B,OBSERVED,COMMON_OBSERVED_SLICE,,29,2026-10-06T12:12:36.181860+00:00,2026-10-06T12:14:56.446315+00:00,140.02680110931396,,417651454.0344828,438803763,0.0,
common,same,3,low_flow,C,heap_gc,C,OBSERVED,COMMON_OBSERVED_SLICE,,16,2026-10-06T12:53:19.279030+00:00,2026-10-06T12:54:34.511720+00:00,75.03548264503479,,363177676,421853388,0.006000000000000005,
common,same,3,low_flow,C,tick,ALL_SUPPLIED,UNMEASURED,NO_COMMON_MEASUREMENT,Fewer than two contained real samples,,,,,,,,,
common,same,3,steady,A,cpu_rss,A,OBSERVED,COMMON_OBSERVED_SLICE,,21,2026-10-06T09:44:35.655846+00:00,2026-10-06T09:46:15.658163+00:00,100.00071263313293,9.519932157809192,,,,
common,same,3,steady,A,cpu_rss,B,OBSERVED,COMMON_OBSERVED_SLICE,,21,2026-10-06T12:15:51.179551+00:00,2026-10-06T12:17:31.181005+00:00,99.99957919120789,9.950041870650999,,,,
common,same,3,steady,A,cpu_rss,C,OBSERVED,COMMON_OBSERVED_SLICE,,22,2026-10-06T12:55:19.276946+00:00,2026-10-06T12:57:04.278065+00:00,104.99921298027039,11.428657091224894,,,,
common,same,3,steady,A,heap_gc,A,OBSERVED,COMMON_OBSERVED_SLICE,,21,2026-10-06T09:44:35.656731+00:00,2026-10-06T09:46:15.818372+00:00,99.96156716346741,,348927531.28571427,482804633,0.0030000000000001137,
common,same,3,steady,A,heap_gc,B,OBSERVED,COMMON_OBSERVED_SLICE,,21,2026-10-06T12:15:51.181886+00:00,2026-10-06T12:17:31.375284+00:00,100.01355028152466,,441101682,634246758,0.0020000000000000018,
common,same,3,steady,A,heap_gc,C,OBSERVED,COMMON_OBSERVED_SLICE,,21,2026-10-06T12:55:24.278455+00:00,2026-10-06T12:57:04.456854+00:00,99.98429441452026,,344133914.6666667,455160524,0.008999999999999897,
common,same,3,steady,A,tick,ALL_SUPPLIED,UNMEASURED,NO_COMMON_MEASUREMENT,Fewer than two contained real samples,,,,,,,,,
common,same,3,steady,B,cpu_rss,A,OBSERVED,COMMON_OBSERVED_SLICE,,21,2026-10-06T09:44:35.657210+00:00,2026-10-06T09:46:15.659082+00:00,100.00005054473877,7.149996386053038,,,,
common,same,3,steady,B,cpu_rss,B,OBSERVED,COMMON_OBSERVED_SLICE,,21,2026-10-06T12:15:51.179650+00:00,2026-10-06T12:17:31.181961+00:00,100.0007393360138,7.939941297154514,,,,
common,same,3,steady,B,cpu_rss,C,OBSERVED,COMMON_OBSERVED_SLICE,,22,2026-10-06T12:55:19.277102+00:00,2026-10-06T12:57:04.278659+00:00,104.99974489212036,8.047638600152554,,,,
common,same,3,steady,B,heap_gc,A,OBSERVED,COMMON_OBSERVED_SLICE,,21,2026-10-06T09:44:35.657739+00:00,2026-10-06T09:46:15.944969+00:00,100.0538547039032,,331664861.6666667,349840179,0.0,
common,same,3,steady,B,heap_gc,B,OBSERVED,COMMON_OBSERVED_SLICE,,21,2026-10-06T12:15:51.180570+00:00,2026-10-06T12:17:31.405454+00:00,100.02690696716309,,426670567.61904764,446693376,0.0,
common,same,3,steady,B,heap_gc,C,OBSERVED,COMMON_OBSERVED_SLICE,,21,2026-10-06T12:55:24.279333+00:00,2026-10-06T12:57:04.462009+00:00,99.96181106567383,,436416965.28571427,460983603,0.0,
common,same,3,steady,B,tick,ALL_SUPPLIED,UNMEASURED,NO_COMMON_MEASUREMENT,Fewer than two contained real samples,,,,,,,,,
common,same,3,steady,C,cpu_rss,A,OBSERVED,COMMON_OBSERVED_SLICE,,21,2026-10-06T09:44:35.657889+00:00,2026-10-06T09:46:15.657482+00:00,99.99860000610352,7.080099120955542,,,,
common,same,3,steady,C,cpu_rss,B,OBSERVED,COMMON_OBSERVED_SLICE,,21,2026-10-06T12:15:51.180776+00:00,2026-10-06T12:17:31.182573+00:00,100.00019025802612,7.719985312108327,,,,
common,same,3,steady,C,cpu_rss,C,OBSERVED,COMMON_OBSERVED_SLICE,,22,2026-10-06T12:55:19.277257+00:00,2026-10-06T12:57:04.279385+00:00,105.00044274330139,7.657110570148467,,,,
common,same,3,steady,C,heap_gc,A,OBSERVED,COMMON_OBSERVED_SLICE,,21,2026-10-06T09:44:35.658432+00:00,2026-10-06T09:46:15.872387+00:00,100.01823830604553,,453684716.0952381,468864102,0.0,
common,same,3,steady,C,heap_gc,B,OBSERVED,COMMON_OBSERVED_SLICE,,21,2026-10-06T12:15:51.181424+00:00,2026-10-06T12:17:31.420790+00:00,100.00343751907349,,251832383,456629555,0.017000000000000126,
common,same,3,steady,C,heap_gc,C,OBSERVED,COMMON_OBSERVED_SLICE,,21,2026-10-06T12:55:24.280127+00:00,2026-10-06T12:57:04.474204+00:00,99.95641326904297,,257093055.80952382,277065932,0.0,
common,same,3,steady,C,tick,ALL_SUPPLIED,UNMEASURED,NO_COMMON_MEASUREMENT,Fewer than two contained real samples,,,,,,,,,
common,same,3,warmup,A,cpu_rss,A,OBSERVED,COMMON_OBSERVED_SLICE,,3,2026-10-06T09:44:05.655843+00:00,2026-10-06T09:44:15.656919+00:00,9.999919414520264,9.300074945100171,,,,
common,same,3,warmup,A,cpu_rss,B,OBSERVED,COMMON_OBSERVED_SLICE,,3,2026-10-06T12:15:21.179544+00:00,2026-10-06T12:15:31.181427+00:00,10.00038194656372,10.399602790745206,,,,
common,same,3,warmup,A,cpu_rss,C,OBSERVED,COMMON_OBSERVED_SLICE,,3,2026-10-06T12:54:54.276910+00:00,2026-10-06T12:55:04.278219+00:00,10.000072479248047,10.899920998192263,,,,
common,same,3,warmup,A,heap_gc,A,OBSERVED,COMMON_OBSERVED_SLICE,,3,2026-10-06T09:44:05.657065+00:00,2026-10-06T09:44:15.851467+00:00,9.9871985912323,,451154022,470028390,0.0,
common,same,3,warmup,A,heap_gc,B,OBSERVED,COMMON_OBSERVED_SLICE,,3,2026-10-06T12:15:21.180703+00:00,2026-10-06T12:15:31.366882+00:00,9.988892078399658,,368607504.6666667,384685670,0.0,
common,same,3,warmup,A,heap_gc,C,OBSERVED,COMMON_OBSERVED_SLICE,,3,2026-10-06T12:54:54.278075+00:00,2026-10-06T12:55:04.449486+00:00,9.934705257415771,,315699916,332477132,0.0,
common,same,3,warmup,A,tick,ALL_SUPPLIED,UNMEASURED,NO_COMMON_MEASUREMENT,Fewer than two contained real samples,,,,,,,,,
common,same,3,warmup,B,cpu_rss,A,OBSERVED,COMMON_OBSERVED_SLICE,,3,2026-10-06T09:44:05.655996+00:00,2026-10-06T09:44:15.658130+00:00,9.999461650848389,7.300393016038844,,,,
common,same,3,warmup,B,cpu_rss,B,OBSERVED,COMMON_OBSERVED_SLICE,,3,2026-10-06T12:15:21.181004+00:00,2026-10-06T12:15:31.183398+00:00,9.999502658843994,8.200407840031989,,,,
common,same,3,warmup,B,cpu_rss,C,OBSERVED,COMMON_OBSERVED_SLICE,,3,2026-10-06T12:54:54.278363+00:00,2026-10-06T12:55:04.279232+00:00,9.999009609222412,8.000792391099868,,,,
common,same,3,warmup,B,heap_gc,A,OBSERVED,COMMON_OBSERVED_SLICE,,3,2026-10-06T09:44:05.659145+00:00,2026-10-06T09:44:15.866574+00:00,10.023452758789062,,303003784.3333333,304751411,0.0,
common,same,3,warmup,B,heap_gc,B,OBSERVED,COMMON_OBSERVED_SLICE,,3,2026-10-06T12:15:21.183090+00:00,2026-10-06T12:15:31.421801+00:00,10.028284549713135,,396012202.6666667,397410304,0.0,
common,same,3,warmup,B,heap_gc,C,OBSERVED,COMMON_OBSERVED_SLICE,,3,2026-10-06T12:54:54.279885+00:00,2026-10-06T12:55:04.435968+00:00,9.95075535774231,,398768093.6666667,401214771,0.0,
common,same,3,warmup,B,tick,ALL_SUPPLIED,UNMEASURED,NO_COMMON_MEASUREMENT,Fewer than two contained real samples,,,,,,,,,
common,same,3,warmup,C,cpu_rss,A,OBSERVED,COMMON_OBSERVED_SLICE,,3,2026-10-06T09:44:05.656045+00:00,2026-10-06T09:44:15.657606+00:00,9.9998197555542,7.000126173386152,,,,
common,same,3,warmup,C,cpu_rss,B,OBSERVED,COMMON_OBSERVED_SLICE,,3,2026-10-06T12:15:21.181051+00:00,2026-10-06T12:15:31.182294+00:00,9.999593257904053,8.100329474498855,,,,
common,same,3,warmup,C,cpu_rss,C,OBSERVED,COMMON_OBSERVED_SLICE,,3,2026-10-06T12:54:54.278418+00:00,2026-10-06T12:55:04.278855+00:00,9.999100923538208,7.700692351123342,,,,
common,same,3,warmup,C,heap_gc,A,OBSERVED,COMMON_OBSERVED_SLICE,,3,2026-10-06T09:44:05.657957+00:00,2026-10-06T09:44:15.804306+00:00,9.96186351776123,,429367739.3333333,431115366,0.0,
common,same,3,warmup,C,heap_gc,B,OBSERVED,COMMON_OBSERVED_SLICE,,3,2026-10-06T12:15:21.181886+00:00,2026-10-06T12:15:31.442712+00:00,9.999062538146973,,447891421.6666667,449289523,0.0,
common,same,3,warmup,C,heap_gc,C,OBSERVED,COMMON_OBSERVED_SLICE,,3,2026-10-06T12:54:54.279338+00:00,2026-10-06T12:55:04.556528+00:00,9.988237857818604,,226734284,228831436,0.0,
common,same,3,warmup,C,tick,ALL_SUPPLIED,UNMEASURED,NO_COMMON_MEASUREMENT,Fewer than two contained real samples,,,,,,,,,
pairwise:A+B,cross,1,low_flow,A,cpu_rss,A,OBSERVED,COMMON_OBSERVED_SLICE,,19,2026-10-06T09:09:55.655850+00:00,2026-10-06T09:11:25.657880+00:00,89.99972033500671,7.744468509519262,,,,
pairwise:A+B,cross,1,low_flow,A,cpu_rss,B,OBSERVED,COMMON_OBSERVED_SLICE,,18,2026-10-06T11:40:46.179506+00:00,2026-10-06T11:42:11.183238+00:00,85.00119042396545,8.658702264391938,,,,
pairwise:A+B,cross,1,low_flow,A,heap_gc,A,OBSERVED,COMMON_OBSERVED_SLICE,,19,2026-10-06T09:09:55.658412+00:00,2026-10-06T09:11:25.826835+00:00,89.97620177268982,,361907000,491113164,0.018000000000000016,
pairwise:A+B,cross,1,low_flow,A,heap_gc,B,OBSERVED,COMMON_OBSERVED_SLICE,,18,2026-10-06T11:40:46.180971+00:00,2026-10-06T11:42:11.440544+00:00,85.0415678024292,,329657457.7777778,369037312,0.0,
pairwise:A+B,cross,1,low_flow,A,tick,PAIR_SUPPLIED,UNMEASURED,NO_COMMON_MEASUREMENT,Fewer than two contained real samples,,,,,,,,,
pairwise:A+B,cross,1,low_flow,B,cpu_rss,A,OBSERVED,COMMON_OBSERVED_SLICE,,19,2026-10-06T09:09:55.655952+00:00,2026-10-06T09:11:25.657014+00:00,89.99962425231934,8.466702014929393,,,,
pairwise:A+B,cross,1,low_flow,B,cpu_rss,B,OBSERVED,COMMON_OBSERVED_SLICE,,18,2026-10-06T11:40:46.179623+00:00,2026-10-06T11:42:11.182106+00:00,85.00005674362183,10.847051582341258,,,,
pairwise:A+B,cross,1,low_flow,B,heap_gc,A,OBSERVED,COMMON_OBSERVED_SLICE,,19,2026-10-06T09:09:55.657743+00:00,2026-10-06T09:11:25.854895+00:00,90.03185820579529,,345188405.57894737,432013312,0.008999999999999897,
pairwise:A+B,cross,1,low_flow,B,heap_gc,B,OBSERVED,COMMON_OBSERVED_SLICE,,18,2026-10-06T11:40:46.182136+00:00,2026-10-06T11:42:11.320599+00:00,84.97381138801575,,496675498.6666667,612892672,0.0,
pairwise:A+B,cross,1,low_flow,B,tick,PAIR_SUPPLIED,UNMEASURED,NO_COMMON_MEASUREMENT,Fewer than two contained real samples,,,,,,,,,
pairwise:A+B,cross,1,low_flow,C,cpu_rss,A,OBSERVED,COMMON_OBSERVED_SLICE,,19,2026-10-06T09:09:55.656000+00:00,2026-10-06T09:11:25.659504+00:00,90.00120210647583,6.822131100800275,,,,
pairwise:A+B,cross,1,low_flow,C,cpu_rss,B,OBSERVED,COMMON_OBSERVED_SLICE,,18,2026-10-06T11:40:46.179757+00:00,2026-10-06T11:42:11.181240+00:00,84.99981307983398,8.388253740397426,,,,
pairwise:A+B,cross,1,low_flow,C,heap_gc,A,OBSERVED,COMMON_OBSERVED_SLICE,,19,2026-10-06T09:09:55.657180+00:00,2026-10-06T09:11:25.873194+00:00,90.01159739494324,,459414037.15789473,472217702,0.0,
pairwise:A+B,cross,1,low_flow,C,heap_gc,B,OBSERVED,COMMON_OBSERVED_SLICE,,18,2026-10-06T11:40:46.181702+00:00,2026-10-06T11:42:11.371896+00:00,85.01429009437561,,353078840.8888889,455081984,0.01200000000000001,
pairwise:A+B,cross,1,low_flow,C,tick,PAIR_SUPPLIED,UNMEASURED,NO_COMMON_MEASUREMENT,Fewer than two contained real samples,,,,,,,,,
pairwise:A+B,cross,1,steady,A,cpu_rss,A,OBSERVED,COMMON_OBSERVED_SLICE,,21,2026-10-06T09:12:15.655775+00:00,2026-10-06T09:13:55.658248+00:00,100.00008010864258,8.359993302922845,,,,
pairwise:A+B,cross,1,steady,A,cpu_rss,B,OBSERVED,COMMON_OBSERVED_SLICE,,21,2026-10-06T11:43:01.179496+00:00,2026-10-06T11:44:41.183115+00:00,100.00138974189758,8.999874924967438,,,,
pairwise:A+B,cross,1,steady,A,heap_gc,A,OBSERVED,COMMON_OBSERVED_SLICE,,21,2026-10-06T09:12:15.658131+00:00,2026-10-06T09:13:55.805363+00:00,99.96785354614258,,400588073.04761904,491093094,0.006000000000000005,
pairwise:A+B,cross,1,steady,A,heap_gc,B,OBSERVED,COMMON_OBSERVED_SLICE,,21,2026-10-06T11:43:01.180386+00:00,2026-10-06T11:44:41.408813+00:00,100.01835536956787,,511853070.5714286,621744128,0.008000000000000007,
pairwise:A+B,cross,1,steady,A,tick,PAIR_SUPPLIED,UNMEASURED,NO_COMMON_MEASUREMENT,Fewer than two contained real samples,,,,,,,,,
pairwise:A+B,cross,1,steady,B,cpu_rss,A,OBSERVED,COMMON_OBSERVED_SLICE,,21,2026-10-06T09:12:15.655878+00:00,2026-10-06T09:13:55.656622+00:00,99.9998664855957,9.090012136475558,,,,
pairwise:A+B,cross,1,steady,B,cpu_rss,B,OBSERVED,COMMON_OBSERVED_SLICE,,21,2026-10-06T11:43:01.180619+00:00,2026-10-06T11:44:41.181810+00:00,99.99947738647461,9.490049596282764,,,,
pairwise:A+B,cross,1,steady,B,heap_gc,A,OBSERVED,COMMON_OBSERVED_SLICE,,21,2026-10-06T09:12:15.656913+00:00,2026-10-06T09:13:55.795761+00:00,99.9842300415039,,338053343.9047619,429828710,0.0050000000000001155,
pairwise:A+B,cross,1,steady,B,heap_gc,B,OBSERVED,COMMON_OBSERVED_SLICE,,21,2026-10-06T11:43:01.181968+00:00,2026-10-06T11:44:41.384618+00:00,100.01818704605103,,409743555.04761904,515899392,0.0,
pairwise:A+B,cross,1,steady,B,tick,PAIR_SUPPLIED,UNMEASURED,NO_COMMON_MEASUREMENT,Fewer than two contained real samples,,,,,,,,,
pairwise:A+B,cross,1,steady,C,cpu_rss,A,OBSERVED,COMMON_OBSERVED_SLICE,,21,2026-10-06T09:12:15.655953+00:00,2026-10-06T09:13:55.657405+00:00,100.00035357475281,7.2999741891343035,,,,
pairwise:A+B,cross,1,steady,C,cpu_rss,B,OBSERVED,COMMON_OBSERVED_SLICE,,21,2026-10-06T11:43:01.180660+00:00,2026-10-06T11:44:41.180982+00:00,99.99931192398071,7.690052913409966,,,,
pairwise:A+B,cross,1,steady,C,heap_gc,A,OBSERVED,COMMON_OBSERVED_SLICE,,21,2026-10-06T09:12:15.657452+00:00,2026-10-06T09:13:55.788777+00:00,99.96723055839539,,504224236.0952381,519403622,0.0,
pairwise:A+B,cross,1,steady,C,heap_gc,B,OBSERVED,COMMON_OBSERVED_SLICE,,20,2026-10-06T11:43:01.181513+00:00,2026-10-06T11:44:41.423077+00:00,100.03030633926392,,278187212.8,295698432,0.0,
pairwise:A+B,cross,1,steady,C,tick,PAIR_SUPPLIED,UNMEASURED,NO_COMMON_MEASUREMENT,Fewer than two contained real samples,,,,,,,,,
pairwise:A+B,cross,1,warmup,A,cpu_rss,A,OBSERVED,COMMON_OBSERVED_SLICE,,3,2026-10-06T09:11:45.655825+00:00,2026-10-06T09:11:55.657703+00:00,10.000398635864258,8.099677117821216,,,,
pairwise:A+B,cross,1,warmup,A,cpu_rss,B,OBSERVED,COMMON_OBSERVED_SLICE,,3,2026-10-06T11:42:31.179529+00:00,2026-10-06T11:42:41.182735+00:00,10.000723361968994,9.29932732202787,,,,
pairwise:A+B,cross,1,warmup,A,heap_gc,A,OBSERVED,COMMON_OBSERVED_SLICE,,3,2026-10-06T09:11:45.656895+00:00,2026-10-06T09:11:55.848802+00:00,10.028650760650635,,300601787.3333333,308640870,0.0,
pairwise:A+B,cross,1,warmup,A,heap_gc,B,OBSERVED,COMMON_OBSERVED_SLICE,,3,2026-10-06T11:42:31.181569+00:00,2026-10-06T11:42:41.361671+00:00,9.996720790863037,,409931776,419368960,0.0,
pairwise:A+B,cross,1,warmup,A,tick,PAIR_SUPPLIED,UNMEASURED,NO_COMMON_MEASUREMENT,Fewer than two contained real samples,,,,,,,,,
pairwise:A+B,cross,1,warmup,B,cpu_rss,A,OBSERVED,COMMON_OBSERVED_SLICE,,3,2026-10-06T09:11:45.655923+00:00,2026-10-06T09:11:55.658096+00:00,9.999893188476562,9.100097199524638,,,,
pairwise:A+B,cross,1,warmup,B,cpu_rss,B,OBSERVED,COMMON_OBSERVED_SLICE,,3,2026-10-06T11:42:31.179641+00:00,2026-10-06T11:42:41.181388+00:00,10.0004723072052,10.899485209460295,,,,
pairwise:A+B,cross,1,warmup,B,heap_gc,A,OBSERVED,COMMON_OBSERVED_SLICE,,3,2026-10-06T09:11:45.658300+00:00,2026-10-06T09:11:55.831280+00:00,10.010694026947021,,257512720.66666666,268348006,0.0,
pairwise:A+B,cross,1,warmup,B,heap_gc,B,OBSERVED,COMMON_OBSERVED_SLICE,,3,2026-10-06T11:42:31.180721+00:00,2026-10-06T11:42:41.368238+00:00,9.999476909637451,,388497408,663224320,0.0050000000000001155,
pairwise:A+B,cross,1,warmup,B,tick,PAIR_SUPPLIED,UNMEASURED,NO_COMMON_MEASUREMENT,Fewer than two contained real samples,,,,,,,,,
pairwise:A+B,cross,1,warmup,C,cpu_rss,A,OBSERVED,COMMON_OBSERVED_SLICE,,3,2026-10-06T09:11:45.656011+00:00,2026-10-06T09:11:55.656990+00:00,9.999639749526978,10.300371071355087,,,,
pairwise:A+B,cross,1,warmup,C,cpu_rss,B,OBSERVED,COMMON_OBSERVED_SLICE,,3,2026-10-06T11:42:31.179752+00:00,2026-10-06T11:42:41.182112+00:00,10.000208854675293,8.7998162117242,,,,
pairwise:A+B,cross,1,warmup,C,heap_gc,A,OBSERVED,COMMON_OBSERVED_SLICE,,3,2026-10-06T09:11:45.657680+00:00,2026-10-06T09:11:55.817307+00:00,9.970471620559692,,480955835.3333333,482703462,0.0,
pairwise:A+B,cross,1,warmup,C,heap_gc,B,OBSERVED,COMMON_OBSERVED_SLICE,,3,2026-10-06T11:42:31.182036+00:00,2026-10-06T11:42:41.389204+00:00,9.998532772064209,,250260138.66666666,252706816,0.0,
pairwise:A+B,cross,1,warmup,C,tick,PAIR_SUPPLIED,UNMEASURED,NO_COMMON_MEASUREMENT,Fewer than two contained real samples,,,,,,,,,
pairwise:A+B,cross,2,low_flow,A,cpu_rss,A,OBSERVED,COMMON_OBSERVED_SLICE,,32,2026-10-06T09:19:35.655778+00:00,2026-10-06T09:22:10.656604+00:00,154.99988412857056,7.264521559680621,,,,
pairwise:A+B,cross,2,low_flow,A,cpu_rss,B,OBSERVED,COMMON_OBSERVED_SLICE,,32,2026-10-06T11:50:31.179524+00:00,2026-10-06T11:53:06.183033+00:00,155.00123643875122,8.516061099432566,,,,
pairwise:A+B,cross,2,low_flow,A,heap_gc,A,OBSERVED,COMMON_OBSERVED_SLICE,,32,2026-10-06T09:19:35.656844+00:00,2026-10-06T09:22:10.836025+00:00,155.0225055217743,,355415654,400012902,0.0,
pairwise:A+B,cross,2,low_flow,A,heap_gc,B,OBSERVED,COMMON_OBSERVED_SLICE,,32,2026-10-06T11:50:31.180607+00:00,2026-10-06T11:53:06.361427+00:00,154.9820535182953,,484146809,622894489,0.008000000000000007,
pairwise:A+B,cross,2,low_flow,A,tick,PAIR_SUPPLIED,UNMEASURED,NO_COMMON_MEASUREMENT,Fewer than two contained real samples,,,,,,,,,
pairwise:A+B,cross,2,low_flow,B,cpu_rss,A,OBSERVED,COMMON_OBSERVED_SLICE,,32,2026-10-06T09:19:35.655883+00:00,2026-10-06T09:22:10.658451+00:00,155.00062036514282,8.341902096611065,,,,
pairwise:A+B,cross,2,low_flow,B,cpu_rss,B,OBSERVED,COMMON_OBSERVED_SLICE,,32,2026-10-06T11:50:31.179642+00:00,2026-10-06T11:53:06.181149+00:00,154.99999117851257,9.277419882842853,,,,
pairwise:A+B,cross,2,low_flow,B,heap_gc,A,OBSERVED,COMMON_OBSERVED_SLICE,,32,2026-10-06T09:19:35.658153+00:00,2026-10-06T09:22:10.783396+00:00,154.97296905517578,,343680252.5,431746355,0.016000000000000014,
pairwise:A+B,cross,2,low_flow,B,heap_gc,B,OBSERVED,COMMON_OBSERVED_SLICE,,32,2026-10-06T11:50:31.181275+00:00,2026-10-06T11:53:06.386024+00:00,154.97180795669556,,462668453.875,687865856,0.0040000000000000036,
pairwise:A+B,cross,2,low_flow,B,tick,PAIR_SUPPLIED,UNMEASURED,NO_COMMON_MEASUREMENT,Fewer than two contained real samples,,,,,,,,,
pairwise:A+B,cross,2,low_flow,C,cpu_rss,A,OBSERVED,COMMON_OBSERVED_SLICE,,32,2026-10-06T09:19:35.655973+00:00,2026-10-06T09:22:10.657877+00:00,155.00071024894714,6.890291007600433,,,,
pairwise:A+B,cross,2,low_flow,C,cpu_rss,B,OBSERVED,COMMON_OBSERVED_SLICE,,32,2026-10-06T11:50:31.179703+00:00,2026-10-06T11:53:06.181905+00:00,154.99998593330383,8.34838785441442,,,,
pairwise:A+B,cross,2,low_flow,C,heap_gc,A,OBSERVED,COMMON_OBSERVED_SLICE,,32,2026-10-06T09:19:35.657366+00:00,2026-10-06T09:22:10.831298+00:00,155.00153279304504,,342261760,364904448,0.0,
pairwise:A+B,cross,2,low_flow,C,heap_gc,B,OBSERVED,COMMON_OBSERVED_SLICE,,32,2026-10-06T11:50:31.182210+00:00,2026-10-06T11:53:06.372667+00:00,154.97751665115356,,398557184,456130560,0.038999999999999924,
pairwise:A+B,cross,2,low_flow,C,tick,PAIR_SUPPLIED,UNMEASURED,NO_COMMON_MEASUREMENT,Fewer than two contained real samples,,,,,,,,,
pairwise:A+B,cross,2,steady,A,cpu_rss,A,OBSERVED,COMMON_OBSERVED_SLICE,,21,2026-10-06T09:23:00.655842+00:00,2026-10-06T09:24:40.658035+00:00,99.99986481666565,8.050010882273137,,,,
pairwise:A+B,cross,2,steady,A,cpu_rss,B,OBSERVED,COMMON_OBSERVED_SLICE,,21,2026-10-06T11:53:56.179572+00:00,2026-10-06T11:55:36.180594+00:00,99.99888563156128,9.06010096290565,,,,
pairwise:A+B,cross,2,steady,A,heap_gc,A,OBSERVED,COMMON_OBSERVED_SLICE,,21,2026-10-06T09:23:00.658277+00:00,2026-10-06T09:24:40.894368+00:00,100.00172591209412,,333024821.2380952,488093286,0.006000000000000005,
pairwise:A+B,cross,2,steady,A,heap_gc,B,OBSERVED,COMMON_OBSERVED_SLICE,,21,2026-10-06T11:53:56.182811+00:00,2026-10-06T11:55:36.411548+00:00,100.00011777877808,,463732267.28571427,559602073,0.0,
pairwise:A+B,cross,2,steady,A,tick,PAIR_SUPPLIED,UNMEASURED,NO_COMMON_MEASUREMENT,Fewer than two contained real samples,,,,,,,,,
pairwise:A+B,cross,2,steady,B,cpu_rss,A,OBSERVED,COMMON_OBSERVED_SLICE,,21,2026-10-06T09:23:00.655957+00:00,2026-10-06T09:24:40.657080+00:00,99.99991416931152,8.500007295614783,,,,
pairwise:A+B,cross,2,steady,B,cpu_rss,B,OBSERVED,COMMON_OBSERVED_SLICE,,21,2026-10-06T11:53:56.179815+00:00,2026-10-06T11:55:36.181700+00:00,100.00037693977356,10.249961363818844,,,,
pairwise:A+B,cross,2,steady,B,heap_gc,A,OBSERVED,COMMON_OBSERVED_SLICE,,21,2026-10-06T09:23:00.657218+00:00,2026-10-06T09:24:40.830556+00:00,99.98465132713318,,350771980.04761904,431354265,0.0040000000000000036,
pairwise:A+B,cross,2,steady,B,heap_gc,B,OBSERVED,COMMON_OBSERVED_SLICE,,21,2026-10-06T11:53:56.181962+00:00,2026-10-06T11:55:36.387923+00:00,100.00972986221313,,407312578.85714287,688141516,0.006999999999999895,
pairwise:A+B,cross,2,steady,B,tick,PAIR_SUPPLIED,UNMEASURED,NO_COMMON_MEASUREMENT,Fewer than two contained real samples,,,,,,,,,
pairwise:A+B,cross,2,steady,C,cpu_rss,A,OBSERVED,COMMON_OBSERVED_SLICE,,21,2026-10-06T09:23:00.656222+00:00,2026-10-06T09:24:40.658527+00:00,100.00026082992554,7.039981637621128,,,,
pairwise:A+B,cross,2,steady,C,cpu_rss,B,OBSERVED,COMMON_OBSERVED_SLICE,,21,2026-10-06T11:53:56.179894+00:00,2026-10-06T11:55:36.182338+00:00,100.0009765625,7.699924805421811,,,,
pairwise:A+B,cross,2,steady,C,heap_gc,A,OBSERVED,COMMON_OBSERVED_SLICE,,21,2026-10-06T09:23:00.657787+00:00,2026-10-06T09:24:40.864905+00:00,100.04512882232666,,395662677.3333333,412090368,0.0,
pairwise:A+B,cross,2,steady,C,heap_gc,B,OBSERVED,COMMON_OBSERVED_SLICE,,21,2026-10-06T11:53:56.181400+00:00,2026-10-06T11:55:36.372556+00:00,100.01918029785156,,274851742.47619045,293076992,0.0,
pairwise:A+B,cross,2,steady,C,tick,PAIR_SUPPLIED,UNMEASURED,NO_COMMON_MEASUREMENT,Fewer than two contained real samples,,,,,,,,,
pairwise:A+B,cross,2,warmup,A,cpu_rss,A,OBSERVED,COMMON_OBSERVED_SLICE,,3,2026-10-06T09:22:30.655820+00:00,2026-10-06T09:22:40.657061+00:00,9.99941349029541,8.800516158813208,,,,
pairwise:A+B,cross,2,warmup,A,cpu_rss,B,OBSERVED,COMMON_OBSERVED_SLICE,,3,2026-10-06T11:53:26.179566+00:00,2026-10-06T11:53:36.182075+00:00,9.999818325042725,8.80015987686692,,,,
pairwise:A+B,cross,2,warmup,A,heap_gc,A,OBSERVED,COMMON_OBSERVED_SLICE,,3,2026-10-06T09:22:30.658226+00:00,2026-10-06T09:22:40.824516+00:00,9.980047225952148,,430421606,438810214,0.0,
pairwise:A+B,cross,2,warmup,A,heap_gc,B,OBSERVED,COMMON_OBSERVED_SLICE,,3,2026-10-06T11:53:26.182407+00:00,2026-10-06T11:53:36.314561+00:00,9.967777013778687,,320177219.6666667,329963929,0.0,
pairwise:A+B,cross,2,warmup,A,tick,PAIR_SUPPLIED,UNMEASURED,NO_COMMON_MEASUREMENT,Fewer than two contained real samples,,,,,,,,,
pairwise:A+B,cross,2,warmup,B,cpu_rss,A,OBSERVED,COMMON_OBSERVED_SLICE,,3,2026-10-06T09:22:30.655917+00:00,2026-10-06T09:22:40.657679+00:00,10.000144243240356,9.199867298132881,,,,
pairwise:A+B,cross,2,warmup,B,cpu_rss,B,OBSERVED,COMMON_OBSERVED_SLICE,,3,2026-10-06T11:53:26.179724+00:00,2026-10-06T11:53:36.180786+00:00,9.999485969543457,9.800503775742918,,,,
pairwise:A+B,cross,2,warmup,B,heap_gc,A,OBSERVED,COMMON_OBSERVED_SLICE,,3,2026-10-06T09:22:30.657445+00:00,2026-10-06T09:22:40.844807+00:00,9.973177671432495,,320904259.6666667,333836697,0.0,
pairwise:A+B,cross,2,warmup,B,heap_gc,B,OBSERVED,COMMON_OBSERVED_SLICE,,3,2026-10-06T11:53:26.181749+00:00,2026-10-06T11:53:36.367859+00:00,9.973801851272583,,590274422.6666666,600061132,0.0,
pairwise:A+B,cross,2,warmup,B,tick,PAIR_SUPPLIED,UNMEASURED,NO_COMMON_MEASUREMENT,Fewer than two contained real samples,,,,,,,,,
pairwise:A+B,cross,2,warmup,C,cpu_rss,A,OBSERVED,COMMON_OBSERVED_SLICE,,3,2026-10-06T09:22:30.655974+00:00,2026-10-06T09:22:40.658937+00:00,10.000073432922363,7.599944191388731,,,,
pairwise:A+B,cross,2,warmup,C,cpu_rss,B,OBSERVED,COMMON_OBSERVED_SLICE,,3,2026-10-06T11:53:26.179914+00:00,2026-10-06T11:53:36.181572+00:00,10.00013542175293,7.799894372463152,,,,
pairwise:A+B,cross,2,warmup,C,heap_gc,A,OBSERVED,COMMON_OBSERVED_SLICE,,3,2026-10-06T09:22:30.658967+00:00,2026-10-06T09:22:40.839543+00:00,10.011577129364014,,372244480,374341632,0.0,
pairwise:A+B,cross,2,warmup,C,heap_gc,B,OBSERVED,COMMON_OBSERVED_SLICE,,3,2026-10-06T11:53:26.181114+00:00,2026-10-06T11:53:36.381915+00:00,9.998003005981445,,247289173.33333334,249036800,0.0,
pairwise:A+B,cross,2,warmup,C,tick,PAIR_SUPPLIED,UNMEASURED,NO_COMMON_MEASUREMENT,Fewer than two contained real samples,,,,,,,,,
pairwise:A+B,cross,3,low_flow,A,cpu_rss,A,OBSERVED,COMMON_OBSERVED_SLICE,,33,2026-10-06T09:46:40.655820+00:00,2026-10-06T09:49:20.658040+00:00,160.00022077560425,7.599989513173284,,,,
pairwise:A+B,cross,3,low_flow,A,cpu_rss,B,OBSERVED,COMMON_OBSERVED_SLICE,,32,2026-10-06T12:17:56.179533+00:00,2026-10-06T12:20:31.181386+00:00,154.9998598098755,8.148394466609254,,,,
pairwise:A+B,cross,3,low_flow,A,heap_gc,A,OBSERVED,COMMON_OBSERVED_SLICE,,33,2026-10-06T09:46:40.657627+00:00,2026-10-06T09:49:20.881634+00:00,160.00590348243713,,377802453.42424244,498629017,0.006999999999999895,
pairwise:A+B,cross,3,low_flow,A,heap_gc,B,OBSERVED,COMMON_OBSERVED_SLICE,,32,2026-10-06T12:17:56.181753+00:00,2026-10-06T12:20:31.404655+00:00,154.97420120239258,,534013644,606234316,0.0,
pairwise:A+B,cross,3,low_flow,A,tick,PAIR_SUPPLIED,UNMEASURED,NO_COMMON_MEASUREMENT,Fewer than two contained real samples,,,,,,,,,
pairwise:A+B,cross,3,low_flow,B,cpu_rss,A,OBSERVED,COMMON_OBSERVED_SLICE,,33,2026-10-06T09:46:40.655934+00:00,2026-10-06T09:49:20.657200+00:00,159.99957418441772,9.243774600895414,,,,
pairwise:A+B,cross,3,low_flow,B,cpu_rss,B,OBSERVED,COMMON_OBSERVED_SLICE,,32,2026-10-06T12:17:56.179685+00:00,2026-10-06T12:20:31.182263+00:00,155.00076937675476,8.658021540125718,,,,
pairwise:A+B,cross,3,low_flow,B,heap_gc,A,OBSERVED,COMMON_OBSERVED_SLICE,,33,2026-10-06T09:46:40.658104+00:00,2026-10-06T09:49:20.842077+00:00,160.02612209320068,,344116906.1212121,443163443,0.03299999999999992,
pairwise:A+B,cross,3,low_flow,B,heap_gc,B,OBSERVED,COMMON_OBSERVED_SLICE,,32,2026-10-06T12:17:56.180792+00:00,2026-10-06T12:20:31.382929+00:00,155.01299262046814,,480326706.75,693108736,0.004999999999999893,
pairwise:A+B,cross,3,low_flow,B,tick,PAIR_SUPPLIED,UNMEASURED,NO_COMMON_MEASUREMENT,Fewer than two contained real samples,,,,,,,,,
pairwise:A+B,cross,3,low_flow,C,cpu_rss,A,OBSERVED,COMMON_OBSERVED_SLICE,,33,2026-10-06T09:46:40.655995+00:00,2026-10-06T09:49:20.658932+00:00,159.99998593330383,7.331250644540482,,,,
pairwise:A+B,cross,3,low_flow,C,cpu_rss,B,OBSERVED,COMMON_OBSERVED_SLICE,,32,2026-10-06T12:17:56.179767+00:00,2026-10-06T12:20:31.182890+00:00,154.99998593330383,7.580645849255772,,,,
pairwise:A+B,cross,3,low_flow,C,heap_gc,A,OBSERVED,COMMON_OBSERVED_SLICE,,33,2026-10-06T09:46:40.658980+00:00,2026-10-06T09:49:20.810956+00:00,159.98007822036743,,502100783.6969697,528632934,0.0,
pairwise:A+B,cross,3,low_flow,C,heap_gc,B,OBSERVED,COMMON_OBSERVED_SLICE,,32,2026-10-06T12:17:56.183142+00:00,2026-10-06T12:20:31.342895+00:00,154.97381234169006,,288948838,312214118,0.0,
pairwise:A+B,cross,3,low_flow,C,tick,PAIR_SUPPLIED,UNMEASURED,NO_COMMON_MEASUREMENT,Fewer than two contained real samples,,,,,,,,,
pairwise:A+B,cross,3,steady,A,cpu_rss,A,OBSERVED,COMMON_OBSERVED_SLICE,,22,2026-10-06T09:50:05.655821+00:00,2026-10-06T09:51:50.656976+00:00,104.99945592880249,9.48576343743496,,,,
pairwise:A+B,cross,3,steady,A,cpu_rss,B,OBSERVED,COMMON_OBSERVED_SLICE,,21,2026-10-06T12:21:21.179509+00:00,2026-10-06T12:23:01.180986+00:00,99.99988198280334,8.47000999606838,,,,
pairwise:A+B,cross,3,steady,A,heap_gc,A,OBSERVED,COMMON_OBSERVED_SLICE,,22,2026-10-06T09:50:05.658086+00:00,2026-10-06T09:51:50.818235+00:00,104.99037027359009,,386498652.3636364,491771084,0.018999999999999906,
pairwise:A+B,cross,3,steady,A,heap_gc,B,OBSERVED,COMMON_OBSERVED_SLICE,,21,2026-10-06T12:21:21.181261+00:00,2026-10-06T12:23:01.384027+00:00,99.96009516716003,,382666717.6666667,479485235,0.0,
pairwise:A+B,cross,3,steady,A,tick,PAIR_SUPPLIED,UNMEASURED,NO_COMMON_MEASUREMENT,Fewer than two contained real samples,,,,,,,,,
pairwise:A+B,cross,3,steady,B,cpu_rss,A,OBSERVED,COMMON_OBSERVED_SLICE,,22,2026-10-06T09:50:05.655929+00:00,2026-10-06T09:51:50.658736+00:00,105.00140857696533,9.80939221634363,,,,
pairwise:A+B,cross,3,steady,B,cpu_rss,B,OBSERVED,COMMON_OBSERVED_SLICE,,21,2026-10-06T12:21:21.180001+00:00,2026-10-06T12:23:01.181879+00:00,99.9994649887085,8.860047402253992,,,,
pairwise:A+B,cross,3,steady,B,heap_gc,A,OBSERVED,COMMON_OBSERVED_SLICE,,22,2026-10-06T09:50:05.657318+00:00,2026-10-06T09:51:50.903553+00:00,105.02195858955383,,348118583.3181818,440423731,0.029000000000000137,
pairwise:A+B,cross,3,steady,B,heap_gc,B,OBSERVED,COMMON_OBSERVED_SLICE,,21,2026-10-06T12:21:21.182621+00:00,2026-10-06T12:23:01.352679+00:00,99.98781895637512,,393195558.85714287,687365324,0.0050000000000001155,
pairwise:A+B,cross,3,steady,B,tick,PAIR_SUPPLIED,UNMEASURED,NO_COMMON_MEASUREMENT,Fewer than two contained real samples,,,,,,,,,
pairwise:A+B,cross,3,steady,C,cpu_rss,A,OBSERVED,COMMON_OBSERVED_SLICE,,22,2026-10-06T09:50:05.656130+00:00,2026-10-06T09:51:50.659435+00:00,105.0019416809082,7.361768626613419,,,,
pairwise:A+B,cross,3,steady,C,cpu_rss,B,OBSERVED,COMMON_OBSERVED_SLICE,,21,2026-10-06T12:21:21.180142+00:00,2026-10-06T12:23:01.182795+00:00,100.00024175643921,7.349982230944699,,,,
pairwise:A+B,cross,3,steady,C,heap_gc,A,OBSERVED,COMMON_OBSERVED_SLICE,,22,2026-10-06T09:50:05.656809+00:00,2026-10-06T09:51:50.794944+00:00,104.94231843948364,,361811483.40909094,560090214,0.01200000000000001,
pairwise:A+B,cross,3,steady,C,heap_gc,B,OBSERVED,COMMON_OBSERVED_SLICE,,21,2026-10-06T12:21:21.181922+00:00,2026-10-06T12:23:01.426694+00:00,100.03474855422974,,344470313.04761904,360448614,0.0,
pairwise:A+B,cross,3,steady,C,tick,PAIR_SUPPLIED,UNMEASURED,NO_COMMON_MEASUREMENT,Fewer than two contained real samples,,,,,,,,,
pairwise:A+B,cross,3,warmup,A,cpu_rss,A,OBSERVED,COMMON_OBSERVED_SLICE,,3,2026-10-06T09:49:35.655796+00:00,2026-10-06T09:49:45.656646+00:00,9.999142169952393,9.800840745568518,,,,
pairwise:A+B,cross,3,warmup,A,cpu_rss,B,OBSERVED,COMMON_OBSERVED_SLICE,,3,2026-10-06T12:20:51.179521+00:00,2026-10-06T12:21:01.181902+00:00,9.99994945526123,7.900039930545661,,,,
pairwise:A+B,cross,3,warmup,A,heap_gc,A,OBSERVED,COMMON_OBSERVED_SLICE,,3,2026-10-06T09:49:35.658359+00:00,2026-10-06T09:49:45.859878+00:00,9.994699478149414,,299881676,308270284,0.0,
pairwise:A+B,cross,3,warmup,A,heap_gc,B,OBSERVED,COMMON_OBSERVED_SLICE,,3,2026-10-06T12:20:51.182039+00:00,2026-10-06T12:21:01.364680+00:00,9.984556436538696,,509109145,647128780,0.006000000000000005,
pairwise:A+B,cross,3,warmup,A,tick,PAIR_SUPPLIED,UNMEASURED,NO_COMMON_MEASUREMENT,Fewer than two contained real samples,,,,,,,,,
pairwise:A+B,cross,3,warmup,B,cpu_rss,A,OBSERVED,COMMON_OBSERVED_SLICE,,3,2026-10-06T09:49:35.655902+00:00,2026-10-06T09:49:45.657880+00:00,10.000645875930786,8.999418749203656,,,,
pairwise:A+B,cross,3,warmup,B,cpu_rss,B,OBSERVED,COMMON_OBSERVED_SLICE,,3,2026-10-06T12:20:51.179640+00:00,2026-10-06T12:21:01.181114+00:00,9.999871492385864,8.000102807412576,,,,
pairwise:A+B,cross,3,warmup,B,heap_gc,A,OBSERVED,COMMON_OBSERVED_SLICE,,3,2026-10-06T09:49:35.657566+00:00,2026-10-06T09:49:45.814301+00:00,9.982950210571289,,353042397.6666667,365974835,0.0,
pairwise:A+B,cross,3,warmup,B,heap_gc,B,OBSERVED,COMMON_OBSERVED_SLICE,,3,2026-10-06T12:20:51.181432+00:00,2026-10-06T12:21:01.372400+00:00,10.024728775024414,,600683041.3333334,610819276,0.0,
pairwise:A+B,cross,3,warmup,B,tick,PAIR_SUPPLIED,UNMEASURED,NO_COMMON_MEASUREMENT,Fewer than two contained real samples,,,,,,,,,
pairwise:A+B,cross,3,warmup,C,cpu_rss,A,OBSERVED,COMMON_OBSERVED_SLICE,,3,2026-10-06T09:49:35.655970+00:00,2026-10-06T09:49:45.658400+00:00,10.001251220703125,7.399074212516226,,,,
pairwise:A+B,cross,3,warmup,C,cpu_rss,B,OBSERVED,COMMON_OBSERVED_SLICE,,3,2026-10-06T12:20:51.179798+00:00,2026-10-06T12:21:01.182354+00:00,10.000849962234497,6.9994050770019465,,,,
pairwise:A+B,cross,3,warmup,C,heap_gc,A,OBSERVED,COMMON_OBSERVED_SLICE,,3,2026-10-06T09:49:35.656958+00:00,2026-10-06T09:49:45.948787+00:00,10.042415618896484,,537720592.6666666,539118694,0.0,
pairwise:A+B,cross,3,warmup,C,heap_gc,B,OBSERVED,COMMON_OBSERVED_SLICE,,3,2026-10-06T12:20:51.180779+00:00,2026-10-06T12:21:01.409743+00:00,9.998430967330933,,319903675.3333333,321651302,0.0,
pairwise:A+B,cross,3,warmup,C,tick,PAIR_SUPPLIED,UNMEASURED,NO_COMMON_MEASUREMENT,Fewer than two contained real samples,,,,,,,,,
pairwise:A+B,mixed,1,low_flow,A,cpu_rss,A,OBSERVED,COMMON_OBSERVED_SLICE,,29,2026-10-06T09:14:20.655827+00:00,2026-10-06T09:16:40.659282+00:00,140.0010862350464,8.29279280055591,,,,
pairwise:A+B,mixed,1,low_flow,A,cpu_rss,B,OBSERVED,COMMON_OBSERVED_SLICE,,32,2026-10-06T11:45:06.179544+00:00,2026-10-06T11:47:41.185097+00:00,155.00210738182068,9.141811191698624,,,,
pairwise:A+B,mixed,1,low_flow,A,heap_gc,A,OBSERVED,COMMON_OBSERVED_SLICE,,29,2026-10-06T09:14:20.657089+00:00,2026-10-06T09:16:40.855446+00:00,139.97739124298096,,359389017.79310346,487130214,0.006000000000000005,
pairwise:A+B,mixed,1,low_flow,A,heap_gc,B,OBSERVED,COMMON_OBSERVED_SLICE,,32,2026-10-06T11:45:06.180936+00:00,2026-10-06T11:47:41.370095+00:00,154.9647831916809,,415882649,612408729,0.03600000000000003,
pairwise:A+B,mixed,1,low_flow,A,tick,PAIR_SUPPLIED,UNMEASURED,NO_COMMON_MEASUREMENT,Fewer than two contained real samples,,,,,,,,,
pairwise:A+B,mixed,1,low_flow,B,cpu_rss,A,OBSERVED,COMMON_OBSERVED_SLICE,,29,2026-10-06T09:14:20.655932+00:00,2026-10-06T09:16:40.657311+00:00,139.99959468841553,8.307166907078447,,,,
pairwise:A+B,mixed,1,low_flow,B,cpu_rss,B,OBSERVED,COMMON_OBSERVED_SLICE,,32,2026-10-06T11:45:06.179681+00:00,2026-10-06T11:47:41.180946+00:00,154.99970054626465,8.516145485106936,,,,
pairwise:A+B,mixed,1,low_flow,B,heap_gc,A,OBSERVED,COMMON_OBSERVED_SLICE,,29,2026-10-06T09:14:20.658129+00:00,2026-10-06T09:16:40.871761+00:00,139.9921157360077,,345527016.3448276,436120166,0.016999999999999904,
pairwise:A+B,mixed,1,low_flow,B,heap_gc,B,OBSERVED,COMMON_OBSERVED_SLICE,,32,2026-10-06T11:45:06.181634+00:00,2026-10-06T11:47:41.364087+00:00,154.9623990058899,,480180239.6875,683671552,0.0039999999999997815,
pairwise:A+B,mixed,1,low_flow,B,tick,PAIR_SUPPLIED,UNMEASURED,NO_COMMON_MEASUREMENT,Fewer than two contained real samples,,,,,,,,,
pairwise:A+B,mixed,1,low_flow,C,cpu_rss,A,OBSERVED,COMMON_OBSERVED_SLICE,,29,2026-10-06T09:14:20.656033+00:00,2026-10-06T09:16:40.658066+00:00,140.00029850006104,7.207127490514319,,,,
pairwise:A+B,mixed,1,low_flow,C,cpu_rss,B,OBSERVED,COMMON_OBSERVED_SLICE,,32,2026-10-06T11:45:06.179724+00:00,2026-10-06T11:47:41.186774+00:00,155.00251388549805,7.470846575142816,,,,
pairwise:A+B,mixed,1,low_flow,C,heap_gc,A,OBSERVED,COMMON_OBSERVED_SLICE,,29,2026-10-06T09:14:20.657491+00:00,2026-10-06T09:16:40.791459+00:00,139.99716472625732,,244462839.1724138,264241152,0.0,
pairwise:A+B,mixed,1,low_flow,C,heap_gc,B,OBSERVED,COMMON_OBSERVED_SLICE,,32,2026-10-06T11:45:06.182482+00:00,2026-10-06T11:47:41.362928+00:00,155.0141797065735,,329547776,354418688,0.0,
pairwise:A+B,mixed,1,low_flow,C,tick,PAIR_SUPPLIED,UNMEASURED,NO_COMMON_MEASUREMENT,Fewer than two contained real samples,,,,,,,,,
pairwise:A+B,mixed,1,steady,A,cpu_rss,A,OBSERVED,COMMON_OBSERVED_SLICE,,21,2026-10-06T09:17:30.655783+00:00,2026-10-06T09:19:10.659096+00:00,100.00101280212402,8.749911380711687,,,,
pairwise:A+B,mixed,1,steady,A,cpu_rss,B,OBSERVED,COMMON_OBSERVED_SLICE,,21,2026-10-06T11:48:31.179589+00:00,2026-10-06T11:50:11.181369+00:00,99.99983096122742,9.870016684155033,,,,
pairwise:A+B,mixed,1,steady,A,heap_gc,A,OBSERVED,COMMON_OBSERVED_SLICE,,21,2026-10-06T09:17:30.657113+00:00,2026-10-06T09:19:10.805834+00:00,99.99949669837952,,345746168.28571427,482279014,0.0029999999999998916,
pairwise:A+B,mixed,1,steady,A,heap_gc,B,OBSERVED,COMMON_OBSERVED_SLICE,,21,2026-10-06T11:48:31.181668+00:00,2026-10-06T11:50:11.327822+00:00,99.95984196662903,,414053102.3333333,613981593,0.010999999999999899,
pairwise:A+B,mixed,1,steady,A,tick,PAIR_SUPPLIED,UNMEASURED,NO_COMMON_MEASUREMENT,Fewer than two contained real samples,,,,,,,,,
pairwise:A+B,mixed,1,steady,B,cpu_rss,A,OBSERVED,COMMON_OBSERVED_SLICE,,21,2026-10-06T09:17:30.655944+00:00,2026-10-06T09:19:10.657514+00:00,99.99949407577515,8.130041131847571,,,,
pairwise:A+B,mixed,1,steady,B,cpu_rss,B,OBSERVED,COMMON_OBSERVED_SLICE,,21,2026-10-06T11:48:31.179751+00:00,2026-10-06T11:50:11.180635+00:00,99.99884700775146,8.990103655198274,,,,
pairwise:A+B,mixed,1,steady,B,heap_gc,A,OBSERVED,COMMON_OBSERVED_SLICE,,21,2026-10-06T09:17:30.658537+00:00,2026-10-06T09:19:10.843261+00:00,99.97814750671387,,337020815.5714286,426347827,0.0040000000000000036,
pairwise:A+B,mixed,1,steady,B,heap_gc,B,OBSERVED,COMMON_OBSERVED_SLICE,,21,2026-10-06T11:48:31.182858+00:00,2026-10-06T11:50:11.413584+00:00,100.01860404014587,,382380714.6666667,475004928,0.0,
pairwise:A+B,mixed,1,steady,B,tick,PAIR_SUPPLIED,UNMEASURED,NO_COMMON_MEASUREMENT,Fewer than two contained real samples,,,,,,,,,
pairwise:A+B,mixed,1,steady,C,cpu_rss,A,OBSERVED,COMMON_OBSERVED_SLICE,,21,2026-10-06T09:17:30.656289+00:00,2026-10-06T09:19:10.658561+00:00,100.00032210350037,6.979977517248082,,,,
pairwise:A+B,mixed,1,steady,C,cpu_rss,B,OBSERVED,COMMON_OBSERVED_SLICE,,21,2026-10-06T11:48:31.179922+00:00,2026-10-06T11:50:11.181930+00:00,100.00042867660522,7.5999674207176575,,,,
pairwise:A+B,mixed,1,steady,C,heap_gc,A,OBSERVED,COMMON_OBSERVED_SLICE,,21,2026-10-06T09:17:30.657778+00:00,2026-10-06T09:19:10.880605+00:00,100.02070784568787,,295548635.4285714,310378496,0.0,
pairwise:A+B,mixed,1,steady,C,heap_gc,B,OBSERVED,COMMON_OBSERVED_SLICE,,21,2026-10-06T11:48:31.180871+00:00,2026-10-06T11:50:11.389903+00:00,100.01748824119568,,391418441.14285713,408944640,0.0,
pairwise:A+B,mixed,1,steady,C,tick,PAIR_SUPPLIED,UNMEASURED,NO_COMMON_MEASUREMENT,Fewer than two contained real samples,,,,,,,,,
pairwise:A+B,mixed,1,warmup,A,cpu_rss,A,OBSERVED,COMMON_OBSERVED_SLICE,,4,2026-10-06T09:16:55.655852+00:00,2026-10-06T09:17:10.658901+00:00,14.999679803848267,8.800187852418945,,,,
pairwise:A+B,mixed,1,warmup,A,cpu_rss,B,OBSERVED,COMMON_OBSERVED_SLICE,,4,2026-10-06T11:47:56.179551+00:00,2026-10-06T11:48:11.180883+00:00,14.999252319335938,9.00044863076057,,,,
pairwise:A+B,mixed,1,warmup,A,heap_gc,A,OBSERVED,COMMON_OBSERVED_SLICE,,4,2026-10-06T09:16:55.659506+00:00,2026-10-06T09:17:10.866545+00:00,15.03446626663208,,420413952,440336896,0.0,
pairwise:A+B,mixed,1,warmup,A,heap_gc,B,OBSERVED,COMMON_OBSERVED_SLICE,,4,2026-10-06T11:47:56.182461+00:00,2026-10-06T11:48:11.421062+00:00,15.03931450843811,,468229529,489201049,0.0,
pairwise:A+B,mixed,1,warmup,A,tick,PAIR_SUPPLIED,UNMEASURED,NO_COMMON_MEASUREMENT,Fewer than two contained real samples,,,,,,,,,
pairwise:A+B,mixed,1,warmup,B,cpu_rss,A,OBSERVED,COMMON_OBSERVED_SLICE,,4,2026-10-06T09:16:55.657624+00:00,2026-10-06T09:17:10.657939+00:00,14.998905897140503,7.333868267082774,,,,
pairwise:A+B,mixed,1,warmup,B,cpu_rss,B,OBSERVED,COMMON_OBSERVED_SLICE,,4,2026-10-06T11:47:56.179714+00:00,2026-10-06T11:48:11.182457+00:00,14.99955129623413,8.333582620660337,,,,
pairwise:A+B,mixed,1,warmup,B,heap_gc,A,OBSERVED,COMMON_OBSERVED_SLICE,,4,2026-10-06T09:16:55.658426+00:00,2026-10-06T09:17:10.858157+00:00,14.983216524124146,,297635123,308907315,0.0,
pairwise:A+B,mixed,1,warmup,B,heap_gc,B,OBSERVED,COMMON_OBSERVED_SLICE,,4,2026-10-06T11:47:56.183384+00:00,2026-10-06T11:48:11.366855+00:00,14.997722148895264,,573327948.5,690337894,0.007000000000000117,
pairwise:A+B,mixed,1,warmup,B,tick,PAIR_SUPPLIED,UNMEASURED,NO_COMMON_MEASUREMENT,Fewer than two contained real samples,,,,,,,,,
pairwise:A+B,mixed,1,warmup,C,cpu_rss,A,OBSERVED,COMMON_OBSERVED_SLICE,,4,2026-10-06T09:16:55.658700+00:00,2026-10-06T09:17:10.657252+00:00,14.996742725372314,6.934839245061282,,,,
pairwise:A+B,mixed,1,warmup,C,cpu_rss,B,OBSERVED,COMMON_OBSERVED_SLICE,,4,2026-10-06T11:47:56.179795+00:00,2026-10-06T11:48:11.181653+00:00,15.000181674957275,7.999903107862997,,,,
pairwise:A+B,mixed,1,warmup,C,heap_gc,A,OBSERVED,COMMON_OBSERVED_SLICE,,4,2026-10-06T09:16:55.661057+00:00,2026-10-06T09:17:10.829489+00:00,14.978475570678711,,272105472,274726912,0.0,
pairwise:A+B,mixed,1,warmup,C,heap_gc,B,OBSERVED,COMMON_OBSERVED_SLICE,,4,2026-10-06T11:47:56.181292+00:00,2026-10-06T11:48:11.393313+00:00,15.018904685974121,,362545152,364904448,0.0,
pairwise:A+B,mixed,1,warmup,C,tick,PAIR_SUPPLIED,UNMEASURED,NO_COMMON_MEASUREMENT,Fewer than two contained real samples,,,,,,,,,
pairwise:A+B,mixed,2,low_flow,A,cpu_rss,A,OBSERVED,COMMON_OBSERVED_SLICE,,28,2026-10-06T09:25:05.655831+00:00,2026-10-06T09:27:20.658947+00:00,135.00060176849365,8.362925684850445,,,,
pairwise:A+B,mixed,2,low_flow,A,cpu_rss,B,OBSERVED,COMMON_OBSERVED_SLICE,,32,2026-10-06T11:56:01.179535+00:00,2026-10-06T11:58:36.180648+00:00,154.9993245601654,8.883909680945056,,,,
pairwise:A+B,mixed,2,low_flow,A,heap_gc,A,OBSERVED,COMMON_OBSERVED_SLICE,,28,2026-10-06T09:25:05.657763+00:00,2026-10-06T09:27:20.848859+00:00,134.97888922691345,,383033811.71428573,488816742,0.015000000000000124,
pairwise:A+B,mixed,2,low_flow,A,heap_gc,B,OBSERVED,COMMON_OBSERVED_SLICE,,32,2026-10-06T11:56:01.182047+00:00,2026-10-06T11:58:36.396133+00:00,154.98960494995117,,411900313,616225177,0.02400000000000002,
pairwise:A+B,mixed,2,low_flow,A,tick,PAIR_SUPPLIED,UNMEASURED,NO_COMMON_MEASUREMENT,Fewer than two contained real samples,,,,,,,,,
pairwise:A+B,mixed,2,low_flow,B,cpu_rss,A,OBSERVED,COMMON_OBSERVED_SLICE,,28,2026-10-06T09:25:05.655949+00:00,2026-10-06T09:27:20.658487+00:00,134.9997160434723,8.49631416728792,,,,
pairwise:A+B,mixed,2,low_flow,B,cpu_rss,B,OBSERVED,COMMON_OBSERVED_SLICE,,32,2026-10-06T11:56:01.179645+00:00,2026-10-06T11:58:36.181800+00:00,155.0004906654358,8.425779779103825,,,,
pairwise:A+B,mixed,2,low_flow,B,heap_gc,A,OBSERVED,COMMON_OBSERVED_SLICE,,28,2026-10-06T09:25:05.659077+00:00,2026-10-06T09:27:20.863905+00:00,134.99983835220337,,329553349.0714286,429663027,0.03299999999999992,
pairwise:A+B,mixed,2,low_flow,B,heap_gc,B,OBSERVED,COMMON_OBSERVED_SLICE,,32,2026-10-06T11:56:01.180863+00:00,2026-10-06T11:58:36.392573+00:00,154.97591400146484,,466911232,684720128,0.006000000000000005,
pairwise:A+B,mixed,2,low_flow,B,tick,PAIR_SUPPLIED,UNMEASURED,NO_COMMON_MEASUREMENT,Fewer than two contained real samples,,,,,,,,,
pairwise:A+B,mixed,2,low_flow,C,cpu_rss,A,OBSERVED,COMMON_OBSERVED_SLICE,,28,2026-10-06T09:25:05.656010+00:00,2026-10-06T09:27:20.657429+00:00,135.0002086162567,7.28147022938473,,,,
pairwise:A+B,mixed,2,low_flow,C,cpu_rss,B,OBSERVED,COMMON_OBSERVED_SLICE,,32,2026-10-06T11:56:01.179808+00:00,2026-10-06T11:58:36.181289+00:00,154.99899077415466,7.354886598333195,,,,
pairwise:A+B,mixed,2,low_flow,C,heap_gc,A,OBSERVED,COMMON_OBSERVED_SLICE,,28,2026-10-06T09:25:05.657079+00:00,2026-10-06T09:27:20.794287+00:00,134.95970964431763,,439915081.14285713,459276288,0.0,
pairwise:A+B,mixed,2,low_flow,C,heap_gc,B,OBSERVED,COMMON_OBSERVED_SLICE,,32,2026-10-06T11:56:01.183296+00:00,2026-10-06T11:58:36.377296+00:00,154.98009538650513,,327188480,351797248,0.0,
pairwise:A+B,mixed,2,low_flow,C,tick,PAIR_SUPPLIED,UNMEASURED,NO_COMMON_MEASUREMENT,Fewer than two contained real samples,,,,,,,,,
pairwise:A+B,mixed,2,steady,A,cpu_rss,A,OBSERVED,COMMON_OBSERVED_SLICE,,21,2026-10-06T09:28:10.655918+00:00,2026-10-06T09:29:50.656761+00:00,99.99894285202026,9.120096412914984,,,,
pairwise:A+B,mixed,2,steady,A,cpu_rss,B,OBSERVED,COMMON_OBSERVED_SLICE,,21,2026-10-06T11:59:26.179570+00:00,2026-10-06T12:01:06.181075+00:00,99.99922513961792,10.4100806635908,,,,
pairwise:A+B,mixed,2,steady,A,heap_gc,A,OBSERVED,COMMON_OBSERVED_SLICE,,20,2026-10-06T09:28:10.658734+00:00,2026-10-06T09:29:50.786227+00:00,99.98306775093079,,370686975.7,490878464,0.006999999999999895,
pairwise:A+B,mixed,2,steady,A,heap_gc,B,OBSERVED,COMMON_OBSERVED_SLICE,,21,2026-10-06T11:59:26.182597+00:00,2026-10-06T12:01:06.403105+00:00,99.98266768455505,,441144095.28571427,625138073,0.03200000000000003,
pairwise:A+B,mixed,2,steady,A,tick,PAIR_SUPPLIED,UNMEASURED,NO_COMMON_MEASUREMENT,Fewer than two contained real samples,,,,,,,,,
pairwise:A+B,mixed,2,steady,B,cpu_rss,A,OBSERVED,COMMON_OBSERVED_SLICE,,21,2026-10-06T09:28:10.656016+00:00,2026-10-06T09:29:50.658024+00:00,100.00048089027405,7.7599626830941775,,,,
pairwise:A+B,mixed,2,steady,B,cpu_rss,B,OBSERVED,COMMON_OBSERVED_SLICE,,21,2026-10-06T11:59:26.179694+00:00,2026-10-06T12:01:06.181729+00:00,100.00033831596375,8.519971175577416,,,,
pairwise:A+B,mixed,2,steady,B,heap_gc,A,OBSERVED,COMMON_OBSERVED_SLICE,,21,2026-10-06T09:28:10.656939+00:00,2026-10-06T09:29:50.827979+00:00,99.97198557853699,,320901655.9047619,427962572,0.0040000000000000036,
pairwise:A+B,mixed,2,steady,B,heap_gc,B,OBSERVED,COMMON_OBSERVED_SLICE,,21,2026-10-06T11:59:26.181053+00:00,2026-10-06T12:01:06.392314+00:00,99.98658871650696,,546561696.7619047,688914432,0.0040000000000000036,
pairwise:A+B,mixed,2,steady,B,tick,PAIR_SUPPLIED,UNMEASURED,NO_COMMON_MEASUREMENT,Fewer than two contained real samples,,,,,,,,,
pairwise:A+B,mixed,2,steady,C,cpu_rss,A,OBSERVED,COMMON_OBSERVED_SLICE,,21,2026-10-06T09:28:10.656067+00:00,2026-10-06T09:29:50.657273+00:00,99.99967694282532,6.860022161793763,,,,
pairwise:A+B,mixed,2,steady,C,cpu_rss,B,OBSERVED,COMMON_OBSERVED_SLICE,,21,2026-10-06T11:59:26.179752+00:00,2026-10-06T12:01:06.182121+00:00,100.00009155273438,7.469993161017002,,,,
pairwise:A+B,mixed,2,steady,C,heap_gc,A,OBSERVED,COMMON_OBSERVED_SLICE,,21,2026-10-06T09:28:10.657846+00:00,2026-10-06T09:29:50.836882+00:00,99.97014546394348,,490334110.47619045,505413632,0.0,
pairwise:A+B,mixed,2,steady,C,heap_gc,B,OBSERVED,COMMON_OBSERVED_SLICE,,21,2026-10-06T11:59:26.181991+00:00,2026-10-06T12:01:06.399603+00:00,100.03082704544067,,389046662.0952381,407371776,0.0,
pairwise:A+B,mixed,2,steady,C,tick,PAIR_SUPPLIED,UNMEASURED,NO_COMMON_MEASUREMENT,Fewer than two contained real samples,,,,,,,,,
pairwise:A+B,mixed,2,warmup,A,cpu_rss,A,OBSERVED,COMMON_OBSERVED_SLICE,,4,2026-10-06T09:27:40.655938+00:00,2026-10-06T09:27:55.658542+00:00,15.00007438659668,9.266620712508264,,,,
pairwise:A+B,mixed,2,warmup,A,cpu_rss,B,OBSERVED,COMMON_OBSERVED_SLICE,,4,2026-10-06T11:58:51.179533+00:00,2026-10-06T11:59:06.181995+00:00,14.999820470809937,9.933452222975536,,,,
pairwise:A+B,mixed,2,warmup,A,heap_gc,A,OBSERVED,COMMON_OBSERVED_SLICE,,4,2026-10-06T09:27:40.658266+00:00,2026-10-06T09:27:55.852817+00:00,14.987673282623291,,298464768,319960576,0.0,
pairwise:A+B,mixed,2,warmup,A,heap_gc,B,OBSERVED,COMMON_OBSERVED_SLICE,,4,2026-10-06T11:58:51.182398+00:00,2026-10-06T11:59:06.349672+00:00,14.973867893218994,,380033433,403888537,0.0,
pairwise:A+B,mixed,2,warmup,A,tick,PAIR_SUPPLIED,UNMEASURED,NO_COMMON_MEASUREMENT,Fewer than two contained real samples,,,,,,,,,
pairwise:A+B,mixed,2,warmup,B,cpu_rss,A,OBSERVED,COMMON_OBSERVED_SLICE,,4,2026-10-06T09:27:40.656124+00:00,2026-10-06T09:27:55.657230+00:00,14.999757289886475,8.066797192884218,,,,
pairwise:A+B,mixed,2,warmup,B,cpu_rss,B,OBSERVED,COMMON_OBSERVED_SLICE,,4,2026-10-06T11:58:51.179726+00:00,2026-10-06T11:59:06.180784+00:00,14.99953818321228,8.600264783110326,,,,
pairwise:A+B,mixed,2,warmup,B,heap_gc,A,OBSERVED,COMMON_OBSERVED_SLICE,,4,2026-10-06T09:27:40.657542+00:00,2026-10-06T09:27:55.893300+00:00,15.039265871047974,,373436620,383922380,0.0,
pairwise:A+B,mixed,2,warmup,B,heap_gc,B,OBSERVED,COMMON_OBSERVED_SLICE,,4,2026-10-06T11:58:51.181676+00:00,2026-10-06T11:59:06.399915+00:00,14.98903512954712,,486539264,500170752,0.0,
pairwise:A+B,mixed,2,warmup,B,tick,PAIR_SUPPLIED,UNMEASURED,NO_COMMON_MEASUREMENT,Fewer than two contained real samples,,,,,,,,,
pairwise:A+B,mixed,2,warmup,C,cpu_rss,A,OBSERVED,COMMON_OBSERVED_SLICE,,4,2026-10-06T09:27:40.656323+00:00,2026-10-06T09:27:55.657823+00:00,14.999326229095459,7.266993085900342,,,,
pairwise:A+B,mixed,2,warmup,C,cpu_rss,B,OBSERVED,COMMON_OBSERVED_SLICE,,4,2026-10-06T11:58:51.179852+00:00,2026-10-06T11:59:06.181399+00:00,15.00019383430481,7.666567597080008,,,,
pairwise:A+B,mixed,2,warmup,C,heap_gc,A,OBSERVED,COMMON_OBSERVED_SLICE,,4,2026-10-06T09:27:40.658911+00:00,2026-10-06T09:27:55.861282+00:00,14.991547107696533,,468451328,470810624,0.0,
pairwise:A+B,mixed,2,warmup,C,heap_gc,B,OBSERVED,COMMON_OBSERVED_SLICE,,4,2026-10-06T11:58:51.180961+00:00,2026-10-06T11:59:06.399551+00:00,15.013123512268066,,360710144,363331584,0.0,
pairwise:A+B,mixed,2,warmup,C,tick,PAIR_SUPPLIED,UNMEASURED,NO_COMMON_MEASUREMENT,Fewer than two contained real samples,,,,,,,,,
pairwise:A+B,mixed,3,low_flow,A,cpu_rss,A,OBSERVED,COMMON_OBSERVED_SLICE,,29,2026-10-06T09:35:55.655809+00:00,2026-10-06T09:38:15.656801+00:00,139.9993336200714,8.07860988159626,,,,
pairwise:A+B,mixed,3,low_flow,A,cpu_rss,B,OBSERVED,COMMON_OBSERVED_SLICE,,31,2026-10-06T12:07:01.179558+00:00,2026-10-06T12:09:31.182549+00:00,150.00005173683167,9.299996792317554,,,,
pairwise:A+B,mixed,3,low_flow,A,heap_gc,A,OBSERVED,COMMON_OBSERVED_SLICE,,29,2026-10-06T09:35:55.658107+00:00,2026-10-06T09:38:15.803582+00:00,139.99078130722046,,368998689.20689654,497485414,0.014999999999999902,
pairwise:A+B,mixed,3,low_flow,A,heap_gc,B,OBSERVED,COMMON_OBSERVED_SLICE,,31,2026-10-06T12:07:01.182438+00:00,2026-10-06T12:09:31.422879+00:00,150.01327085494995,,423003303.7741935,611714969,0.039000000000000146,
pairwise:A+B,mixed,3,low_flow,A,tick,PAIR_SUPPLIED,UNMEASURED,NO_COMMON_MEASUREMENT,Fewer than two contained real samples,,,,,,,,,
pairwise:A+B,mixed,3,low_flow,B,cpu_rss,A,OBSERVED,COMMON_OBSERVED_SLICE,,29,2026-10-06T09:35:55.655932+00:00,2026-10-06T09:38:15.657476+00:00,140.00002002716064,8.735713036060524,,,,
pairwise:A+B,mixed,3,low_flow,B,cpu_rss,B,OBSERVED,COMMON_OBSERVED_SLICE,,31,2026-10-06T12:07:01.179931+00:00,2026-10-06T12:09:31.181032+00:00,149.9988796710968,9.186735281100411,,,,
pairwise:A+B,mixed,3,low_flow,B,heap_gc,A,OBSERVED,COMMON_OBSERVED_SLICE,,29,2026-10-06T09:35:55.657370+00:00,2026-10-06T09:38:15.822991+00:00,139.97488045692444,,343389713.44827586,428319641,0.05599999999999983,
pairwise:A+B,mixed,3,low_flow,B,heap_gc,B,OBSERVED,COMMON_OBSERVED_SLICE,,31,2026-10-06T12:07:01.183039+00:00,2026-10-06T12:09:31.401424+00:00,150.00127792358398,,483181950.7096774,693653708,0.007000000000000117,
pairwise:A+B,mixed,3,low_flow,B,tick,PAIR_SUPPLIED,UNMEASURED,NO_COMMON_MEASUREMENT,Fewer than two contained real samples,,,,,,,,,
pairwise:A+B,mixed,3,low_flow,C,cpu_rss,A,OBSERVED,COMMON_OBSERVED_SLICE,,29,2026-10-06T09:35:55.656080+00:00,2026-10-06T09:38:15.658006+00:00,139.9997799396515,7.228582790888918,,,,
pairwise:A+B,mixed,3,low_flow,C,cpu_rss,B,OBSERVED,COMMON_OBSERVED_SLICE,,31,2026-10-06T12:07:01.180072+00:00,2026-10-06T12:09:31.181684+00:00,150.00014352798462,7.653326010223626,,,,
pairwise:A+B,mixed,3,low_flow,C,heap_gc,A,OBSERVED,COMMON_OBSERVED_SLICE,,29,2026-10-06T09:35:55.658577+00:00,2026-10-06T09:38:15.822435+00:00,139.98086762428284,,302393622.55172414,322063462,0.0,
pairwise:A+B,mixed,3,low_flow,C,heap_gc,B,OBSERVED,COMMON_OBSERVED_SLICE,,31,2026-10-06T12:07:01.181560+00:00,2026-10-06T12:09:31.343684+00:00,149.9545168876648,,313042293.0645161,336043315,0.0,
pairwise:A+B,mixed,3,low_flow,C,tick,PAIR_SUPPLIED,UNMEASURED,NO_COMMON_MEASUREMENT,Fewer than two contained real samples,,,,,,,,,
pairwise:A+B,mixed,3,steady,A,cpu_rss,A,OBSERVED,COMMON_OBSERVED_SLICE,,22,2026-10-06T09:39:00.655800+00:00,2026-10-06T09:40:45.657745+00:00,105.00036859512329,9.142825047612131,,,,
pairwise:A+B,mixed,3,steady,A,cpu_rss,B,OBSERVED,COMMON_OBSERVED_SLICE,,22,2026-10-06T12:10:21.179516+00:00,2026-10-06T12:12:06.182903+00:00,105.00118565559387,9.48560717463615,,,,
pairwise:A+B,mixed,3,steady,A,heap_gc,A,OBSERVED,COMMON_OBSERVED_SLICE,,22,2026-10-06T09:39:00.657041+00:00,2026-10-06T09:40:45.885791+00:00,105.04045414924622,,365496952.95454544,485048627,0.01200000000000001,
pairwise:A+B,mixed,3,steady,A,heap_gc,B,OBSERVED,COMMON_OBSERVED_SLICE,,22,2026-10-06T12:10:21.180589+00:00,2026-10-06T12:12:06.452036+00:00,105.0301947593689,,419177336.90909094,620474060,0.008999999999999897,
pairwise:A+B,mixed,3,steady,A,tick,PAIR_SUPPLIED,UNMEASURED,NO_COMMON_MEASUREMENT,Fewer than two contained real samples,,,,,,,,,
pairwise:A+B,mixed,3,steady,B,cpu_rss,A,OBSERVED,COMMON_OBSERVED_SLICE,,22,2026-10-06T09:39:00.655898+00:00,2026-10-06T09:40:45.657284+00:00,104.99984288215637,7.676201962555236,,,,
pairwise:A+B,mixed,3,steady,B,cpu_rss,B,OBSERVED,COMMON_OBSERVED_SLICE,,22,2026-10-06T12:10:21.179641+00:00,2026-10-06T12:12:06.180659+00:00,104.99969291687012,8.380976891967777,,,,
pairwise:A+B,mixed,3,steady,B,heap_gc,A,OBSERVED,COMMON_OBSERVED_SLICE,,22,2026-10-06T09:39:00.657643+00:00,2026-10-06T09:40:45.894890+00:00,105.02696347236633,,352536733.45454544,426509004,0.0,
pairwise:A+B,mixed,3,steady,B,heap_gc,B,OBSERVED,COMMON_OBSERVED_SLICE,,22,2026-10-06T12:10:21.181310+00:00,2026-10-06T12:12:06.451625+00:00,105.02764320373535,,527823220.3636364,691284992,0.0040000000000000036,
pairwise:A+B,mixed,3,steady,B,tick,PAIR_SUPPLIED,UNMEASURED,NO_COMMON_MEASUREMENT,Fewer than two contained real samples,,,,,,,,,
pairwise:A+B,mixed,3,steady,C,cpu_rss,A,OBSERVED,COMMON_OBSERVED_SLICE,,22,2026-10-06T09:39:00.656073+00:00,2026-10-06T09:40:45.658717+00:00,105.00026607513428,6.866649266241643,,,,
pairwise:A+B,mixed,3,steady,C,cpu_rss,B,OBSERVED,COMMON_OBSERVED_SLICE,,22,2026-10-06T12:10:21.179741+00:00,2026-10-06T12:12:06.181635+00:00,104.99969387054443,7.10478261888796,,,,
pairwise:A+B,mixed,3,steady,C,heap_gc,A,OBSERVED,COMMON_OBSERVED_SLICE,,22,2026-10-06T09:39:00.658194+00:00,2026-10-06T09:40:45.832064+00:00,104.99353647232056,,353473079.45454544,369249382,0.0,
pairwise:A+B,mixed,3,steady,C,heap_gc,B,OBSERVED,COMMON_OBSERVED_SLICE,,22,2026-10-06T12:10:21.182221+00:00,2026-10-06T12:12:06.382739+00:00,105.00385475158691,,369836059.72727275,387423539,0.0,
pairwise:A+B,mixed,3,steady,C,tick,PAIR_SUPPLIED,UNMEASURED,NO_COMMON_MEASUREMENT,Fewer than two contained real samples,,,,,,,,,
pairwise:A+B,mixed,3,warmup,A,cpu_rss,A,OBSERVED,COMMON_OBSERVED_SLICE,,3,2026-10-06T09:38:35.655844+00:00,2026-10-06T09:38:45.657882+00:00,9.993521213531494,9.606223667190923,,,,
pairwise:A+B,mixed,3,warmup,A,cpu_rss,B,OBSERVED,COMMON_OBSERVED_SLICE,,3,2026-10-06T12:09:51.179528+00:00,2026-10-06T12:10:01.180675+00:00,9.996636867523193,8.702926909613346,,,,
pairwise:A+B,mixed,3,warmup,A,heap_gc,A,OBSERVED,COMMON_OBSERVED_SLICE,,3,2026-10-06T09:38:35.670844+00:00,2026-10-06T09:38:45.845191+00:00,9.990151405334473,,336500360.3333333,351879475,0.0,
pairwise:A+B,mixed,3,warmup,A,heap_gc,B,OBSERVED,COMMON_OBSERVED_SLICE,,3,2026-10-06T12:09:51.187410+00:00,2026-10-06T12:10:01.374745+00:00,9.982229471206665,,511422156,527150796,0.0,
pairwise:A+B,mixed,3,warmup,A,tick,PAIR_SUPPLIED,UNMEASURED,NO_COMMON_MEASUREMENT,Fewer than two contained real samples,,,,,,,,,
pairwise:A+B,mixed,3,warmup,B,cpu_rss,A,OBSERVED,COMMON_OBSERVED_SLICE,,3,2026-10-06T09:38:35.655973+00:00,2026-10-06T09:38:45.657099+00:00,9.999943017959595,7.700043876421231,,,,
pairwise:A+B,mixed,3,warmup,B,cpu_rss,B,OBSERVED,COMMON_OBSERVED_SLICE,,3,2026-10-06T12:09:51.179632+00:00,2026-10-06T12:10:01.181903+00:00,9.997670650482178,12.702958963133387,,,,
pairwise:A+B,mixed,3,warmup,B,heap_gc,A,OBSERVED,COMMON_OBSERVED_SLICE,,3,2026-10-06T09:38:35.657201+00:00,2026-10-06T09:38:45.853715+00:00,10.022693634033203,,310888584,440357888,0.0040000000000000036,
pairwise:A+B,mixed,3,warmup,B,heap_gc,B,OBSERVED,COMMON_OBSERVED_SLICE,,3,2026-10-06T12:09:51.187895+00:00,2026-10-06T12:10:01.371891+00:00,9.99415636062622,,504638464,514075648,0.0,
pairwise:A+B,mixed,3,warmup,B,tick,PAIR_SUPPLIED,UNMEASURED,NO_COMMON_MEASUREMENT,Fewer than two contained real samples,,,,,,,,,
pairwise:A+B,mixed,3,warmup,C,cpu_rss,A,OBSERVED,COMMON_OBSERVED_SLICE,,3,2026-10-06T09:38:35.656024+00:00,2026-10-06T09:38:45.658326+00:00,10.000211954116821,6.599860113247821,,,,
pairwise:A+B,mixed,3,warmup,C,cpu_rss,B,OBSERVED,COMMON_OBSERVED_SLICE,,3,2026-10-06T12:09:51.179719+00:00,2026-10-06T12:10:01.182412+00:00,10.001463890075684,6.699019337207419,,,,
pairwise:A+B,mixed,3,warmup,C,heap_gc,A,OBSERVED,COMMON_OBSERVED_SLICE,,3,2026-10-06T09:38:35.657979+00:00,2026-10-06T09:38:45.878515+00:00,10.028959274291992,,330452070,332549222,0.0,
pairwise:A+B,mixed,3,warmup,C,heap_gc,B,OBSERVED,COMMON_OBSERVED_SLICE,,3,2026-10-06T12:09:51.180776+00:00,2026-10-06T12:10:01.414761+00:00,10.029370307922363,,344082397.6666667,345480499,0.0,
pairwise:A+B,mixed,3,warmup,C,tick,PAIR_SUPPLIED,UNMEASURED,NO_COMMON_MEASUREMENT,Fewer than two contained real samples,,,,,,,,,
pairwise:A+B,same,1,low_flow,A,cpu_rss,PAIR_SUPPLIED,UNMEASURED,NO_COMMON_MEASUREMENT,Fewer than two contained real samples,,,,,,,,,
pairwise:A+B,same,1,low_flow,A,heap_gc,PAIR_SUPPLIED,UNMEASURED,NO_COMMON_MEASUREMENT,Fewer than two contained real samples,,,,,,,,,
pairwise:A+B,same,1,low_flow,A,tick,PAIR_SUPPLIED,UNMEASURED,NO_COMMON_MEASUREMENT,Fewer than two contained real samples,,,,,,,,,
pairwise:A+B,same,1,low_flow,B,cpu_rss,PAIR_SUPPLIED,UNMEASURED,NO_COMMON_MEASUREMENT,Fewer than two contained real samples,,,,,,,,,
pairwise:A+B,same,1,low_flow,B,heap_gc,PAIR_SUPPLIED,UNMEASURED,NO_COMMON_MEASUREMENT,Fewer than two contained real samples,,,,,,,,,
pairwise:A+B,same,1,low_flow,B,tick,PAIR_SUPPLIED,UNMEASURED,NO_COMMON_MEASUREMENT,Fewer than two contained real samples,,,,,,,,,
pairwise:A+B,same,1,low_flow,C,cpu_rss,PAIR_SUPPLIED,UNMEASURED,NO_COMMON_MEASUREMENT,Fewer than two contained real samples,,,,,,,,,
pairwise:A+B,same,1,low_flow,C,heap_gc,PAIR_SUPPLIED,UNMEASURED,NO_COMMON_MEASUREMENT,Fewer than two contained real samples,,,,,,,,,
pairwise:A+B,same,1,low_flow,C,tick,PAIR_SUPPLIED,UNMEASURED,NO_COMMON_MEASUREMENT,Fewer than two contained real samples,,,,,,,,,
pairwise:A+B,same,1,steady,A,cpu_rss,PAIR_SUPPLIED,UNMEASURED,NO_COMMON_MEASUREMENT,Fewer than two contained real samples,,,,,,,,,
pairwise:A+B,same,1,steady,A,heap_gc,PAIR_SUPPLIED,UNMEASURED,NO_COMMON_MEASUREMENT,Fewer than two contained real samples,,,,,,,,,
pairwise:A+B,same,1,steady,A,tick,PAIR_SUPPLIED,UNMEASURED,NO_COMMON_MEASUREMENT,Fewer than two contained real samples,,,,,,,,,
pairwise:A+B,same,1,steady,B,cpu_rss,PAIR_SUPPLIED,UNMEASURED,NO_COMMON_MEASUREMENT,Fewer than two contained real samples,,,,,,,,,
pairwise:A+B,same,1,steady,B,heap_gc,PAIR_SUPPLIED,UNMEASURED,NO_COMMON_MEASUREMENT,Fewer than two contained real samples,,,,,,,,,
pairwise:A+B,same,1,steady,B,tick,PAIR_SUPPLIED,UNMEASURED,NO_COMMON_MEASUREMENT,Fewer than two contained real samples,,,,,,,,,
pairwise:A+B,same,1,steady,C,cpu_rss,PAIR_SUPPLIED,UNMEASURED,NO_COMMON_MEASUREMENT,Fewer than two contained real samples,,,,,,,,,
pairwise:A+B,same,1,steady,C,heap_gc,PAIR_SUPPLIED,UNMEASURED,NO_COMMON_MEASUREMENT,Fewer than two contained real samples,,,,,,,,,
pairwise:A+B,same,1,steady,C,tick,PAIR_SUPPLIED,UNMEASURED,NO_COMMON_MEASUREMENT,Fewer than two contained real samples,,,,,,,,,
pairwise:A+B,same,1,warmup,A,cpu_rss,PAIR_SUPPLIED,UNMEASURED,NO_COMMON_MEASUREMENT,Fewer than two contained real samples,,,,,,,,,
pairwise:A+B,same,1,warmup,A,heap_gc,PAIR_SUPPLIED,UNMEASURED,NO_COMMON_MEASUREMENT,Fewer than two contained real samples,,,,,,,,,
pairwise:A+B,same,1,warmup,A,tick,PAIR_SUPPLIED,UNMEASURED,NO_COMMON_MEASUREMENT,Fewer than two contained real samples,,,,,,,,,
pairwise:A+B,same,1,warmup,B,cpu_rss,PAIR_SUPPLIED,UNMEASURED,NO_COMMON_MEASUREMENT,Fewer than two contained real samples,,,,,,,,,
pairwise:A+B,same,1,warmup,B,heap_gc,PAIR_SUPPLIED,UNMEASURED,NO_COMMON_MEASUREMENT,Fewer than two contained real samples,,,,,,,,,
pairwise:A+B,same,1,warmup,B,tick,PAIR_SUPPLIED,UNMEASURED,NO_COMMON_MEASUREMENT,Fewer than two contained real samples,,,,,,,,,
pairwise:A+B,same,1,warmup,C,cpu_rss,PAIR_SUPPLIED,UNMEASURED,NO_COMMON_MEASUREMENT,Fewer than two contained real samples,,,,,,,,,
pairwise:A+B,same,1,warmup,C,heap_gc,PAIR_SUPPLIED,UNMEASURED,NO_COMMON_MEASUREMENT,Fewer than two contained real samples,,,,,,,,,
pairwise:A+B,same,1,warmup,C,tick,PAIR_SUPPLIED,UNMEASURED,NO_COMMON_MEASUREMENT,Fewer than two contained real samples,,,,,,,,,
pairwise:A+B,same,2,low_flow,A,cpu_rss,A,OBSERVED,COMMON_OBSERVED_SLICE,,32,2026-10-06T09:30:20.655841+00:00,2026-10-06T09:32:55.657560+00:00,154.99973917007446,8.741950194594963,,,,
pairwise:A+B,same,2,low_flow,A,cpu_rss,B,OBSERVED,COMMON_OBSERVED_SLICE,,31,2026-10-06T12:01:31.179549+00:00,2026-10-06T12:04:01.180771+00:00,149.99985265731812,9.486675985281892,,,,
pairwise:A+B,same,2,low_flow,A,heap_gc,A,OBSERVED,COMMON_OBSERVED_SLICE,,32,2026-10-06T09:30:20.658015+00:00,2026-10-06T09:32:55.863118+00:00,154.99216532707214,,349018984.8125,489675673,0.038999999999999924,
pairwise:A+B,same,2,low_flow,A,heap_gc,B,OBSERVED,COMMON_OBSERVED_SLICE,,31,2026-10-06T12:01:31.181105+00:00,2026-10-06T12:04:01.402285+00:00,150.01595640182495,,440794402.483871,612253491,0.03299999999999992,
pairwise:A+B,same,2,low_flow,A,tick,PAIR_SUPPLIED,UNMEASURED,NO_COMMON_MEASUREMENT,Fewer than two contained real samples,,,,,,,,,
pairwise:A+B,same,2,low_flow,B,cpu_rss,A,OBSERVED,COMMON_OBSERVED_SLICE,,32,2026-10-06T09:30:20.655974+00:00,2026-10-06T09:32:55.656916+00:00,154.99981260299683,7.161298980683678,,,,
pairwise:A+B,same,2,low_flow,B,cpu_rss,B,OBSERVED,COMMON_OBSERVED_SLICE,,31,2026-10-06T12:01:31.179706+00:00,2026-10-06T12:04:01.181890+00:00,150.0007927417755,7.879958354852147,,,,
pairwise:A+B,same,2,low_flow,B,heap_gc,A,OBSERVED,COMMON_OBSERVED_SLICE,,32,2026-10-06T09:30:20.657223+00:00,2026-10-06T09:32:55.796562+00:00,154.95351767539978,,379166111.5625,434246246,0.007000000000000117,
pairwise:A+B,same,2,low_flow,B,heap_gc,B,OBSERVED,COMMON_OBSERVED_SLICE,,31,2026-10-06T12:01:31.181665+00:00,2026-10-06T12:04:01.370780+00:00,149.9829921722412,,329358110.58064514,359157964,0.0,
pairwise:A+B,same,2,low_flow,B,tick,PAIR_SUPPLIED,UNMEASURED,NO_COMMON_MEASUREMENT,Fewer than two contained real samples,,,,,,,,,
pairwise:A+B,same,2,low_flow,C,cpu_rss,A,OBSERVED,COMMON_OBSERVED_SLICE,,32,2026-10-06T09:30:20.656099+00:00,2026-10-06T09:32:55.658232+00:00,154.9997594356537,7.451624468355937,,,,
pairwise:A+B,same,2,low_flow,C,cpu_rss,B,OBSERVED,COMMON_OBSERVED_SLICE,,31,2026-10-06T12:01:31.179795+00:00,2026-10-06T12:04:01.182920+00:00,150.00141668319702,7.566595203544792,,,,
pairwise:A+B,same,2,low_flow,C,heap_gc,A,OBSERVED,COMMON_OBSERVED_SLICE,,32,2026-10-06T09:30:20.658853+00:00,2026-10-06T09:32:55.852543+00:00,154.99277067184448,,485383151.9375,552599552,0.050999999999999934,
pairwise:A+B,same,2,low_flow,C,heap_gc,B,OBSERVED,COMMON_OBSERVED_SLICE,,31,2026-10-06T12:01:31.182378+00:00,2026-10-06T12:04:01.383545+00:00,149.99039483070374,,422557583.67741936,456654848,0.006999999999999895,
pairwise:A+B,same,2,low_flow,C,tick,PAIR_SUPPLIED,UNMEASURED,NO_COMMON_MEASUREMENT,Fewer than two contained real samples,,,,,,,,,
pairwise:A+B,same,2,steady,A,cpu_rss,A,OBSERVED,COMMON_OBSERVED_SLICE,,22,2026-10-06T09:33:45.655858+00:00,2026-10-06T09:35:30.657124+00:00,104.99983191490173,10.142873379674946,,,,
pairwise:A+B,same,2,steady,A,cpu_rss,B,OBSERVED,COMMON_OBSERVED_SLICE,,22,2026-10-06T12:04:51.179489+00:00,2026-10-06T12:06:36.181680+00:00,105.00008583068848,9.552373143935586,,,,
pairwise:A+B,same,2,steady,A,heap_gc,A,OBSERVED,COMMON_OBSERVED_SLICE,,22,2026-10-06T09:33:45.657428+00:00,2026-10-06T09:35:30.849818+00:00,104.9974935054779,,351447552,482344960,0.02300000000000013,
pairwise:A+B,same,2,steady,A,heap_gc,B,OBSERVED,COMMON_OBSERVED_SLICE,,22,2026-10-06T12:04:51.181551+00:00,2026-10-06T12:06:36.403644+00:00,105.01245069503784,,434231295.72727275,616447795,0.010000000000000009,
pairwise:A+B,same,2,steady,A,tick,PAIR_SUPPLIED,UNMEASURED,NO_COMMON_MEASUREMENT,Fewer than two contained real samples,,,,,,,,,
pairwise:A+B,same,2,steady,B,cpu_rss,A,OBSERVED,COMMON_OBSERVED_SLICE,,22,2026-10-06T09:33:45.655976+00:00,2026-10-06T09:35:30.658058+00:00,105.00007915496826,7.180946967546407,,,,
pairwise:A+B,same,2,steady,B,cpu_rss,B,OBSERVED,COMMON_OBSERVED_SLICE,,22,2026-10-06T12:04:51.179606+00:00,2026-10-06T12:06:36.180572+00:00,104.99989223480225,7.628579258050966,,,,
pairwise:A+B,same,2,steady,B,heap_gc,A,OBSERVED,COMMON_OBSERVED_SLICE,,22,2026-10-06T09:33:45.657858+00:00,2026-10-06T09:35:30.832948+00:00,104.96987199783325,,284378753.72727275,304587673,0.0,
pairwise:A+B,same,2,steady,B,heap_gc,B,OBSERVED,COMMON_OBSERVED_SLICE,,22,2026-10-06T12:04:51.180811+00:00,2026-10-06T12:06:36.380276+00:00,105.00857329368591,,401958929.8181818,424169676,0.0,
pairwise:A+B,same,2,steady,B,tick,PAIR_SUPPLIED,UNMEASURED,NO_COMMON_MEASUREMENT,Fewer than two contained real samples,,,,,,,,,
pairwise:A+B,same,2,steady,C,cpu_rss,A,OBSERVED,COMMON_OBSERVED_SLICE,,22,2026-10-06T09:33:45.656330+00:00,2026-10-06T09:35:30.658511+00:00,104.99992036819458,7.095243476257589,,,,
pairwise:A+B,same,2,steady,C,cpu_rss,B,OBSERVED,COMMON_OBSERVED_SLICE,,22,2026-10-06T12:04:51.179902+00:00,2026-10-06T12:06:36.181154+00:00,104.99950051307678,7.400035202103007,,,,
pairwise:A+B,same,2,steady,C,heap_gc,A,OBSERVED,COMMON_OBSERVED_SLICE,,22,2026-10-06T09:33:45.658593+00:00,2026-10-06T09:35:30.862794+00:00,104.99936103820801,,258005000.9090909,273828966,0.0,
pairwise:A+B,same,2,steady,C,heap_gc,B,OBSERVED,COMMON_OBSERVED_SLICE,,22,2026-10-06T12:04:51.182247+00:00,2026-10-06T12:06:36.340575+00:00,104.96627283096313,,264883134.63636363,282565939,0.0,
pairwise:A+B,same,2,steady,C,tick,PAIR_SUPPLIED,UNMEASURED,NO_COMMON_MEASUREMENT,Fewer than two contained real samples,,,,,,,,,
pairwise:A+B,same,2,warmup,A,cpu_rss,A,OBSERVED,COMMON_OBSERVED_SLICE,,4,2026-10-06T09:33:15.655833+00:00,2026-10-06T09:33:30.658108+00:00,15.000589847564697,12.999488818878449,,,,
pairwise:A+B,same,2,warmup,A,cpu_rss,B,OBSERVED,COMMON_OBSERVED_SLICE,,4,2026-10-06T12:04:21.179565+00:00,2026-10-06T12:04:36.181973+00:00,15.000062227249146,9.26662822421436,,,,
pairwise:A+B,same,2,warmup,A,heap_gc,A,OBSERVED,COMMON_OBSERVED_SLICE,,4,2026-10-06T09:33:15.656923+00:00,2026-10-06T09:33:30.869861+00:00,15.013156414031982,,462040268,489303244,0.0,
pairwise:A+B,same,2,warmup,A,heap_gc,B,OBSERVED,COMMON_OBSERVED_SLICE,,4,2026-10-06T12:04:21.181868+00:00,2026-10-06T12:04:36.454417+00:00,15.02469778060913,,346701619,612253491,0.010000000000000009,
pairwise:A+B,same,2,warmup,A,tick,PAIR_SUPPLIED,UNMEASURED,NO_COMMON_MEASUREMENT,Fewer than two contained real samples,,,,,,,,,
pairwise:A+B,same,2,warmup,B,cpu_rss,A,OBSERVED,COMMON_OBSERVED_SLICE,,4,2026-10-06T09:33:15.657218+00:00,2026-10-06T09:33:30.657302+00:00,14.998695850372314,7.267298509643065,,,,
pairwise:A+B,same,2,warmup,B,cpu_rss,B,OBSERVED,COMMON_OBSERVED_SLICE,,4,2026-10-06T12:04:21.179688+00:00,2026-10-06T12:04:36.181361+00:00,14.999990940093994,7.7333380042210065,,,,
pairwise:A+B,same,2,warmup,B,heap_gc,A,OBSERVED,COMMON_OBSERVED_SLICE,,4,2026-10-06T09:33:15.658659+00:00,2026-10-06T09:33:30.852244+00:00,15.005887031555176,,256091033,258450329,0.0,
pairwise:A+B,same,2,warmup,B,heap_gc,B,OBSERVED,COMMON_OBSERVED_SLICE,,4,2026-10-06T12:04:21.181394+00:00,2026-10-06T12:04:36.443581+00:00,15.046388864517212,,370430156,372789452,0.0,
pairwise:A+B,same,2,warmup,B,tick,PAIR_SUPPLIED,UNMEASURED,NO_COMMON_MEASUREMENT,Fewer than two contained real samples,,,,,,,,,
pairwise:A+B,same,2,warmup,C,cpu_rss,A,OBSERVED,COMMON_OBSERVED_SLICE,,4,2026-10-06T09:33:15.657259+00:00,2026-10-06T09:33:30.658895+00:00,14.999829292297363,7.200081940629686,,,,
pairwise:A+B,same,2,warmup,C,cpu_rss,B,OBSERVED,COMMON_OBSERVED_SLICE,,4,2026-10-06T12:04:21.179777+00:00,2026-10-06T12:04:36.180865+00:00,15.000057697296143,6.8666402542282565,,,,
pairwise:A+B,same,2,warmup,C,heap_gc,A,OBSERVED,COMMON_OBSERVED_SLICE,,4,2026-10-06T09:33:15.658018+00:00,2026-10-06T09:33:30.876408+00:00,15.0132417678833,,234245222,236080230,0.0,
pairwise:A+B,same,2,warmup,C,heap_gc,B,OBSERVED,COMMON_OBSERVED_SLICE,,4,2026-10-06T12:04:21.180802+00:00,2026-10-06T12:04:36.373747+00:00,14.992822885513306,,240098611,242720051,0.0,
pairwise:A+B,same,2,warmup,C,tick,PAIR_SUPPLIED,UNMEASURED,NO_COMMON_MEASUREMENT,Fewer than two contained real samples,,,,,,,,,
pairwise:A+B,same,3,low_flow,A,cpu_rss,A,OBSERVED,COMMON_OBSERVED_SLICE,,33,2026-10-06T09:41:05.655813+00:00,2026-10-06T09:43:45.656916+00:00,159.99976325035095,8.112512003964822,,,,
pairwise:A+B,same,3,low_flow,A,cpu_rss,B,OBSERVED,COMMON_OBSERVED_SLICE,,31,2026-10-06T12:12:31.179554+00:00,2026-10-06T12:15:01.181230+00:00,150.00009393692017,9.273327525947833,,,,
pairwise:A+B,same,3,low_flow,A,heap_gc,A,OBSERVED,COMMON_OBSERVED_SLICE,,33,2026-10-06T09:41:05.657412+00:00,2026-10-06T09:43:45.838462+00:00,159.99991130828857,,351425569.6363636,492438016,0.009000000000000119,
pairwise:A+B,same,3,low_flow,A,heap_gc,B,OBSERVED,COMMON_OBSERVED_SLICE,,31,2026-10-06T12:12:31.181027+00:00,2026-10-06T12:15:01.421880+00:00,150.00027918815613,,442856705.12903225,639861145,0.016000000000000014,
pairwise:A+B,same,3,low_flow,A,tick,PAIR_SUPPLIED,UNMEASURED,NO_COMMON_MEASUREMENT,Fewer than two contained real samples,,,,,,,,,
pairwise:A+B,same,3,low_flow,B,cpu_rss,A,OBSERVED,COMMON_OBSERVED_SLICE,,33,2026-10-06T09:41:05.656018+00:00,2026-10-06T09:43:45.658072+00:00,159.99939131736755,7.325027866357776,,,,
pairwise:A+B,same,3,low_flow,B,cpu_rss,B,OBSERVED,COMMON_OBSERVED_SLICE,,31,2026-10-06T12:12:31.179673+00:00,2026-10-06T12:15:01.183119+00:00,150.00048160552979,8.086640702860798,,,,
pairwise:A+B,same,3,low_flow,B,heap_gc,A,OBSERVED,COMMON_OBSERVED_SLICE,,33,2026-10-06T09:41:05.659224+00:00,2026-10-06T09:43:45.832954+00:00,160.01982307434082,,264555997.66666666,294265651,0.0,
pairwise:A+B,same,3,low_flow,B,heap_gc,B,OBSERVED,COMMON_OBSERVED_SLICE,,31,2026-10-06T12:12:31.182242+00:00,2026-10-06T12:15:01.429902+00:00,150.0423469543457,,356955565.41935486,385875968,0.0,
pairwise:A+B,same,3,low_flow,B,tick,PAIR_SUPPLIED,UNMEASURED,NO_COMMON_MEASUREMENT,Fewer than two contained real samples,,,,,,,,,
pairwise:A+B,same,3,low_flow,C,cpu_rss,A,OBSERVED,COMMON_OBSERVED_SLICE,,33,2026-10-06T09:41:05.656204+00:00,2026-10-06T09:43:45.657547+00:00,159.99952220916748,7.13752131401406,,,,
pairwise:A+B,same,3,low_flow,C,cpu_rss,B,OBSERVED,COMMON_OBSERVED_SLICE,,31,2026-10-06T12:12:31.179721+00:00,2026-10-06T12:15:01.181952+00:00,150.00031161308289,7.619984170088278,,,,
pairwise:A+B,same,3,low_flow,C,heap_gc,A,OBSERVED,COMMON_OBSERVED_SLICE,,33,2026-10-06T09:41:05.658348+00:00,2026-10-06T09:43:45.843299+00:00,159.9992699623108,,399117910.4848485,421678182,0.0,
pairwise:A+B,same,3,low_flow,C,heap_gc,B,OBSERVED,COMMON_OBSERVED_SLICE,,31,2026-10-06T12:12:31.181533+00:00,2026-10-06T12:15:01.369796+00:00,149.98766136169434,,417629292.8064516,439852339,0.0,
pairwise:A+B,same,3,low_flow,C,tick,PAIR_SUPPLIED,UNMEASURED,NO_COMMON_MEASUREMENT,Fewer than two contained real samples,,,,,,,,,
pairwise:A+B,same,3,steady,A,cpu_rss,A,OBSERVED,COMMON_OBSERVED_SLICE,,21,2026-10-06T09:44:35.655846+00:00,2026-10-06T09:46:15.658163+00:00,100.00071263313293,9.519932157809192,,,,
pairwise:A+B,same,3,steady,A,cpu_rss,B,OBSERVED,COMMON_OBSERVED_SLICE,,21,2026-10-06T12:15:51.179551+00:00,2026-10-06T12:17:31.181005+00:00,99.99957919120789,9.950041870650999,,,,
pairwise:A+B,same,3,steady,A,heap_gc,A,OBSERVED,COMMON_OBSERVED_SLICE,,21,2026-10-06T09:44:35.656731+00:00,2026-10-06T09:46:15.818372+00:00,99.96156716346741,,348927531.28571427,482804633,0.0030000000000001137,
pairwise:A+B,same,3,steady,A,heap_gc,B,OBSERVED,COMMON_OBSERVED_SLICE,,21,2026-10-06T12:15:51.181886+00:00,2026-10-06T12:17:31.375284+00:00,100.01355028152466,,441101682,634246758,0.0020000000000000018,
pairwise:A+B,same,3,steady,A,tick,PAIR_SUPPLIED,UNMEASURED,NO_COMMON_MEASUREMENT,Fewer than two contained real samples,,,,,,,,,
pairwise:A+B,same,3,steady,B,cpu_rss,A,OBSERVED,COMMON_OBSERVED_SLICE,,21,2026-10-06T09:44:35.657210+00:00,2026-10-06T09:46:15.659082+00:00,100.00005054473877,7.149996386053038,,,,
pairwise:A+B,same,3,steady,B,cpu_rss,B,OBSERVED,COMMON_OBSERVED_SLICE,,21,2026-10-06T12:15:51.179650+00:00,2026-10-06T12:17:31.181961+00:00,100.0007393360138,7.939941297154514,,,,
pairwise:A+B,same,3,steady,B,heap_gc,A,OBSERVED,COMMON_OBSERVED_SLICE,,21,2026-10-06T09:44:35.657739+00:00,2026-10-06T09:46:15.944969+00:00,100.0538547039032,,331664861.6666667,349840179,0.0,
pairwise:A+B,same,3,steady,B,heap_gc,B,OBSERVED,COMMON_OBSERVED_SLICE,,21,2026-10-06T12:15:51.180570+00:00,2026-10-06T12:17:31.405454+00:00,100.02690696716309,,426670567.61904764,446693376,0.0,
pairwise:A+B,same,3,steady,B,tick,PAIR_SUPPLIED,UNMEASURED,NO_COMMON_MEASUREMENT,Fewer than two contained real samples,,,,,,,,,
pairwise:A+B,same,3,steady,C,cpu_rss,A,OBSERVED,COMMON_OBSERVED_SLICE,,21,2026-10-06T09:44:35.657889+00:00,2026-10-06T09:46:15.657482+00:00,99.99860000610352,7.080099120955542,,,,
pairwise:A+B,same,3,steady,C,cpu_rss,B,OBSERVED,COMMON_OBSERVED_SLICE,,21,2026-10-06T12:15:51.180776+00:00,2026-10-06T12:17:31.182573+00:00,100.00019025802612,7.719985312108327,,,,
pairwise:A+B,same,3,steady,C,heap_gc,A,OBSERVED,COMMON_OBSERVED_SLICE,,21,2026-10-06T09:44:35.658432+00:00,2026-10-06T09:46:15.872387+00:00,100.01823830604553,,453684716.0952381,468864102,0.0,
pairwise:A+B,same,3,steady,C,heap_gc,B,OBSERVED,COMMON_OBSERVED_SLICE,,21,2026-10-06T12:15:51.181424+00:00,2026-10-06T12:17:31.420790+00:00,100.00343751907349,,251832383,456629555,0.017000000000000126,
pairwise:A+B,same,3,steady,C,tick,PAIR_SUPPLIED,UNMEASURED,NO_COMMON_MEASUREMENT,Fewer than two contained real samples,,,,,,,,,
pairwise:A+B,same,3,warmup,A,cpu_rss,A,OBSERVED,COMMON_OBSERVED_SLICE,,3,2026-10-06T09:44:05.655843+00:00,2026-10-06T09:44:15.656919+00:00,9.999919414520264,9.300074945100171,,,,
pairwise:A+B,same,3,warmup,A,cpu_rss,B,OBSERVED,COMMON_OBSERVED_SLICE,,3,2026-10-06T12:15:21.179544+00:00,2026-10-06T12:15:31.181427+00:00,10.00038194656372,10.399602790745206,,,,
pairwise:A+B,same,3,warmup,A,heap_gc,A,OBSERVED,COMMON_OBSERVED_SLICE,,3,2026-10-06T09:44:05.657065+00:00,2026-10-06T09:44:15.851467+00:00,9.9871985912323,,451154022,470028390,0.0,
pairwise:A+B,same,3,warmup,A,heap_gc,B,OBSERVED,COMMON_OBSERVED_SLICE,,3,2026-10-06T12:15:21.180703+00:00,2026-10-06T12:15:31.366882+00:00,9.988892078399658,,368607504.6666667,384685670,0.0,
pairwise:A+B,same,3,warmup,A,tick,PAIR_SUPPLIED,UNMEASURED,NO_COMMON_MEASUREMENT,Fewer than two contained real samples,,,,,,,,,
pairwise:A+B,same,3,warmup,B,cpu_rss,A,OBSERVED,COMMON_OBSERVED_SLICE,,3,2026-10-06T09:44:05.655996+00:00,2026-10-06T09:44:15.658130+00:00,9.999461650848389,7.300393016038844,,,,
pairwise:A+B,same,3,warmup,B,cpu_rss,B,OBSERVED,COMMON_OBSERVED_SLICE,,3,2026-10-06T12:15:21.181004+00:00,2026-10-06T12:15:31.183398+00:00,9.999502658843994,8.200407840031989,,,,
pairwise:A+B,same,3,warmup,B,heap_gc,A,OBSERVED,COMMON_OBSERVED_SLICE,,3,2026-10-06T09:44:05.659145+00:00,2026-10-06T09:44:15.866574+00:00,10.023452758789062,,303003784.3333333,304751411,0.0,
pairwise:A+B,same,3,warmup,B,heap_gc,B,OBSERVED,COMMON_OBSERVED_SLICE,,3,2026-10-06T12:15:21.183090+00:00,2026-10-06T12:15:31.421801+00:00,10.028284549713135,,396012202.6666667,397410304,0.0,
pairwise:A+B,same,3,warmup,B,tick,PAIR_SUPPLIED,UNMEASURED,NO_COMMON_MEASUREMENT,Fewer than two contained real samples,,,,,,,,,
pairwise:A+B,same,3,warmup,C,cpu_rss,A,OBSERVED,COMMON_OBSERVED_SLICE,,3,2026-10-06T09:44:05.656045+00:00,2026-10-06T09:44:15.657606+00:00,9.9998197555542,7.000126173386152,,,,
pairwise:A+B,same,3,warmup,C,cpu_rss,B,OBSERVED,COMMON_OBSERVED_SLICE,,3,2026-10-06T12:15:21.181051+00:00,2026-10-06T12:15:31.182294+00:00,9.999593257904053,8.100329474498855,,,,
pairwise:A+B,same,3,warmup,C,heap_gc,A,OBSERVED,COMMON_OBSERVED_SLICE,,3,2026-10-06T09:44:05.657957+00:00,2026-10-06T09:44:15.804306+00:00,9.96186351776123,,429367739.3333333,431115366,0.0,
pairwise:A+B,same,3,warmup,C,heap_gc,B,OBSERVED,COMMON_OBSERVED_SLICE,,3,2026-10-06T12:15:21.181886+00:00,2026-10-06T12:15:31.442712+00:00,9.999062538146973,,447891421.6666667,449289523,0.0,
pairwise:A+B,same,3,warmup,C,tick,PAIR_SUPPLIED,UNMEASURED,NO_COMMON_MEASUREMENT,Fewer than two contained real samples,,,,,,,,,
pairwise:A+C,cross,1,low_flow,A,cpu_rss,A,OBSERVED,COMMON_OBSERVED_SLICE,,18,2026-10-06T09:09:55.655850+00:00,2026-10-06T09:11:20.656972+00:00,84.99924540519714,7.741245194157541,,,,
pairwise:A+C,cross,1,low_flow,A,cpu_rss,C,OBSERVED,COMMON_OBSERVED_SLICE,,10,2026-10-06T12:28:54.276891+00:00,2026-10-06T12:29:39.277955+00:00,44.99901056289673,8.533520964050274,,,,
pairwise:A+C,cross,1,low_flow,A,heap_gc,A,OBSERVED,COMMON_OBSERVED_SLICE,,18,2026-10-06T09:09:55.658412+00:00,2026-10-06T09:11:20.844062+00:00,84.98436141014099,,367138144.1111111,491113164,0.018000000000000016,
pairwise:A+C,cross,1,low_flow,A,heap_gc,C,OBSERVED,COMMON_OBSERVED_SLICE,,10,2026-10-06T12:28:54.279889+00:00,2026-10-06T12:29:39.496263+00:00,45.007678508758545,,279798517.7,441089433,0.006000000000000005,
pairwise:A+C,cross,1,low_flow,A,tick,PAIR_SUPPLIED,UNMEASURED,NO_COMMON_MEASUREMENT,Fewer than two contained real samples,,,,,,,,,
pairwise:A+C,cross,1,low_flow,B,cpu_rss,A,OBSERVED,COMMON_OBSERVED_SLICE,,18,2026-10-06T09:09:55.655952+00:00,2026-10-06T09:11:20.657840+00:00,85.0000307559967,8.376467557334022,,,,
pairwise:A+C,cross,1,low_flow,B,cpu_rss,C,OBSERVED,COMMON_OBSERVED_SLICE,,10,2026-10-06T12:28:54.277008+00:00,2026-10-06T12:29:39.279399+00:00,45.000463008880615,11.044330808372337,,,,
pairwise:A+C,cross,1,low_flow,B,heap_gc,A,OBSERVED,COMMON_OBSERVED_SLICE,,18,2026-10-06T09:09:55.657743+00:00,2026-10-06T09:11:20.821050+00:00,85.0153489112854,,342350301.5555556,432013312,0.008999999999999897,
pairwise:A+C,cross,1,low_flow,B,heap_gc,C,OBSERVED,COMMON_OBSERVED_SLICE,,10,2026-10-06T12:28:54.278422+00:00,2026-10-06T12:29:39.520099+00:00,45.02251672744751,,307221196.6,335952179,0.0,
pairwise:A+C,cross,1,low_flow,B,tick,PAIR_SUPPLIED,UNMEASURED,NO_COMMON_MEASUREMENT,Fewer than two contained real samples,,,,,,,,,
pairwise:A+C,cross,1,low_flow,C,cpu_rss,A,OBSERVED,COMMON_OBSERVED_SLICE,,18,2026-10-06T09:09:55.656000+00:00,2026-10-06T09:11:20.658567+00:00,85.00089740753174,6.835221953180451,,,,
pairwise:A+C,cross,1,low_flow,C,cpu_rss,C,OBSERVED,COMMON_OBSERVED_SLICE,,10,2026-10-06T12:28:54.277482+00:00,2026-10-06T12:29:39.278569+00:00,44.999542236328125,8.400085450087996,,,,
pairwise:A+C,cross,1,low_flow,C,heap_gc,A,OBSERVED,COMMON_OBSERVED_SLICE,,18,2026-10-06T09:09:55.657180+00:00,2026-10-06T09:11:20.879374+00:00,85.0142195224762,,458702722.4444444,471169126,0.0,
pairwise:A+C,cross,1,low_flow,C,heap_gc,C,OBSERVED,COMMON_OBSERVED_SLICE,,10,2026-10-06T12:28:54.279002+00:00,2026-10-06T12:29:39.431969+00:00,45.00310182571411,,257238732,264054476,0.0,
pairwise:A+C,cross,1,low_flow,C,tick,PAIR_SUPPLIED,UNMEASURED,NO_COMMON_MEASUREMENT,Fewer than two contained real samples,,,,,,,,,
pairwise:A+C,cross,1,steady,A,cpu_rss,A,OBSERVED,COMMON_OBSERVED_SLICE,,21,2026-10-06T09:12:15.655775+00:00,2026-10-06T09:13:55.658248+00:00,100.00008010864258,8.359993302922845,,,,
pairwise:A+C,cross,1,steady,A,cpu_rss,C,OBSERVED,COMMON_OBSERVED_SLICE,,21,2026-10-06T12:30:29.276924+00:00,2026-10-06T12:32:09.278425+00:00,100.00004029273987,10.069995942522723,,,,
pairwise:A+C,cross,1,steady,A,heap_gc,A,OBSERVED,COMMON_OBSERVED_SLICE,,21,2026-10-06T09:12:15.658131+00:00,2026-10-06T09:13:55.805363+00:00,99.96785354614258,,400588073.04761904,491093094,0.006000000000000005,
pairwise:A+C,cross,1,steady,A,heap_gc,C,OBSERVED,COMMON_OBSERVED_SLICE,,21,2026-10-06T12:30:29.278670+00:00,2026-10-06T12:32:09.565140+00:00,100.04083323478699,,344842863.8095238,441999360,0.016000000000000014,
pairwise:A+C,cross,1,steady,A,tick,PAIR_SUPPLIED,UNMEASURED,NO_COMMON_MEASUREMENT,Fewer than two contained real samples,,,,,,,,,
pairwise:A+C,cross,1,steady,B,cpu_rss,A,OBSERVED,COMMON_OBSERVED_SLICE,,21,2026-10-06T09:12:15.655878+00:00,2026-10-06T09:13:55.656622+00:00,99.9998664855957,9.090012136475558,,,,
pairwise:A+C,cross,1,steady,B,cpu_rss,C,OBSERVED,COMMON_OBSERVED_SLICE,,21,2026-10-06T12:30:29.277037+00:00,2026-10-06T12:32:09.280096+00:00,100.0018310546875,11.189795108732138,,,,
pairwise:A+C,cross,1,steady,B,heap_gc,A,OBSERVED,COMMON_OBSERVED_SLICE,,21,2026-10-06T09:12:15.656913+00:00,2026-10-06T09:13:55.795761+00:00,99.9842300415039,,338053343.9047619,429828710,0.0050000000000001155,
pairwise:A+C,cross,1,steady,B,heap_gc,C,OBSERVED,COMMON_OBSERVED_SLICE,,21,2026-10-06T12:30:29.278120+00:00,2026-10-06T12:32:09.550783+00:00,100.02900671958923,,377710869.9047619,485898547,0.004999999999999893,
pairwise:A+C,cross,1,steady,B,tick,PAIR_SUPPLIED,UNMEASURED,NO_COMMON_MEASUREMENT,Fewer than two contained real samples,,,,,,,,,
pairwise:A+C,cross,1,steady,C,cpu_rss,A,OBSERVED,COMMON_OBSERVED_SLICE,,21,2026-10-06T09:12:15.655953+00:00,2026-10-06T09:13:55.657405+00:00,100.00035357475281,7.2999741891343035,,,,
pairwise:A+C,cross,1,steady,C,cpu_rss,C,OBSERVED,COMMON_OBSERVED_SLICE,,21,2026-10-06T12:30:29.277248+00:00,2026-10-06T12:32:09.280670+00:00,100.00145959854126,7.909884547440527,,,,
pairwise:A+C,cross,1,steady,C,heap_gc,A,OBSERVED,COMMON_OBSERVED_SLICE,,21,2026-10-06T09:12:15.657452+00:00,2026-10-06T09:13:55.788777+00:00,99.96723055839539,,504224236.0952381,519403622,0.0,
pairwise:A+C,cross,1,steady,C,heap_gc,C,OBSERVED,COMMON_OBSERVED_SLICE,,21,2026-10-06T12:30:29.279359+00:00,2026-10-06T12:32:09.494122+00:00,100.01093053817749,,305747855.04761904,325920460,0.0,
pairwise:A+C,cross,1,steady,C,tick,PAIR_SUPPLIED,UNMEASURED,NO_COMMON_MEASUREMENT,Fewer than two contained real samples,,,,,,,,,
pairwise:A+C,cross,1,warmup,A,cpu_rss,A,OBSERVED,COMMON_OBSERVED_SLICE,,3,2026-10-06T09:11:45.655825+00:00,2026-10-06T09:11:55.657703+00:00,10.000398635864258,8.099677117821216,,,,
pairwise:A+C,cross,1,warmup,A,cpu_rss,C,OBSERVED,COMMON_OBSERVED_SLICE,,3,2026-10-06T12:29:59.276928+00:00,2026-10-06T12:30:09.280256+00:00,10.000352382659912,9.899651153459384,,,,
pairwise:A+C,cross,1,warmup,A,heap_gc,A,OBSERVED,COMMON_OBSERVED_SLICE,,3,2026-10-06T09:11:45.656895+00:00,2026-10-06T09:11:55.848802+00:00,10.028650760650635,,300601787.3333333,308640870,0.0,
pairwise:A+C,cross,1,warmup,A,heap_gc,C,OBSERVED,COMMON_OBSERVED_SLICE,,3,2026-10-06T12:29:59.279598+00:00,2026-10-06T12:30:09.466121+00:00,10.033458709716797,,320015018.6666667,329801728,0.0,
pairwise:A+C,cross,1,warmup,A,tick,PAIR_SUPPLIED,UNMEASURED,NO_COMMON_MEASUREMENT,Fewer than two contained real samples,,,,,,,,,
pairwise:A+C,cross,1,warmup,B,cpu_rss,A,OBSERVED,COMMON_OBSERVED_SLICE,,3,2026-10-06T09:11:45.655923+00:00,2026-10-06T09:11:55.658096+00:00,9.999893188476562,9.100097199524638,,,,
pairwise:A+C,cross,1,warmup,B,cpu_rss,C,OBSERVED,COMMON_OBSERVED_SLICE,,3,2026-10-06T12:29:59.277039+00:00,2026-10-06T12:30:09.278333+00:00,10.000068187713623,12.799912720321712,,,,
pairwise:A+C,cross,1,warmup,B,heap_gc,A,OBSERVED,COMMON_OBSERVED_SLICE,,3,2026-10-06T09:11:45.658300+00:00,2026-10-06T09:11:55.831280+00:00,10.010694026947021,,257512720.66666666,268348006,0.0,
pairwise:A+C,cross,1,warmup,B,heap_gc,C,OBSERVED,COMMON_OBSERVED_SLICE,,3,2026-10-06T12:29:59.278295+00:00,2026-10-06T12:30:09.548489+00:00,10.00987195968628,,388730504.3333333,400963891,0.0,
pairwise:A+C,cross,1,warmup,B,tick,PAIR_SUPPLIED,UNMEASURED,NO_COMMON_MEASUREMENT,Fewer than two contained real samples,,,,,,,,,
pairwise:A+C,cross,1,warmup,C,cpu_rss,A,OBSERVED,COMMON_OBSERVED_SLICE,,3,2026-10-06T09:11:45.656011+00:00,2026-10-06T09:11:55.656990+00:00,9.999639749526978,10.300371071355087,,,,
pairwise:A+C,cross,1,warmup,C,cpu_rss,C,OBSERVED,COMMON_OBSERVED_SLICE,,3,2026-10-06T12:29:59.277091+00:00,2026-10-06T12:30:09.279494+00:00,10.00033974647522,7.899731609403114,,,,
pairwise:A+C,cross,1,warmup,C,heap_gc,A,OBSERVED,COMMON_OBSERVED_SLICE,,3,2026-10-06T09:11:45.657680+00:00,2026-10-06T09:11:55.817307+00:00,9.970471620559692,,480955835.3333333,482703462,0.0,
pairwise:A+C,cross,1,warmup,C,heap_gc,C,OBSERVED,COMMON_OBSERVED_SLICE,,3,2026-10-06T12:29:59.279001+00:00,2026-10-06T12:30:09.536867+00:00,10.02628493309021,,274190710.6666667,276637388,0.0,
pairwise:A+C,cross,1,warmup,C,tick,PAIR_SUPPLIED,UNMEASURED,NO_COMMON_MEASUREMENT,Fewer than two contained real samples,,,,,,,,,
pairwise:A+C,cross,2,low_flow,A,cpu_rss,A,OBSERVED,COMMON_OBSERVED_SLICE,,29,2026-10-06T09:19:40.655810+00:00,2026-10-06T09:22:00.657984+00:00,139.99953603744507,7.264309788340935,,,,
pairwise:A+C,cross,2,low_flow,A,cpu_rss,C,OBSERVED,COMMON_OBSERVED_SLICE,,17,2026-10-06T12:36:39.276914+00:00,2026-10-06T12:37:59.279613+00:00,80.00064611434937,8.62493034135931,,,,
pairwise:A+C,cross,2,low_flow,A,heap_gc,A,OBSERVED,COMMON_OBSERVED_SLICE,,29,2026-10-06T09:19:40.658930+00:00,2026-10-06T09:22:00.864194+00:00,140.013414144516,,353984031.37931037,393721446,0.0,
pairwise:A+C,cross,2,low_flow,A,heap_gc,C,OBSERVED,COMMON_OBSERVED_SLICE,,17,2026-10-06T12:36:39.278327+00:00,2026-10-06T12:37:59.465127+00:00,79.98831176757812,,400006366.4705882,444015718,0.006999999999999895,
pairwise:A+C,cross,2,low_flow,A,tick,PAIR_SUPPLIED,UNMEASURED,NO_COMMON_MEASUREMENT,Fewer than two contained real samples,,,,,,,,,
pairwise:A+C,cross,2,low_flow,B,cpu_rss,A,OBSERVED,COMMON_OBSERVED_SLICE,,29,2026-10-06T09:19:40.655919+00:00,2026-10-06T09:22:00.656595+00:00,139.99962377548218,8.442879831559951,,,,
pairwise:A+C,cross,2,low_flow,B,cpu_rss,C,OBSERVED,COMMON_OBSERVED_SLICE,,17,2026-10-06T12:36:39.277067+00:00,2026-10-06T12:37:59.278999+00:00,79.99963521957397,9.012541094982263,,,,
pairwise:A+C,cross,2,low_flow,B,heap_gc,A,OBSERVED,COMMON_OBSERVED_SLICE,,29,2026-10-06T09:19:40.657341+00:00,2026-10-06T09:22:00.763942+00:00,139.98641157150269,,349680021.79310346,431746355,0.016000000000000014,
pairwise:A+C,cross,2,low_flow,B,heap_gc,C,OBSERVED,COMMON_OBSERVED_SLICE,,17,2026-10-06T12:36:39.279702+00:00,2026-10-06T12:37:59.482821+00:00,79.98257541656494,,415109408.8235294,490516787,0.007000000000000117,
pairwise:A+C,cross,2,low_flow,B,tick,PAIR_SUPPLIED,UNMEASURED,NO_COMMON_MEASUREMENT,Fewer than two contained real samples,,,,,,,,,
pairwise:A+C,cross,2,low_flow,C,cpu_rss,A,OBSERVED,COMMON_OBSERVED_SLICE,,29,2026-10-06T09:19:40.656041+00:00,2026-10-06T09:22:00.657286+00:00,140.00016045570374,6.899992091835092,,,,
pairwise:A+C,cross,2,low_flow,C,cpu_rss,C,OBSERVED,COMMON_OBSERVED_SLICE,,17,2026-10-06T12:36:39.277217+00:00,2026-10-06T12:37:59.278235+00:00,79.99948453903198,7.825050418850803,,,,
pairwise:A+C,cross,2,low_flow,C,heap_gc,A,OBSERVED,COMMON_OBSERVED_SLICE,,29,2026-10-06T09:19:40.657722+00:00,2026-10-06T09:22:00.831599+00:00,139.9964780807495,,341546513.6551724,361758720,0.0,
pairwise:A+C,cross,2,low_flow,C,heap_gc,C,OBSERVED,COMMON_OBSERVED_SLICE,,17,2026-10-06T12:36:39.279128+00:00,2026-10-06T12:37:59.461036+00:00,80.00693774223328,,241941858.5882353,255141580,0.0,
pairwise:A+C,cross,2,low_flow,C,tick,PAIR_SUPPLIED,UNMEASURED,NO_COMMON_MEASUREMENT,Fewer than two contained real samples,,,,,,,,,
pairwise:A+C,cross,2,steady,A,cpu_rss,A,OBSERVED,COMMON_OBSERVED_SLICE,,21,2026-10-06T09:23:00.655842+00:00,2026-10-06T09:24:40.658035+00:00,99.99986481666565,8.050010882273137,,,,
pairwise:A+C,cross,2,steady,A,cpu_rss,C,OBSERVED,COMMON_OBSERVED_SLICE,,21,2026-10-06T12:38:49.276938+00:00,2026-10-06T12:40:29.279566+00:00,100.00036716461182,9.849963834418517,,,,
pairwise:A+C,cross,2,steady,A,heap_gc,A,OBSERVED,COMMON_OBSERVED_SLICE,,21,2026-10-06T09:23:00.658277+00:00,2026-10-06T09:24:40.894368+00:00,100.00172591209412,,333024821.2380952,488093286,0.006000000000000005,
pairwise:A+C,cross,2,steady,A,heap_gc,C,OBSERVED,COMMON_OBSERVED_SLICE,,21,2026-10-06T12:38:49.278836+00:00,2026-10-06T12:40:29.472070+00:00,100.01814556121826,,340026860.0952381,438248550,0.009000000000000119,
pairwise:A+C,cross,2,steady,A,tick,PAIR_SUPPLIED,UNMEASURED,NO_COMMON_MEASUREMENT,Fewer than two contained real samples,,,,,,,,,
pairwise:A+C,cross,2,steady,B,cpu_rss,A,OBSERVED,COMMON_OBSERVED_SLICE,,21,2026-10-06T09:23:00.655957+00:00,2026-10-06T09:24:40.657080+00:00,99.99991416931152,8.500007295614783,,,,
pairwise:A+C,cross,2,steady,B,cpu_rss,C,OBSERVED,COMMON_OBSERVED_SLICE,,21,2026-10-06T12:38:49.277056+00:00,2026-10-06T12:40:29.279112+00:00,100.00047850608826,12.449940426277065,,,,
pairwise:A+C,cross,2,steady,B,heap_gc,A,OBSERVED,COMMON_OBSERVED_SLICE,,21,2026-10-06T09:23:00.657218+00:00,2026-10-06T09:24:40.830556+00:00,99.98465132713318,,350771980.04761904,431354265,0.0040000000000000036,
pairwise:A+C,cross,2,steady,B,heap_gc,C,OBSERVED,COMMON_OBSERVED_SLICE,,21,2026-10-06T12:38:49.278176+00:00,2026-10-06T12:40:29.494834+00:00,99.9725251197815,,368476905.5714286,485085388,0.02200000000000002,
pairwise:A+C,cross,2,steady,B,tick,PAIR_SUPPLIED,UNMEASURED,NO_COMMON_MEASUREMENT,Fewer than two contained real samples,,,,,,,,,
pairwise:A+C,cross,2,steady,C,cpu_rss,A,OBSERVED,COMMON_OBSERVED_SLICE,,21,2026-10-06T09:23:00.656222+00:00,2026-10-06T09:24:40.658527+00:00,100.00026082992554,7.039981637621128,,,,
pairwise:A+C,cross,2,steady,C,cpu_rss,C,OBSERVED,COMMON_OBSERVED_SLICE,,21,2026-10-06T12:38:49.277469+00:00,2026-10-06T12:40:29.278380+00:00,99.99929332733154,8.210058018236086,,,,
pairwise:A+C,cross,2,steady,C,heap_gc,A,OBSERVED,COMMON_OBSERVED_SLICE,,21,2026-10-06T09:23:00.657787+00:00,2026-10-06T09:24:40.864905+00:00,100.04512882232666,,395662677.3333333,412090368,0.0,
pairwise:A+C,cross,2,steady,C,heap_gc,C,OBSERVED,COMMON_OBSERVED_SLICE,,21,2026-10-06T12:38:49.279571+00:00,2026-10-06T12:40:29.474238+00:00,99.94690537452698,,296235772.7619048,317007564,0.0,
pairwise:A+C,cross,2,steady,C,tick,PAIR_SUPPLIED,UNMEASURED,NO_COMMON_MEASUREMENT,Fewer than two contained real samples,,,,,,,,,
pairwise:A+C,cross,2,warmup,A,cpu_rss,A,OBSERVED,COMMON_OBSERVED_SLICE,,3,2026-10-06T09:22:30.655820+00:00,2026-10-06T09:22:40.657061+00:00,9.99941349029541,8.800516158813208,,,,
pairwise:A+C,cross,2,warmup,A,cpu_rss,C,OBSERVED,COMMON_OBSERVED_SLICE,,3,2026-10-06T12:38:19.276945+00:00,2026-10-06T12:38:29.278724+00:00,9.999434232711792,9.800554483313194,,,,
pairwise:A+C,cross,2,warmup,A,heap_gc,A,OBSERVED,COMMON_OBSERVED_SLICE,,3,2026-10-06T09:22:30.658226+00:00,2026-10-06T09:22:40.824516+00:00,9.980047225952148,,430421606,438810214,0.0,
pairwise:A+C,cross,2,warmup,A,heap_gc,C,OBSERVED,COMMON_OBSERVED_SLICE,,3,2026-10-06T12:38:19.279851+00:00,2026-10-06T12:38:29.453889+00:00,9.989344358444214,,284457403.3333333,294593638,0.0,
pairwise:A+C,cross,2,warmup,A,tick,PAIR_SUPPLIED,UNMEASURED,NO_COMMON_MEASUREMENT,Fewer than two contained real samples,,,,,,,,,
pairwise:A+C,cross,2,warmup,B,cpu_rss,A,OBSERVED,COMMON_OBSERVED_SLICE,,3,2026-10-06T09:22:30.655917+00:00,2026-10-06T09:22:40.657679+00:00,10.000144243240356,9.199867298132881,,,,
pairwise:A+C,cross,2,warmup,B,cpu_rss,C,OBSERVED,COMMON_OBSERVED_SLICE,,3,2026-10-06T12:38:19.277083+00:00,2026-10-06T12:38:29.280202+00:00,10.000894784927368,10.79903371873996,,,,
pairwise:A+C,cross,2,warmup,B,heap_gc,A,OBSERVED,COMMON_OBSERVED_SLICE,,3,2026-10-06T09:22:30.657445+00:00,2026-10-06T09:22:40.844807+00:00,9.973177671432495,,320904259.6666667,333836697,0.0,
pairwise:A+C,cross,2,warmup,B,heap_gc,C,OBSERVED,COMMON_OBSERVED_SLICE,,3,2026-10-06T12:38:19.278384+00:00,2026-10-06T12:38:29.525643+00:00,10.020325183868408,,312419873.3333333,324653260,0.0,
pairwise:A+C,cross,2,warmup,B,tick,PAIR_SUPPLIED,UNMEASURED,NO_COMMON_MEASUREMENT,Fewer than two contained real samples,,,,,,,,,
pairwise:A+C,cross,2,warmup,C,cpu_rss,A,OBSERVED,COMMON_OBSERVED_SLICE,,3,2026-10-06T09:22:30.655974+00:00,2026-10-06T09:22:40.658937+00:00,10.000073432922363,7.599944191388731,,,,
pairwise:A+C,cross,2,warmup,C,cpu_rss,C,OBSERVED,COMMON_OBSERVED_SLICE,,3,2026-10-06T12:38:19.277166+00:00,2026-10-06T12:38:29.279418+00:00,10.000086069107056,8.09993028462334,,,,
pairwise:A+C,cross,2,warmup,C,heap_gc,A,OBSERVED,COMMON_OBSERVED_SLICE,,3,2026-10-06T09:22:30.658967+00:00,2026-10-06T09:22:40.839543+00:00,10.011577129364014,,372244480,374341632,0.0,
pairwise:A+C,cross,2,warmup,C,heap_gc,C,OBSERVED,COMMON_OBSERVED_SLICE,,3,2026-10-06T12:38:19.279209+00:00,2026-10-06T12:38:29.564867+00:00,10.045407056808472,,264578764,266675916,0.0,
pairwise:A+C,cross,2,warmup,C,tick,PAIR_SUPPLIED,UNMEASURED,NO_COMMON_MEASUREMENT,Fewer than two contained real samples,,,,,,,,,
pairwise:A+C,cross,3,low_flow,A,cpu_rss,A,OBSERVED,COMMON_OBSERVED_SLICE,,31,2026-10-06T09:46:40.655820+00:00,2026-10-06T09:49:10.656745+00:00,149.9995789527893,7.566687906218929,,,,
pairwise:A+C,cross,3,low_flow,A,cpu_rss,C,OBSERVED,COMMON_OBSERVED_SLICE,,17,2026-10-06T12:57:24.276907+00:00,2026-10-06T12:58:44.280553+00:00,80.0007073879242,8.174927714435661,,,,
pairwise:A+C,cross,3,low_flow,A,heap_gc,A,OBSERVED,COMMON_OBSERVED_SLICE,,30,2026-10-06T09:46:45.657625+00:00,2026-10-06T09:49:10.786429+00:00,145.00054788589478,,382779445.93333334,498629017,0.006999999999999895,
pairwise:A+C,cross,3,low_flow,A,heap_gc,C,OBSERVED,COMMON_OBSERVED_SLICE,,17,2026-10-06T12:57:24.279147+00:00,2026-10-06T12:58:44.470096+00:00,79.99138736724854,,386030471.5294118,424334336,0.0,
pairwise:A+C,cross,3,low_flow,A,tick,A,OBSERVED,COMMON_OBSERVED_SLICE,,8,2026-10-06T09:47:47.250408+00:00,2026-10-06T09:48:57.253674+00:00,69.99951219558716,,,,,0.3
pairwise:A+C,cross,3,low_flow,A,tick,C,OBSERVED,COMMON_OBSERVED_SLICE,,4,2026-10-06T12:58:04.324804+00:00,2026-10-06T12:58:34.331726+00:00,30.001622915267944,,,,,0.42500000000000004
pairwise:A+C,cross,3,low_flow,B,cpu_rss,A,OBSERVED,COMMON_OBSERVED_SLICE,,31,2026-10-06T09:46:40.655934+00:00,2026-10-06T09:49:10.657511+00:00,150.00022649765015,9.26665267416632,,,,
pairwise:A+C,cross,3,low_flow,B,cpu_rss,C,OBSERVED,COMMON_OBSERVED_SLICE,,17,2026-10-06T12:57:24.277030+00:00,2026-10-06T12:58:44.278497+00:00,79.99997472763062,8.825002787859132,,,,
pairwise:A+C,cross,3,low_flow,B,heap_gc,A,OBSERVED,COMMON_OBSERVED_SLICE,,30,2026-10-06T09:46:45.657028+00:00,2026-10-06T09:49:10.825271+00:00,144.97655248641968,,345474852.96666664,443163443,0.03299999999999992,
pairwise:A+C,cross,3,low_flow,B,heap_gc,C,OBSERVED,COMMON_OBSERVED_SLICE,,17,2026-10-06T12:57:24.278549+00:00,2026-10-06T12:58:44.469845+00:00,79.99207854270935,,309622036.88235295,488246579,0.007000000000000117,
pairwise:A+C,cross,3,low_flow,B,tick,A,OBSERVED,COMMON_OBSERVED_SLICE,,8,2026-10-06T09:47:47.250499+00:00,2026-10-06T09:48:57.252517+00:00,70.00031566619873,,,,,0.3125
pairwise:A+C,cross,3,low_flow,B,tick,C,OBSERVED,COMMON_OBSERVED_SLICE,,4,2026-10-06T12:58:04.326943+00:00,2026-10-06T12:58:34.331470+00:00,30.00006914138794,,,,,0.4
pairwise:A+C,cross,3,low_flow,C,cpu_rss,A,OBSERVED,COMMON_OBSERVED_SLICE,,31,2026-10-06T09:46:40.655995+00:00,2026-10-06T09:49:10.658231+00:00,150.00046610832214,7.193310980919267,,,,
pairwise:A+C,cross,3,low_flow,C,cpu_rss,C,OBSERVED,COMMON_OBSERVED_SLICE,,17,2026-10-06T12:57:24.277083+00:00,2026-10-06T12:58:44.279622+00:00,80.00087785720825,7.599916604480312,,,,
pairwise:A+C,cross,3,low_flow,C,heap_gc,A,OBSERVED,COMMON_OBSERVED_SLICE,,30,2026-10-06T09:46:45.659216+00:00,2026-10-06T09:49:10.877654+00:00,145.00804448127747,,501195195.3333333,525487206,0.0,
pairwise:A+C,cross,3,low_flow,C,heap_gc,C,OBSERVED,COMMON_OBSERVED_SLICE,,17,2026-10-06T12:57:24.278052+00:00,2026-10-06T12:58:44.465376+00:00,79.97604489326477,,298284175.7647059,312717516,0.0,
pairwise:A+C,cross,3,low_flow,C,tick,A,OBSERVED,COMMON_OBSERVED_SLICE,,8,2026-10-06T09:47:47.250613+00:00,2026-10-06T09:48:57.256475+00:00,70.00053334236145,,,,,0.2
pairwise:A+C,cross,3,low_flow,C,tick,C,OBSERVED,COMMON_OBSERVED_SLICE,,4,2026-10-06T12:58:04.327118+00:00,2026-10-06T12:58:34.332426+00:00,29.9970600605011,,,,,0.2
pairwise:A+C,cross,3,steady,A,cpu_rss,A,OBSERVED,COMMON_OBSERVED_SLICE,,22,2026-10-06T09:50:05.655821+00:00,2026-10-06T09:51:50.656976+00:00,104.99945592880249,9.48576343743496,,,,
pairwise:A+C,cross,3,steady,A,cpu_rss,C,OBSERVED,COMMON_OBSERVED_SLICE,,21,2026-10-06T12:59:34.276908+00:00,2026-10-06T13:01:14.278056+00:00,99.9992926120758,8.94006324092778,,,,
pairwise:A+C,cross,3,steady,A,heap_gc,A,OBSERVED,COMMON_OBSERVED_SLICE,,22,2026-10-06T09:50:05.658086+00:00,2026-10-06T09:51:50.818235+00:00,104.99037027359009,,386498652.3636364,491771084,0.018999999999999906,
pairwise:A+C,cross,3,steady,A,heap_gc,C,OBSERVED,COMMON_OBSERVED_SLICE,,21,2026-10-06T12:59:34.279484+00:00,2026-10-06T13:01:14.460936+00:00,100.01334834098816,,347889365.9047619,448582348,0.0009999999999998899,
pairwise:A+C,cross,3,steady,A,tick,A,OBSERVED,COMMON_OBSERVED_SLICE,,8,2026-10-06T09:50:27.250886+00:00,2026-10-06T09:51:37.253269+00:00,69.99842858314514,,,,,0.4
pairwise:A+C,cross,3,steady,A,tick,C,OBSERVED,COMMON_OBSERVED_SLICE,,8,2026-10-06T12:59:54.324993+00:00,2026-10-06T13:01:04.332865+00:00,70.00352096557617,,,,,0.4875
pairwise:A+C,cross,3,steady,B,cpu_rss,A,OBSERVED,COMMON_OBSERVED_SLICE,,22,2026-10-06T09:50:05.655929+00:00,2026-10-06T09:51:50.658736+00:00,105.00140857696533,9.80939221634363,,,,
pairwise:A+C,cross,3,steady,B,cpu_rss,C,OBSERVED,COMMON_OBSERVED_SLICE,,21,2026-10-06T12:59:34.277059+00:00,2026-10-06T13:01:14.279490+00:00,100.00133681297302,10.5298592354757,,,,
pairwise:A+C,cross,3,steady,B,heap_gc,A,OBSERVED,COMMON_OBSERVED_SLICE,,22,2026-10-06T09:50:05.657318+00:00,2026-10-06T09:51:50.903553+00:00,105.02195858955383,,348118583.3181818,440423731,0.029000000000000137,
pairwise:A+C,cross,3,steady,B,heap_gc,C,OBSERVED,COMMON_OBSERVED_SLICE,,21,2026-10-06T12:59:34.278135+00:00,2026-10-06T13:01:14.452802+00:00,99.97277522087097,,369781076.8095238,487900979,0.02200000000000002,
pairwise:A+C,cross,3,steady,B,tick,A,OBSERVED,COMMON_OBSERVED_SLICE,,8,2026-10-06T09:50:27.251236+00:00,2026-10-06T09:51:37.252021+00:00,69.99889612197876,,,,,0.3875
pairwise:A+C,cross,3,steady,B,tick,C,OBSERVED,COMMON_OBSERVED_SLICE,,8,2026-10-06T12:59:54.325208+00:00,2026-10-06T13:01:04.334676+00:00,70.003737449646,,,,,0.475
pairwise:A+C,cross,3,steady,C,cpu_rss,A,OBSERVED,COMMON_OBSERVED_SLICE,,22,2026-10-06T09:50:05.656130+00:00,2026-10-06T09:51:50.659435+00:00,105.0019416809082,7.361768626613419,,,,
pairwise:A+C,cross,3,steady,C,cpu_rss,C,OBSERVED,COMMON_OBSERVED_SLICE,,21,2026-10-06T12:59:34.277131+00:00,2026-10-06T13:01:14.280088+00:00,100.00136113166809,8.329886619275321,,,,
pairwise:A+C,cross,3,steady,C,heap_gc,A,OBSERVED,COMMON_OBSERVED_SLICE,,22,2026-10-06T09:50:05.656809+00:00,2026-10-06T09:51:50.794944+00:00,104.94231843948364,,361811483.40909094,560090214,0.01200000000000001,
pairwise:A+C,cross,3,steady,C,heap_gc,C,OBSERVED,COMMON_OBSERVED_SLICE,,21,2026-10-06T12:59:34.278800+00:00,2026-10-06T13:01:14.538789+00:00,100.03361654281616,,353212522.47619045,373534924,0.0,
pairwise:A+C,cross,3,steady,C,tick,A,OBSERVED,COMMON_OBSERVED_SLICE,,8,2026-10-06T09:50:27.251467+00:00,2026-10-06T09:51:37.252436+00:00,69.99751281738281,,,,,0.2
pairwise:A+C,cross,3,steady,C,tick,C,OBSERVED,COMMON_OBSERVED_SLICE,,8,2026-10-06T12:59:54.325520+00:00,2026-10-06T13:01:04.332135+00:00,70.00279307365417,,,,,0.225
pairwise:A+C,cross,3,warmup,A,cpu_rss,A,OBSERVED,COMMON_OBSERVED_SLICE,,3,2026-10-06T09:49:35.655796+00:00,2026-10-06T09:49:45.656646+00:00,9.999142169952393,9.800840745568518,,,,
pairwise:A+C,cross,3,warmup,A,cpu_rss,C,OBSERVED,COMMON_OBSERVED_SLICE,,3,2026-10-06T12:59:04.276910+00:00,2026-10-06T12:59:14.278099+00:00,9.99966049194336,13.400454956242347,,,,
pairwise:A+C,cross,3,warmup,A,heap_gc,A,OBSERVED,COMMON_OBSERVED_SLICE,,3,2026-10-06T09:49:35.658359+00:00,2026-10-06T09:49:45.859878+00:00,9.994699478149414,,299881676,308270284,0.0,
pairwise:A+C,cross,3,warmup,A,heap_gc,C,OBSERVED,COMMON_OBSERVED_SLICE,,3,2026-10-06T12:59:04.278796+00:00,2026-10-06T12:59:14.615659+00:00,10.062751531600952,,316767709.3333333,453694464,0.013000000000000123,
pairwise:A+C,cross,3,warmup,A,tick,PAIR_SUPPLIED,UNMEASURED,NO_COMMON_MEASUREMENT,Fewer than two contained real samples,,,,,,,,,
pairwise:A+C,cross,3,warmup,B,cpu_rss,A,OBSERVED,COMMON_OBSERVED_SLICE,,3,2026-10-06T09:49:35.655902+00:00,2026-10-06T09:49:45.657880+00:00,10.000645875930786,8.999418749203656,,,,
pairwise:A+C,cross,3,warmup,B,cpu_rss,C,OBSERVED,COMMON_OBSERVED_SLICE,,3,2026-10-06T12:59:04.277017+00:00,2026-10-06T12:59:14.279866+00:00,10.001667737960815,10.898182468739332,,,,
pairwise:A+C,cross,3,warmup,B,heap_gc,A,OBSERVED,COMMON_OBSERVED_SLICE,,3,2026-10-06T09:49:35.657566+00:00,2026-10-06T09:49:45.814301+00:00,9.982950210571289,,353042397.6666667,365974835,0.0,
pairwise:A+C,cross,3,warmup,B,heap_gc,C,OBSERVED,COMMON_OBSERVED_SLICE,,3,2026-10-06T12:59:04.277944+00:00,2026-10-06T12:59:14.452305+00:00,9.95172119140625,,384091955,396674867,0.0,
pairwise:A+C,cross,3,warmup,B,tick,PAIR_SUPPLIED,UNMEASURED,NO_COMMON_MEASUREMENT,Fewer than two contained real samples,,,,,,,,,
pairwise:A+C,cross,3,warmup,C,cpu_rss,A,OBSERVED,COMMON_OBSERVED_SLICE,,3,2026-10-06T09:49:35.655970+00:00,2026-10-06T09:49:45.658400+00:00,10.001251220703125,7.399074212516226,,,,
pairwise:A+C,cross,3,warmup,C,cpu_rss,C,OBSERVED,COMMON_OBSERVED_SLICE,,3,2026-10-06T12:59:04.277108+00:00,2026-10-06T12:59:14.280430+00:00,10.001241445541382,7.699044205589625,,,,
pairwise:A+C,cross,3,warmup,C,heap_gc,A,OBSERVED,COMMON_OBSERVED_SLICE,,3,2026-10-06T09:49:35.656958+00:00,2026-10-06T09:49:45.948787+00:00,10.042415618896484,,537720592.6666666,539118694,0.0,
pairwise:A+C,cross,3,warmup,C,heap_gc,C,OBSERVED,COMMON_OBSERVED_SLICE,,3,2026-10-06T12:59:04.279319+00:00,2026-10-06T12:59:14.463226+00:00,9.992587089538574,,322154700,324251852,0.0,
pairwise:A+C,cross,3,warmup,C,tick,PAIR_SUPPLIED,UNMEASURED,NO_COMMON_MEASUREMENT,Fewer than two contained real samples,,,,,,,,,
pairwise:A+C,mixed,1,low_flow,A,cpu_rss,A,OBSERVED,COMMON_OBSERVED_SLICE,,27,2026-10-06T09:14:20.655827+00:00,2026-10-06T09:16:30.656932+00:00,129.99991655349731,8.346159203521518,,,,
pairwise:A+C,mixed,1,low_flow,A,cpu_rss,C,OBSERVED,COMMON_OBSERVED_SLICE,,17,2026-10-06T12:32:29.276891+00:00,2026-10-06T12:33:49.279109+00:00,80.00048160552979,9.387443486941333,,,,
pairwise:A+C,mixed,1,low_flow,A,heap_gc,A,OBSERVED,COMMON_OBSERVED_SLICE,,27,2026-10-06T09:14:20.657089+00:00,2026-10-06T09:16:30.830818+00:00,129.96390175819397,,359956187.7037037,487130214,0.006000000000000005,
pairwise:A+C,mixed,1,low_flow,A,heap_gc,C,OBSERVED,COMMON_OBSERVED_SLICE,,17,2026-10-06T12:32:29.278142+00:00,2026-10-06T12:33:49.491883+00:00,80.03194880485535,,348083910.1764706,443505049,0.004999999999999893,
pairwise:A+C,mixed,1,low_flow,A,tick,PAIR_SUPPLIED,UNMEASURED,NO_COMMON_MEASUREMENT,Fewer than two contained real samples,,,,,,,,,
pairwise:A+C,mixed,1,low_flow,B,cpu_rss,A,OBSERVED,COMMON_OBSERVED_SLICE,,27,2026-10-06T09:14:20.655932+00:00,2026-10-06T09:16:30.659072+00:00,130.00049829483032,8.06919983968796,,,,
pairwise:A+C,mixed,1,low_flow,B,cpu_rss,C,OBSERVED,COMMON_OBSERVED_SLICE,,17,2026-10-06T12:32:29.276996+00:00,2026-10-06T12:33:49.279659+00:00,80.00007200241089,9.81249116846223,,,,
pairwise:A+C,mixed,1,low_flow,B,heap_gc,A,OBSERVED,COMMON_OBSERVED_SLICE,,27,2026-10-06T09:14:20.658129+00:00,2026-10-06T09:16:30.900349+00:00,130.00729036331177,,352317382.3703704,436120166,0.006000000000000005,
pairwise:A+C,mixed,1,low_flow,B,heap_gc,C,OBSERVED,COMMON_OBSERVED_SLICE,,17,2026-10-06T12:32:29.279528+00:00,2026-10-06T12:33:49.482016+00:00,80.00999474525452,,301721292.2352941,489495040,0.07800000000000007,
pairwise:A+C,mixed,1,low_flow,B,tick,PAIR_SUPPLIED,UNMEASURED,NO_COMMON_MEASUREMENT,Fewer than two contained real samples,,,,,,,,,
pairwise:A+C,mixed,1,low_flow,C,cpu_rss,A,OBSERVED,COMMON_OBSERVED_SLICE,,27,2026-10-06T09:14:20.656033+00:00,2026-10-06T09:16:30.657738+00:00,130.00016164779663,7.230760239719526,,,,
pairwise:A+C,mixed,1,low_flow,C,cpu_rss,C,OBSERVED,COMMON_OBSERVED_SLICE,,17,2026-10-06T12:32:29.277271+00:00,2026-10-06T12:33:49.278663+00:00,79.99974656105042,8.412526650773977,,,,
pairwise:A+C,mixed,1,low_flow,C,heap_gc,A,OBSERVED,COMMON_OBSERVED_SLICE,,27,2026-10-06T09:14:20.657491+00:00,2026-10-06T09:16:30.853687+00:00,130.02811479568481,,243036615.1111111,262144000,0.0,
pairwise:A+C,mixed,1,low_flow,C,heap_gc,C,OBSERVED,COMMON_OBSERVED_SLICE,,17,2026-10-06T12:32:29.279027+00:00,2026-10-06T12:33:49.433361+00:00,79.9638442993164,,348310641.64705884,361572044,0.0,
pairwise:A+C,mixed,1,low_flow,C,tick,PAIR_SUPPLIED,UNMEASURED,NO_COMMON_MEASUREMENT,Fewer than two contained real samples,,,,,,,,,
pairwise:A+C,mixed,1,steady,A,cpu_rss,A,OBSERVED,COMMON_OBSERVED_SLICE,,21,2026-10-06T09:17:30.655783+00:00,2026-10-06T09:19:10.659096+00:00,100.00101280212402,8.749911380711687,,,,
pairwise:A+C,mixed,1,steady,A,cpu_rss,C,OBSERVED,COMMON_OBSERVED_SLICE,,21,2026-10-06T12:34:39.277097+00:00,2026-10-06T12:36:19.280605+00:00,100.00048851966858,10.869946898171442,,,,
pairwise:A+C,mixed,1,steady,A,heap_gc,A,OBSERVED,COMMON_OBSERVED_SLICE,,21,2026-10-06T09:17:30.657113+00:00,2026-10-06T09:19:10.805834+00:00,99.99949669837952,,345746168.28571427,482279014,0.0029999999999998916,
pairwise:A+C,mixed,1,steady,A,heap_gc,C,OBSERVED,COMMON_OBSERVED_SLICE,,21,2026-10-06T12:34:39.279752+00:00,2026-10-06T12:36:19.517502+00:00,100.02395057678223,,330527568.04761904,441930649,0.02300000000000013,
pairwise:A+C,mixed,1,steady,A,tick,PAIR_SUPPLIED,UNMEASURED,NO_COMMON_MEASUREMENT,Fewer than two contained real samples,,,,,,,,,
pairwise:A+C,mixed,1,steady,B,cpu_rss,A,OBSERVED,COMMON_OBSERVED_SLICE,,21,2026-10-06T09:17:30.655944+00:00,2026-10-06T09:19:10.657514+00:00,99.99949407577515,8.130041131847571,,,,
pairwise:A+C,mixed,1,steady,B,cpu_rss,C,OBSERVED,COMMON_OBSERVED_SLICE,,21,2026-10-06T12:34:39.277251+00:00,2026-10-06T12:36:19.279243+00:00,100.0000262260437,10.299997298718203,,,,
pairwise:A+C,mixed,1,steady,B,heap_gc,A,OBSERVED,COMMON_OBSERVED_SLICE,,21,2026-10-06T09:17:30.658537+00:00,2026-10-06T09:19:10.843261+00:00,99.97814750671387,,337020815.5714286,426347827,0.0040000000000000036,
pairwise:A+C,mixed,1,steady,B,heap_gc,C,OBSERVED,COMMON_OBSERVED_SLICE,,21,2026-10-06T12:34:39.279288+00:00,2026-10-06T12:36:19.503301+00:00,100.03188514709473,,360171739.0952381,485807001,0.006999999999999895,
pairwise:A+C,mixed,1,steady,B,tick,PAIR_SUPPLIED,UNMEASURED,NO_COMMON_MEASUREMENT,Fewer than two contained real samples,,,,,,,,,
pairwise:A+C,mixed,1,steady,C,cpu_rss,A,OBSERVED,COMMON_OBSERVED_SLICE,,21,2026-10-06T09:17:30.656289+00:00,2026-10-06T09:19:10.658561+00:00,100.00032210350037,6.979977517248082,,,,
pairwise:A+C,mixed,1,steady,C,cpu_rss,C,OBSERVED,COMMON_OBSERVED_SLICE,,21,2026-10-06T12:34:39.277385+00:00,2026-10-06T12:36:19.279896+00:00,100.00114107131958,8.709900613822139,,,,
pairwise:A+C,mixed,1,steady,C,heap_gc,A,OBSERVED,COMMON_OBSERVED_SLICE,,21,2026-10-06T09:17:30.657778+00:00,2026-10-06T09:19:10.880605+00:00,100.02070784568787,,295548635.4285714,310378496,0.0,
pairwise:A+C,mixed,1,steady,C,heap_gc,C,OBSERVED,COMMON_OBSERVED_SLICE,,21,2026-10-06T12:34:39.278529+00:00,2026-10-06T12:36:19.491576+00:00,99.98007082939148,,374978837.14285713,418195148,0.026000000000000023,
pairwise:A+C,mixed,1,steady,C,tick,PAIR_SUPPLIED,UNMEASURED,NO_COMMON_MEASUREMENT,Fewer than two contained real samples,,,,,,,,,
pairwise:A+C,mixed,1,warmup,A,cpu_rss,A,OBSERVED,COMMON_OBSERVED_SLICE,,4,2026-10-06T09:16:55.655852+00:00,2026-10-06T09:17:10.658901+00:00,14.999679803848267,8.800187852418945,,,,
pairwise:A+C,mixed,1,warmup,A,cpu_rss,C,OBSERVED,COMMON_OBSERVED_SLICE,,4,2026-10-06T12:34:04.276937+00:00,2026-10-06T12:34:19.279422+00:00,14.99756908416748,10.601718125629588,,,,
pairwise:A+C,mixed,1,warmup,A,heap_gc,A,OBSERVED,COMMON_OBSERVED_SLICE,,4,2026-10-06T09:16:55.659506+00:00,2026-10-06T09:17:10.866545+00:00,15.03446626663208,,420413952,440336896,0.0,
pairwise:A+C,mixed,1,warmup,A,heap_gc,C,OBSERVED,COMMON_OBSERVED_SLICE,,4,2026-10-06T12:34:04.284269+00:00,2026-10-06T12:34:19.532023+00:00,15.027447938919067,,358044569,381113241,0.0,
pairwise:A+C,mixed,1,warmup,A,tick,PAIR_SUPPLIED,UNMEASURED,NO_COMMON_MEASUREMENT,Fewer than two contained real samples,,,,,,,,,
pairwise:A+C,mixed,1,warmup,B,cpu_rss,A,OBSERVED,COMMON_OBSERVED_SLICE,,4,2026-10-06T09:16:55.657624+00:00,2026-10-06T09:17:10.657939+00:00,14.998905897140503,7.333868267082774,,,,
pairwise:A+C,mixed,1,warmup,B,cpu_rss,C,OBSERVED,COMMON_OBSERVED_SLICE,,4,2026-10-06T12:34:04.277100+00:00,2026-10-06T12:34:19.278246+00:00,14.996538162231445,10.66912898624544,,,,
pairwise:A+C,mixed,1,warmup,B,heap_gc,A,OBSERVED,COMMON_OBSERVED_SLICE,,4,2026-10-06T09:16:55.658426+00:00,2026-10-06T09:17:10.858157+00:00,14.983216524124146,,297635123,308907315,0.0,
pairwise:A+C,mixed,1,warmup,B,heap_gc,C,OBSERVED,COMMON_OBSERVED_SLICE,,4,2026-10-06T12:34:04.285121+00:00,2026-10-06T12:34:19.449031+00:00,14.960052490234375,,371774361,386192281,0.0,
pairwise:A+C,mixed,1,warmup,B,tick,PAIR_SUPPLIED,UNMEASURED,NO_COMMON_MEASUREMENT,Fewer than two contained real samples,,,,,,,,,
pairwise:A+C,mixed,1,warmup,C,cpu_rss,A,OBSERVED,COMMON_OBSERVED_SLICE,,4,2026-10-06T09:16:55.658700+00:00,2026-10-06T09:17:10.657252+00:00,14.996742725372314,6.934839245061282,,,,
pairwise:A+C,mixed,1,warmup,C,cpu_rss,C,OBSERVED,COMMON_OBSERVED_SLICE,,4,2026-10-06T12:34:04.277150+00:00,2026-10-06T12:34:19.278896+00:00,14.996782064437866,8.135078543903138,,,,
pairwise:A+C,mixed,1,warmup,C,heap_gc,A,OBSERVED,COMMON_OBSERVED_SLICE,,4,2026-10-06T09:16:55.661057+00:00,2026-10-06T09:17:10.829489+00:00,14.978475570678711,,272105472,274726912,0.0,
pairwise:A+C,mixed,1,warmup,C,heap_gc,C,OBSERVED,COMMON_OBSERVED_SLICE,,4,2026-10-06T12:34:04.285543+00:00,2026-10-06T12:34:19.508558+00:00,15.014621257781982,,371533516,374154956,0.0,
pairwise:A+C,mixed,1,warmup,C,tick,PAIR_SUPPLIED,UNMEASURED,NO_COMMON_MEASUREMENT,Fewer than two contained real samples,,,,,,,,,
pairwise:A+C,mixed,2,low_flow,A,cpu_rss,A,OBSERVED,COMMON_OBSERVED_SLICE,,27,2026-10-06T09:25:05.655831+00:00,2026-10-06T09:27:15.657135+00:00,129.99968123435974,8.361558964443825,,,,
pairwise:A+C,mixed,2,low_flow,A,cpu_rss,C,OBSERVED,COMMON_OBSERVED_SLICE,,17,2026-10-06T12:40:49.276952+00:00,2026-10-06T12:42:09.278650+00:00,80.00028014183044,10.212464238269707,,,,
pairwise:A+C,mixed,2,low_flow,A,heap_gc,A,OBSERVED,COMMON_OBSERVED_SLICE,,27,2026-10-06T09:25:05.657763+00:00,2026-10-06T09:27:15.779239+00:00,129.94317293167114,,379350193.8518519,488816742,0.015000000000000124,
pairwise:A+C,mixed,2,low_flow,A,heap_gc,C,OBSERVED,COMMON_OBSERVED_SLICE,,17,2026-10-06T12:40:49.278198+00:00,2026-10-06T12:42:09.500569+00:00,79.99709415435791,,359981820.5882353,439518310,0.053999999999999826,
pairwise:A+C,mixed,2,low_flow,A,tick,PAIR_SUPPLIED,UNMEASURED,NO_COMMON_MEASUREMENT,Fewer than two contained real samples,,,,,,,,,
pairwise:A+C,mixed,2,low_flow,B,cpu_rss,A,OBSERVED,COMMON_OBSERVED_SLICE,,27,2026-10-06T09:25:05.655949+00:00,2026-10-06T09:27:15.657894+00:00,129.99941873550415,8.500038005925441,,,,
pairwise:A+C,mixed,2,low_flow,B,cpu_rss,C,OBSERVED,COMMON_OBSERVED_SLICE,,17,2026-10-06T12:40:49.277157+00:00,2026-10-06T12:42:09.280476+00:00,80.00093603134155,8.887396013984809,,,,
pairwise:A+C,mixed,2,low_flow,B,heap_gc,A,OBSERVED,COMMON_OBSERVED_SLICE,,27,2026-10-06T09:25:05.659077+00:00,2026-10-06T09:27:15.858322+00:00,129.99675011634827,,329636833.2592593,429663027,0.03299999999999992,
pairwise:A+C,mixed,2,low_flow,B,heap_gc,C,OBSERVED,COMMON_OBSERVED_SLICE,,17,2026-10-06T12:40:49.278960+00:00,2026-10-06T12:42:09.489351+00:00,80.02007532119751,,440298453.64705884,492869939,0.0040000000000000036,
pairwise:A+C,mixed,2,low_flow,B,tick,PAIR_SUPPLIED,UNMEASURED,NO_COMMON_MEASUREMENT,Fewer than two contained real samples,,,,,,,,,
pairwise:A+C,mixed,2,low_flow,C,cpu_rss,A,OBSERVED,COMMON_OBSERVED_SLICE,,27,2026-10-06T09:25:05.656010+00:00,2026-10-06T09:27:15.658591+00:00,130.00075936317444,7.253803782527182,,,,
pairwise:A+C,mixed,2,low_flow,C,cpu_rss,C,OBSERVED,COMMON_OBSERVED_SLICE,,17,2026-10-06T12:40:49.279160+00:00,2026-10-06T12:42:09.279701+00:00,79.9990804195404,8.025092246475188,,,,
pairwise:A+C,mixed,2,low_flow,C,heap_gc,A,OBSERVED,COMMON_OBSERVED_SLICE,,27,2026-10-06T09:25:05.657079+00:00,2026-10-06T09:27:15.864684+00:00,129.9954891204834,,439197999.4074074,458227712,0.0,
pairwise:A+C,mixed,2,low_flow,C,heap_gc,C,OBSERVED,COMMON_OBSERVED_SLICE,,17,2026-10-06T12:40:49.279988+00:00,2026-10-06T12:42:09.488977+00:00,79.96583962440491,,338225807.7647059,351610572,0.0,
pairwise:A+C,mixed,2,low_flow,C,tick,PAIR_SUPPLIED,UNMEASURED,NO_COMMON_MEASUREMENT,Fewer than two contained real samples,,,,,,,,,
pairwise:A+C,mixed,2,steady,A,cpu_rss,A,OBSERVED,COMMON_OBSERVED_SLICE,,21,2026-10-06T09:28:10.655918+00:00,2026-10-06T09:29:50.656761+00:00,99.99894285202026,9.120096412914984,,,,
pairwise:A+C,mixed,2,steady,A,cpu_rss,C,OBSERVED,COMMON_OBSERVED_SLICE,,21,2026-10-06T12:42:59.276954+00:00,2026-10-06T12:44:39.280328+00:00,100.00001001358032,10.989998899507642,,,,
pairwise:A+C,mixed,2,steady,A,heap_gc,A,OBSERVED,COMMON_OBSERVED_SLICE,,20,2026-10-06T09:28:10.658734+00:00,2026-10-06T09:29:50.786227+00:00,99.98306775093079,,370686975.7,490878464,0.006999999999999895,
pairwise:A+C,mixed,2,steady,A,heap_gc,C,OBSERVED,COMMON_OBSERVED_SLICE,,21,2026-10-06T12:42:59.280291+00:00,2026-10-06T12:44:39.448801+00:00,99.98114681243896,,342828587.52380955,442799718,0.01200000000000001,
pairwise:A+C,mixed,2,steady,A,tick,PAIR_SUPPLIED,UNMEASURED,NO_COMMON_MEASUREMENT,Fewer than two contained real samples,,,,,,,,,
pairwise:A+C,mixed,2,steady,B,cpu_rss,A,OBSERVED,COMMON_OBSERVED_SLICE,,21,2026-10-06T09:28:10.656016+00:00,2026-10-06T09:29:50.658024+00:00,100.00048089027405,7.7599626830941775,,,,
pairwise:A+C,mixed,2,steady,B,cpu_rss,C,OBSERVED,COMMON_OBSERVED_SLICE,,21,2026-10-06T12:42:59.277059+00:00,2026-10-06T12:44:39.281264+00:00,100.00156998634338,9.929844102803674,,,,
pairwise:A+C,mixed,2,steady,B,heap_gc,A,OBSERVED,COMMON_OBSERVED_SLICE,,21,2026-10-06T09:28:10.656939+00:00,2026-10-06T09:29:50.827979+00:00,99.97198557853699,,320901655.9047619,427962572,0.0040000000000000036,
pairwise:A+C,mixed,2,steady,B,heap_gc,C,OBSERVED,COMMON_OBSERVED_SLICE,,21,2026-10-06T12:42:59.278247+00:00,2026-10-06T12:44:39.494865+00:00,100.00690507888794,,380667050.47619045,491492864,0.01200000000000001,
pairwise:A+C,mixed,2,steady,B,tick,PAIR_SUPPLIED,UNMEASURED,NO_COMMON_MEASUREMENT,Fewer than two contained real samples,,,,,,,,,
pairwise:A+C,mixed,2,steady,C,cpu_rss,A,OBSERVED,COMMON_OBSERVED_SLICE,,21,2026-10-06T09:28:10.656067+00:00,2026-10-06T09:29:50.657273+00:00,99.99967694282532,6.860022161793763,,,,
pairwise:A+C,mixed,2,steady,C,cpu_rss,C,OBSERVED,COMMON_OBSERVED_SLICE,,21,2026-10-06T12:42:59.277227+00:00,2026-10-06T12:44:39.278652+00:00,99.99964332580566,8.220029318723347,,,,
pairwise:A+C,mixed,2,steady,C,heap_gc,A,OBSERVED,COMMON_OBSERVED_SLICE,,21,2026-10-06T09:28:10.657846+00:00,2026-10-06T09:29:50.836882+00:00,99.97014546394348,,490334110.47619045,505413632,0.0,
pairwise:A+C,mixed,2,steady,C,heap_gc,C,OBSERVED,COMMON_OBSERVED_SLICE,,21,2026-10-06T12:42:59.279371+00:00,2026-10-06T12:44:39.442404+00:00,99.93722367286682,,392005714.0952381,412427980,0.0,
pairwise:A+C,mixed,2,steady,C,tick,PAIR_SUPPLIED,UNMEASURED,NO_COMMON_MEASUREMENT,Fewer than two contained real samples,,,,,,,,,
pairwise:A+C,mixed,2,warmup,A,cpu_rss,A,OBSERVED,COMMON_OBSERVED_SLICE,,3,2026-10-06T09:27:40.655938+00:00,2026-10-06T09:27:50.657068+00:00,9.999332427978516,9.500634235760385,,,,
pairwise:A+C,mixed,2,warmup,A,cpu_rss,C,OBSERVED,COMMON_OBSERVED_SLICE,,3,2026-10-06T12:42:29.276968+00:00,2026-10-06T12:42:39.277850+00:00,9.999048471450806,10.400989683862328,,,,
pairwise:A+C,mixed,2,warmup,A,heap_gc,A,OBSERVED,COMMON_OBSERVED_SLICE,,3,2026-10-06T09:27:40.658266+00:00,2026-10-06T09:27:50.859897+00:00,9.990476131439209,,291299498.6666667,305280512,0.0,
pairwise:A+C,mixed,2,warmup,A,heap_gc,C,OBSERVED,COMMON_OBSERVED_SLICE,,3,2026-10-06T12:42:29.279686+00:00,2026-10-06T12:42:39.494129+00:00,9.987512111663818,,323611579.3333333,338990694,0.0,
pairwise:A+C,mixed,2,warmup,A,tick,PAIR_SUPPLIED,UNMEASURED,NO_COMMON_MEASUREMENT,Fewer than two contained real samples,,,,,,,,,
pairwise:A+C,mixed,2,warmup,B,cpu_rss,A,OBSERVED,COMMON_OBSERVED_SLICE,,3,2026-10-06T09:27:40.656124+00:00,2026-10-06T09:27:50.658296+00:00,10.000278949737549,8.19977126759591,,,,
pairwise:A+C,mixed,2,warmup,B,cpu_rss,C,OBSERVED,COMMON_OBSERVED_SLICE,,3,2026-10-06T12:42:29.277092+00:00,2026-10-06T12:42:39.278672+00:00,10.000590085983276,9.499439451392961,,,,
pairwise:A+C,mixed,2,warmup,B,heap_gc,A,OBSERVED,COMMON_OBSERVED_SLICE,,3,2026-10-06T09:27:40.657542+00:00,2026-10-06T09:27:50.857526+00:00,10.02191162109375,,369941366.6666667,377630924,0.0,
pairwise:A+C,mixed,2,warmup,B,heap_gc,C,OBSERVED,COMMON_OBSERVED_SLICE,,3,2026-10-06T12:42:29.278463+00:00,2026-10-06T12:42:39.452159+00:00,10.013397693634033,,289816746.6666667,299603456,0.0,
pairwise:A+C,mixed,2,warmup,B,tick,PAIR_SUPPLIED,UNMEASURED,NO_COMMON_MEASUREMENT,Fewer than two contained real samples,,,,,,,,,
pairwise:A+C,mixed,2,warmup,C,cpu_rss,A,OBSERVED,COMMON_OBSERVED_SLICE,,3,2026-10-06T09:27:40.656323+00:00,2026-10-06T09:27:50.657700+00:00,9.99923324584961,7.600582777838939,,,,
pairwise:A+C,mixed,2,warmup,C,cpu_rss,C,OBSERVED,COMMON_OBSERVED_SLICE,,3,2026-10-06T12:42:29.277195+00:00,2026-10-06T12:42:39.279708+00:00,10.0011625289917,7.7990933327891785,,,,
pairwise:A+C,mixed,2,warmup,C,heap_gc,A,OBSERVED,COMMON_OBSERVED_SLICE,,3,2026-10-06T09:27:40.658911+00:00,2026-10-06T09:27:50.822962+00:00,9.972325801849365,,467664896,468713472,0.0,
pairwise:A+C,mixed,2,warmup,C,heap_gc,C,OBSERVED,COMMON_OBSERVED_SLICE,,3,2026-10-06T12:42:29.278994+00:00,2026-10-06T12:42:39.486547+00:00,10.016156673431396,,361047756,363144908,0.0,
pairwise:A+C,mixed,2,warmup,C,tick,PAIR_SUPPLIED,UNMEASURED,NO_COMMON_MEASUREMENT,Fewer than two contained real samples,,,,,,,,,
pairwise:A+C,mixed,3,low_flow,A,cpu_rss,A,OBSERVED,COMMON_OBSERVED_SLICE,,28,2026-10-06T09:36:00.655797+00:00,2026-10-06T09:38:15.656801+00:00,134.9994056224823,8.074109622735058,,,,
pairwise:A+C,mixed,3,low_flow,A,cpu_rss,C,OBSERVED,COMMON_OBSERVED_SLICE,,17,2026-10-06T12:49:09.276888+00:00,2026-10-06T12:50:29.278329+00:00,80.00002145767212,9.262497515604561,,,,
pairwise:A+C,mixed,3,low_flow,A,heap_gc,A,OBSERVED,COMMON_OBSERVED_SLICE,,26,2026-10-06T09:36:00.657975+00:00,2026-10-06T09:38:05.899500+00:00,125.01653409004211,,373519284.8076923,497485414,0.014999999999999902,
pairwise:A+C,mixed,3,low_flow,A,heap_gc,C,OBSERVED,COMMON_OBSERVED_SLICE,,16,2026-10-06T12:49:09.278322+00:00,2026-10-06T12:50:24.558744+00:00,75.02945351600647,,372142693.75,452514713,0.009000000000000119,
pairwise:A+C,mixed,3,low_flow,A,tick,PAIR_SUPPLIED,UNMEASURED,NO_COMMON_MEASUREMENT,Fewer than two contained real samples,,,,,,,,,
pairwise:A+C,mixed,3,low_flow,B,cpu_rss,A,OBSERVED,COMMON_OBSERVED_SLICE,,28,2026-10-06T09:36:00.655885+00:00,2026-10-06T09:38:15.657476+00:00,135.00024819374084,8.755539458740081,,,,
pairwise:A+C,mixed,3,low_flow,B,cpu_rss,C,OBSERVED,COMMON_OBSERVED_SLICE,,17,2026-10-06T12:49:09.277037+00:00,2026-10-06T12:50:29.279022+00:00,79.99967741966248,8.887535836803892,,,,
pairwise:A+C,mixed,3,low_flow,B,heap_gc,A,OBSERVED,COMMON_OBSERVED_SLICE,,26,2026-10-06T09:36:00.656960+00:00,2026-10-06T09:38:05.821052+00:00,125.01797580718994,,339116862.8076923,428319641,0.05599999999999983,
pairwise:A+C,mixed,3,low_flow,B,heap_gc,C,OBSERVED,COMMON_OBSERVED_SLICE,,16,2026-10-06T12:49:09.279702+00:00,2026-10-06T12:50:24.522550+00:00,75.01034355163574,,376325727.375,489285324,0.014999999999999902,
pairwise:A+C,mixed,3,low_flow,B,tick,PAIR_SUPPLIED,UNMEASURED,NO_COMMON_MEASUREMENT,Fewer than two contained real samples,,,,,,,,,
pairwise:A+C,mixed,3,low_flow,C,cpu_rss,A,OBSERVED,COMMON_OBSERVED_SLICE,,28,2026-10-06T09:36:00.656036+00:00,2026-10-06T09:38:15.658006+00:00,135.00028610229492,7.222206916370569,,,,
pairwise:A+C,mixed,3,low_flow,C,cpu_rss,C,OBSERVED,COMMON_OBSERVED_SLICE,,17,2026-10-06T12:49:09.277177+00:00,2026-10-06T12:50:29.281640+00:00,80.00134110450745,7.499874273560081,,,,
pairwise:A+C,mixed,3,low_flow,C,heap_gc,A,OBSERVED,COMMON_OBSERVED_SLICE,,26,2026-10-06T09:36:00.657609+00:00,2026-10-06T09:38:05.792281+00:00,124.98257613182068,,301696889.6923077,319966310,0.0,
pairwise:A+C,mixed,3,low_flow,C,heap_gc,C,OBSERVED,COMMON_OBSERVED_SLICE,,16,2026-10-06T12:49:09.278926+00:00,2026-10-06T12:50:24.557516+00:00,75.03511142730713,,320665804,332724428,0.0,
pairwise:A+C,mixed,3,low_flow,C,tick,PAIR_SUPPLIED,UNMEASURED,NO_COMMON_MEASUREMENT,Fewer than two contained real samples,,,,,,,,,
pairwise:A+C,mixed,3,steady,A,cpu_rss,A,OBSERVED,COMMON_OBSERVED_SLICE,,22,2026-10-06T09:39:00.655800+00:00,2026-10-06T09:40:45.657745+00:00,105.00036859512329,9.142825047612131,,,,
pairwise:A+C,mixed,3,steady,A,cpu_rss,C,OBSERVED,COMMON_OBSERVED_SLICE,,22,2026-10-06T12:51:14.276941+00:00,2026-10-06T12:52:59.278066+00:00,104.999587059021,9.990515480888043,,,,
pairwise:A+C,mixed,3,steady,A,heap_gc,A,OBSERVED,COMMON_OBSERVED_SLICE,,22,2026-10-06T09:39:00.657041+00:00,2026-10-06T09:40:45.885791+00:00,105.04045414924622,,365496952.95454544,485048627,0.01200000000000001,
pairwise:A+C,mixed,3,steady,A,heap_gc,C,OBSERVED,COMMON_OBSERVED_SLICE,,22,2026-10-06T12:51:14.278909+00:00,2026-10-06T12:52:59.444479+00:00,104.95566987991333,,344077674.90909094,455036620,0.016000000000000014,
pairwise:A+C,mixed,3,steady,A,tick,PAIR_SUPPLIED,UNMEASURED,NO_COMMON_MEASUREMENT,Fewer than two contained real samples,,,,,,,,,
pairwise:A+C,mixed,3,steady,B,cpu_rss,A,OBSERVED,COMMON_OBSERVED_SLICE,,22,2026-10-06T09:39:00.655898+00:00,2026-10-06T09:40:45.657284+00:00,104.99984288215637,7.676201962555236,,,,
pairwise:A+C,mixed,3,steady,B,cpu_rss,C,OBSERVED,COMMON_OBSERVED_SLICE,,22,2026-10-06T12:51:14.277055+00:00,2026-10-06T12:52:59.279990+00:00,105.0015618801117,9.637951873091929,,,,
pairwise:A+C,mixed,3,steady,B,heap_gc,A,OBSERVED,COMMON_OBSERVED_SLICE,,22,2026-10-06T09:39:00.657643+00:00,2026-10-06T09:40:45.894890+00:00,105.02696347236633,,352536733.45454544,426509004,0.0,
pairwise:A+C,mixed,3,steady,B,heap_gc,C,OBSERVED,COMMON_OBSERVED_SLICE,,22,2026-10-06T12:51:14.278216+00:00,2026-10-06T12:52:59.491007+00:00,105.02568888664246,,374162873.8636364,492636774,0.004999999999999893,
pairwise:A+C,mixed,3,steady,B,tick,PAIR_SUPPLIED,UNMEASURED,NO_COMMON_MEASUREMENT,Fewer than two contained real samples,,,,,,,,,
pairwise:A+C,mixed,3,steady,C,cpu_rss,A,OBSERVED,COMMON_OBSERVED_SLICE,,22,2026-10-06T09:39:00.656073+00:00,2026-10-06T09:40:45.658717+00:00,105.00026607513428,6.866649266241643,,,,
pairwise:A+C,mixed,3,steady,C,cpu_rss,C,OBSERVED,COMMON_OBSERVED_SLICE,,22,2026-10-06T12:51:14.277137+00:00,2026-10-06T12:52:59.279371+00:00,105.00064706802368,7.809475683219072,,,,
pairwise:A+C,mixed,3,steady,C,heap_gc,A,OBSERVED,COMMON_OBSERVED_SLICE,,22,2026-10-06T09:39:00.658194+00:00,2026-10-06T09:40:45.832064+00:00,104.99353647232056,,353473079.45454544,369249382,0.0,
pairwise:A+C,mixed,3,steady,C,heap_gc,C,OBSERVED,COMMON_OBSERVED_SLICE,,22,2026-10-06T12:51:14.279393+00:00,2026-10-06T12:52:59.520931+00:00,105.00034594535828,,374524480.3636364,395638988,0.0,
pairwise:A+C,mixed,3,steady,C,tick,PAIR_SUPPLIED,UNMEASURED,NO_COMMON_MEASUREMENT,Fewer than two contained real samples,,,,,,,,,
pairwise:A+C,mixed,3,warmup,A,cpu_rss,A,OBSERVED,COMMON_OBSERVED_SLICE,,4,2026-10-06T09:38:30.655815+00:00,2026-10-06T09:38:45.657882+00:00,15.000430583953857,9.399730175134566,,,,
pairwise:A+C,mixed,3,warmup,A,cpu_rss,C,OBSERVED,COMMON_OBSERVED_SLICE,,4,2026-10-06T12:50:44.276887+00:00,2026-10-06T12:50:59.279137+00:00,15.00002145767212,10.19998540880384,,,,
pairwise:A+C,mixed,3,warmup,A,heap_gc,A,OBSERVED,COMMON_OBSERVED_SLICE,,3,2026-10-06T09:38:30.657054+00:00,2026-10-06T09:38:40.841068+00:00,9.991062641143799,,321470771,336150835,0.0,
pairwise:A+C,mixed,3,warmup,A,heap_gc,C,OBSERVED,COMMON_OBSERVED_SLICE,,3,2026-10-06T12:50:44.279150+00:00,2026-10-06T12:50:54.556988+00:00,10.021530866622925,,328508449.3333333,343887564,0.0,
pairwise:A+C,mixed,3,warmup,A,tick,PAIR_SUPPLIED,UNMEASURED,NO_COMMON_MEASUREMENT,Fewer than two contained real samples,,,,,,,,,
pairwise:A+C,mixed,3,warmup,B,cpu_rss,A,OBSERVED,COMMON_OBSERVED_SLICE,,4,2026-10-06T09:38:30.655938+00:00,2026-10-06T09:38:45.657099+00:00,14.999319553375244,7.800353848296638,,,,
pairwise:A+C,mixed,3,warmup,B,cpu_rss,C,OBSERVED,COMMON_OBSERVED_SLICE,,4,2026-10-06T12:50:44.277025+00:00,2026-10-06T12:50:59.278432+00:00,15.000089883804321,9.599942474709925,,,,
pairwise:A+C,mixed,3,warmup,B,heap_gc,A,OBSERVED,COMMON_OBSERVED_SLICE,,4,2026-10-06T09:38:30.658483+00:00,2026-10-06T09:38:45.853715+00:00,15.012749433517456,,341420902,440357888,0.0040000000000000036,
pairwise:A+C,mixed,3,warmup,B,heap_gc,C,OBSERVED,COMMON_OBSERVED_SLICE,,4,2026-10-06T12:50:44.278288+00:00,2026-10-06T12:50:59.456030+00:00,14.9635751247406,,322243174,337447526,0.0,
pairwise:A+C,mixed,3,warmup,B,tick,PAIR_SUPPLIED,UNMEASURED,NO_COMMON_MEASUREMENT,Fewer than two contained real samples,,,,,,,,,
pairwise:A+C,mixed,3,warmup,C,cpu_rss,A,OBSERVED,COMMON_OBSERVED_SLICE,,4,2026-10-06T09:38:30.656077+00:00,2026-10-06T09:38:45.658326+00:00,15.00035047531128,6.866506230606102,,,,
pairwise:A+C,mixed,3,warmup,C,cpu_rss,C,OBSERVED,COMMON_OBSERVED_SLICE,,4,2026-10-06T12:50:44.277351+00:00,2026-10-06T12:50:59.280066+00:00,15.000017404556274,7.799990949641344,,,,
pairwise:A+C,mixed,3,warmup,C,heap_gc,A,OBSERVED,COMMON_OBSERVED_SLICE,,3,2026-10-06T09:38:30.657649+00:00,2026-10-06T09:38:40.814546+00:00,10.018502473831177,,328704443.3333333,330452070,0.0,
pairwise:A+C,mixed,3,warmup,C,heap_gc,C,OBSERVED,COMMON_OBSERVED_SLICE,,3,2026-10-06T12:50:44.280103+00:00,2026-10-06T12:50:54.548083+00:00,10.05079460144043,,342511137.3333333,344258764,0.0,
pairwise:A+C,mixed,3,warmup,C,tick,PAIR_SUPPLIED,UNMEASURED,NO_COMMON_MEASUREMENT,Fewer than two contained real samples,,,,,,,,,
pairwise:A+C,same,1,low_flow,A,cpu_rss,PAIR_SUPPLIED,UNMEASURED,NO_COMMON_MEASUREMENT,Fewer than two contained real samples,,,,,,,,,
pairwise:A+C,same,1,low_flow,A,heap_gc,PAIR_SUPPLIED,UNMEASURED,NO_COMMON_MEASUREMENT,Fewer than two contained real samples,,,,,,,,,
pairwise:A+C,same,1,low_flow,A,tick,PAIR_SUPPLIED,UNMEASURED,NO_COMMON_MEASUREMENT,Fewer than two contained real samples,,,,,,,,,
pairwise:A+C,same,1,low_flow,B,cpu_rss,PAIR_SUPPLIED,UNMEASURED,NO_COMMON_MEASUREMENT,Fewer than two contained real samples,,,,,,,,,
pairwise:A+C,same,1,low_flow,B,heap_gc,PAIR_SUPPLIED,UNMEASURED,NO_COMMON_MEASUREMENT,Fewer than two contained real samples,,,,,,,,,
pairwise:A+C,same,1,low_flow,B,tick,PAIR_SUPPLIED,UNMEASURED,NO_COMMON_MEASUREMENT,Fewer than two contained real samples,,,,,,,,,
pairwise:A+C,same,1,low_flow,C,cpu_rss,PAIR_SUPPLIED,UNMEASURED,NO_COMMON_MEASUREMENT,Fewer than two contained real samples,,,,,,,,,
pairwise:A+C,same,1,low_flow,C,heap_gc,PAIR_SUPPLIED,UNMEASURED,NO_COMMON_MEASUREMENT,Fewer than two contained real samples,,,,,,,,,
pairwise:A+C,same,1,low_flow,C,tick,PAIR_SUPPLIED,UNMEASURED,NO_COMMON_MEASUREMENT,Fewer than two contained real samples,,,,,,,,,
pairwise:A+C,same,1,steady,A,cpu_rss,PAIR_SUPPLIED,UNMEASURED,NO_COMMON_MEASUREMENT,Fewer than two contained real samples,,,,,,,,,
pairwise:A+C,same,1,steady,A,heap_gc,PAIR_SUPPLIED,UNMEASURED,NO_COMMON_MEASUREMENT,Fewer than two contained real samples,,,,,,,,,
pairwise:A+C,same,1,steady,A,tick,PAIR_SUPPLIED,UNMEASURED,NO_COMMON_MEASUREMENT,Fewer than two contained real samples,,,,,,,,,
pairwise:A+C,same,1,steady,B,cpu_rss,PAIR_SUPPLIED,UNMEASURED,NO_COMMON_MEASUREMENT,Fewer than two contained real samples,,,,,,,,,
pairwise:A+C,same,1,steady,B,heap_gc,PAIR_SUPPLIED,UNMEASURED,NO_COMMON_MEASUREMENT,Fewer than two contained real samples,,,,,,,,,
pairwise:A+C,same,1,steady,B,tick,PAIR_SUPPLIED,UNMEASURED,NO_COMMON_MEASUREMENT,Fewer than two contained real samples,,,,,,,,,
pairwise:A+C,same,1,steady,C,cpu_rss,PAIR_SUPPLIED,UNMEASURED,NO_COMMON_MEASUREMENT,Fewer than two contained real samples,,,,,,,,,
pairwise:A+C,same,1,steady,C,heap_gc,PAIR_SUPPLIED,UNMEASURED,NO_COMMON_MEASUREMENT,Fewer than two contained real samples,,,,,,,,,
pairwise:A+C,same,1,steady,C,tick,PAIR_SUPPLIED,UNMEASURED,NO_COMMON_MEASUREMENT,Fewer than two contained real samples,,,,,,,,,
pairwise:A+C,same,1,warmup,A,cpu_rss,PAIR_SUPPLIED,UNMEASURED,NO_COMMON_MEASUREMENT,Fewer than two contained real samples,,,,,,,,,
pairwise:A+C,same,1,warmup,A,heap_gc,PAIR_SUPPLIED,UNMEASURED,NO_COMMON_MEASUREMENT,Fewer than two contained real samples,,,,,,,,,
pairwise:A+C,same,1,warmup,A,tick,PAIR_SUPPLIED,UNMEASURED,NO_COMMON_MEASUREMENT,Fewer than two contained real samples,,,,,,,,,
pairwise:A+C,same,1,warmup,B,cpu_rss,PAIR_SUPPLIED,UNMEASURED,NO_COMMON_MEASUREMENT,Fewer than two contained real samples,,,,,,,,,
pairwise:A+C,same,1,warmup,B,heap_gc,PAIR_SUPPLIED,UNMEASURED,NO_COMMON_MEASUREMENT,Fewer than two contained real samples,,,,,,,,,
pairwise:A+C,same,1,warmup,B,tick,PAIR_SUPPLIED,UNMEASURED,NO_COMMON_MEASUREMENT,Fewer than two contained real samples,,,,,,,,,
pairwise:A+C,same,1,warmup,C,cpu_rss,PAIR_SUPPLIED,UNMEASURED,NO_COMMON_MEASUREMENT,Fewer than two contained real samples,,,,,,,,,
pairwise:A+C,same,1,warmup,C,heap_gc,PAIR_SUPPLIED,UNMEASURED,NO_COMMON_MEASUREMENT,Fewer than two contained real samples,,,,,,,,,
pairwise:A+C,same,1,warmup,C,tick,PAIR_SUPPLIED,UNMEASURED,NO_COMMON_MEASUREMENT,Fewer than two contained real samples,,,,,,,,,
pairwise:A+C,same,2,low_flow,A,cpu_rss,A,OBSERVED,COMMON_OBSERVED_SLICE,,31,2026-10-06T09:30:20.655841+00:00,2026-10-06T09:32:50.656777+00:00,149.99937057495117,8.753370063935883,,,,
pairwise:A+C,same,2,low_flow,A,cpu_rss,C,OBSERVED,COMMON_OBSERVED_SLICE,,17,2026-10-06T12:44:59.276923+00:00,2026-10-06T12:46:19.278443+00:00,79.9993007183075,9.600083914536608,,,,
pairwise:A+C,same,2,low_flow,A,heap_gc,A,OBSERVED,COMMON_OBSERVED_SLICE,,31,2026-10-06T09:30:20.658015+00:00,2026-10-06T09:32:50.820838+00:00,149.97063398361206,,348451214.9032258,489675673,0.038999999999999924,
pairwise:A+C,same,2,low_flow,A,heap_gc,C,OBSERVED,COMMON_OBSERVED_SLICE,,17,2026-10-06T12:44:59.279773+00:00,2026-10-06T12:46:19.481210+00:00,79.99549984931946,,373400509.4705882,444598579,0.025000000000000133,
pairwise:A+C,same,2,low_flow,A,tick,PAIR_SUPPLIED,UNMEASURED,NO_COMMON_MEASUREMENT,Fewer than two contained real samples,,,,,,,,,
pairwise:A+C,same,2,low_flow,B,cpu_rss,A,OBSERVED,COMMON_OBSERVED_SLICE,,31,2026-10-06T09:30:20.655974+00:00,2026-10-06T09:32:50.658414+00:00,150.00115823745728,7.139944868322742,,,,
pairwise:A+C,same,2,low_flow,B,cpu_rss,C,OBSERVED,COMMON_OBSERVED_SLICE,,17,2026-10-06T12:44:59.277043+00:00,2026-10-06T12:46:19.280260+00:00,80.000972032547,7.912403861074006,,,,
pairwise:A+C,same,2,low_flow,B,heap_gc,A,OBSERVED,COMMON_OBSERVED_SLICE,,31,2026-10-06T09:30:20.657223+00:00,2026-10-06T09:32:50.818296+00:00,149.9651334285736,,383466069.4516129,434246246,0.007000000000000117,
pairwise:A+C,same,2,low_flow,B,heap_gc,C,OBSERVED,COMMON_OBSERVED_SLICE,,17,2026-10-06T12:44:59.278274+00:00,2026-10-06T12:46:19.487067+00:00,80.0259964466095,,334096076,350873292,0.0,
pairwise:A+C,same,2,low_flow,B,tick,PAIR_SUPPLIED,UNMEASURED,NO_COMMON_MEASUREMENT,Fewer than two contained real samples,,,,,,,,,
pairwise:A+C,same,2,low_flow,C,cpu_rss,A,OBSERVED,COMMON_OBSERVED_SLICE,,31,2026-10-06T09:30:20.656099+00:00,2026-10-06T09:32:50.657941+00:00,150.00006318092346,7.4399968662275136,,,,
pairwise:A+C,same,2,low_flow,C,cpu_rss,C,OBSERVED,COMMON_OBSERVED_SLICE,,17,2026-10-06T12:44:59.277284+00:00,2026-10-06T12:46:19.279346+00:00,79.99989080429077,7.562510322420957,,,,
pairwise:A+C,same,2,low_flow,C,heap_gc,A,OBSERVED,COMMON_OBSERVED_SLICE,,31,2026-10-06T09:30:20.658853+00:00,2026-10-06T09:32:50.864072+00:00,149.99838948249817,,493763432,552599552,0.050999999999999934,
pairwise:A+C,same,2,low_flow,C,heap_gc,C,OBSERVED,COMMON_OBSERVED_SLICE,,17,2026-10-06T12:44:59.279322+00:00,2026-10-06T12:46:19.476609+00:00,80.0031578540802,,250011671.29411766,422913740,0.006000000000000005,
pairwise:A+C,same,2,low_flow,C,tick,PAIR_SUPPLIED,UNMEASURED,NO_COMMON_MEASUREMENT,Fewer than two contained real samples,,,,,,,,,
pairwise:A+C,same,2,steady,A,cpu_rss,A,OBSERVED,COMMON_OBSERVED_SLICE,,22,2026-10-06T09:33:45.655858+00:00,2026-10-06T09:35:30.657124+00:00,104.99983191490173,10.142873379674946,,,,
pairwise:A+C,same,2,steady,A,cpu_rss,C,OBSERVED,COMMON_OBSERVED_SLICE,,22,2026-10-06T12:47:04.276942+00:00,2026-10-06T12:48:49.283071+00:00,105.00246453285217,11.275925810575252,,,,
pairwise:A+C,same,2,steady,A,heap_gc,A,OBSERVED,COMMON_OBSERVED_SLICE,,22,2026-10-06T09:33:45.657428+00:00,2026-10-06T09:35:30.849818+00:00,104.9974935054779,,351447552,482344960,0.02300000000000013,
pairwise:A+C,same,2,steady,A,heap_gc,C,OBSERVED,COMMON_OBSERVED_SLICE,,22,2026-10-06T12:47:04.278100+00:00,2026-10-06T12:48:49.474873+00:00,104.97558832168579,,349551480.5,452719206,0.006999999999999895,
pairwise:A+C,same,2,steady,A,tick,PAIR_SUPPLIED,UNMEASURED,NO_COMMON_MEASUREMENT,Fewer than two contained real samples,,,,,,,,,
pairwise:A+C,same,2,steady,B,cpu_rss,A,OBSERVED,COMMON_OBSERVED_SLICE,,22,2026-10-06T09:33:45.655976+00:00,2026-10-06T09:35:30.658058+00:00,105.00007915496826,7.180946967546407,,,,
pairwise:A+C,same,2,steady,B,cpu_rss,C,OBSERVED,COMMON_OBSERVED_SLICE,,22,2026-10-06T12:47:04.277051+00:00,2026-10-06T12:48:49.284025+00:00,105.00260400772095,8.266461657809703,,,,
pairwise:A+C,same,2,steady,B,heap_gc,A,OBSERVED,COMMON_OBSERVED_SLICE,,22,2026-10-06T09:33:45.657858+00:00,2026-10-06T09:35:30.832948+00:00,104.96987199783325,,284378753.72727275,304587673,0.0,
pairwise:A+C,same,2,steady,B,heap_gc,C,OBSERVED,COMMON_OBSERVED_SLICE,,22,2026-10-06T12:47:04.278795+00:00,2026-10-06T12:48:49.495914+00:00,105.01407480239868,,399250775.6363636,426370764,0.0,
pairwise:A+C,same,2,steady,B,tick,PAIR_SUPPLIED,UNMEASURED,NO_COMMON_MEASUREMENT,Fewer than two contained real samples,,,,,,,,,
pairwise:A+C,same,2,steady,C,cpu_rss,A,OBSERVED,COMMON_OBSERVED_SLICE,,22,2026-10-06T09:33:45.656330+00:00,2026-10-06T09:35:30.658511+00:00,104.99992036819458,7.095243476257589,,,,
pairwise:A+C,same,2,steady,C,cpu_rss,C,OBSERVED,COMMON_OBSERVED_SLICE,,22,2026-10-06T12:47:04.277122+00:00,2026-10-06T12:48:49.278310+00:00,104.99941873550415,7.790519317640802,,,,
pairwise:A+C,same,2,steady,C,heap_gc,A,OBSERVED,COMMON_OBSERVED_SLICE,,22,2026-10-06T09:33:45.658593+00:00,2026-10-06T09:35:30.862794+00:00,104.99936103820801,,258005000.9090909,273828966,0.0,
pairwise:A+C,same,2,steady,C,heap_gc,C,OBSERVED,COMMON_OBSERVED_SLICE,,22,2026-10-06T12:47:04.279421+00:00,2026-10-06T12:48:49.565804+00:00,105.05839610099792,,278818089.09090906,300218572,0.0,
pairwise:A+C,same,2,steady,C,tick,PAIR_SUPPLIED,UNMEASURED,NO_COMMON_MEASUREMENT,Fewer than two contained real samples,,,,,,,,,
pairwise:A+C,same,2,warmup,A,cpu_rss,A,OBSERVED,COMMON_OBSERVED_SLICE,,4,2026-10-06T09:33:15.655833+00:00,2026-10-06T09:33:30.658108+00:00,15.000589847564697,12.999488818878449,,,,
pairwise:A+C,same,2,warmup,A,cpu_rss,C,OBSERVED,COMMON_OBSERVED_SLICE,,4,2026-10-06T12:46:34.276954+00:00,2026-10-06T12:46:49.279748+00:00,15.000948905944824,9.666055188184519,,,,
pairwise:A+C,same,2,warmup,A,heap_gc,A,OBSERVED,COMMON_OBSERVED_SLICE,,4,2026-10-06T09:33:15.656923+00:00,2026-10-06T09:33:30.869861+00:00,15.013156414031982,,462040268,489303244,0.0,
pairwise:A+C,same,2,warmup,A,heap_gc,C,OBSERVED,COMMON_OBSERVED_SLICE,,4,2026-10-06T12:46:34.277833+00:00,2026-10-06T12:46:49.454846+00:00,14.95511507987976,,319662796,345352908,0.0,
pairwise:A+C,same,2,warmup,A,tick,PAIR_SUPPLIED,UNMEASURED,NO_COMMON_MEASUREMENT,Fewer than two contained real samples,,,,,,,,,
pairwise:A+C,same,2,warmup,B,cpu_rss,A,OBSERVED,COMMON_OBSERVED_SLICE,,4,2026-10-06T09:33:15.657218+00:00,2026-10-06T09:33:30.657302+00:00,14.998695850372314,7.267298509643065,,,,
pairwise:A+C,same,2,warmup,B,cpu_rss,C,OBSERVED,COMMON_OBSERVED_SLICE,,4,2026-10-06T12:46:34.278067+00:00,2026-10-06T12:46:49.278924+00:00,14.999256134033203,7.667046883682878,,,,
pairwise:A+C,same,2,warmup,B,heap_gc,A,OBSERVED,COMMON_OBSERVED_SLICE,,4,2026-10-06T09:33:15.658659+00:00,2026-10-06T09:33:30.852244+00:00,15.005887031555176,,256091033,258450329,0.0,
pairwise:A+C,same,2,warmup,B,heap_gc,C,OBSERVED,COMMON_OBSERVED_SLICE,,4,2026-10-06T12:46:34.279383+00:00,2026-10-06T12:46:49.447537+00:00,14.980116128921509,,361883340,365553356,0.0,
pairwise:A+C,same,2,warmup,B,tick,PAIR_SUPPLIED,UNMEASURED,NO_COMMON_MEASUREMENT,Fewer than two contained real samples,,,,,,,,,
pairwise:A+C,same,2,warmup,C,cpu_rss,A,OBSERVED,COMMON_OBSERVED_SLICE,,4,2026-10-06T09:33:15.657259+00:00,2026-10-06T09:33:30.658895+00:00,14.999829292297363,7.200081940629686,,,,
pairwise:A+C,same,2,warmup,C,cpu_rss,C,OBSERVED,COMMON_OBSERVED_SLICE,,4,2026-10-06T12:46:34.278105+00:00,2026-10-06T12:46:49.278440+00:00,14.999241352081299,7.333704246631023,,,,
pairwise:A+C,same,2,warmup,C,heap_gc,A,OBSERVED,COMMON_OBSERVED_SLICE,,4,2026-10-06T09:33:15.658018+00:00,2026-10-06T09:33:30.876408+00:00,15.0132417678833,,234245222,236080230,0.0,
pairwise:A+C,same,2,warmup,C,heap_gc,C,OBSERVED,COMMON_OBSERVED_SLICE,,4,2026-10-06T12:46:34.278926+00:00,2026-10-06T12:46:49.486684+00:00,14.996646404266357,,247789772,250935500,0.0,
pairwise:A+C,same,2,warmup,C,tick,PAIR_SUPPLIED,UNMEASURED,NO_COMMON_MEASUREMENT,Fewer than two contained real samples,,,,,,,,,
pairwise:A+C,same,3,low_flow,A,cpu_rss,A,OBSERVED,COMMON_OBSERVED_SLICE,,31,2026-10-06T09:41:10.655830+00:00,2026-10-06T09:43:40.657407+00:00,150.00006079673767,8.17999668455257,,,,
pairwise:A+C,same,3,low_flow,A,cpu_rss,C,OBSERVED,COMMON_OBSERVED_SLICE,,16,2026-10-06T12:53:19.276944+00:00,2026-10-06T12:54:34.280422+00:00,75.00106191635132,9.373200619266644,,,,
pairwise:A+C,same,3,low_flow,A,heap_gc,A,OBSERVED,COMMON_OBSERVED_SLICE,,31,2026-10-06T09:41:10.657274+00:00,2026-10-06T09:43:40.847975+00:00,150.02540493011475,,346737812.12903225,492438016,0.009000000000000119,
pairwise:A+C,same,3,low_flow,A,heap_gc,C,OBSERVED,COMMON_OBSERVED_SLICE,,16,2026-10-06T12:53:19.278356+00:00,2026-10-06T12:54:34.498555+00:00,75.0008647441864,,386876460.75,451670016,0.016000000000000014,
pairwise:A+C,same,3,low_flow,A,tick,PAIR_SUPPLIED,UNMEASURED,NO_COMMON_MEASUREMENT,Fewer than two contained real samples,,,,,,,,,
pairwise:A+C,same,3,low_flow,B,cpu_rss,A,OBSERVED,COMMON_OBSERVED_SLICE,,31,2026-10-06T09:41:10.655967+00:00,2026-10-06T09:43:40.656888+00:00,149.99942231178284,7.386695114711533,,,,
pairwise:A+C,same,3,low_flow,B,cpu_rss,C,OBSERVED,COMMON_OBSERVED_SLICE,,16,2026-10-06T12:53:19.277109+00:00,2026-10-06T12:54:34.279428+00:00,75.00002574920654,7.866663965861899,,,,
pairwise:A+C,same,3,low_flow,B,heap_gc,A,OBSERVED,COMMON_OBSERVED_SLICE,,31,2026-10-06T09:41:10.657993+00:00,2026-10-06T09:43:40.869760+00:00,150.02411651611328,,264533447.6451613,292168499,0.0,
pairwise:A+C,same,3,low_flow,B,heap_gc,C,OBSERVED,COMMON_OBSERVED_SLICE,,16,2026-10-06T12:53:19.279493+00:00,2026-10-06T12:54:34.479574+00:00,75.00352883338928,,370478387,386534707,0.0,
pairwise:A+C,same,3,low_flow,B,tick,PAIR_SUPPLIED,UNMEASURED,NO_COMMON_MEASUREMENT,Fewer than two contained real samples,,,,,,,,,
pairwise:A+C,same,3,low_flow,C,cpu_rss,A,OBSERVED,COMMON_OBSERVED_SLICE,,31,2026-10-06T09:41:10.656144+00:00,2026-10-06T09:43:40.658378+00:00,150.0003411769867,7.179983669032036,,,,
pairwise:A+C,same,3,low_flow,C,cpu_rss,C,OBSERVED,COMMON_OBSERVED_SLICE,,16,2026-10-06T12:53:19.277279+00:00,2026-10-06T12:54:34.278582+00:00,74.99978375434875,7.666688771841418,,,,
pairwise:A+C,same,3,low_flow,C,heap_gc,A,OBSERVED,COMMON_OBSERVED_SLICE,,31,2026-10-06T09:41:10.659163+00:00,2026-10-06T09:43:40.850816+00:00,149.99671626091003,,399116885.483871,420629606,0.0,
pairwise:A+C,same,3,low_flow,C,heap_gc,C,OBSERVED,COMMON_OBSERVED_SLICE,,16,2026-10-06T12:53:19.279030+00:00,2026-10-06T12:54:34.511720+00:00,75.03548264503479,,363177676,421853388,0.006000000000000005,
pairwise:A+C,same,3,low_flow,C,tick,PAIR_SUPPLIED,UNMEASURED,NO_COMMON_MEASUREMENT,Fewer than two contained real samples,,,,,,,,,
pairwise:A+C,same,3,steady,A,cpu_rss,A,OBSERVED,COMMON_OBSERVED_SLICE,,21,2026-10-06T09:44:35.655846+00:00,2026-10-06T09:46:15.658163+00:00,100.00071263313293,9.519932157809192,,,,
pairwise:A+C,same,3,steady,A,cpu_rss,C,OBSERVED,COMMON_OBSERVED_SLICE,,22,2026-10-06T12:55:19.276946+00:00,2026-10-06T12:57:04.278065+00:00,104.99921298027039,11.428657091224894,,,,
pairwise:A+C,same,3,steady,A,heap_gc,A,OBSERVED,COMMON_OBSERVED_SLICE,,21,2026-10-06T09:44:35.656731+00:00,2026-10-06T09:46:15.818372+00:00,99.96156716346741,,348927531.28571427,482804633,0.0030000000000001137,
pairwise:A+C,same,3,steady,A,heap_gc,C,OBSERVED,COMMON_OBSERVED_SLICE,,21,2026-10-06T12:55:24.278455+00:00,2026-10-06T12:57:04.456854+00:00,99.98429441452026,,344133914.6666667,455160524,0.008999999999999897,
pairwise:A+C,same,3,steady,A,tick,PAIR_SUPPLIED,UNMEASURED,NO_COMMON_MEASUREMENT,Fewer than two contained real samples,,,,,,,,,
pairwise:A+C,same,3,steady,B,cpu_rss,A,OBSERVED,COMMON_OBSERVED_SLICE,,21,2026-10-06T09:44:35.657210+00:00,2026-10-06T09:46:15.659082+00:00,100.00005054473877,7.149996386053038,,,,
pairwise:A+C,same,3,steady,B,cpu_rss,C,OBSERVED,COMMON_OBSERVED_SLICE,,22,2026-10-06T12:55:19.277102+00:00,2026-10-06T12:57:04.278659+00:00,104.99974489212036,8.047638600152554,,,,
pairwise:A+C,same,3,steady,B,heap_gc,A,OBSERVED,COMMON_OBSERVED_SLICE,,21,2026-10-06T09:44:35.657739+00:00,2026-10-06T09:46:15.944969+00:00,100.0538547039032,,331664861.6666667,349840179,0.0,
pairwise:A+C,same,3,steady,B,heap_gc,C,OBSERVED,COMMON_OBSERVED_SLICE,,21,2026-10-06T12:55:24.279333+00:00,2026-10-06T12:57:04.462009+00:00,99.96181106567383,,436416965.28571427,460983603,0.0,
pairwise:A+C,same,3,steady,B,tick,PAIR_SUPPLIED,UNMEASURED,NO_COMMON_MEASUREMENT,Fewer than two contained real samples,,,,,,,,,
pairwise:A+C,same,3,steady,C,cpu_rss,A,OBSERVED,COMMON_OBSERVED_SLICE,,21,2026-10-06T09:44:35.657889+00:00,2026-10-06T09:46:15.657482+00:00,99.99860000610352,7.080099120955542,,,,
pairwise:A+C,same,3,steady,C,cpu_rss,C,OBSERVED,COMMON_OBSERVED_SLICE,,22,2026-10-06T12:55:19.277257+00:00,2026-10-06T12:57:04.279385+00:00,105.00044274330139,7.657110570148467,,,,
pairwise:A+C,same,3,steady,C,heap_gc,A,OBSERVED,COMMON_OBSERVED_SLICE,,21,2026-10-06T09:44:35.658432+00:00,2026-10-06T09:46:15.872387+00:00,100.01823830604553,,453684716.0952381,468864102,0.0,
pairwise:A+C,same,3,steady,C,heap_gc,C,OBSERVED,COMMON_OBSERVED_SLICE,,21,2026-10-06T12:55:24.280127+00:00,2026-10-06T12:57:04.474204+00:00,99.95641326904297,,257093055.80952382,277065932,0.0,
pairwise:A+C,same,3,steady,C,tick,PAIR_SUPPLIED,UNMEASURED,NO_COMMON_MEASUREMENT,Fewer than two contained real samples,,,,,,,,,
pairwise:A+C,same,3,warmup,A,cpu_rss,A,OBSERVED,COMMON_OBSERVED_SLICE,,3,2026-10-06T09:44:05.655843+00:00,2026-10-06T09:44:15.656919+00:00,9.999919414520264,9.300074945100171,,,,
pairwise:A+C,same,3,warmup,A,cpu_rss,C,OBSERVED,COMMON_OBSERVED_SLICE,,3,2026-10-06T12:54:54.276910+00:00,2026-10-06T12:55:04.278219+00:00,10.000072479248047,10.899920998192263,,,,
pairwise:A+C,same,3,warmup,A,heap_gc,A,OBSERVED,COMMON_OBSERVED_SLICE,,3,2026-10-06T09:44:05.657065+00:00,2026-10-06T09:44:15.851467+00:00,9.9871985912323,,451154022,470028390,0.0,
pairwise:A+C,same,3,warmup,A,heap_gc,C,OBSERVED,COMMON_OBSERVED_SLICE,,3,2026-10-06T12:54:54.278075+00:00,2026-10-06T12:55:04.449486+00:00,9.934705257415771,,315699916,332477132,0.0,
pairwise:A+C,same,3,warmup,A,tick,PAIR_SUPPLIED,UNMEASURED,NO_COMMON_MEASUREMENT,Fewer than two contained real samples,,,,,,,,,
pairwise:A+C,same,3,warmup,B,cpu_rss,A,OBSERVED,COMMON_OBSERVED_SLICE,,3,2026-10-06T09:44:05.655996+00:00,2026-10-06T09:44:15.658130+00:00,9.999461650848389,7.300393016038844,,,,
pairwise:A+C,same,3,warmup,B,cpu_rss,C,OBSERVED,COMMON_OBSERVED_SLICE,,3,2026-10-06T12:54:54.278363+00:00,2026-10-06T12:55:04.279232+00:00,9.999009609222412,8.000792391099868,,,,
pairwise:A+C,same,3,warmup,B,heap_gc,A,OBSERVED,COMMON_OBSERVED_SLICE,,3,2026-10-06T09:44:05.659145+00:00,2026-10-06T09:44:15.866574+00:00,10.023452758789062,,303003784.3333333,304751411,0.0,
pairwise:A+C,same,3,warmup,B,heap_gc,C,OBSERVED,COMMON_OBSERVED_SLICE,,3,2026-10-06T12:54:54.279885+00:00,2026-10-06T12:55:04.435968+00:00,9.95075535774231,,398768093.6666667,401214771,0.0,
pairwise:A+C,same,3,warmup,B,tick,PAIR_SUPPLIED,UNMEASURED,NO_COMMON_MEASUREMENT,Fewer than two contained real samples,,,,,,,,,
pairwise:A+C,same,3,warmup,C,cpu_rss,A,OBSERVED,COMMON_OBSERVED_SLICE,,3,2026-10-06T09:44:05.656045+00:00,2026-10-06T09:44:15.657606+00:00,9.9998197555542,7.000126173386152,,,,
pairwise:A+C,same,3,warmup,C,cpu_rss,C,OBSERVED,COMMON_OBSERVED_SLICE,,3,2026-10-06T12:54:54.278418+00:00,2026-10-06T12:55:04.278855+00:00,9.999100923538208,7.700692351123342,,,,
pairwise:A+C,same,3,warmup,C,heap_gc,A,OBSERVED,COMMON_OBSERVED_SLICE,,3,2026-10-06T09:44:05.657957+00:00,2026-10-06T09:44:15.804306+00:00,9.96186351776123,,429367739.3333333,431115366,0.0,
pairwise:A+C,same,3,warmup,C,heap_gc,C,OBSERVED,COMMON_OBSERVED_SLICE,,3,2026-10-06T12:54:54.279338+00:00,2026-10-06T12:55:04.556528+00:00,9.988237857818604,,226734284,228831436,0.0,
pairwise:A+C,same,3,warmup,C,tick,PAIR_SUPPLIED,UNMEASURED,NO_COMMON_MEASUREMENT,Fewer than two contained real samples,,,,,,,,,
pairwise:B+C,cross,1,low_flow,A,cpu_rss,B,OBSERVED,COMMON_OBSERVED_SLICE,,30,2026-10-06T11:39:41.179563+00:00,2026-10-06T11:42:06.180311+00:00,144.99976801872253,8.627600009942556,,,,
pairwise:B+C,cross,1,low_flow,A,cpu_rss,C,OBSERVED,COMMON_OBSERVED_SLICE,,17,2026-10-06T12:28:19.276853+00:00,2026-10-06T12:29:39.277955+00:00,80.00009489059448,8.974989354474049,,,,
pairwise:B+C,cross,1,low_flow,A,heap_gc,B,OBSERVED,COMMON_OBSERVED_SLICE,,30,2026-10-06T11:39:41.180676+00:00,2026-10-06T11:42:06.474255+00:00,145.0604419708252,,359390412.8,623841280,0.0129999999999999,
pairwise:B+C,cross,1,low_flow,A,heap_gc,C,OBSERVED,COMMON_OBSERVED_SLICE,,17,2026-10-06T12:28:19.277758+00:00,2026-10-06T12:29:39.496263+00:00,79.98766756057739,,338317263.5294118,441089433,0.006000000000000005,
pairwise:B+C,cross,1,low_flow,A,tick,B,OBSERVED,COMMON_OBSERVED_SLICE,,13,2026-10-06T11:40:01.330769+00:00,2026-10-06T11:42:01.338126+00:00,120.00169086456299,,,,,0.43846153846153846
pairwise:B+C,cross,1,low_flow,A,tick,C,OBSERVED,COMMON_OBSERVED_SLICE,,7,2026-10-06T12:28:34.324007+00:00,2026-10-06T12:29:34.337059+00:00,60.00205612182617,,,,,0.45714285714285713
pairwise:B+C,cross,1,low_flow,B,cpu_rss,B,OBSERVED,COMMON_OBSERVED_SLICE,,30,2026-10-06T11:39:41.180911+00:00,2026-10-06T11:42:06.181532+00:00,144.99925756454468,10.848331408178407,,,,
pairwise:B+C,cross,1,low_flow,B,cpu_rss,C,OBSERVED,COMMON_OBSERVED_SLICE,,17,2026-10-06T12:28:19.278048+00:00,2026-10-06T12:29:39.279399+00:00,79.99902296066284,11.6126418250984,,,,
pairwise:B+C,cross,1,low_flow,B,heap_gc,B,OBSERVED,COMMON_OBSERVED_SLICE,,30,2026-10-06T11:39:41.182678+00:00,2026-10-06T11:42:06.490893+00:00,145.0278959274292,,452123374.93333334,632908288,0.030000000000000027,
pairwise:B+C,cross,1,low_flow,B,heap_gc,C,OBSERVED,COMMON_OBSERVED_SLICE,,17,2026-10-06T12:28:19.280261+00:00,2026-10-06T12:29:39.520099+00:00,80.02049970626831,,324929578,474467840,0.007000000000000117,
pairwise:B+C,cross,1,low_flow,B,tick,B,OBSERVED,COMMON_OBSERVED_SLICE,,13,2026-10-06T11:40:01.331611+00:00,2026-10-06T11:42:01.338695+00:00,120.00080108642578,,,,,0.4230769230769231
pairwise:B+C,cross,1,low_flow,B,tick,C,OBSERVED,COMMON_OBSERVED_SLICE,,7,2026-10-06T12:28:34.324109+00:00,2026-10-06T12:29:34.335837+00:00,59.99843120574951,,,,,0.4714285714285714
pairwise:B+C,cross,1,low_flow,C,cpu_rss,B,OBSERVED,COMMON_OBSERVED_SLICE,,30,2026-10-06T11:39:41.181224+00:00,2026-10-06T11:42:06.182312+00:00,144.99985361099243,8.262077306739975,,,,
pairwise:B+C,cross,1,low_flow,C,cpu_rss,C,OBSERVED,COMMON_OBSERVED_SLICE,,17,2026-10-06T12:28:19.278108+00:00,2026-10-06T12:29:39.278569+00:00,79.99887561798096,8.212615426463936,,,,
pairwise:B+C,cross,1,low_flow,C,heap_gc,B,OBSERVED,COMMON_OBSERVED_SLICE,,30,2026-10-06T11:39:41.182004+00:00,2026-10-06T11:42:06.619582+00:00,145.07842874526978,,389441126.4,455081984,0.01200000000000001,
pairwise:B+C,cross,1,low_flow,C,heap_gc,C,OBSERVED,COMMON_OBSERVED_SLICE,,17,2026-10-06T12:28:19.279709+00:00,2026-10-06T12:29:39.431969+00:00,79.99360728263855,,251039797.4117647,264054476,0.0,
pairwise:B+C,cross,1,low_flow,C,tick,B,OBSERVED,COMMON_OBSERVED_SLICE,,13,2026-10-06T11:40:01.331661+00:00,2026-10-06T11:42:01.336583+00:00,119.9996509552002,,,,,0.2076923076923077
pairwise:B+C,cross,1,low_flow,C,tick,C,OBSERVED,COMMON_OBSERVED_SLICE,,7,2026-10-06T12:28:34.324281+00:00,2026-10-06T12:29:34.331676+00:00,59.99887013435364,,,,,0.2285714285714286
pairwise:B+C,cross,1,steady,A,cpu_rss,B,OBSERVED,COMMON_OBSERVED_SLICE,,21,2026-10-06T11:43:01.179496+00:00,2026-10-06T11:44:41.183115+00:00,100.00138974189758,8.999874924967438,,,,
pairwise:B+C,cross,1,steady,A,cpu_rss,C,OBSERVED,COMMON_OBSERVED_SLICE,,21,2026-10-06T12:30:29.276924+00:00,2026-10-06T12:32:09.278425+00:00,100.00004029273987,10.069995942522723,,,,
pairwise:B+C,cross,1,steady,A,heap_gc,B,OBSERVED,COMMON_OBSERVED_SLICE,,21,2026-10-06T11:43:01.180386+00:00,2026-10-06T11:44:41.408813+00:00,100.01835536956787,,511853070.5714286,621744128,0.008000000000000007,
pairwise:B+C,cross,1,steady,A,heap_gc,C,OBSERVED,COMMON_OBSERVED_SLICE,,21,2026-10-06T12:30:29.278670+00:00,2026-10-06T12:32:09.565140+00:00,100.04083323478699,,344842863.8095238,441999360,0.016000000000000014,
pairwise:B+C,cross,1,steady,A,tick,B,OBSERVED,COMMON_OBSERVED_SLICE,,8,2026-10-06T11:43:21.328805+00:00,2026-10-06T11:44:31.332351+00:00,69.99852681159973,,,,,0.4625
pairwise:B+C,cross,1,steady,A,tick,C,OBSERVED,COMMON_OBSERVED_SLICE,,9,2026-10-06T12:30:44.324061+00:00,2026-10-06T12:32:04.335585+00:00,80.00191307067871,,,,,0.5111111111111111
pairwise:B+C,cross,1,steady,B,cpu_rss,B,OBSERVED,COMMON_OBSERVED_SLICE,,21,2026-10-06T11:43:01.180619+00:00,2026-10-06T11:44:41.181810+00:00,99.99947738647461,9.490049596282764,,,,
pairwise:B+C,cross,1,steady,B,cpu_rss,C,OBSERVED,COMMON_OBSERVED_SLICE,,21,2026-10-06T12:30:29.277037+00:00,2026-10-06T12:32:09.280096+00:00,100.0018310546875,11.189795108732138,,,,
pairwise:B+C,cross,1,steady,B,heap_gc,B,OBSERVED,COMMON_OBSERVED_SLICE,,21,2026-10-06T11:43:01.181968+00:00,2026-10-06T11:44:41.384618+00:00,100.01818704605103,,409743555.04761904,515899392,0.0,
pairwise:B+C,cross,1,steady,B,heap_gc,C,OBSERVED,COMMON_OBSERVED_SLICE,,21,2026-10-06T12:30:29.278120+00:00,2026-10-06T12:32:09.550783+00:00,100.02900671958923,,377710869.9047619,485898547,0.004999999999999893,
pairwise:B+C,cross,1,steady,B,tick,B,OBSERVED,COMMON_OBSERVED_SLICE,,8,2026-10-06T11:43:21.328904+00:00,2026-10-06T11:44:31.333990+00:00,69.99996185302734,,,,,0.41250000000000003
pairwise:B+C,cross,1,steady,B,tick,C,OBSERVED,COMMON_OBSERVED_SLICE,,9,2026-10-06T12:30:44.324215+00:00,2026-10-06T12:32:04.328260+00:00,79.99986696243286,,,,,0.5111111111111111
pairwise:B+C,cross,1,steady,C,cpu_rss,B,OBSERVED,COMMON_OBSERVED_SLICE,,21,2026-10-06T11:43:01.180660+00:00,2026-10-06T11:44:41.180982+00:00,99.99931192398071,7.690052913409966,,,,
pairwise:B+C,cross,1,steady,C,cpu_rss,C,OBSERVED,COMMON_OBSERVED_SLICE,,21,2026-10-06T12:30:29.277248+00:00,2026-10-06T12:32:09.280670+00:00,100.00145959854126,7.909884547440527,,,,
pairwise:B+C,cross,1,steady,C,heap_gc,B,OBSERVED,COMMON_OBSERVED_SLICE,,20,2026-10-06T11:43:01.181513+00:00,2026-10-06T11:44:41.423077+00:00,100.03030633926392,,278187212.8,295698432,0.0,
pairwise:B+C,cross,1,steady,C,heap_gc,C,OBSERVED,COMMON_OBSERVED_SLICE,,21,2026-10-06T12:30:29.279359+00:00,2026-10-06T12:32:09.494122+00:00,100.01093053817749,,305747855.04761904,325920460,0.0,
pairwise:B+C,cross,1,steady,C,tick,B,OBSERVED,COMMON_OBSERVED_SLICE,,8,2026-10-06T11:43:21.329307+00:00,2026-10-06T11:44:31.339287+00:00,70.00249195098877,,,,,0.21250000000000002
pairwise:B+C,cross,1,steady,C,tick,C,OBSERVED,COMMON_OBSERVED_SLICE,,9,2026-10-06T12:30:44.324310+00:00,2026-10-06T12:32:04.329153+00:00,80.0002429485321,,,,,0.2111111111111111
pairwise:B+C,cross,1,warmup,A,cpu_rss,B,OBSERVED,COMMON_OBSERVED_SLICE,,3,2026-10-06T11:42:31.179529+00:00,2026-10-06T11:42:41.182735+00:00,10.000723361968994,9.29932732202787,,,,
pairwise:B+C,cross,1,warmup,A,cpu_rss,C,OBSERVED,COMMON_OBSERVED_SLICE,,3,2026-10-06T12:29:59.276928+00:00,2026-10-06T12:30:09.280256+00:00,10.000352382659912,9.899651153459384,,,,
pairwise:B+C,cross,1,warmup,A,heap_gc,B,OBSERVED,COMMON_OBSERVED_SLICE,,3,2026-10-06T11:42:31.181569+00:00,2026-10-06T11:42:41.361671+00:00,9.996720790863037,,409931776,419368960,0.0,
pairwise:B+C,cross,1,warmup,A,heap_gc,C,OBSERVED,COMMON_OBSERVED_SLICE,,3,2026-10-06T12:29:59.279598+00:00,2026-10-06T12:30:09.466121+00:00,10.033458709716797,,320015018.6666667,329801728,0.0,
pairwise:B+C,cross,1,warmup,A,tick,PAIR_SUPPLIED,UNMEASURED,NO_COMMON_MEASUREMENT,Fewer than two contained real samples,,,,,,,,,
pairwise:B+C,cross,1,warmup,B,cpu_rss,B,OBSERVED,COMMON_OBSERVED_SLICE,,3,2026-10-06T11:42:31.179641+00:00,2026-10-06T11:42:41.181388+00:00,10.0004723072052,10.899485209460295,,,,
pairwise:B+C,cross,1,warmup,B,cpu_rss,C,OBSERVED,COMMON_OBSERVED_SLICE,,3,2026-10-06T12:29:59.277039+00:00,2026-10-06T12:30:09.278333+00:00,10.000068187713623,12.799912720321712,,,,
pairwise:B+C,cross,1,warmup,B,heap_gc,B,OBSERVED,COMMON_OBSERVED_SLICE,,3,2026-10-06T11:42:31.180721+00:00,2026-10-06T11:42:41.368238+00:00,9.999476909637451,,388497408,663224320,0.0050000000000001155,
pairwise:B+C,cross,1,warmup,B,heap_gc,C,OBSERVED,COMMON_OBSERVED_SLICE,,3,2026-10-06T12:29:59.278295+00:00,2026-10-06T12:30:09.548489+00:00,10.00987195968628,,388730504.3333333,400963891,0.0,
pairwise:B+C,cross,1,warmup,B,tick,PAIR_SUPPLIED,UNMEASURED,NO_COMMON_MEASUREMENT,Fewer than two contained real samples,,,,,,,,,
pairwise:B+C,cross,1,warmup,C,cpu_rss,B,OBSERVED,COMMON_OBSERVED_SLICE,,3,2026-10-06T11:42:31.179752+00:00,2026-10-06T11:42:41.182112+00:00,10.000208854675293,8.7998162117242,,,,
pairwise:B+C,cross,1,warmup,C,cpu_rss,C,OBSERVED,COMMON_OBSERVED_SLICE,,3,2026-10-06T12:29:59.277091+00:00,2026-10-06T12:30:09.279494+00:00,10.00033974647522,7.899731609403114,,,,
pairwise:B+C,cross,1,warmup,C,heap_gc,B,OBSERVED,COMMON_OBSERVED_SLICE,,3,2026-10-06T11:42:31.182036+00:00,2026-10-06T11:42:41.389204+00:00,9.998532772064209,,250260138.66666666,252706816,0.0,
pairwise:B+C,cross,1,warmup,C,heap_gc,C,OBSERVED,COMMON_OBSERVED_SLICE,,3,2026-10-06T12:29:59.279001+00:00,2026-10-06T12:30:09.536867+00:00,10.02628493309021,,274190710.6666667,276637388,0.0,
pairwise:B+C,cross,1,warmup,C,tick,PAIR_SUPPLIED,UNMEASURED,NO_COMMON_MEASUREMENT,Fewer than two contained real samples,,,,,,,,,
pairwise:B+C,cross,2,low_flow,A,cpu_rss,B,OBSERVED,COMMON_OBSERVED_SLICE,,29,2026-10-06T11:50:36.179589+00:00,2026-10-06T11:52:56.180687+00:00,139.9994077682495,8.500035957079819,,,,
pairwise:B+C,cross,2,low_flow,A,cpu_rss,C,OBSERVED,COMMON_OBSERVED_SLICE,,17,2026-10-06T12:36:39.276914+00:00,2026-10-06T12:37:59.279613+00:00,80.00064611434937,8.62493034135931,,,,
pairwise:B+C,cross,2,low_flow,A,heap_gc,B,OBSERVED,COMMON_OBSERVED_SLICE,,29,2026-10-06T11:50:36.181834+00:00,2026-10-06T11:52:56.420916+00:00,139.95073056221008,,497227266.9310345,622894489,0.008000000000000007,
pairwise:B+C,cross,2,low_flow,A,heap_gc,C,OBSERVED,COMMON_OBSERVED_SLICE,,17,2026-10-06T12:36:39.278327+00:00,2026-10-06T12:37:59.465127+00:00,79.98831176757812,,400006366.4705882,444015718,0.006999999999999895,
pairwise:B+C,cross,2,low_flow,A,tick,B,OBSERVED,COMMON_OBSERVED_SLICE,,13,2026-10-06T11:51:01.333765+00:00,2026-10-06T11:53:01.334221+00:00,119.99613523483276,,,,,0.4307692307692308
pairwise:B+C,cross,2,low_flow,A,tick,C,OBSERVED,COMMON_OBSERVED_SLICE,,7,2026-10-06T12:36:54.324466+00:00,2026-10-06T12:37:54.337557+00:00,60.00441288948059,,,,,0.4857142857142857
pairwise:B+C,cross,2,low_flow,B,cpu_rss,B,OBSERVED,COMMON_OBSERVED_SLICE,,29,2026-10-06T11:50:36.179993+00:00,2026-10-06T11:52:56.182486+00:00,140.00056743621826,9.257105337022544,,,,
pairwise:B+C,cross,2,low_flow,B,cpu_rss,C,OBSERVED,COMMON_OBSERVED_SLICE,,17,2026-10-06T12:36:39.277067+00:00,2026-10-06T12:37:59.278999+00:00,79.99963521957397,9.012541094982263,,,,
pairwise:B+C,cross,2,low_flow,B,heap_gc,B,OBSERVED,COMMON_OBSERVED_SLICE,,29,2026-10-06T11:50:36.181012+00:00,2026-10-06T11:52:56.327084+00:00,139.89930820465088,,456636584.9655172,687865856,0.0040000000000000036,
pairwise:B+C,cross,2,low_flow,B,heap_gc,C,OBSERVED,COMMON_OBSERVED_SLICE,,17,2026-10-06T12:36:39.279702+00:00,2026-10-06T12:37:59.482821+00:00,79.98257541656494,,415109408.8235294,490516787,0.007000000000000117,
pairwise:B+C,cross,2,low_flow,B,tick,B,OBSERVED,COMMON_OBSERVED_SLICE,,13,2026-10-06T11:51:01.333913+00:00,2026-10-06T11:53:01.343974+00:00,120.00338912010193,,,,,0.4076923076923077
pairwise:B+C,cross,2,low_flow,B,tick,C,OBSERVED,COMMON_OBSERVED_SLICE,,7,2026-10-06T12:36:54.324571+00:00,2026-10-06T12:37:54.336803+00:00,60.00446367263794,,,,,0.4714285714285714
pairwise:B+C,cross,2,low_flow,C,cpu_rss,B,OBSERVED,COMMON_OBSERVED_SLICE,,29,2026-10-06T11:50:36.180238+00:00,2026-10-06T11:52:56.181338+00:00,139.99906253814697,8.392913343114975,,,,
pairwise:B+C,cross,2,low_flow,C,cpu_rss,C,OBSERVED,COMMON_OBSERVED_SLICE,,17,2026-10-06T12:36:39.277217+00:00,2026-10-06T12:37:59.278235+00:00,79.99948453903198,7.825050418850803,,,,
pairwise:B+C,cross,2,low_flow,C,heap_gc,B,OBSERVED,COMMON_OBSERVED_SLICE,,29,2026-10-06T11:50:36.182717+00:00,2026-10-06T11:52:56.386803+00:00,140.00788736343384,,409089271.17241377,456130560,0.038999999999999924,
pairwise:B+C,cross,2,low_flow,C,heap_gc,C,OBSERVED,COMMON_OBSERVED_SLICE,,17,2026-10-06T12:36:39.279128+00:00,2026-10-06T12:37:59.461036+00:00,80.00693774223328,,241941858.5882353,255141580,0.0,
pairwise:B+C,cross,2,low_flow,C,tick,B,OBSERVED,COMMON_OBSERVED_SLICE,,13,2026-10-06T11:51:01.334222+00:00,2026-10-06T11:53:01.343584+00:00,120.00070595741272,,,,,0.23076923076923078
pairwise:B+C,cross,2,low_flow,C,tick,C,OBSERVED,COMMON_OBSERVED_SLICE,,7,2026-10-06T12:36:54.324878+00:00,2026-10-06T12:37:54.335906+00:00,60.002854347229004,,,,,0.2571428571428571
pairwise:B+C,cross,2,steady,A,cpu_rss,B,OBSERVED,COMMON_OBSERVED_SLICE,,21,2026-10-06T11:53:56.179572+00:00,2026-10-06T11:55:36.180594+00:00,99.99888563156128,9.06010096290565,,,,
pairwise:B+C,cross,2,steady,A,cpu_rss,C,OBSERVED,COMMON_OBSERVED_SLICE,,21,2026-10-06T12:38:49.276938+00:00,2026-10-06T12:40:29.279566+00:00,100.00036716461182,9.849963834418517,,,,
pairwise:B+C,cross,2,steady,A,heap_gc,B,OBSERVED,COMMON_OBSERVED_SLICE,,21,2026-10-06T11:53:56.182811+00:00,2026-10-06T11:55:36.411548+00:00,100.00011777877808,,463732267.28571427,559602073,0.0,
pairwise:B+C,cross,2,steady,A,heap_gc,C,OBSERVED,COMMON_OBSERVED_SLICE,,21,2026-10-06T12:38:49.278836+00:00,2026-10-06T12:40:29.472070+00:00,100.01814556121826,,340026860.0952381,438248550,0.009000000000000119,
pairwise:B+C,cross,2,steady,A,tick,B,OBSERVED,COMMON_OBSERVED_SLICE,,9,2026-10-06T11:54:11.328574+00:00,2026-10-06T11:55:31.338971+00:00,80.0018081665039,,,,,0.45555555555555555
pairwise:B+C,cross,2,steady,A,tick,C,OBSERVED,COMMON_OBSERVED_SLICE,,9,2026-10-06T12:39:04.325572+00:00,2026-10-06T12:40:24.335141+00:00,80.00081634521484,,,,,0.5222222222222223
pairwise:B+C,cross,2,steady,B,cpu_rss,B,OBSERVED,COMMON_OBSERVED_SLICE,,21,2026-10-06T11:53:56.179815+00:00,2026-10-06T11:55:36.181700+00:00,100.00037693977356,10.249961363818844,,,,
pairwise:B+C,cross,2,steady,B,cpu_rss,C,OBSERVED,COMMON_OBSERVED_SLICE,,21,2026-10-06T12:38:49.277056+00:00,2026-10-06T12:40:29.279112+00:00,100.00047850608826,12.449940426277065,,,,
pairwise:B+C,cross,2,steady,B,heap_gc,B,OBSERVED,COMMON_OBSERVED_SLICE,,21,2026-10-06T11:53:56.181962+00:00,2026-10-06T11:55:36.387923+00:00,100.00972986221313,,407312578.85714287,688141516,0.006999999999999895,
pairwise:B+C,cross,2,steady,B,heap_gc,C,OBSERVED,COMMON_OBSERVED_SLICE,,21,2026-10-06T12:38:49.278176+00:00,2026-10-06T12:40:29.494834+00:00,99.9725251197815,,368476905.5714286,485085388,0.02200000000000002,
pairwise:B+C,cross,2,steady,B,tick,B,OBSERVED,COMMON_OBSERVED_SLICE,,9,2026-10-06T11:54:11.328878+00:00,2026-10-06T11:55:31.337758+00:00,80.00297522544861,,,,,0.43333333333333335
pairwise:B+C,cross,2,steady,B,tick,C,OBSERVED,COMMON_OBSERVED_SLICE,,9,2026-10-06T12:39:04.325718+00:00,2026-10-06T12:40:24.339522+00:00,80.0028715133667,,,,,0.5333333333333333
pairwise:B+C,cross,2,steady,C,cpu_rss,B,OBSERVED,COMMON_OBSERVED_SLICE,,21,2026-10-06T11:53:56.179894+00:00,2026-10-06T11:55:36.182338+00:00,100.0009765625,7.699924805421811,,,,
pairwise:B+C,cross,2,steady,C,cpu_rss,C,OBSERVED,COMMON_OBSERVED_SLICE,,21,2026-10-06T12:38:49.277469+00:00,2026-10-06T12:40:29.278380+00:00,99.99929332733154,8.210058018236086,,,,
pairwise:B+C,cross,2,steady,C,heap_gc,B,OBSERVED,COMMON_OBSERVED_SLICE,,21,2026-10-06T11:53:56.181400+00:00,2026-10-06T11:55:36.372556+00:00,100.01918029785156,,274851742.47619045,293076992,0.0,
pairwise:B+C,cross,2,steady,C,heap_gc,C,OBSERVED,COMMON_OBSERVED_SLICE,,21,2026-10-06T12:38:49.279571+00:00,2026-10-06T12:40:29.474238+00:00,99.94690537452698,,296235772.7619048,317007564,0.0,
pairwise:B+C,cross,2,steady,C,tick,B,OBSERVED,COMMON_OBSERVED_SLICE,,9,2026-10-06T11:54:11.328907+00:00,2026-10-06T11:55:31.344006+00:00,80.00734305381775,,,,,0.22222222222222224
pairwise:B+C,cross,2,steady,C,tick,C,OBSERVED,COMMON_OBSERVED_SLICE,,9,2026-10-06T12:39:04.325773+00:00,2026-10-06T12:40:24.336271+00:00,79.99670004844666,,,,,0.25555555555555554
pairwise:B+C,cross,2,warmup,A,cpu_rss,B,OBSERVED,COMMON_OBSERVED_SLICE,,3,2026-10-06T11:53:26.179566+00:00,2026-10-06T11:53:36.182075+00:00,9.999818325042725,8.80015987686692,,,,
pairwise:B+C,cross,2,warmup,A,cpu_rss,C,OBSERVED,COMMON_OBSERVED_SLICE,,3,2026-10-06T12:38:19.276945+00:00,2026-10-06T12:38:29.278724+00:00,9.999434232711792,9.800554483313194,,,,
pairwise:B+C,cross,2,warmup,A,heap_gc,B,OBSERVED,COMMON_OBSERVED_SLICE,,3,2026-10-06T11:53:26.182407+00:00,2026-10-06T11:53:36.314561+00:00,9.967777013778687,,320177219.6666667,329963929,0.0,
pairwise:B+C,cross,2,warmup,A,heap_gc,C,OBSERVED,COMMON_OBSERVED_SLICE,,3,2026-10-06T12:38:19.279851+00:00,2026-10-06T12:38:29.453889+00:00,9.989344358444214,,284457403.3333333,294593638,0.0,
pairwise:B+C,cross,2,warmup,A,tick,B,UNMEASURED,NO_COMMON_MEASUREMENT,Common input slice has fewer than two real contained samples or invalid counters; observations retained,0,,,,,,,,
pairwise:B+C,cross,2,warmup,A,tick,C,UNMEASURED,NO_COMMON_MEASUREMENT,Common input slice has fewer than two real contained samples or invalid counters; observations retained,0,,,,,,,,
pairwise:B+C,cross,2,warmup,B,cpu_rss,B,OBSERVED,COMMON_OBSERVED_SLICE,,3,2026-10-06T11:53:26.179724+00:00,2026-10-06T11:53:36.180786+00:00,9.999485969543457,9.800503775742918,,,,
pairwise:B+C,cross,2,warmup,B,cpu_rss,C,OBSERVED,COMMON_OBSERVED_SLICE,,3,2026-10-06T12:38:19.277083+00:00,2026-10-06T12:38:29.280202+00:00,10.000894784927368,10.79903371873996,,,,
pairwise:B+C,cross,2,warmup,B,heap_gc,B,OBSERVED,COMMON_OBSERVED_SLICE,,3,2026-10-06T11:53:26.181749+00:00,2026-10-06T11:53:36.367859+00:00,9.973801851272583,,590274422.6666666,600061132,0.0,
pairwise:B+C,cross,2,warmup,B,heap_gc,C,OBSERVED,COMMON_OBSERVED_SLICE,,3,2026-10-06T12:38:19.278384+00:00,2026-10-06T12:38:29.525643+00:00,10.020325183868408,,312419873.3333333,324653260,0.0,
pairwise:B+C,cross,2,warmup,B,tick,B,UNMEASURED,NO_COMMON_MEASUREMENT,Common input slice has fewer than two real contained samples or invalid counters; observations retained,0,,,,,,,,
pairwise:B+C,cross,2,warmup,B,tick,C,UNMEASURED,NO_COMMON_MEASUREMENT,Common input slice has fewer than two real contained samples or invalid counters; observations retained,0,,,,,,,,
pairwise:B+C,cross,2,warmup,C,cpu_rss,B,OBSERVED,COMMON_OBSERVED_SLICE,,3,2026-10-06T11:53:26.179914+00:00,2026-10-06T11:53:36.181572+00:00,10.00013542175293,7.799894372463152,,,,
pairwise:B+C,cross,2,warmup,C,cpu_rss,C,OBSERVED,COMMON_OBSERVED_SLICE,,3,2026-10-06T12:38:19.277166+00:00,2026-10-06T12:38:29.279418+00:00,10.000086069107056,8.09993028462334,,,,
pairwise:B+C,cross,2,warmup,C,heap_gc,B,OBSERVED,COMMON_OBSERVED_SLICE,,3,2026-10-06T11:53:26.181114+00:00,2026-10-06T11:53:36.381915+00:00,9.998003005981445,,247289173.33333334,249036800,0.0,
pairwise:B+C,cross,2,warmup,C,heap_gc,C,OBSERVED,COMMON_OBSERVED_SLICE,,3,2026-10-06T12:38:19.279209+00:00,2026-10-06T12:38:29.564867+00:00,10.045407056808472,,264578764,266675916,0.0,
pairwise:B+C,cross,2,warmup,C,tick,B,UNMEASURED,NO_COMMON_MEASUREMENT,Common input slice has fewer than two real contained samples or invalid counters; observations retained,0,,,,,,,,
pairwise:B+C,cross,2,warmup,C,tick,C,UNMEASURED,NO_COMMON_MEASUREMENT,Common input slice has fewer than two real contained samples or invalid counters; observations retained,0,,,,,,,,
pairwise:B+C,cross,3,low_flow,A,cpu_rss,B,OBSERVED,COMMON_OBSERVED_SLICE,,30,2026-10-06T12:17:56.179533+00:00,2026-10-06T12:20:21.181840+00:00,145.00002336502075,8.131033172539569,,,,
pairwise:B+C,cross,3,low_flow,A,cpu_rss,C,OBSERVED,COMMON_OBSERVED_SLICE,,17,2026-10-06T12:57:24.276907+00:00,2026-10-06T12:58:44.280553+00:00,80.0007073879242,8.174927714435661,,,,
pairwise:B+C,cross,3,low_flow,A,heap_gc,B,OBSERVED,COMMON_OBSERVED_SLICE,,29,2026-10-06T12:18:01.182040+00:00,2026-10-06T12:20:21.386589+00:00,139.98019313812256,,531640788.82758623,595748556,0.0,
pairwise:B+C,cross,3,low_flow,A,heap_gc,C,OBSERVED,COMMON_OBSERVED_SLICE,,17,2026-10-06T12:57:24.279147+00:00,2026-10-06T12:58:44.470096+00:00,79.99138736724854,,386030471.5294118,424334336,0.0,
pairwise:B+C,cross,3,low_flow,A,tick,PAIR_SUPPLIED,UNMEASURED,NO_COMMON_MEASUREMENT,Fewer than two contained real samples,,,,,,,,,
pairwise:B+C,cross,3,low_flow,B,cpu_rss,B,OBSERVED,COMMON_OBSERVED_SLICE,,30,2026-10-06T12:17:56.179685+00:00,2026-10-06T12:20:21.181155+00:00,145.00014090538025,8.682750183129565,,,,
pairwise:B+C,cross,3,low_flow,B,cpu_rss,C,OBSERVED,COMMON_OBSERVED_SLICE,,17,2026-10-06T12:57:24.277030+00:00,2026-10-06T12:58:44.278497+00:00,79.99997472763062,8.825002787859132,,,,
pairwise:B+C,cross,3,low_flow,B,heap_gc,B,OBSERVED,COMMON_OBSERVED_SLICE,,29,2026-10-06T12:18:01.182955+00:00,2026-10-06T12:20:21.329268+00:00,139.9763126373291,,476825924.4137931,693108736,0.004999999999999893,
pairwise:B+C,cross,3,low_flow,B,heap_gc,C,OBSERVED,COMMON_OBSERVED_SLICE,,17,2026-10-06T12:57:24.278549+00:00,2026-10-06T12:58:44.469845+00:00,79.99207854270935,,309622036.88235295,488246579,0.007000000000000117,
pairwise:B+C,cross,3,low_flow,B,tick,PAIR_SUPPLIED,UNMEASURED,NO_COMMON_MEASUREMENT,Fewer than two contained real samples,,,,,,,,,
pairwise:B+C,cross,3,low_flow,C,cpu_rss,B,OBSERVED,COMMON_OBSERVED_SLICE,,30,2026-10-06T12:17:56.179767+00:00,2026-10-06T12:20:21.182304+00:00,144.99958968162537,7.586228363923412,,,,
pairwise:B+C,cross,3,low_flow,C,cpu_rss,C,OBSERVED,COMMON_OBSERVED_SLICE,,17,2026-10-06T12:57:24.277083+00:00,2026-10-06T12:58:44.279622+00:00,80.00087785720825,7.599916604480312,,,,
pairwise:B+C,cross,3,low_flow,C,heap_gc,B,OBSERVED,COMMON_OBSERVED_SLICE,,29,2026-10-06T12:18:01.181042+00:00,2026-10-06T12:20:21.371715+00:00,140.0131242275238,,288241501.17241377,309068390,0.0,
pairwise:B+C,cross,3,low_flow,C,heap_gc,C,OBSERVED,COMMON_OBSERVED_SLICE,,17,2026-10-06T12:57:24.278052+00:00,2026-10-06T12:58:44.465376+00:00,79.97604489326477,,298284175.7647059,312717516,0.0,
pairwise:B+C,cross,3,low_flow,C,tick,PAIR_SUPPLIED,UNMEASURED,NO_COMMON_MEASUREMENT,Fewer than two contained real samples,,,,,,,,,
pairwise:B+C,cross,3,steady,A,cpu_rss,B,OBSERVED,COMMON_OBSERVED_SLICE,,21,2026-10-06T12:21:21.179509+00:00,2026-10-06T12:23:01.180986+00:00,99.99988198280334,8.47000999606838,,,,
pairwise:B+C,cross,3,steady,A,cpu_rss,C,OBSERVED,COMMON_OBSERVED_SLICE,,21,2026-10-06T12:59:34.276908+00:00,2026-10-06T13:01:14.278056+00:00,99.9992926120758,8.94006324092778,,,,
pairwise:B+C,cross,3,steady,A,heap_gc,B,OBSERVED,COMMON_OBSERVED_SLICE,,21,2026-10-06T12:21:21.181261+00:00,2026-10-06T12:23:01.384027+00:00,99.96009516716003,,382666717.6666667,479485235,0.0,
pairwise:B+C,cross,3,steady,A,heap_gc,C,OBSERVED,COMMON_OBSERVED_SLICE,,21,2026-10-06T12:59:34.279484+00:00,2026-10-06T13:01:14.460936+00:00,100.01334834098816,,347889365.9047619,448582348,0.0009999999999998899,
pairwise:B+C,cross,3,steady,A,tick,PAIR_SUPPLIED,UNMEASURED,NO_COMMON_MEASUREMENT,Fewer than two contained real samples,,,,,,,,,
pairwise:B+C,cross,3,steady,B,cpu_rss,B,OBSERVED,COMMON_OBSERVED_SLICE,,21,2026-10-06T12:21:21.180001+00:00,2026-10-06T12:23:01.181879+00:00,99.9994649887085,8.860047402253992,,,,
pairwise:B+C,cross,3,steady,B,cpu_rss,C,OBSERVED,COMMON_OBSERVED_SLICE,,21,2026-10-06T12:59:34.277059+00:00,2026-10-06T13:01:14.279490+00:00,100.00133681297302,10.5298592354757,,,,
pairwise:B+C,cross,3,steady,B,heap_gc,B,OBSERVED,COMMON_OBSERVED_SLICE,,21,2026-10-06T12:21:21.182621+00:00,2026-10-06T12:23:01.352679+00:00,99.98781895637512,,393195558.85714287,687365324,0.0050000000000001155,
pairwise:B+C,cross,3,steady,B,heap_gc,C,OBSERVED,COMMON_OBSERVED_SLICE,,21,2026-10-06T12:59:34.278135+00:00,2026-10-06T13:01:14.452802+00:00,99.97277522087097,,369781076.8095238,487900979,0.02200000000000002,
pairwise:B+C,cross,3,steady,B,tick,PAIR_SUPPLIED,UNMEASURED,NO_COMMON_MEASUREMENT,Fewer than two contained real samples,,,,,,,,,
pairwise:B+C,cross,3,steady,C,cpu_rss,B,OBSERVED,COMMON_OBSERVED_SLICE,,21,2026-10-06T12:21:21.180142+00:00,2026-10-06T12:23:01.182795+00:00,100.00024175643921,7.349982230944699,,,,
pairwise:B+C,cross,3,steady,C,cpu_rss,C,OBSERVED,COMMON_OBSERVED_SLICE,,21,2026-10-06T12:59:34.277131+00:00,2026-10-06T13:01:14.280088+00:00,100.00136113166809,8.329886619275321,,,,
pairwise:B+C,cross,3,steady,C,heap_gc,B,OBSERVED,COMMON_OBSERVED_SLICE,,21,2026-10-06T12:21:21.181922+00:00,2026-10-06T12:23:01.426694+00:00,100.03474855422974,,344470313.04761904,360448614,0.0,
pairwise:B+C,cross,3,steady,C,heap_gc,C,OBSERVED,COMMON_OBSERVED_SLICE,,21,2026-10-06T12:59:34.278800+00:00,2026-10-06T13:01:14.538789+00:00,100.03361654281616,,353212522.47619045,373534924,0.0,
pairwise:B+C,cross,3,steady,C,tick,PAIR_SUPPLIED,UNMEASURED,NO_COMMON_MEASUREMENT,Fewer than two contained real samples,,,,,,,,,
pairwise:B+C,cross,3,warmup,A,cpu_rss,B,OBSERVED,COMMON_OBSERVED_SLICE,,3,2026-10-06T12:20:51.179521+00:00,2026-10-06T12:21:01.181902+00:00,9.99994945526123,7.900039930545661,,,,
pairwise:B+C,cross,3,warmup,A,cpu_rss,C,OBSERVED,COMMON_OBSERVED_SLICE,,3,2026-10-06T12:59:04.276910+00:00,2026-10-06T12:59:14.278099+00:00,9.99966049194336,13.400454956242347,,,,
pairwise:B+C,cross,3,warmup,A,heap_gc,B,OBSERVED,COMMON_OBSERVED_SLICE,,3,2026-10-06T12:20:51.182039+00:00,2026-10-06T12:21:01.364680+00:00,9.984556436538696,,509109145,647128780,0.006000000000000005,
pairwise:B+C,cross,3,warmup,A,heap_gc,C,OBSERVED,COMMON_OBSERVED_SLICE,,3,2026-10-06T12:59:04.278796+00:00,2026-10-06T12:59:14.615659+00:00,10.062751531600952,,316767709.3333333,453694464,0.013000000000000123,
pairwise:B+C,cross,3,warmup,A,tick,PAIR_SUPPLIED,UNMEASURED,NO_COMMON_MEASUREMENT,Fewer than two contained real samples,,,,,,,,,
pairwise:B+C,cross,3,warmup,B,cpu_rss,B,OBSERVED,COMMON_OBSERVED_SLICE,,3,2026-10-06T12:20:51.179640+00:00,2026-10-06T12:21:01.181114+00:00,9.999871492385864,8.000102807412576,,,,
pairwise:B+C,cross,3,warmup,B,cpu_rss,C,OBSERVED,COMMON_OBSERVED_SLICE,,3,2026-10-06T12:59:04.277017+00:00,2026-10-06T12:59:14.279866+00:00,10.001667737960815,10.898182468739332,,,,
pairwise:B+C,cross,3,warmup,B,heap_gc,B,OBSERVED,COMMON_OBSERVED_SLICE,,3,2026-10-06T12:20:51.181432+00:00,2026-10-06T12:21:01.372400+00:00,10.024728775024414,,600683041.3333334,610819276,0.0,
pairwise:B+C,cross,3,warmup,B,heap_gc,C,OBSERVED,COMMON_OBSERVED_SLICE,,3,2026-10-06T12:59:04.277944+00:00,2026-10-06T12:59:14.452305+00:00,9.95172119140625,,384091955,396674867,0.0,
pairwise:B+C,cross,3,warmup,B,tick,PAIR_SUPPLIED,UNMEASURED,NO_COMMON_MEASUREMENT,Fewer than two contained real samples,,,,,,,,,
pairwise:B+C,cross,3,warmup,C,cpu_rss,B,OBSERVED,COMMON_OBSERVED_SLICE,,3,2026-10-06T12:20:51.179798+00:00,2026-10-06T12:21:01.182354+00:00,10.000849962234497,6.9994050770019465,,,,
pairwise:B+C,cross,3,warmup,C,cpu_rss,C,OBSERVED,COMMON_OBSERVED_SLICE,,3,2026-10-06T12:59:04.277108+00:00,2026-10-06T12:59:14.280430+00:00,10.001241445541382,7.699044205589625,,,,
pairwise:B+C,cross,3,warmup,C,heap_gc,B,OBSERVED,COMMON_OBSERVED_SLICE,,3,2026-10-06T12:20:51.180779+00:00,2026-10-06T12:21:01.409743+00:00,9.998430967330933,,319903675.3333333,321651302,0.0,
pairwise:B+C,cross,3,warmup,C,heap_gc,C,OBSERVED,COMMON_OBSERVED_SLICE,,3,2026-10-06T12:59:04.279319+00:00,2026-10-06T12:59:14.463226+00:00,9.992587089538574,,322154700,324251852,0.0,
pairwise:B+C,cross,3,warmup,C,tick,PAIR_SUPPLIED,UNMEASURED,NO_COMMON_MEASUREMENT,Fewer than two contained real samples,,,,,,,,,
pairwise:B+C,mixed,1,low_flow,A,cpu_rss,B,OBSERVED,COMMON_OBSERVED_SLICE,,31,2026-10-06T11:45:06.179544+00:00,2026-10-06T11:47:36.182003+00:00,150.00079536437988,9.213284480544688,,,,
pairwise:B+C,mixed,1,low_flow,A,cpu_rss,C,OBSERVED,COMMON_OBSERVED_SLICE,,17,2026-10-06T12:32:29.276891+00:00,2026-10-06T12:33:49.279109+00:00,80.00048160552979,9.387443486941333,,,,
pairwise:B+C,mixed,1,low_flow,A,heap_gc,B,OBSERVED,COMMON_OBSERVED_SLICE,,31,2026-10-06T11:45:06.180936+00:00,2026-10-06T11:47:36.389626+00:00,149.97300148010254,,416527967.1935484,612408729,0.03600000000000003,
pairwise:B+C,mixed,1,low_flow,A,heap_gc,C,OBSERVED,COMMON_OBSERVED_SLICE,,17,2026-10-06T12:32:29.278142+00:00,2026-10-06T12:33:49.491883+00:00,80.03194880485535,,348083910.1764706,443505049,0.004999999999999893,
pairwise:B+C,mixed,1,low_flow,A,tick,B,OBSERVED,COMMON_OBSERVED_SLICE,,13,2026-10-06T11:45:31.337976+00:00,2026-10-06T11:47:31.333454+00:00,119.9890398979187,,,,,0.4076923076923077
pairwise:B+C,mixed,1,low_flow,A,tick,C,OBSERVED,COMMON_OBSERVED_SLICE,,7,2026-10-06T12:32:44.324036+00:00,2026-10-06T12:33:44.329221+00:00,60.0001494884491,,,,,0.45714285714285713
pairwise:B+C,mixed,1,low_flow,B,cpu_rss,B,OBSERVED,COMMON_OBSERVED_SLICE,,31,2026-10-06T11:45:06.179681+00:00,2026-10-06T11:47:36.183634+00:00,150.0013303756714,8.49992461271391,,,,
pairwise:B+C,mixed,1,low_flow,B,cpu_rss,C,OBSERVED,COMMON_OBSERVED_SLICE,,17,2026-10-06T12:32:29.276996+00:00,2026-10-06T12:33:49.279659+00:00,80.00007200241089,9.81249116846223,,,,
pairwise:B+C,mixed,1,low_flow,B,heap_gc,B,OBSERVED,COMMON_OBSERVED_SLICE,,31,2026-10-06T11:45:06.181634+00:00,2026-10-06T11:47:36.447830+00:00,150.00561475753784,,475328987.3548387,683671552,0.0039999999999997815,
pairwise:B+C,mixed,1,low_flow,B,heap_gc,C,OBSERVED,COMMON_OBSERVED_SLICE,,17,2026-10-06T12:32:29.279528+00:00,2026-10-06T12:33:49.482016+00:00,80.00999474525452,,301721292.2352941,489495040,0.07800000000000007,
pairwise:B+C,mixed,1,low_flow,B,tick,B,OBSERVED,COMMON_OBSERVED_SLICE,,13,2026-10-06T11:45:31.338445+00:00,2026-10-06T11:47:31.332400+00:00,119.99020195007324,,,,,0.38461538461538464
pairwise:B+C,mixed,1,low_flow,B,tick,C,OBSERVED,COMMON_OBSERVED_SLICE,,7,2026-10-06T12:32:44.326704+00:00,2026-10-06T12:33:44.328342+00:00,59.99814748764038,,,,,0.4285714285714286
pairwise:B+C,mixed,1,low_flow,C,cpu_rss,B,OBSERVED,COMMON_OBSERVED_SLICE,,31,2026-10-06T11:45:06.179724+00:00,2026-10-06T11:47:36.182711+00:00,150.00044870376587,7.473310977981466,,,,
pairwise:B+C,mixed,1,low_flow,C,cpu_rss,C,OBSERVED,COMMON_OBSERVED_SLICE,,17,2026-10-06T12:32:29.277271+00:00,2026-10-06T12:33:49.278663+00:00,79.99974656105042,8.412526650773977,,,,
pairwise:B+C,mixed,1,low_flow,C,heap_gc,B,OBSERVED,COMMON_OBSERVED_SLICE,,31,2026-10-06T11:45:06.182482+00:00,2026-10-06T11:47:36.338368+00:00,149.9998688697815,,328745488.516129,353370112,0.0,
pairwise:B+C,mixed,1,low_flow,C,heap_gc,C,OBSERVED,COMMON_OBSERVED_SLICE,,17,2026-10-06T12:32:29.279027+00:00,2026-10-06T12:33:49.433361+00:00,79.9638442993164,,348310641.64705884,361572044,0.0,
pairwise:B+C,mixed,1,low_flow,C,tick,B,OBSERVED,COMMON_OBSERVED_SLICE,,13,2026-10-06T11:45:31.338493+00:00,2026-10-06T11:47:31.333291+00:00,119.98960041999817,,,,,0.2
pairwise:B+C,mixed,1,low_flow,C,tick,C,OBSERVED,COMMON_OBSERVED_SLICE,,7,2026-10-06T12:32:44.326785+00:00,2026-10-06T12:33:44.334126+00:00,60.00060701370239,,,,,0.2142857142857143
pairwise:B+C,mixed,1,steady,A,cpu_rss,B,OBSERVED,COMMON_OBSERVED_SLICE,,21,2026-10-06T11:48:31.179589+00:00,2026-10-06T11:50:11.181369+00:00,99.99983096122742,9.870016684155033,,,,
pairwise:B+C,mixed,1,steady,A,cpu_rss,C,OBSERVED,COMMON_OBSERVED_SLICE,,21,2026-10-06T12:34:39.277097+00:00,2026-10-06T12:36:19.280605+00:00,100.00048851966858,10.869946898171442,,,,
pairwise:B+C,mixed,1,steady,A,heap_gc,B,OBSERVED,COMMON_OBSERVED_SLICE,,21,2026-10-06T11:48:31.181668+00:00,2026-10-06T11:50:11.327822+00:00,99.95984196662903,,414053102.3333333,613981593,0.010999999999999899,
pairwise:B+C,mixed,1,steady,A,heap_gc,C,OBSERVED,COMMON_OBSERVED_SLICE,,21,2026-10-06T12:34:39.279752+00:00,2026-10-06T12:36:19.517502+00:00,100.02395057678223,,330527568.04761904,441930649,0.02300000000000013,
pairwise:B+C,mixed,1,steady,A,tick,B,OBSERVED,COMMON_OBSERVED_SLICE,,8,2026-10-06T11:48:51.328864+00:00,2026-10-06T11:50:01.362194+00:00,70.02870798110962,,,,,0.5
pairwise:B+C,mixed,1,steady,A,tick,C,OBSERVED,COMMON_OBSERVED_SLICE,,9,2026-10-06T12:34:54.325419+00:00,2026-10-06T12:36:14.332255+00:00,79.99759864807129,,,,,0.4888888888888889
pairwise:B+C,mixed,1,steady,B,cpu_rss,B,OBSERVED,COMMON_OBSERVED_SLICE,,21,2026-10-06T11:48:31.179751+00:00,2026-10-06T11:50:11.180635+00:00,99.99884700775146,8.990103655198274,,,,
pairwise:B+C,mixed,1,steady,B,cpu_rss,C,OBSERVED,COMMON_OBSERVED_SLICE,,21,2026-10-06T12:34:39.277251+00:00,2026-10-06T12:36:19.279243+00:00,100.0000262260437,10.299997298718203,,,,
pairwise:B+C,mixed,1,steady,B,heap_gc,B,OBSERVED,COMMON_OBSERVED_SLICE,,21,2026-10-06T11:48:31.182858+00:00,2026-10-06T11:50:11.413584+00:00,100.01860404014587,,382380714.6666667,475004928,0.0,
pairwise:B+C,mixed,1,steady,B,heap_gc,C,OBSERVED,COMMON_OBSERVED_SLICE,,21,2026-10-06T12:34:39.279288+00:00,2026-10-06T12:36:19.503301+00:00,100.03188514709473,,360171739.0952381,485807001,0.006999999999999895,
pairwise:B+C,mixed,1,steady,B,tick,B,OBSERVED,COMMON_OBSERVED_SLICE,,8,2026-10-06T11:48:51.329272+00:00,2026-10-06T11:50:01.359239+00:00,70.0251955986023,,,,,0.41250000000000003
pairwise:B+C,mixed,1,steady,B,tick,C,OBSERVED,COMMON_OBSERVED_SLICE,,9,2026-10-06T12:34:54.325533+00:00,2026-10-06T12:36:14.333216+00:00,80.0022759437561,,,,,0.4666666666666667
pairwise:B+C,mixed,1,steady,C,cpu_rss,B,OBSERVED,COMMON_OBSERVED_SLICE,,21,2026-10-06T11:48:31.179922+00:00,2026-10-06T11:50:11.181930+00:00,100.00042867660522,7.5999674207176575,,,,
pairwise:B+C,mixed,1,steady,C,cpu_rss,C,OBSERVED,COMMON_OBSERVED_SLICE,,21,2026-10-06T12:34:39.277385+00:00,2026-10-06T12:36:19.279896+00:00,100.00114107131958,8.709900613822139,,,,
pairwise:B+C,mixed,1,steady,C,heap_gc,B,OBSERVED,COMMON_OBSERVED_SLICE,,21,2026-10-06T11:48:31.180871+00:00,2026-10-06T11:50:11.389903+00:00,100.01748824119568,,391418441.14285713,408944640,0.0,
pairwise:B+C,mixed,1,steady,C,heap_gc,C,OBSERVED,COMMON_OBSERVED_SLICE,,21,2026-10-06T12:34:39.278529+00:00,2026-10-06T12:36:19.491576+00:00,99.98007082939148,,374978837.14285713,418195148,0.026000000000000023,
pairwise:B+C,mixed,1,steady,C,tick,B,OBSERVED,COMMON_OBSERVED_SLICE,,8,2026-10-06T11:48:51.329420+00:00,2026-10-06T11:50:01.360993+00:00,70.0264401435852,,,,,0.2
pairwise:B+C,mixed,1,steady,C,tick,C,OBSERVED,COMMON_OBSERVED_SLICE,,9,2026-10-06T12:34:54.327204+00:00,2026-10-06T12:36:14.337131+00:00,80.00274705886841,,,,,0.24444444444444444
pairwise:B+C,mixed,1,warmup,A,cpu_rss,B,OBSERVED,COMMON_OBSERVED_SLICE,,4,2026-10-06T11:47:56.179551+00:00,2026-10-06T11:48:11.180883+00:00,14.999252319335938,9.00044863076057,,,,
pairwise:B+C,mixed,1,warmup,A,cpu_rss,C,OBSERVED,COMMON_OBSERVED_SLICE,,4,2026-10-06T12:34:04.276937+00:00,2026-10-06T12:34:19.279422+00:00,14.99756908416748,10.601718125629588,,,,
pairwise:B+C,mixed,1,warmup,A,heap_gc,B,OBSERVED,COMMON_OBSERVED_SLICE,,4,2026-10-06T11:47:56.182461+00:00,2026-10-06T11:48:11.421062+00:00,15.03931450843811,,468229529,489201049,0.0,
pairwise:B+C,mixed,1,warmup,A,heap_gc,C,OBSERVED,COMMON_OBSERVED_SLICE,,4,2026-10-06T12:34:04.284269+00:00,2026-10-06T12:34:19.532023+00:00,15.027447938919067,,358044569,381113241,0.0,
pairwise:B+C,mixed,1,warmup,A,tick,B,UNMEASURED,NO_COMMON_MEASUREMENT,Common input slice has fewer than two real contained samples or invalid counters; observations retained,0,,,,,,,,
pairwise:B+C,mixed,1,warmup,A,tick,C,UNMEASURED,NO_COMMON_MEASUREMENT,Common input slice has fewer than two real contained samples or invalid counters; observations retained,0,,,,,,,,
pairwise:B+C,mixed,1,warmup,B,cpu_rss,B,OBSERVED,COMMON_OBSERVED_SLICE,,4,2026-10-06T11:47:56.179714+00:00,2026-10-06T11:48:11.182457+00:00,14.99955129623413,8.333582620660337,,,,
pairwise:B+C,mixed,1,warmup,B,cpu_rss,C,OBSERVED,COMMON_OBSERVED_SLICE,,4,2026-10-06T12:34:04.277100+00:00,2026-10-06T12:34:19.278246+00:00,14.996538162231445,10.66912898624544,,,,
pairwise:B+C,mixed,1,warmup,B,heap_gc,B,OBSERVED,COMMON_OBSERVED_SLICE,,4,2026-10-06T11:47:56.183384+00:00,2026-10-06T11:48:11.366855+00:00,14.997722148895264,,573327948.5,690337894,0.007000000000000117,
pairwise:B+C,mixed,1,warmup,B,heap_gc,C,OBSERVED,COMMON_OBSERVED_SLICE,,4,2026-10-06T12:34:04.285121+00:00,2026-10-06T12:34:19.449031+00:00,14.960052490234375,,371774361,386192281,0.0,
pairwise:B+C,mixed,1,warmup,B,tick,B,UNMEASURED,NO_COMMON_MEASUREMENT,Common input slice has fewer than two real contained samples or invalid counters; observations retained,0,,,,,,,,
pairwise:B+C,mixed,1,warmup,B,tick,C,UNMEASURED,NO_COMMON_MEASUREMENT,Common input slice has fewer than two real contained samples or invalid counters; observations retained,0,,,,,,,,
pairwise:B+C,mixed,1,warmup,C,cpu_rss,B,OBSERVED,COMMON_OBSERVED_SLICE,,4,2026-10-06T11:47:56.179795+00:00,2026-10-06T11:48:11.181653+00:00,15.000181674957275,7.999903107862997,,,,
pairwise:B+C,mixed,1,warmup,C,cpu_rss,C,OBSERVED,COMMON_OBSERVED_SLICE,,4,2026-10-06T12:34:04.277150+00:00,2026-10-06T12:34:19.278896+00:00,14.996782064437866,8.135078543903138,,,,
pairwise:B+C,mixed,1,warmup,C,heap_gc,B,OBSERVED,COMMON_OBSERVED_SLICE,,4,2026-10-06T11:47:56.181292+00:00,2026-10-06T11:48:11.393313+00:00,15.018904685974121,,362545152,364904448,0.0,
pairwise:B+C,mixed,1,warmup,C,heap_gc,C,OBSERVED,COMMON_OBSERVED_SLICE,,4,2026-10-06T12:34:04.285543+00:00,2026-10-06T12:34:19.508558+00:00,15.014621257781982,,371533516,374154956,0.0,
pairwise:B+C,mixed,1,warmup,C,tick,B,UNMEASURED,NO_COMMON_MEASUREMENT,Common input slice has fewer than two real contained samples or invalid counters; observations retained,0,,,,,,,,
pairwise:B+C,mixed,1,warmup,C,tick,C,UNMEASURED,NO_COMMON_MEASUREMENT,Common input slice has fewer than two real contained samples or invalid counters; observations retained,0,,,,,,,,
pairwise:B+C,mixed,2,low_flow,A,cpu_rss,B,OBSERVED,COMMON_OBSERVED_SLICE,,30,2026-10-06T11:56:01.179535+00:00,2026-10-06T11:58:26.183315+00:00,145.0006308555603,8.868926930952622,,,,
pairwise:B+C,mixed,2,low_flow,A,cpu_rss,C,OBSERVED,COMMON_OBSERVED_SLICE,,17,2026-10-06T12:40:49.276952+00:00,2026-10-06T12:42:09.278650+00:00,80.00028014183044,10.212464238269707,,,,
pairwise:B+C,mixed,2,low_flow,A,heap_gc,B,OBSERVED,COMMON_OBSERVED_SLICE,,30,2026-10-06T11:56:01.182047+00:00,2026-10-06T11:58:26.420684+00:00,145.00321412086487,,419320080.46666664,616225177,0.02400000000000002,
pairwise:B+C,mixed,2,low_flow,A,heap_gc,C,OBSERVED,COMMON_OBSERVED_SLICE,,17,2026-10-06T12:40:49.278198+00:00,2026-10-06T12:42:09.500569+00:00,79.99709415435791,,359981820.5882353,439518310,0.053999999999999826,
pairwise:B+C,mixed,2,low_flow,A,tick,B,OBSERVED,COMMON_OBSERVED_SLICE,,13,2026-10-06T11:56:21.328807+00:00,2026-10-06T11:58:21.337385+00:00,120.00065040588379,,,,,0.4
pairwise:B+C,mixed,2,low_flow,A,tick,C,OBSERVED,COMMON_OBSERVED_SLICE,,7,2026-10-06T12:41:04.325037+00:00,2026-10-06T12:42:04.333569+00:00,60.00293779373169,,,,,0.45714285714285713
pairwise:B+C,mixed,2,low_flow,B,cpu_rss,B,OBSERVED,COMMON_OBSERVED_SLICE,,30,2026-10-06T11:56:01.179645+00:00,2026-10-06T11:58:26.181964+00:00,145.00054740905762,8.37927871108233,,,,
pairwise:B+C,mixed,2,low_flow,B,cpu_rss,C,OBSERVED,COMMON_OBSERVED_SLICE,,17,2026-10-06T12:40:49.277157+00:00,2026-10-06T12:42:09.280476+00:00,80.00093603134155,8.887396013984809,,,,
pairwise:B+C,mixed,2,low_flow,B,heap_gc,B,OBSERVED,COMMON_OBSERVED_SLICE,,30,2026-10-06T11:56:01.180863+00:00,2026-10-06T11:58:26.317158+00:00,144.9382882118225,,469342617.6,684720128,0.006000000000000005,
pairwise:B+C,mixed,2,low_flow,B,heap_gc,C,OBSERVED,COMMON_OBSERVED_SLICE,,17,2026-10-06T12:40:49.278960+00:00,2026-10-06T12:42:09.489351+00:00,80.02007532119751,,440298453.64705884,492869939,0.0040000000000000036,
pairwise:B+C,mixed,2,low_flow,B,tick,B,OBSERVED,COMMON_OBSERVED_SLICE,,13,2026-10-06T11:56:21.329232+00:00,2026-10-06T11:58:21.339036+00:00,120.00430035591125,,,,,0.3923076923076923
pairwise:B+C,mixed,2,low_flow,B,tick,C,OBSERVED,COMMON_OBSERVED_SLICE,,7,2026-10-06T12:41:04.329631+00:00,2026-10-06T12:42:04.328658+00:00,59.99537754058838,,,,,0.4142857142857143
pairwise:B+C,mixed,2,low_flow,C,cpu_rss,B,OBSERVED,COMMON_OBSERVED_SLICE,,30,2026-10-06T11:56:01.179808+00:00,2026-10-06T11:58:26.182476+00:00,144.99955320358276,7.303470780445369,,,,
pairwise:B+C,mixed,2,low_flow,C,cpu_rss,C,OBSERVED,COMMON_OBSERVED_SLICE,,17,2026-10-06T12:40:49.279160+00:00,2026-10-06T12:42:09.279701+00:00,79.9990804195404,8.025092246475188,,,,
pairwise:B+C,mixed,2,low_flow,C,heap_gc,B,OBSERVED,COMMON_OBSERVED_SLICE,,30,2026-10-06T11:56:01.183296+00:00,2026-10-06T11:58:26.389543+00:00,144.986811876297,,325582848,348651520,0.0,
pairwise:B+C,mixed,2,low_flow,C,heap_gc,C,OBSERVED,COMMON_OBSERVED_SLICE,,17,2026-10-06T12:40:49.279988+00:00,2026-10-06T12:42:09.488977+00:00,79.96583962440491,,338225807.7647059,351610572,0.0,
pairwise:B+C,mixed,2,low_flow,C,tick,B,OBSERVED,COMMON_OBSERVED_SLICE,,13,2026-10-06T11:56:21.329523+00:00,2026-10-06T11:58:21.337990+00:00,119.99890303611755,,,,,0.2
pairwise:B+C,mixed,2,low_flow,C,tick,C,OBSERVED,COMMON_OBSERVED_SLICE,,7,2026-10-06T12:41:04.330677+00:00,2026-10-06T12:42:04.330571+00:00,59.994062423706055,,,,,0.24285714285714285
pairwise:B+C,mixed,2,steady,A,cpu_rss,B,OBSERVED,COMMON_OBSERVED_SLICE,,21,2026-10-06T11:59:26.179570+00:00,2026-10-06T12:01:06.181075+00:00,99.99922513961792,10.4100806635908,,,,
pairwise:B+C,mixed,2,steady,A,cpu_rss,C,OBSERVED,COMMON_OBSERVED_SLICE,,21,2026-10-06T12:42:59.276954+00:00,2026-10-06T12:44:39.280328+00:00,100.00001001358032,10.989998899507642,,,,
pairwise:B+C,mixed,2,steady,A,heap_gc,B,OBSERVED,COMMON_OBSERVED_SLICE,,21,2026-10-06T11:59:26.182597+00:00,2026-10-06T12:01:06.403105+00:00,99.98266768455505,,441144095.28571427,625138073,0.03200000000000003,
pairwise:B+C,mixed,2,steady,A,heap_gc,C,OBSERVED,COMMON_OBSERVED_SLICE,,21,2026-10-06T12:42:59.280291+00:00,2026-10-06T12:44:39.448801+00:00,99.98114681243896,,342828587.52380955,442799718,0.01200000000000001,
pairwise:B+C,mixed,2,steady,A,tick,B,OBSERVED,COMMON_OBSERVED_SLICE,,8,2026-10-06T11:59:41.332832+00:00,2026-10-06T12:00:51.340424+00:00,69.99488091468811,,,,,0.4625
pairwise:B+C,mixed,2,steady,A,tick,C,OBSERVED,COMMON_OBSERVED_SLICE,,8,2026-10-06T12:43:14.324021+00:00,2026-10-06T12:44:24.330730+00:00,69.99995946884155,,,,,0.5125
pairwise:B+C,mixed,2,steady,B,cpu_rss,B,OBSERVED,COMMON_OBSERVED_SLICE,,21,2026-10-06T11:59:26.179694+00:00,2026-10-06T12:01:06.181729+00:00,100.00033831596375,8.519971175577416,,,,
pairwise:B+C,mixed,2,steady,B,cpu_rss,C,OBSERVED,COMMON_OBSERVED_SLICE,,21,2026-10-06T12:42:59.277059+00:00,2026-10-06T12:44:39.281264+00:00,100.00156998634338,9.929844102803674,,,,
pairwise:B+C,mixed,2,steady,B,heap_gc,B,OBSERVED,COMMON_OBSERVED_SLICE,,21,2026-10-06T11:59:26.181053+00:00,2026-10-06T12:01:06.392314+00:00,99.98658871650696,,546561696.7619047,688914432,0.0040000000000000036,
pairwise:B+C,mixed,2,steady,B,heap_gc,C,OBSERVED,COMMON_OBSERVED_SLICE,,21,2026-10-06T12:42:59.278247+00:00,2026-10-06T12:44:39.494865+00:00,100.00690507888794,,380667050.47619045,491492864,0.01200000000000001,
pairwise:B+C,mixed,2,steady,B,tick,B,OBSERVED,COMMON_OBSERVED_SLICE,,7,2026-10-06T11:59:41.336217+00:00,2026-10-06T12:00:41.339950+00:00,59.995912075042725,,,,,0.4142857142857143
pairwise:B+C,mixed,2,steady,B,tick,C,OBSERVED,COMMON_OBSERVED_SLICE,,7,2026-10-06T12:43:14.324143+00:00,2026-10-06T12:44:14.333489+00:00,60.00259971618652,,,,,0.5142857142857142
pairwise:B+C,mixed,2,steady,C,cpu_rss,B,OBSERVED,COMMON_OBSERVED_SLICE,,21,2026-10-06T11:59:26.179752+00:00,2026-10-06T12:01:06.182121+00:00,100.00009155273438,7.469993161017002,,,,
pairwise:B+C,mixed,2,steady,C,cpu_rss,C,OBSERVED,COMMON_OBSERVED_SLICE,,21,2026-10-06T12:42:59.277227+00:00,2026-10-06T12:44:39.278652+00:00,99.99964332580566,8.220029318723347,,,,
pairwise:B+C,mixed,2,steady,C,heap_gc,B,OBSERVED,COMMON_OBSERVED_SLICE,,21,2026-10-06T11:59:26.181991+00:00,2026-10-06T12:01:06.399603+00:00,100.03082704544067,,389046662.0952381,407371776,0.0,
pairwise:B+C,mixed,2,steady,C,heap_gc,C,OBSERVED,COMMON_OBSERVED_SLICE,,21,2026-10-06T12:42:59.279371+00:00,2026-10-06T12:44:39.442404+00:00,99.93722367286682,,392005714.0952381,412427980,0.0,
pairwise:B+C,mixed,2,steady,C,tick,B,OBSERVED,COMMON_OBSERVED_SLICE,,8,2026-10-06T11:59:41.340613+00:00,2026-10-06T12:00:51.338012+00:00,69.99070191383362,,,,,0.21250000000000002
pairwise:B+C,mixed,2,steady,C,tick,C,OBSERVED,COMMON_OBSERVED_SLICE,,8,2026-10-06T12:43:14.325099+00:00,2026-10-06T12:44:24.334819+00:00,70.00178647041321,,,,,0.275
pairwise:B+C,mixed,2,warmup,A,cpu_rss,B,OBSERVED,COMMON_OBSERVED_SLICE,,3,2026-10-06T11:58:56.179560+00:00,2026-10-06T11:59:06.181995+00:00,9.999635219573975,10.100368441670225,,,,
pairwise:B+C,mixed,2,warmup,A,cpu_rss,C,OBSERVED,COMMON_OBSERVED_SLICE,,3,2026-10-06T12:42:29.276968+00:00,2026-10-06T12:42:39.277850+00:00,9.999048471450806,10.400989683862328,,,,
pairwise:B+C,mixed,2,warmup,A,heap_gc,B,OBSERVED,COMMON_OBSERVED_SLICE,,3,2026-10-06T11:58:56.182742+00:00,2026-10-06T11:59:06.349672+00:00,9.950732707977295,,388159897,403888537,0.0,
pairwise:B+C,mixed,2,warmup,A,heap_gc,C,OBSERVED,COMMON_OBSERVED_SLICE,,3,2026-10-06T12:42:29.279686+00:00,2026-10-06T12:42:39.494129+00:00,9.987512111663818,,323611579.3333333,338990694,0.0,
pairwise:B+C,mixed,2,warmup,A,tick,B,UNMEASURED,NO_COMMON_MEASUREMENT,Common input slice has fewer than two real contained samples or invalid counters; observations retained,0,,,,,,,,
pairwise:B+C,mixed,2,warmup,A,tick,C,UNMEASURED,NO_COMMON_MEASUREMENT,Common input slice has fewer than two real contained samples or invalid counters; observations retained,0,,,,,,,,
pairwise:B+C,mixed,2,warmup,B,cpu_rss,B,OBSERVED,COMMON_OBSERVED_SLICE,,3,2026-10-06T11:58:56.179682+00:00,2026-10-06T11:59:06.180784+00:00,9.999891519546509,9.100098718283544,,,,
pairwise:B+C,mixed,2,warmup,B,cpu_rss,C,OBSERVED,COMMON_OBSERVED_SLICE,,3,2026-10-06T12:42:29.277092+00:00,2026-10-06T12:42:39.278672+00:00,10.000590085983276,9.499439451392961,,,,
pairwise:B+C,mixed,2,warmup,B,heap_gc,B,OBSERVED,COMMON_OBSERVED_SLICE,,3,2026-10-06T11:58:56.181013+00:00,2026-10-06T11:59:06.399915+00:00,10.018602848052979,,491083093.3333333,500170752,0.0,
pairwise:B+C,mixed,2,warmup,B,heap_gc,C,OBSERVED,COMMON_OBSERVED_SLICE,,3,2026-10-06T12:42:29.278463+00:00,2026-10-06T12:42:39.452159+00:00,10.013397693634033,,289816746.6666667,299603456,0.0,
pairwise:B+C,mixed,2,warmup,B,tick,B,UNMEASURED,NO_COMMON_MEASUREMENT,Common input slice has fewer than two real contained samples or invalid counters; observations retained,0,,,,,,,,
pairwise:B+C,mixed,2,warmup,B,tick,C,UNMEASURED,NO_COMMON_MEASUREMENT,Common input slice has fewer than two real contained samples or invalid counters; observations retained,0,,,,,,,,
pairwise:B+C,mixed,2,warmup,C,cpu_rss,B,OBSERVED,COMMON_OBSERVED_SLICE,,3,2026-10-06T11:58:56.179858+00:00,2026-10-06T11:59:06.181399+00:00,9.999695539474487,7.800237486440436,,,,
pairwise:B+C,mixed,2,warmup,C,cpu_rss,C,OBSERVED,COMMON_OBSERVED_SLICE,,3,2026-10-06T12:42:29.277195+00:00,2026-10-06T12:42:39.279708+00:00,10.0011625289917,7.7990933327891785,,,,
pairwise:B+C,mixed,2,warmup,C,heap_gc,B,OBSERVED,COMMON_OBSERVED_SLICE,,3,2026-10-06T11:58:56.181952+00:00,2026-10-06T11:59:06.399551+00:00,9.997934579849243,,361583957.3333333,363331584,0.0,
pairwise:B+C,mixed,2,warmup,C,heap_gc,C,OBSERVED,COMMON_OBSERVED_SLICE,,3,2026-10-06T12:42:29.278994+00:00,2026-10-06T12:42:39.486547+00:00,10.016156673431396,,361047756,363144908,0.0,
pairwise:B+C,mixed,2,warmup,C,tick,B,UNMEASURED,NO_COMMON_MEASUREMENT,Common input slice has fewer than two real contained samples or invalid counters; observations retained,0,,,,,,,,
pairwise:B+C,mixed,2,warmup,C,tick,C,UNMEASURED,NO_COMMON_MEASUREMENT,Common input slice has fewer than two real contained samples or invalid counters; observations retained,0,,,,,,,,
pairwise:B+C,mixed,3,low_flow,A,cpu_rss,B,OBSERVED,COMMON_OBSERVED_SLICE,,31,2026-10-06T12:07:01.179558+00:00,2026-10-06T12:09:31.182549+00:00,150.00005173683167,9.299996792317554,,,,
pairwise:B+C,mixed,3,low_flow,A,cpu_rss,C,OBSERVED,COMMON_OBSERVED_SLICE,,17,2026-10-06T12:49:09.276888+00:00,2026-10-06T12:50:29.278329+00:00,80.00002145767212,9.262497515604561,,,,
pairwise:B+C,mixed,3,low_flow,A,heap_gc,B,OBSERVED,COMMON_OBSERVED_SLICE,,29,2026-10-06T12:07:01.182438+00:00,2026-10-06T12:09:21.341006+00:00,139.97209811210632,,422799172.17241377,611714969,0.039000000000000146,
pairwise:B+C,mixed,3,low_flow,A,heap_gc,C,OBSERVED,COMMON_OBSERVED_SLICE,,16,2026-10-06T12:49:09.278322+00:00,2026-10-06T12:50:24.558744+00:00,75.02945351600647,,372142693.75,452514713,0.009000000000000119,
pairwise:B+C,mixed,3,low_flow,A,tick,PAIR_SUPPLIED,UNMEASURED,NO_COMMON_MEASUREMENT,Fewer than two contained real samples,,,,,,,,,
pairwise:B+C,mixed,3,low_flow,B,cpu_rss,B,OBSERVED,COMMON_OBSERVED_SLICE,,31,2026-10-06T12:07:01.179931+00:00,2026-10-06T12:09:31.181032+00:00,149.9988796710968,9.186735281100411,,,,
pairwise:B+C,mixed,3,low_flow,B,cpu_rss,C,OBSERVED,COMMON_OBSERVED_SLICE,,17,2026-10-06T12:49:09.277037+00:00,2026-10-06T12:50:29.279022+00:00,79.99967741966248,8.887535836803892,,,,
pairwise:B+C,mixed,3,low_flow,B,heap_gc,B,OBSERVED,COMMON_OBSERVED_SLICE,,29,2026-10-06T12:07:01.183039+00:00,2026-10-06T12:09:21.373486+00:00,139.98723793029785,,486619651.0344828,693653708,0.007000000000000117,
pairwise:B+C,mixed,3,low_flow,B,heap_gc,C,OBSERVED,COMMON_OBSERVED_SLICE,,16,2026-10-06T12:49:09.279702+00:00,2026-10-06T12:50:24.522550+00:00,75.01034355163574,,376325727.375,489285324,0.014999999999999902,
pairwise:B+C,mixed,3,low_flow,B,tick,PAIR_SUPPLIED,UNMEASURED,NO_COMMON_MEASUREMENT,Fewer than two contained real samples,,,,,,,,,
pairwise:B+C,mixed,3,low_flow,C,cpu_rss,B,OBSERVED,COMMON_OBSERVED_SLICE,,31,2026-10-06T12:07:01.180072+00:00,2026-10-06T12:09:31.181684+00:00,150.00014352798462,7.653326010223626,,,,
pairwise:B+C,mixed,3,low_flow,C,cpu_rss,C,OBSERVED,COMMON_OBSERVED_SLICE,,17,2026-10-06T12:49:09.277177+00:00,2026-10-06T12:50:29.281640+00:00,80.00134110450745,7.499874273560081,,,,
pairwise:B+C,mixed,3,low_flow,C,heap_gc,B,OBSERVED,COMMON_OBSERVED_SLICE,,29,2026-10-06T12:07:01.181560+00:00,2026-10-06T12:09:21.433317+00:00,139.9999475479126,,311528331.2758621,332897587,0.0,
pairwise:B+C,mixed,3,low_flow,C,heap_gc,C,OBSERVED,COMMON_OBSERVED_SLICE,,16,2026-10-06T12:49:09.278926+00:00,2026-10-06T12:50:24.557516+00:00,75.03511142730713,,320665804,332724428,0.0,
pairwise:B+C,mixed,3,low_flow,C,tick,PAIR_SUPPLIED,UNMEASURED,NO_COMMON_MEASUREMENT,Fewer than two contained real samples,,,,,,,,,
pairwise:B+C,mixed,3,steady,A,cpu_rss,B,OBSERVED,COMMON_OBSERVED_SLICE,,22,2026-10-06T12:10:21.179516+00:00,2026-10-06T12:12:06.182903+00:00,105.00118565559387,9.48560717463615,,,,
pairwise:B+C,mixed,3,steady,A,cpu_rss,C,OBSERVED,COMMON_OBSERVED_SLICE,,22,2026-10-06T12:51:14.276941+00:00,2026-10-06T12:52:59.278066+00:00,104.999587059021,9.990515480888043,,,,
pairwise:B+C,mixed,3,steady,A,heap_gc,B,OBSERVED,COMMON_OBSERVED_SLICE,,22,2026-10-06T12:10:21.180589+00:00,2026-10-06T12:12:06.452036+00:00,105.0301947593689,,419177336.90909094,620474060,0.008999999999999897,
pairwise:B+C,mixed,3,steady,A,heap_gc,C,OBSERVED,COMMON_OBSERVED_SLICE,,22,2026-10-06T12:51:14.278909+00:00,2026-10-06T12:52:59.444479+00:00,104.95566987991333,,344077674.90909094,455036620,0.016000000000000014,
pairwise:B+C,mixed,3,steady,A,tick,PAIR_SUPPLIED,UNMEASURED,NO_COMMON_MEASUREMENT,Fewer than two contained real samples,,,,,,,,,
pairwise:B+C,mixed,3,steady,B,cpu_rss,B,OBSERVED,COMMON_OBSERVED_SLICE,,22,2026-10-06T12:10:21.179641+00:00,2026-10-06T12:12:06.180659+00:00,104.99969291687012,8.380976891967777,,,,
pairwise:B+C,mixed,3,steady,B,cpu_rss,C,OBSERVED,COMMON_OBSERVED_SLICE,,22,2026-10-06T12:51:14.277055+00:00,2026-10-06T12:52:59.279990+00:00,105.0015618801117,9.637951873091929,,,,
pairwise:B+C,mixed,3,steady,B,heap_gc,B,OBSERVED,COMMON_OBSERVED_SLICE,,22,2026-10-06T12:10:21.181310+00:00,2026-10-06T12:12:06.451625+00:00,105.02764320373535,,527823220.3636364,691284992,0.0040000000000000036,
pairwise:B+C,mixed,3,steady,B,heap_gc,C,OBSERVED,COMMON_OBSERVED_SLICE,,22,2026-10-06T12:51:14.278216+00:00,2026-10-06T12:52:59.491007+00:00,105.02568888664246,,374162873.8636364,492636774,0.004999999999999893,
pairwise:B+C,mixed,3,steady,B,tick,PAIR_SUPPLIED,UNMEASURED,NO_COMMON_MEASUREMENT,Fewer than two contained real samples,,,,,,,,,
pairwise:B+C,mixed,3,steady,C,cpu_rss,B,OBSERVED,COMMON_OBSERVED_SLICE,,22,2026-10-06T12:10:21.179741+00:00,2026-10-06T12:12:06.181635+00:00,104.99969387054443,7.10478261888796,,,,
pairwise:B+C,mixed,3,steady,C,cpu_rss,C,OBSERVED,COMMON_OBSERVED_SLICE,,22,2026-10-06T12:51:14.277137+00:00,2026-10-06T12:52:59.279371+00:00,105.00064706802368,7.809475683219072,,,,
pairwise:B+C,mixed,3,steady,C,heap_gc,B,OBSERVED,COMMON_OBSERVED_SLICE,,22,2026-10-06T12:10:21.182221+00:00,2026-10-06T12:12:06.382739+00:00,105.00385475158691,,369836059.72727275,387423539,0.0,
pairwise:B+C,mixed,3,steady,C,heap_gc,C,OBSERVED,COMMON_OBSERVED_SLICE,,22,2026-10-06T12:51:14.279393+00:00,2026-10-06T12:52:59.520931+00:00,105.00034594535828,,374524480.3636364,395638988,0.0,
pairwise:B+C,mixed,3,steady,C,tick,PAIR_SUPPLIED,UNMEASURED,NO_COMMON_MEASUREMENT,Fewer than two contained real samples,,,,,,,,,
pairwise:B+C,mixed,3,warmup,A,cpu_rss,B,OBSERVED,COMMON_OBSERVED_SLICE,,3,2026-10-06T12:09:51.179528+00:00,2026-10-06T12:10:01.180675+00:00,9.996636867523193,8.702926909613346,,,,
pairwise:B+C,mixed,3,warmup,A,cpu_rss,C,OBSERVED,COMMON_OBSERVED_SLICE,,3,2026-10-06T12:50:44.276887+00:00,2026-10-06T12:50:54.279701+00:00,10.000309228897095,9.899693872858304,,,,
pairwise:B+C,mixed,3,warmup,A,heap_gc,B,OBSERVED,COMMON_OBSERVED_SLICE,,3,2026-10-06T12:09:51.187410+00:00,2026-10-06T12:10:01.374745+00:00,9.982229471206665,,511422156,527150796,0.0,
pairwise:B+C,mixed,3,warmup,A,heap_gc,C,OBSERVED,COMMON_OBSERVED_SLICE,,3,2026-10-06T12:50:44.279150+00:00,2026-10-06T12:50:54.556988+00:00,10.021530866622925,,328508449.3333333,343887564,0.0,
pairwise:B+C,mixed,3,warmup,A,tick,PAIR_SUPPLIED,UNMEASURED,NO_COMMON_MEASUREMENT,Fewer than two contained real samples,,,,,,,,,
pairwise:B+C,mixed,3,warmup,B,cpu_rss,B,OBSERVED,COMMON_OBSERVED_SLICE,,3,2026-10-06T12:09:51.179632+00:00,2026-10-06T12:10:01.181903+00:00,9.997670650482178,12.702958963133387,,,,
pairwise:B+C,mixed,3,warmup,B,cpu_rss,C,OBSERVED,COMMON_OBSERVED_SLICE,,3,2026-10-06T12:50:44.277025+00:00,2026-10-06T12:50:54.278492+00:00,10.000160932540894,9.499847116546714,,,,
pairwise:B+C,mixed,3,warmup,B,heap_gc,B,OBSERVED,COMMON_OBSERVED_SLICE,,3,2026-10-06T12:09:51.187895+00:00,2026-10-06T12:10:01.371891+00:00,9.99415636062622,,504638464,514075648,0.0,
pairwise:B+C,mixed,3,warmup,B,heap_gc,C,OBSERVED,COMMON_OBSERVED_SLICE,,3,2026-10-06T12:50:44.278288+00:00,2026-10-06T12:50:54.547676+00:00,10.00942850112915,,317175056.6666667,326961766,0.0,
pairwise:B+C,mixed,3,warmup,B,tick,PAIR_SUPPLIED,UNMEASURED,NO_COMMON_MEASUREMENT,Fewer than two contained real samples,,,,,,,,,
pairwise:B+C,mixed,3,warmup,C,cpu_rss,B,OBSERVED,COMMON_OBSERVED_SLICE,,3,2026-10-06T12:09:51.179719+00:00,2026-10-06T12:10:01.182412+00:00,10.001463890075684,6.699019337207419,,,,
pairwise:B+C,mixed,3,warmup,C,cpu_rss,C,OBSERVED,COMMON_OBSERVED_SLICE,,3,2026-10-06T12:50:44.277351+00:00,2026-10-06T12:50:54.280231+00:00,10.000134468078613,7.899893771646248,,,,
pairwise:B+C,mixed,3,warmup,C,heap_gc,B,OBSERVED,COMMON_OBSERVED_SLICE,,3,2026-10-06T12:09:51.180776+00:00,2026-10-06T12:10:01.414761+00:00,10.029370307922363,,344082397.6666667,345480499,0.0,
pairwise:B+C,mixed,3,warmup,C,heap_gc,C,OBSERVED,COMMON_OBSERVED_SLICE,,3,2026-10-06T12:50:44.280103+00:00,2026-10-06T12:50:54.548083+00:00,10.05079460144043,,342511137.3333333,344258764,0.0,
pairwise:B+C,mixed,3,warmup,C,tick,PAIR_SUPPLIED,UNMEASURED,NO_COMMON_MEASUREMENT,Fewer than two contained real samples,,,,,,,,,
pairwise:B+C,same,1,low_flow,A,cpu_rss,B,OBSERVED,COMMON_OBSERVED_SLICE,,31,2026-10-06T11:34:06.179517+00:00,2026-10-06T11:36:36.180511+00:00,149.99952268600464,12.426706209605264,,,,
pairwise:B+C,same,1,low_flow,A,cpu_rss,C,OBSERVED,COMMON_OBSERVED_SLICE,,17,2026-10-06T12:24:09.276906+00:00,2026-10-06T12:25:29.278801+00:00,80.00019955635071,12.512468788217376,,,,
pairwise:B+C,same,1,low_flow,A,heap_gc,B,OBSERVED,COMMON_OBSERVED_SLICE,,31,2026-10-06T11:34:06.181495+00:00,2026-10-06T11:36:36.339548+00:00,149.95749235153198,,409396389.16129035,606076928,0.013000000000000123,
pairwise:B+C,same,1,low_flow,A,heap_gc,C,OBSERVED,COMMON_OBSERVED_SLICE,,17,2026-10-06T12:24:09.278430+00:00,2026-10-06T12:25:29.441675+00:00,80.01476621627808,,348902400,430259200,0.006000000000000005,
pairwise:B+C,same,1,low_flow,A,tick,B,OBSERVED,COMMON_OBSERVED_SLICE,,13,2026-10-06T11:34:31.329732+00:00,2026-10-06T11:36:31.331747+00:00,119.99560809135437,,,,,0.6
pairwise:B+C,same,1,low_flow,A,tick,C,OBSERVED,COMMON_OBSERVED_SLICE,,7,2026-10-06T12:24:24.327235+00:00,2026-10-06T12:25:24.328745+00:00,59.99497652053833,,,,,0.6142857142857142
pairwise:B+C,same,1,low_flow,B,cpu_rss,B,OBSERVED,COMMON_OBSERVED_SLICE,,31,2026-10-06T11:34:06.179676+00:00,2026-10-06T11:36:36.184225+00:00,150.00226593017578,8.959864650482116,,,,
pairwise:B+C,same,1,low_flow,B,cpu_rss,C,OBSERVED,COMMON_OBSERVED_SLICE,,17,2026-10-06T12:24:09.277057+00:00,2026-10-06T12:25:29.279473+00:00,80.00008797645569,10.324988645551173,,,,
pairwise:B+C,same,1,low_flow,B,heap_gc,B,OBSERVED,COMMON_OBSERVED_SLICE,,31,2026-10-06T11:34:06.180782+00:00,2026-10-06T11:36:36.419451+00:00,149.99774956703186,,407396797.9354839,442067456,0.0,
pairwise:B+C,same,1,low_flow,B,heap_gc,C,OBSERVED,COMMON_OBSERVED_SLICE,,17,2026-10-06T12:24:09.279309+00:00,2026-10-06T12:25:29.495059+00:00,80.02516174316406,,344752820.7058824,364367360,0.0,
pairwise:B+C,same,1,low_flow,B,tick,B,OBSERVED,COMMON_OBSERVED_SLICE,,13,2026-10-06T11:34:31.329848+00:00,2026-10-06T11:36:31.335036+00:00,119.99768495559692,,,,,0.4153846153846154
pairwise:B+C,same,1,low_flow,B,tick,C,OBSERVED,COMMON_OBSERVED_SLICE,,7,2026-10-06T12:24:24.327732+00:00,2026-10-06T12:25:24.332046+00:00,59.99537253379822,,,,,0.5857142857142857
pairwise:B+C,same,1,low_flow,C,cpu_rss,B,OBSERVED,COMMON_OBSERVED_SLICE,,31,2026-10-06T11:34:06.179783+00:00,2026-10-06T11:36:36.187037+00:00,150.0031476020813,8.899813246195356,,,,
pairwise:B+C,same,1,low_flow,C,cpu_rss,C,OBSERVED,COMMON_OBSERVED_SLICE,,17,2026-10-06T12:24:09.277337+00:00,2026-10-06T12:25:29.280108+00:00,80.00018095970154,9.124979359330728,,,,
pairwise:B+C,same,1,low_flow,C,heap_gc,B,OBSERVED,COMMON_OBSERVED_SLICE,,31,2026-10-06T11:34:06.181911+00:00,2026-10-06T11:36:36.403873+00:00,150.0236852169037,,321337806.4516129,348127232,0.0,
pairwise:B+C,same,1,low_flow,C,heap_gc,C,OBSERVED,COMMON_OBSERVED_SLICE,,17,2026-10-06T12:24:09.279686+00:00,2026-10-06T12:25:29.469421+00:00,79.98984122276306,,342986413.88235295,357543116,0.0,
pairwise:B+C,same,1,low_flow,C,tick,B,OBSERVED,COMMON_OBSERVED_SLICE,,13,2026-10-06T11:34:31.330336+00:00,2026-10-06T11:36:31.334317+00:00,119.99453377723694,,,,,0.27692307692307694
pairwise:B+C,same,1,low_flow,C,tick,C,OBSERVED,COMMON_OBSERVED_SLICE,,7,2026-10-06T12:24:24.329246+00:00,2026-10-06T12:25:24.333462+00:00,59.99821996688843,,,,,0.3
pairwise:B+C,same,1,steady,A,cpu_rss,B,OBSERVED,COMMON_OBSERVED_SLICE,,21,2026-10-06T11:37:31.179573+00:00,2026-10-06T11:39:11.182032+00:00,100.00052428245544,11.419940127257478,,,,
pairwise:B+C,same,1,steady,A,cpu_rss,C,OBSERVED,COMMON_OBSERVED_SLICE,,21,2026-10-06T12:26:14.276930+00:00,2026-10-06T12:27:54.279533+00:00,100.0006411075592,12.669918772193009,,,,
pairwise:B+C,same,1,steady,A,heap_gc,B,OBSERVED,COMMON_OBSERVED_SLICE,,21,2026-10-06T11:37:31.180958+00:00,2026-10-06T11:39:11.378790+00:00,99.99355244636536,,429105737.14285713,619646976,0.03200000000000003,
pairwise:B+C,same,1,steady,A,heap_gc,C,OBSERVED,COMMON_OBSERVED_SLICE,,21,2026-10-06T12:26:14.278242+00:00,2026-10-06T12:27:54.527885+00:00,100.02590346336365,,337767013.85714287,437810176,0.02400000000000002,
pairwise:B+C,same,1,steady,A,tick,B,OBSERVED,COMMON_OBSERVED_SLICE,,8,2026-10-06T11:37:51.333921+00:00,2026-10-06T11:39:01.334189+00:00,69.98994135856628,,,,,0.5375
pairwise:B+C,same,1,steady,A,tick,C,OBSERVED,COMMON_OBSERVED_SLICE,,8,2026-10-06T12:26:34.325399+00:00,2026-10-06T12:27:44.331462+00:00,70.00012707710266,,,,,0.5125
pairwise:B+C,same,1,steady,B,cpu_rss,B,OBSERVED,COMMON_OBSERVED_SLICE,,21,2026-10-06T11:37:31.179698+00:00,2026-10-06T11:39:11.180911+00:00,99.99888181686401,8.840098848494526,,,,
pairwise:B+C,same,1,steady,B,cpu_rss,C,OBSERVED,COMMON_OBSERVED_SLICE,,21,2026-10-06T12:26:14.277041+00:00,2026-10-06T12:27:54.278105+00:00,99.99954175949097,9.170042020847237,,,,
pairwise:B+C,same,1,steady,B,heap_gc,B,OBSERVED,COMMON_OBSERVED_SLICE,,21,2026-10-06T11:37:31.183104+00:00,2026-10-06T11:39:11.393705+00:00,100.01536679267883,,492848493.71428573,517564928,0.0,
pairwise:B+C,same,1,steady,B,heap_gc,C,OBSERVED,COMMON_OBSERVED_SLICE,,21,2026-10-06T12:26:14.278999+00:00,2026-10-06T12:27:54.489351+00:00,100.01083159446716,,413750296.38095236,439864832,0.0,
pairwise:B+C,same,1,steady,B,tick,B,OBSERVED,COMMON_OBSERVED_SLICE,,8,2026-10-06T11:37:51.334052+00:00,2026-10-06T11:39:01.338509+00:00,69.99553561210632,,,,,0.4
pairwise:B+C,same,1,steady,B,tick,C,OBSERVED,COMMON_OBSERVED_SLICE,,8,2026-10-06T12:26:34.325493+00:00,2026-10-06T12:27:44.332090+00:00,70.00170755386353,,,,,0.45
pairwise:B+C,same,1,steady,C,cpu_rss,B,OBSERVED,COMMON_OBSERVED_SLICE,,21,2026-10-06T11:37:31.179771+00:00,2026-10-06T11:39:11.181626+00:00,99.99990057945251,8.340008291681908,,,,
pairwise:B+C,same,1,steady,C,cpu_rss,C,OBSERVED,COMMON_OBSERVED_SLICE,,21,2026-10-06T12:26:14.277191+00:00,2026-10-06T12:27:54.278889+00:00,99.99936532974243,8.680055089727995,,,,
pairwise:B+C,same,1,steady,C,heap_gc,B,OBSERVED,COMMON_OBSERVED_SLICE,,21,2026-10-06T11:37:31.181772+00:00,2026-10-06T11:39:11.391644+00:00,100.00866794586182,,388172848.7619048,407896064,0.0,
pairwise:B+C,same,1,steady,C,heap_gc,C,OBSERVED,COMMON_OBSERVED_SLICE,,21,2026-10-06T12:26:14.280076+00:00,2026-10-06T12:27:54.459424+00:00,99.97393012046814,,343814445.52380955,407874764,0.02299999999999991,
pairwise:B+C,same,1,steady,C,tick,B,OBSERVED,COMMON_OBSERVED_SLICE,,8,2026-10-06T11:37:51.334290+00:00,2026-10-06T11:39:01.335499+00:00,69.99606490135193,,,,,0.25
pairwise:B+C,same,1,steady,C,tick,C,OBSERVED,COMMON_OBSERVED_SLICE,,8,2026-10-06T12:26:34.326038+00:00,2026-10-06T12:27:44.335843+00:00,70.00241756439209,,,,,0.25
pairwise:B+C,same,1,warmup,A,cpu_rss,B,OBSERVED,COMMON_OBSERVED_SLICE,,3,2026-10-06T11:37:01.179550+00:00,2026-10-06T11:37:11.181303+00:00,9.99966835975647,11.600384715441173,,,,
pairwise:B+C,same,1,warmup,A,cpu_rss,C,OBSERVED,COMMON_OBSERVED_SLICE,,3,2026-10-06T12:25:44.276930+00:00,2026-10-06T12:25:54.278225+00:00,10.00008773803711,16.899851724018205,,,,
pairwise:B+C,same,1,warmup,A,heap_gc,B,OBSERVED,COMMON_OBSERVED_SLICE,,3,2026-10-06T11:37:01.181927+00:00,2026-10-06T11:37:11.441933+00:00,10.031377077102661,,502555989.3333333,520032256,0.0,
pairwise:B+C,same,1,warmup,A,heap_gc,C,OBSERVED,COMMON_OBSERVED_SLICE,,3,2026-10-06T12:25:44.277997+00:00,2026-10-06T12:25:54.428259+00:00,9.953367233276367,,333302101.3333333,349729792,0.0,
pairwise:B+C,same,1,warmup,A,tick,PAIR_SUPPLIED,UNMEASURED,NO_COMMON_MEASUREMENT,Fewer than two contained real samples,,,,,,,,,
pairwise:B+C,same,1,warmup,B,cpu_rss,B,OBSERVED,COMMON_OBSERVED_SLICE,,3,2026-10-06T11:37:01.179660+00:00,2026-10-06T11:37:11.180719+00:00,10.000040054321289,8.499965953963287,,,,
pairwise:B+C,same,1,warmup,B,cpu_rss,C,OBSERVED,COMMON_OBSERVED_SLICE,,3,2026-10-06T12:25:44.277054+00:00,2026-10-06T12:25:54.279895+00:00,10.00013780593872,10.49985530575836,,,,
pairwise:B+C,same,1,warmup,B,heap_gc,B,OBSERVED,COMMON_OBSERVED_SLICE,,3,2026-10-06T11:37:01.180618+00:00,2026-10-06T11:37:11.472012+00:00,10.025453805923462,,456747520,458844672,0.0,
pairwise:B+C,same,1,warmup,B,heap_gc,C,OBSERVED,COMMON_OBSERVED_SLICE,,3,2026-10-06T12:25:44.279619+00:00,2026-10-06T12:25:54.519812+00:00,10.015174627304077,,375202645.3333333,377998848,0.0,
pairwise:B+C,same,1,warmup,B,tick,PAIR_SUPPLIED,UNMEASURED,NO_COMMON_MEASUREMENT,Fewer than two contained real samples,,,,,,,,,
pairwise:B+C,same,1,warmup,C,cpu_rss,B,OBSERVED,COMMON_OBSERVED_SLICE,,3,2026-10-06T11:37:01.179700+00:00,2026-10-06T11:37:11.181877+00:00,10.000292539596558,7.699774751100104,,,,
pairwise:B+C,same,1,warmup,C,cpu_rss,C,OBSERVED,COMMON_OBSERVED_SLICE,,3,2026-10-06T12:25:44.277269+00:00,2026-10-06T12:25:54.279247+00:00,10.000053644180298,9.099951184057764,,,,
pairwise:B+C,same,1,warmup,C,heap_gc,B,OBSERVED,COMMON_OBSERVED_SLICE,,3,2026-10-06T11:37:01.181303+00:00,2026-10-06T11:37:11.325863+00:00,9.964242458343506,,358962517.3333333,360710144,0.0,
pairwise:B+C,same,1,warmup,C,heap_gc,C,OBSERVED,COMMON_OBSERVED_SLICE,,3,2026-10-06T12:25:44.279099+00:00,2026-10-06T12:25:54.518586+00:00,9.980947256088257,,366980300,369077452,0.0,
pairwise:B+C,same,1,warmup,C,tick,PAIR_SUPPLIED,UNMEASURED,NO_COMMON_MEASUREMENT,Fewer than two contained real samples,,,,,,,,,
pairwise:B+C,same,2,low_flow,A,cpu_rss,B,OBSERVED,COMMON_OBSERVED_SLICE,,30,2026-10-06T12:01:31.179549+00:00,2026-10-06T12:03:56.182102+00:00,145.00051593780518,9.51031098807603,,,,
pairwise:B+C,same,2,low_flow,A,cpu_rss,C,OBSERVED,COMMON_OBSERVED_SLICE,,17,2026-10-06T12:44:59.276923+00:00,2026-10-06T12:46:19.278443+00:00,79.9993007183075,9.600083914536608,,,,
pairwise:B+C,same,2,low_flow,A,heap_gc,B,OBSERVED,COMMON_OBSERVED_SLICE,,30,2026-10-06T12:01:31.181105+00:00,2026-10-06T12:03:56.358129+00:00,144.99454355239868,,437420919.26666665,612253491,0.03299999999999992,
pairwise:B+C,same,2,low_flow,A,heap_gc,C,OBSERVED,COMMON_OBSERVED_SLICE,,17,2026-10-06T12:44:59.279773+00:00,2026-10-06T12:46:19.481210+00:00,79.99549984931946,,373400509.4705882,444598579,0.025000000000000133,
pairwise:B+C,same,2,low_flow,A,tick,PAIR_SUPPLIED,UNMEASURED,NO_COMMON_MEASUREMENT,Fewer than two contained real samples,,,,,,,,,
pairwise:B+C,same,2,low_flow,B,cpu_rss,B,OBSERVED,COMMON_OBSERVED_SLICE,,30,2026-10-06T12:01:31.179706+00:00,2026-10-06T12:03:56.180634+00:00,144.99948048591614,7.903476592878617,,,,
pairwise:B+C,same,2,low_flow,B,cpu_rss,C,OBSERVED,COMMON_OBSERVED_SLICE,,17,2026-10-06T12:44:59.277043+00:00,2026-10-06T12:46:19.280260+00:00,80.000972032547,7.912403861074006,,,,
pairwise:B+C,same,2,low_flow,B,heap_gc,B,OBSERVED,COMMON_OBSERVED_SLICE,,30,2026-10-06T12:01:31.181665+00:00,2026-10-06T12:03:56.382596+00:00,144.988272190094,,328364782.1333333,357060812,0.0,
pairwise:B+C,same,2,low_flow,B,heap_gc,C,OBSERVED,COMMON_OBSERVED_SLICE,,17,2026-10-06T12:44:59.278274+00:00,2026-10-06T12:46:19.487067+00:00,80.0259964466095,,334096076,350873292,0.0,
pairwise:B+C,same,2,low_flow,B,tick,PAIR_SUPPLIED,UNMEASURED,NO_COMMON_MEASUREMENT,Fewer than two contained real samples,,,,,,,,,
pairwise:B+C,same,2,low_flow,C,cpu_rss,B,OBSERVED,COMMON_OBSERVED_SLICE,,30,2026-10-06T12:01:31.179795+00:00,2026-10-06T12:03:56.181502+00:00,144.9996213912964,7.579330135174881,,,,
pairwise:B+C,same,2,low_flow,C,cpu_rss,C,OBSERVED,COMMON_OBSERVED_SLICE,,17,2026-10-06T12:44:59.277284+00:00,2026-10-06T12:46:19.279346+00:00,79.99989080429077,7.562510322420957,,,,
pairwise:B+C,same,2,low_flow,C,heap_gc,B,OBSERVED,COMMON_OBSERVED_SLICE,,30,2026-10-06T12:01:31.182378+00:00,2026-10-06T12:03:56.380605+00:00,144.988214969635,,428971598.5,456654848,0.006999999999999895,
pairwise:B+C,same,2,low_flow,C,heap_gc,C,OBSERVED,COMMON_OBSERVED_SLICE,,17,2026-10-06T12:44:59.279322+00:00,2026-10-06T12:46:19.476609+00:00,80.0031578540802,,250011671.29411766,422913740,0.006000000000000005,
pairwise:B+C,same,2,low_flow,C,tick,PAIR_SUPPLIED,UNMEASURED,NO_COMMON_MEASUREMENT,Fewer than two contained real samples,,,,,,,,,
pairwise:B+C,same,2,steady,A,cpu_rss,B,OBSERVED,COMMON_OBSERVED_SLICE,,22,2026-10-06T12:04:51.179489+00:00,2026-10-06T12:06:36.181680+00:00,105.00008583068848,9.552373143935586,,,,
pairwise:B+C,same,2,steady,A,cpu_rss,C,OBSERVED,COMMON_OBSERVED_SLICE,,22,2026-10-06T12:47:04.276942+00:00,2026-10-06T12:48:49.283071+00:00,105.00246453285217,11.275925810575252,,,,
pairwise:B+C,same,2,steady,A,heap_gc,B,OBSERVED,COMMON_OBSERVED_SLICE,,22,2026-10-06T12:04:51.181551+00:00,2026-10-06T12:06:36.403644+00:00,105.01245069503784,,434231295.72727275,616447795,0.010000000000000009,
pairwise:B+C,same,2,steady,A,heap_gc,C,OBSERVED,COMMON_OBSERVED_SLICE,,22,2026-10-06T12:47:04.278100+00:00,2026-10-06T12:48:49.474873+00:00,104.97558832168579,,349551480.5,452719206,0.006999999999999895,
pairwise:B+C,same,2,steady,A,tick,PAIR_SUPPLIED,UNMEASURED,NO_COMMON_MEASUREMENT,Fewer than two contained real samples,,,,,,,,,
pairwise:B+C,same,2,steady,B,cpu_rss,B,OBSERVED,COMMON_OBSERVED_SLICE,,22,2026-10-06T12:04:51.179606+00:00,2026-10-06T12:06:36.180572+00:00,104.99989223480225,7.628579258050966,,,,
pairwise:B+C,same,2,steady,B,cpu_rss,C,OBSERVED,COMMON_OBSERVED_SLICE,,22,2026-10-06T12:47:04.277051+00:00,2026-10-06T12:48:49.284025+00:00,105.00260400772095,8.266461657809703,,,,
pairwise:B+C,same,2,steady,B,heap_gc,B,OBSERVED,COMMON_OBSERVED_SLICE,,22,2026-10-06T12:04:51.180811+00:00,2026-10-06T12:06:36.380276+00:00,105.00857329368591,,401958929.8181818,424169676,0.0,
pairwise:B+C,same,2,steady,B,heap_gc,C,OBSERVED,COMMON_OBSERVED_SLICE,,22,2026-10-06T12:47:04.278795+00:00,2026-10-06T12:48:49.495914+00:00,105.01407480239868,,399250775.6363636,426370764,0.0,
pairwise:B+C,same,2,steady,B,tick,PAIR_SUPPLIED,UNMEASURED,NO_COMMON_MEASUREMENT,Fewer than two contained real samples,,,,,,,,,
pairwise:B+C,same,2,steady,C,cpu_rss,B,OBSERVED,COMMON_OBSERVED_SLICE,,22,2026-10-06T12:04:51.179902+00:00,2026-10-06T12:06:36.181154+00:00,104.99950051307678,7.400035202103007,,,,
pairwise:B+C,same,2,steady,C,cpu_rss,C,OBSERVED,COMMON_OBSERVED_SLICE,,22,2026-10-06T12:47:04.277122+00:00,2026-10-06T12:48:49.278310+00:00,104.99941873550415,7.790519317640802,,,,
pairwise:B+C,same,2,steady,C,heap_gc,B,OBSERVED,COMMON_OBSERVED_SLICE,,22,2026-10-06T12:04:51.182247+00:00,2026-10-06T12:06:36.340575+00:00,104.96627283096313,,264883134.63636363,282565939,0.0,
pairwise:B+C,same,2,steady,C,heap_gc,C,OBSERVED,COMMON_OBSERVED_SLICE,,22,2026-10-06T12:47:04.279421+00:00,2026-10-06T12:48:49.565804+00:00,105.05839610099792,,278818089.09090906,300218572,0.0,
pairwise:B+C,same,2,steady,C,tick,PAIR_SUPPLIED,UNMEASURED,NO_COMMON_MEASUREMENT,Fewer than two contained real samples,,,,,,,,,
pairwise:B+C,same,2,warmup,A,cpu_rss,B,OBSERVED,COMMON_OBSERVED_SLICE,,4,2026-10-06T12:04:21.179565+00:00,2026-10-06T12:04:36.181973+00:00,15.000062227249146,9.26662822421436,,,,
pairwise:B+C,same,2,warmup,A,cpu_rss,C,OBSERVED,COMMON_OBSERVED_SLICE,,4,2026-10-06T12:46:34.276954+00:00,2026-10-06T12:46:49.279748+00:00,15.000948905944824,9.666055188184519,,,,
pairwise:B+C,same,2,warmup,A,heap_gc,B,OBSERVED,COMMON_OBSERVED_SLICE,,4,2026-10-06T12:04:21.181868+00:00,2026-10-06T12:04:36.454417+00:00,15.02469778060913,,346701619,612253491,0.010000000000000009,
pairwise:B+C,same,2,warmup,A,heap_gc,C,OBSERVED,COMMON_OBSERVED_SLICE,,4,2026-10-06T12:46:34.277833+00:00,2026-10-06T12:46:49.454846+00:00,14.95511507987976,,319662796,345352908,0.0,
pairwise:B+C,same,2,warmup,A,tick,PAIR_SUPPLIED,UNMEASURED,NO_COMMON_MEASUREMENT,Fewer than two contained real samples,,,,,,,,,
pairwise:B+C,same,2,warmup,B,cpu_rss,B,OBSERVED,COMMON_OBSERVED_SLICE,,4,2026-10-06T12:04:21.179688+00:00,2026-10-06T12:04:36.181361+00:00,14.999990940093994,7.7333380042210065,,,,
pairwise:B+C,same,2,warmup,B,cpu_rss,C,OBSERVED,COMMON_OBSERVED_SLICE,,4,2026-10-06T12:46:34.278067+00:00,2026-10-06T12:46:49.278924+00:00,14.999256134033203,7.667046883682878,,,,
pairwise:B+C,same,2,warmup,B,heap_gc,B,OBSERVED,COMMON_OBSERVED_SLICE,,4,2026-10-06T12:04:21.181394+00:00,2026-10-06T12:04:36.443581+00:00,15.046388864517212,,370430156,372789452,0.0,
pairwise:B+C,same,2,warmup,B,heap_gc,C,OBSERVED,COMMON_OBSERVED_SLICE,,4,2026-10-06T12:46:34.279383+00:00,2026-10-06T12:46:49.447537+00:00,14.980116128921509,,361883340,365553356,0.0,
pairwise:B+C,same,2,warmup,B,tick,PAIR_SUPPLIED,UNMEASURED,NO_COMMON_MEASUREMENT,Fewer than two contained real samples,,,,,,,,,
pairwise:B+C,same,2,warmup,C,cpu_rss,B,OBSERVED,COMMON_OBSERVED_SLICE,,4,2026-10-06T12:04:21.179777+00:00,2026-10-06T12:04:36.180865+00:00,15.000057697296143,6.8666402542282565,,,,
pairwise:B+C,same,2,warmup,C,cpu_rss,C,OBSERVED,COMMON_OBSERVED_SLICE,,4,2026-10-06T12:46:34.278105+00:00,2026-10-06T12:46:49.278440+00:00,14.999241352081299,7.333704246631023,,,,
pairwise:B+C,same,2,warmup,C,heap_gc,B,OBSERVED,COMMON_OBSERVED_SLICE,,4,2026-10-06T12:04:21.180802+00:00,2026-10-06T12:04:36.373747+00:00,14.992822885513306,,240098611,242720051,0.0,
pairwise:B+C,same,2,warmup,C,heap_gc,C,OBSERVED,COMMON_OBSERVED_SLICE,,4,2026-10-06T12:46:34.278926+00:00,2026-10-06T12:46:49.486684+00:00,14.996646404266357,,247789772,250935500,0.0,
pairwise:B+C,same,2,warmup,C,tick,PAIR_SUPPLIED,UNMEASURED,NO_COMMON_MEASUREMENT,Fewer than two contained real samples,,,,,,,,,
pairwise:B+C,same,3,low_flow,A,cpu_rss,B,OBSERVED,COMMON_OBSERVED_SLICE,,29,2026-10-06T12:12:36.179512+00:00,2026-10-06T12:14:56.181838+00:00,140.00060105323792,9.278531593632454,,,,
pairwise:B+C,same,3,low_flow,A,cpu_rss,C,OBSERVED,COMMON_OBSERVED_SLICE,,16,2026-10-06T12:53:19.276944+00:00,2026-10-06T12:54:34.280422+00:00,75.00106191635132,9.373200619266644,,,,
pairwise:B+C,same,3,low_flow,A,heap_gc,B,OBSERVED,COMMON_OBSERVED_SLICE,,29,2026-10-06T12:12:36.180723+00:00,2026-10-06T12:14:56.425804+00:00,140.0418438911438,,442904335.3448276,639861145,0.016000000000000014,
pairwise:B+C,same,3,low_flow,A,heap_gc,C,OBSERVED,COMMON_OBSERVED_SLICE,,16,2026-10-06T12:53:19.278356+00:00,2026-10-06T12:54:34.498555+00:00,75.0008647441864,,386876460.75,451670016,0.016000000000000014,
pairwise:B+C,same,3,low_flow,A,tick,PAIR_SUPPLIED,UNMEASURED,NO_COMMON_MEASUREMENT,Fewer than two contained real samples,,,,,,,,,
pairwise:B+C,same,3,low_flow,B,cpu_rss,B,OBSERVED,COMMON_OBSERVED_SLICE,,29,2026-10-06T12:12:36.179615+00:00,2026-10-06T12:14:56.181075+00:00,139.9999237060547,8.071432970010456,,,,
pairwise:B+C,same,3,low_flow,B,cpu_rss,C,OBSERVED,COMMON_OBSERVED_SLICE,,16,2026-10-06T12:53:19.277109+00:00,2026-10-06T12:54:34.279428+00:00,75.00002574920654,7.866663965861899,,,,
pairwise:B+C,same,3,low_flow,B,heap_gc,B,OBSERVED,COMMON_OBSERVED_SLICE,,29,2026-10-06T12:12:36.181364+00:00,2026-10-06T12:14:56.395011+00:00,139.99020981788635,,356949733.51724136,383778816,0.0,
pairwise:B+C,same,3,low_flow,B,heap_gc,C,OBSERVED,COMMON_OBSERVED_SLICE,,16,2026-10-06T12:53:19.279493+00:00,2026-10-06T12:54:34.479574+00:00,75.00352883338928,,370478387,386534707,0.0,
pairwise:B+C,same,3,low_flow,B,tick,PAIR_SUPPLIED,UNMEASURED,NO_COMMON_MEASUREMENT,Fewer than two contained real samples,,,,,,,,,
pairwise:B+C,same,3,low_flow,C,cpu_rss,B,OBSERVED,COMMON_OBSERVED_SLICE,,29,2026-10-06T12:12:36.179789+00:00,2026-10-06T12:14:56.182759+00:00,140.00046515464783,7.592831915421028,,,,
pairwise:B+C,same,3,low_flow,C,cpu_rss,C,OBSERVED,COMMON_OBSERVED_SLICE,,16,2026-10-06T12:53:19.277279+00:00,2026-10-06T12:54:34.278582+00:00,74.99978375434875,7.666688771841418,,,,
pairwise:B+C,same,3,low_flow,C,heap_gc,B,OBSERVED,COMMON_OBSERVED_SLICE,,29,2026-10-06T12:12:36.181860+00:00,2026-10-06T12:14:56.446315+00:00,140.02680110931396,,417651454.0344828,438803763,0.0,
pairwise:B+C,same,3,low_flow,C,heap_gc,C,OBSERVED,COMMON_OBSERVED_SLICE,,16,2026-10-06T12:53:19.279030+00:00,2026-10-06T12:54:34.511720+00:00,75.03548264503479,,363177676,421853388,0.006000000000000005,
pairwise:B+C,same,3,low_flow,C,tick,PAIR_SUPPLIED,UNMEASURED,NO_COMMON_MEASUREMENT,Fewer than two contained real samples,,,,,,,,,
pairwise:B+C,same,3,steady,A,cpu_rss,B,OBSERVED,COMMON_OBSERVED_SLICE,,22,2026-10-06T12:15:51.179551+00:00,2026-10-06T12:17:36.180642+00:00,104.99937343597412,9.981011940409768,,,,
pairwise:B+C,same,3,steady,A,cpu_rss,C,OBSERVED,COMMON_OBSERVED_SLICE,,22,2026-10-06T12:55:19.276946+00:00,2026-10-06T12:57:04.278065+00:00,104.99921298027039,11.428657091224894,,,,
pairwise:B+C,same,3,steady,A,heap_gc,B,OBSERVED,COMMON_OBSERVED_SLICE,,22,2026-10-06T12:15:51.181886+00:00,2026-10-06T12:17:36.342962+00:00,104.99720764160156,,440028452.6363636,634246758,0.0020000000000000018,
pairwise:B+C,same,3,steady,A,heap_gc,C,OBSERVED,COMMON_OBSERVED_SLICE,,22,2026-10-06T12:55:19.279584+00:00,2026-10-06T12:57:04.456854+00:00,104.96175718307495,,345987188.1818182,455160524,0.008999999999999897,
pairwise:B+C,same,3,steady,A,tick,PAIR_SUPPLIED,UNMEASURED,NO_COMMON_MEASUREMENT,Fewer than two contained real samples,,,,,,,,,
pairwise:B+C,same,3,steady,B,cpu_rss,B,OBSERVED,COMMON_OBSERVED_SLICE,,22,2026-10-06T12:15:51.179650+00:00,2026-10-06T12:17:36.182378+00:00,105.00090670585632,7.961836009111094,,,,
pairwise:B+C,same,3,steady,B,cpu_rss,C,OBSERVED,COMMON_OBSERVED_SLICE,,22,2026-10-06T12:55:19.277102+00:00,2026-10-06T12:57:04.278659+00:00,104.99974489212036,8.047638600152554,,,,
pairwise:B+C,same,3,steady,B,heap_gc,B,OBSERVED,COMMON_OBSERVED_SLICE,,22,2026-10-06T12:15:51.180570+00:00,2026-10-06T12:17:36.412827+00:00,105.03080248832703,,427676020.3636364,448790528,0.0,
pairwise:B+C,same,3,steady,B,heap_gc,C,OBSERVED,COMMON_OBSERVED_SLICE,,22,2026-10-06T12:55:19.279067+00:00,2026-10-06T12:57:04.462009+00:00,105.00623321533203,,435198165.90909094,460983603,0.0,
pairwise:B+C,same,3,steady,B,tick,PAIR_SUPPLIED,UNMEASURED,NO_COMMON_MEASUREMENT,Fewer than two contained real samples,,,,,,,,,
pairwise:B+C,same,3,steady,C,cpu_rss,B,OBSERVED,COMMON_OBSERVED_SLICE,,22,2026-10-06T12:15:51.180776+00:00,2026-10-06T12:17:36.181672+00:00,104.9996874332428,7.733356354191604,,,,
pairwise:B+C,same,3,steady,C,cpu_rss,C,OBSERVED,COMMON_OBSERVED_SLICE,,22,2026-10-06T12:55:19.277257+00:00,2026-10-06T12:57:04.279385+00:00,105.00044274330139,7.657110570148467,,,,
pairwise:B+C,same,3,steady,C,heap_gc,B,OBSERVED,COMMON_OBSERVED_SLICE,,22,2026-10-06T12:15:51.181424+00:00,2026-10-06T12:17:36.406141+00:00,104.99566173553467,,252146217.5,456629555,0.017000000000000126,
pairwise:B+C,same,3,steady,C,heap_gc,C,OBSERVED,COMMON_OBSERVED_SLICE,,22,2026-10-06T12:55:19.278300+00:00,2026-10-06T12:57:04.474204+00:00,104.98474144935608,,256046749.45454547,277065932,0.0,
pairwise:B+C,same,3,steady,C,tick,PAIR_SUPPLIED,UNMEASURED,NO_COMMON_MEASUREMENT,Fewer than two contained real samples,,,,,,,,,
pairwise:B+C,same,3,warmup,A,cpu_rss,B,OBSERVED,COMMON_OBSERVED_SLICE,,3,2026-10-06T12:15:21.179544+00:00,2026-10-06T12:15:31.181427+00:00,10.00038194656372,10.399602790745206,,,,
pairwise:B+C,same,3,warmup,A,cpu_rss,C,OBSERVED,COMMON_OBSERVED_SLICE,,4,2026-10-06T12:54:49.276912+00:00,2026-10-06T12:55:04.278219+00:00,14.999428987503052,10.800411144649082,,,,
pairwise:B+C,same,3,warmup,A,heap_gc,B,OBSERVED,COMMON_OBSERVED_SLICE,,3,2026-10-06T12:15:21.180703+00:00,2026-10-06T12:15:31.366882+00:00,9.988892078399658,,368607504.6666667,384685670,0.0,
pairwise:B+C,same,3,warmup,A,heap_gc,C,OBSERVED,COMMON_OBSERVED_SLICE,,4,2026-10-06T12:54:49.279360+00:00,2026-10-06T12:55:04.449486+00:00,14.993610382080078,,307049164,332477132,0.0,
pairwise:B+C,same,3,warmup,A,tick,PAIR_SUPPLIED,UNMEASURED,NO_COMMON_MEASUREMENT,Fewer than two contained real samples,,,,,,,,,
pairwise:B+C,same,3,warmup,B,cpu_rss,B,OBSERVED,COMMON_OBSERVED_SLICE,,3,2026-10-06T12:15:21.181004+00:00,2026-10-06T12:15:31.183398+00:00,9.999502658843994,8.200407840031989,,,,
pairwise:B+C,same,3,warmup,B,cpu_rss,C,OBSERVED,COMMON_OBSERVED_SLICE,,4,2026-10-06T12:54:49.277039+00:00,2026-10-06T12:55:04.279232+00:00,15.000417232513428,8.066442294533855,,,,
pairwise:B+C,same,3,warmup,B,heap_gc,B,OBSERVED,COMMON_OBSERVED_SLICE,,3,2026-10-06T12:15:21.183090+00:00,2026-10-06T12:15:31.421801+00:00,10.028284549713135,,396012202.6666667,397410304,0.0,
pairwise:B+C,same,3,warmup,B,heap_gc,C,OBSERVED,COMMON_OBSERVED_SLICE,,4,2026-10-06T12:54:49.278394+00:00,2026-10-06T12:55:04.435968+00:00,14.939944982528687,,397544755,401214771,0.0,
pairwise:B+C,same,3,warmup,B,tick,PAIR_SUPPLIED,UNMEASURED,NO_COMMON_MEASUREMENT,Fewer than two contained real samples,,,,,,,,,
pairwise:B+C,same,3,warmup,C,cpu_rss,B,OBSERVED,COMMON_OBSERVED_SLICE,,3,2026-10-06T12:15:21.181051+00:00,2026-10-06T12:15:31.182294+00:00,9.999593257904053,8.100329474498855,,,,
pairwise:B+C,same,3,warmup,C,cpu_rss,C,OBSERVED,COMMON_OBSERVED_SLICE,,4,2026-10-06T12:54:49.277126+00:00,2026-10-06T12:55:04.278855+00:00,14.999361753463745,7.733662398882554,,,,
pairwise:B+C,same,3,warmup,C,heap_gc,B,OBSERVED,COMMON_OBSERVED_SLICE,,3,2026-10-06T12:15:21.181886+00:00,2026-10-06T12:15:31.442712+00:00,9.999062538146973,,447891421.6666667,449289523,0.0,
pairwise:B+C,same,3,warmup,C,heap_gc,C,OBSERVED,COMMON_OBSERVED_SLICE,,4,2026-10-06T12:54:49.280109+00:00,2026-10-06T12:55:04.556528+00:00,15.024452686309814,,225685708,228831436,0.0,
pairwise:B+C,same,3,warmup,C,tick,PAIR_SUPPLIED,UNMEASURED,NO_COMMON_MEASUREMENT,Fewer than two contained real samples,,,,,,,,,
