round,utc,offset_seconds,observed_phase_id,observed_mode,window_reset_observed,sample_interval_seconds,sample_duration_seconds,error,status_tickets,status_registered_loaded_endpoints,status_active_endpoints,status_worker_queue,status_actual_tickets,status_transactions,status_errors,status_queue_rejected,status_quarantined,status_deferred_registry_decodes,status_dropped_wake_hints,status_local_exchange_calls,status_local_input_units,status_local_output_units,status_batch_devices,status_batch_records,status_batch_payload_bytes,status_local_wakes,status_remote_hint_wakes,status_poll_fallback,status_empty_batches,status_allocation_misses,status_local_credit_publications,status_local_ms_p50,status_local_ms_p95,status_local_ms_p99,status_local_ms_samples,status_queue_ms_p50,status_queue_ms_p95,status_queue_ms_p99,status_queue_ms_samples,status_execution_ms_p50,status_execution_ms_p95,status_execution_ms_p99,status_execution_ms_samples,status_apply_ms_p50,status_apply_ms_p95,status_apply_ms_p99,status_apply_ms_samples,status_tick_ms_p50,status_tick_ms_p95,status_tick_ms_p99,status_tick_ms_samples,status_delivery_ms_p50,status_delivery_ms_p95,status_delivery_ms_p99,status_delivery_ms_samples,status_sql_ms_p50,status_sql_ms_p95,status_sql_ms_p99,status_sql_ms_samples,status_db_transaction_ms_p50,status_db_transaction_ms_p95,status_db_transaction_ms_p99,status_db_transaction_ms_samples,status_db_connection_wait_ms_p50,status_db_connection_wait_ms_p95,status_db_connection_wait_ms_p99,status_db_connection_wait_ms_samples,status_db_transactions,status_db_transaction_attempts,status_db_statements,status_db_deadlock_retries,status_db_active_connections,status_wal_writes,status_wal_bytes,status_wal_identical_skipped,status_wal_barrier_ms_p50,status_wal_barrier_ms_p95,status_wal_barrier_ms_p99,status_wal_barrier_ms_samples,status_completion_admitted,status_ready_channels,status_ready_devices,status_closing_devices,status_mc_recorded_tick_ms_avg100,status_mc_target_ticks_per_second,status_reply,status_observer_start,status_observer_end,bulk_count,bulk_spawned,bulk_registered,bulk_bound,bulk_accepted,bulk_extracted,bulk_fixture_ms_total,bulk_fixture_ticks,bulk_reply,bulk_observer_start,bulk_observer_end,proc_cpu_total_seconds,proc_starttime_ticks,proc_threads,proc_rss_bytes,proc_rss_high_water_bytes,proc_virtual_bytes,proc_rss_anonymous_bytes,proc_rss_file_bytes,proc_fd_count,heap_committed_bytes,heap_used_bytes,proc_cpu_process_percent
0,2026-10-06T16:22:35.430123+00:00,0.0038311200005409773,1,ACTIVE_observed,False,,0.3263393199995335,,0,100,100,0,0,1209,0,0,0,0,0,8569,8288000,7994000,4248,4584,0,9604,455,14954,882,2106,80,0.001072,0.005878,0.009104,2048,0.088207,70.722065,98.119003,1210,22.734136,45.074856,53.559916,1209,24.503801,44.71722,64.233512,1209,0.341723,0.57279,0.911403,936,99.759267,99.980799,149.716139,74,29.043406,44.263221,52.26427,920,3.151289,35.319674,41.022437,2048,0.011317,0.023596,0.069464,2048,2819,2819,50459,0,0,4380,669636,0,0.925769,2.267643,4.187701,2048,1,1,97,0,0.76352,20.0,"STATUS online tickets=0 {registered_loaded_endpoints=100, active_endpoints=100, worker_queue=0, actual_tickets=0, transactions=1209, errors=0, queue_rejected=0, quarantined=0, deferred_registry_decodes=0, dropped_wake_hints=0, local_exchange_calls=8569, local_input_units=8288000, local_output_units=7994000, batch_devices=4248, batch_records=4584, batch_payload_bytes=0, local_wakes=9604, remote_hint_wakes=455, poll_fallback=14954, empty_batches=882, allocation_misses=2106, local_credit_publications=80, local_ms_p50=0.001072, local_ms_p95=0.005878, local_ms_p99=0.009104, local_ms_samples=2048, queue_ms_p50=0.088207, queue_ms_p95=70.722065, queue_ms_p99=98.119003, queue_ms_samples=1210, execution_ms_p50=22.734136, execution_ms_p95=45.074856, execution_ms_p99=53.559916, execution_ms_samples=1209, apply_ms_p50=24.503801, apply_ms_p95=44.71722, apply_ms_p99=64.233512, apply_ms_samples=1209, tick_ms_p50=0.341723, tick_ms_p95=0.57279, tick_ms_p99=0.911403, tick_ms_samples=936, delivery_ms_p50=99.759267, delivery_ms_p95=99.980799, delivery_ms_p99=149.716139, delivery_ms_samples=74, sql_ms_p50=29.043406, sql_ms_p95=44.263221, sql_ms_p99=52.26427, sql_ms_samples=920, db_transaction_ms_p50=3.151289, db_transaction_ms_p95=35.319674, db_transaction_ms_p99=41.022437, db_transaction_ms_samples=2048, db_connection_wait_ms_p50=0.011317, db_connection_wait_ms_p95=0.023596, db_connection_wait_ms_p99=0.069464, db_connection_wait_ms_samples=2048, db_transactions=2819, db_transaction_attempts=2819, db_statements=50459, db_deadlock_retries=0, db_active_connections=0, wal_writes=4380, wal_bytes=669636, wal_identical_skipped=0, wal_barrier_ms_p50=0.925769, wal_barrier_ms_p95=2.267643, wal_barrier_ms_p99=4.187701, wal_barrier_ms_samples=2048, completion_admitted=1, ready_channels=1, ready_devices=97, closing_devices=0, mc_recorded_tick_ms_avg100=0.76352, mc_target_ticks_per_second=20.0}
",28150.883553309,28150.888147545,100,100,100,100,8288000,7994000,220.947747,3569,"BULK count=100 spawned=100 registered=100 bound=100 accepted=8288000 extracted=7994000 fixture_ms_total=220.947747 fixture_ticks=3569
",28150.888239193,28150.889272103,81.62,2795808,55,797450240,800555008,6579019776,770228224,27123712,273,395313152,284586905,
1,2026-10-06T16:22:37.430240+00:00,2.0039420499997505,1,ACTIVE_observed,False,2.0001109299992095,0.0072287129987671506,,0,100,100,0,0,1248,0,0,0,0,0,8904,8608000,8377000,4408,4761,0,9979,472,15297,882,2181,86,0.001092,0.005929,0.009644,2048,0.087486,70.208062,98.119003,1249,22.751178,45.218345,53.600899,1248,24.481501,44.71722,64.233512,1248,0.342083,0.589235,0.957828,976,99.759267,99.966862,149.716139,80,29.057621,44.410484,52.633133,959,3.183128,35.319674,41.10676,2048,0.011147,0.022174,0.066369,2048,2910,2911,52318,0,1,4552,696864,0,0.916496,2.078761,4.110055,2048,1,1,100,0,0.849209,20.0,"STATUS online tickets=0 {registered_loaded_endpoints=100, active_endpoints=100, worker_queue=0, actual_tickets=0, transactions=1248, errors=0, queue_rejected=0, quarantined=0, deferred_registry_decodes=0, dropped_wake_hints=0, local_exchange_calls=8904, local_input_units=8608000, local_output_units=8377000, batch_devices=4408, batch_records=4761, batch_payload_bytes=0, local_wakes=9979, remote_hint_wakes=472, poll_fallback=15297, empty_batches=882, allocation_misses=2181, local_credit_publications=86, local_ms_p50=0.001092, local_ms_p95=0.005929, local_ms_p99=0.009644, local_ms_samples=2048, queue_ms_p50=0.087486, queue_ms_p95=70.208062, queue_ms_p99=98.119003, queue_ms_samples=1249, execution_ms_p50=22.751178, execution_ms_p95=45.218345, execution_ms_p99=53.600899, execution_ms_samples=1248, apply_ms_p50=24.481501, apply_ms_p95=44.71722, apply_ms_p99=64.233512, apply_ms_samples=1248, tick_ms_p50=0.342083, tick_ms_p95=0.589235, tick_ms_p99=0.957828, tick_ms_samples=976, delivery_ms_p50=99.759267, delivery_ms_p95=99.966862, delivery_ms_p99=149.716139, delivery_ms_samples=80, sql_ms_p50=29.057621, sql_ms_p95=44.410484, sql_ms_p99=52.633133, sql_ms_samples=959, db_transaction_ms_p50=3.183128, db_transaction_ms_p95=35.319674, db_transaction_ms_p99=41.10676, db_transaction_ms_samples=2048, db_connection_wait_ms_p50=0.011147, db_connection_wait_ms_p95=0.022174, db_connection_wait_ms_p99=0.066369, db_connection_wait_ms_samples=2048, db_transactions=2910, db_transaction_attempts=2911, db_statements=52318, db_deadlock_retries=0, db_active_connections=1, wal_writes=4552, wal_bytes=696864, wal_identical_skipped=0, wal_barrier_ms_p50=0.916496, wal_barrier_ms_p95=2.078761, wal_barrier_ms_p99=4.110055, wal_barrier_ms_samples=2048, completion_admitted=1, ready_channels=1, ready_devices=100, closing_devices=0, mc_recorded_tick_ms_avg100=0.849209, mc_target_ticks_per_second=20.0}
",28152.883894915,28152.888196673,100,100,100,100,8608000,8377000,223.297468,3609,"BULK count=100 spawned=100 registered=100 bound=100 accepted=8608000 extracted=8377000 fixture_ms_total=223.297468 fixture_ticks=3609
",28152.888334981,28152.889357346,82.09,2795808,55,797528064,800555008,6579019776,770306048,27123712,273,,,23.49869664479983
2,2026-10-06T16:22:39.430228+00:00,4.003929767000955,1,ACTIVE_observed,False,1.9999877170012041,0.008267802997579565,,0,100,100,0,0,1288,0,0,0,0,0,9237,8928000,8704000,4568,4942,0,10352,492,15644,882,2255,91,0.001092,0.005949,0.009404,2048,0.087111,69.777125,98.119003,1289,22.751178,45.074856,53.600899,1288,24.481501,44.71722,64.233512,1288,0.341723,0.604808,0.961043,1016,99.75837,99.966862,149.716139,85,29.057621,44.410484,52.633133,999,3.18395,35.406687,40.722285,2048,0.010716,0.022964,0.069464,2048,3012,3013,54250,0,1,4729,724057,0,0.913521,1.881265,3.900732,2048,1,1,100,0,0.907317,20.0,"STATUS online tickets=0 {registered_loaded_endpoints=100, active_endpoints=100, worker_queue=0, actual_tickets=0, transactions=1288, errors=0, queue_rejected=0, quarantined=0, deferred_registry_decodes=0, dropped_wake_hints=0, local_exchange_calls=9237, local_input_units=8928000, local_output_units=8704000, batch_devices=4568, batch_records=4942, batch_payload_bytes=0, local_wakes=10352, remote_hint_wakes=492, poll_fallback=15644, empty_batches=882, allocation_misses=2255, local_credit_publications=91, local_ms_p50=0.001092, local_ms_p95=0.005949, local_ms_p99=0.009404, local_ms_samples=2048, queue_ms_p50=0.087111, queue_ms_p95=69.777125, queue_ms_p99=98.119003, queue_ms_samples=1289, execution_ms_p50=22.751178, execution_ms_p95=45.074856, execution_ms_p99=53.600899, execution_ms_samples=1288, apply_ms_p50=24.481501, apply_ms_p95=44.71722, apply_ms_p99=64.233512, apply_ms_samples=1288, tick_ms_p50=0.341723, tick_ms_p95=0.604808, tick_ms_p99=0.961043, tick_ms_samples=1016, delivery_ms_p50=99.75837, delivery_ms_p95=99.966862, delivery_ms_p99=149.716139, delivery_ms_samples=85, sql_ms_p50=29.057621, sql_ms_p95=44.410484, sql_ms_p99=52.633133, sql_ms_samples=999, db_transaction_ms_p50=3.18395, db_transaction_ms_p95=35.406687, db_transaction_ms_p99=40.722285, db_transaction_ms_samples=2048, db_connection_wait_ms_p50=0.010716, db_connection_wait_ms_p95=0.022964, db_connection_wait_ms_p99=0.069464, db_connection_wait_ms_samples=2048, db_transactions=3012, db_transaction_attempts=3013, db_statements=54250, db_deadlock_retries=0, db_active_connections=1, wal_writes=4729, wal_bytes=724057, wal_identical_skipped=0, wal_barrier_ms_p50=0.913521, wal_barrier_ms_p95=1.881265, wal_barrier_ms_p99=3.900732, wal_barrier_ms_samples=2048, completion_admitted=1, ready_channels=1, ready_devices=100, closing_devices=0, mc_recorded_tick_ms_avg100=0.907317, mc_target_ticks_per_second=20.0}
",28154.883833188,28154.888767516,100,100,100,100,8928000,8704000,225.787466,3649,"BULK count=100 spawned=100 registered=100 bound=100 accepted=8928000 extracted=8704000 fixture_ms_total=225.787466 fixture_ticks=3649
",28154.888889869,28154.889888479,82.63,2795808,54,797577216,800555008,6579019776,770355200,27123712,273,,,27.00016582150174
3,2026-10-06T16:22:41.430208+00:00,6.003910577997885,1,ACTIVE_observed,False,1.9999808109969308,0.005782341002486646,,0,100,100,0,0,1326,0,0,0,0,0,9566,9248000,8951000,4720,5112,0,10721,511,15990,882,2330,94,0.001061,0.006029,0.008954,2048,0.086825,68.668221,97.371331,1327,22.751178,45.218345,54.010892,1326,24.68025,44.665806,62.20094,1326,0.341202,0.604808,0.976025,1056,99.75837,99.980799,149.716139,88,29.057621,44.425268,53.008978,1037,3.183128,35.676207,40.772483,2048,0.010395,0.021792,0.066369,2048,3109,3110,56056,0,1,4894,751078,0,0.913712,1.691109,3.35167,2048,1,1,100,0,0.920609,20.0,"STATUS online tickets=0 {registered_loaded_endpoints=100, active_endpoints=100, worker_queue=0, actual_tickets=0, transactions=1326, errors=0, queue_rejected=0, quarantined=0, deferred_registry_decodes=0, dropped_wake_hints=0, local_exchange_calls=9566, local_input_units=9248000, local_output_units=8951000, batch_devices=4720, batch_records=5112, batch_payload_bytes=0, local_wakes=10721, remote_hint_wakes=511, poll_fallback=15990, empty_batches=882, allocation_misses=2330, local_credit_publications=94, local_ms_p50=0.001061, local_ms_p95=0.006029, local_ms_p99=0.008954, local_ms_samples=2048, queue_ms_p50=0.086825, queue_ms_p95=68.668221, queue_ms_p99=97.371331, queue_ms_samples=1327, execution_ms_p50=22.751178, execution_ms_p95=45.218345, execution_ms_p99=54.010892, execution_ms_samples=1326, apply_ms_p50=24.68025, apply_ms_p95=44.665806, apply_ms_p99=62.20094, apply_ms_samples=1326, tick_ms_p50=0.341202, tick_ms_p95=0.604808, tick_ms_p99=0.976025, tick_ms_samples=1056, delivery_ms_p50=99.75837, delivery_ms_p95=99.980799, delivery_ms_p99=149.716139, delivery_ms_samples=88, sql_ms_p50=29.057621, sql_ms_p95=44.425268, sql_ms_p99=53.008978, sql_ms_samples=1037, db_transaction_ms_p50=3.183128, db_transaction_ms_p95=35.676207, db_transaction_ms_p99=40.772483, db_transaction_ms_samples=2048, db_connection_wait_ms_p50=0.010395, db_connection_wait_ms_p95=0.021792, db_connection_wait_ms_p99=0.066369, db_connection_wait_ms_samples=2048, db_transactions=3109, db_transaction_attempts=3110, db_statements=56056, db_deadlock_retries=0, db_active_connections=1, wal_writes=4894, wal_bytes=751078, wal_identical_skipped=0, wal_barrier_ms_p50=0.913712, wal_barrier_ms_p95=1.691109, wal_barrier_ms_p99=3.35167, wal_barrier_ms_samples=2048, completion_admitted=1, ready_channels=1, ready_devices=100, closing_devices=0, mc_recorded_tick_ms_avg100=0.920609, mc_target_ticks_per_second=20.0}
",28156.883873247,28156.886557257,100,100,100,100,9248000,8951000,227.793297,3689,"BULK count=100 spawned=100 registered=100 bound=100 accepted=9248000 extracted=8951000 fixture_ms_total=227.793297 fixture_ticks=3689
",28156.886714153,28156.888303269,83.07,2795808,54,797630464,800555008,6579019776,770408448,27123712,273,,,22.000211081058865
4,2026-10-06T16:22:43.430223+00:00,8.003924206997908,1,ACTIVE_observed,False,2.0000136290000228,0.009996658001909964,,0,100,100,0,0,1361,0,0,0,0,0,9899,9568000,9308000,4864,5279,0,11094,527,16329,882,2405,97,0.001031,0.006259,0.009404,2048,0.086851,67.734409,97.371331,1361,23.090546,45.643863,55.910044,1361,24.68025,44.665806,62.20094,1360,0.340982,0.607592,1.084273,1096,99.759267,100.311623,149.868883,91,29.18311,45.319329,55.83675,1072,3.289498,36.051945,42.745339,2048,0.010236,0.022223,0.07316,2048,3194,3194,57797,0,0,5043,774483,0,0.925048,1.881265,4.009666,2048,1,1,100,0,0.875435,20.0,"STATUS online tickets=0 {registered_loaded_endpoints=100, active_endpoints=100, worker_queue=0, actual_tickets=0, transactions=1361, errors=0, queue_rejected=0, quarantined=0, deferred_registry_decodes=0, dropped_wake_hints=0, local_exchange_calls=9899, local_input_units=9568000, local_output_units=9308000, batch_devices=4864, batch_records=5279, batch_payload_bytes=0, local_wakes=11094, remote_hint_wakes=527, poll_fallback=16329, empty_batches=882, allocation_misses=2405, local_credit_publications=97, local_ms_p50=0.001031, local_ms_p95=0.006259, local_ms_p99=0.009404, local_ms_samples=2048, queue_ms_p50=0.086851, queue_ms_p95=67.734409, queue_ms_p99=97.371331, queue_ms_samples=1361, execution_ms_p50=23.090546, execution_ms_p95=45.643863, execution_ms_p99=55.910044, execution_ms_samples=1361, apply_ms_p50=24.68025, apply_ms_p95=44.665806, apply_ms_p99=62.20094, apply_ms_samples=1360, tick_ms_p50=0.340982, tick_ms_p95=0.607592, tick_ms_p99=1.084273, tick_ms_samples=1096, delivery_ms_p50=99.759267, delivery_ms_p95=100.311623, delivery_ms_p99=149.868883, delivery_ms_samples=91, sql_ms_p50=29.18311, sql_ms_p95=45.319329, sql_ms_p99=55.83675, sql_ms_samples=1072, db_transaction_ms_p50=3.289498, db_transaction_ms_p95=36.051945, db_transaction_ms_p99=42.745339, db_transaction_ms_samples=2048, db_connection_wait_ms_p50=0.010236, db_connection_wait_ms_p95=0.022223, db_connection_wait_ms_p99=0.07316, db_connection_wait_ms_samples=2048, db_transactions=3194, db_transaction_attempts=3194, db_statements=57797, db_deadlock_retries=0, db_active_connections=0, wal_writes=5043, wal_bytes=774483, wal_identical_skipped=0, wal_barrier_ms_p50=0.925048, wal_barrier_ms_p95=1.881265, wal_barrier_ms_p99=4.009666, wal_barrier_ms_samples=2048, completion_admitted=1, ready_channels=1, ready_devices=100, closing_devices=0, mc_recorded_tick_ms_avg100=0.875435, mc_target_ticks_per_second=20.0}
",28158.883843152,28158.891133726,100,100,100,100,9568000,9308000,232.753897,3729,"BULK count=100 spawned=100 registered=100 bound=100 accepted=9568000 extracted=9308000 fixture_ms_total=232.753897 fixture_ticks=3729
",28158.891287938,28158.892469742,83.91,2795808,54,797790208,800555008,6579019776,770568192,27123712,273,,,41.99971379295005
5,2026-10-06T16:22:45.430233+00:00,10.003935147000448,1,ACTIVE_observed,False,2.0000109400025394,0.304227014999924,,0,100,100,0,0,1395,0,0,0,0,0,10228,9888000,9575000,5008,5442,0,11463,544,16663,882,2473,99,0.001042,0.00639,0.010235,2048,0.08647,67.267607,97.371331,1396,23.202016,45.786432,56.207121,1395,25.283235,44.70659,62.20094,1395,0.33946,0.606911,0.976025,1136,99.759267,100.311623,149.868883,93,29.18311,45.467009,55.83675,1106,3.346034,36.377893,42.745339,2048,0.010135,0.022964,0.07316,2048,3281,3282,59462,0,1,5184,797312,0,0.941047,2.195967,4.65043,2048,1,1,100,0,0.913471,20.0,"STATUS online tickets=0 {registered_loaded_endpoints=100, active_endpoints=100, worker_queue=0, actual_tickets=0, transactions=1395, errors=0, queue_rejected=0, quarantined=0, deferred_registry_decodes=0, dropped_wake_hints=0, local_exchange_calls=10228, local_input_units=9888000, local_output_units=9575000, batch_devices=5008, batch_records=5442, batch_payload_bytes=0, local_wakes=11463, remote_hint_wakes=544, poll_fallback=16663, empty_batches=882, allocation_misses=2473, local_credit_publications=99, local_ms_p50=0.001042, local_ms_p95=0.00639, local_ms_p99=0.010235, local_ms_samples=2048, queue_ms_p50=0.08647, queue_ms_p95=67.267607, queue_ms_p99=97.371331, queue_ms_samples=1396, execution_ms_p50=23.202016, execution_ms_p95=45.786432, execution_ms_p99=56.207121, execution_ms_samples=1395, apply_ms_p50=25.283235, apply_ms_p95=44.70659, apply_ms_p99=62.20094, apply_ms_samples=1395, tick_ms_p50=0.33946, tick_ms_p95=0.606911, tick_ms_p99=0.976025, tick_ms_samples=1136, delivery_ms_p50=99.759267, delivery_ms_p95=100.311623, delivery_ms_p99=149.868883, delivery_ms_samples=93, sql_ms_p50=29.18311, sql_ms_p95=45.467009, sql_ms_p99=55.83675, sql_ms_samples=1106, db_transaction_ms_p50=3.346034, db_transaction_ms_p95=36.377893, db_transaction_ms_p99=42.745339, db_transaction_ms_samples=2048, db_connection_wait_ms_p50=0.010135, db_connection_wait_ms_p95=0.022964, db_connection_wait_ms_p99=0.07316, db_connection_wait_ms_samples=2048, db_transactions=3281, db_transaction_attempts=3282, db_statements=59462, db_deadlock_retries=0, db_active_connections=1, wal_writes=5184, wal_bytes=797312, wal_identical_skipped=0, wal_barrier_ms_p50=0.941047, wal_barrier_ms_p95=2.195967, wal_barrier_ms_p99=4.65043, wal_barrier_ms_samples=2048, completion_admitted=1, ready_channels=1, ready_devices=100, closing_devices=0, mc_recorded_tick_ms_avg100=0.913471, mc_target_ticks_per_second=20.0}
",28160.883834562,28160.886205952,100,100,100,100,9888000,9575000,234.896455,3769,"BULK count=100 spawned=100 registered=100 bound=100 accepted=9888000 extracted=9575000 fixture_ms_total=234.896455 fixture_ticks=3769
",28160.886319122,28160.887357381,84.48,2795808,54,797782016,800555008,6579019776,770560000,27123712,273,395313152,274923520,28.499844105816923
6,2026-10-06T16:22:47.430221+00:00,12.003921283998352,1,ACTIVE_observed,False,1.9999861369979044,0.005711426001653308,,0,100,100,0,0,1430,0,0,0,0,0,10559,10208000,9908000,5152,5608,0,11834,562,16997,882,2543,102,0.001061,0.00631,0.010716,2048,0.08646,66.255127,96.256452,1431,23.313678,46.356897,57.834372,1430,25.165013,44.665806,57.531038,1430,0.338669,0.606911,0.976025,1176,99.759267,100.311623,149.868883,96,29.339737,45.745008,58.297762,1141,3.376268,36.646126,43.64491,2048,0.009744,0.021603,0.069464,2048,3369,3370,61210,0,1,5339,821795,0,0.943066,2.396888,5.571596,2048,1,1,100,0,0.840895,20.0,"STATUS online tickets=0 {registered_loaded_endpoints=100, active_endpoints=100, worker_queue=0, actual_tickets=0, transactions=1430, errors=0, queue_rejected=0, quarantined=0, deferred_registry_decodes=0, dropped_wake_hints=0, local_exchange_calls=10559, local_input_units=10208000, local_output_units=9908000, batch_devices=5152, batch_records=5608, batch_payload_bytes=0, local_wakes=11834, remote_hint_wakes=562, poll_fallback=16997, empty_batches=882, allocation_misses=2543, local_credit_publications=102, local_ms_p50=0.001061, local_ms_p95=0.00631, local_ms_p99=0.010716, local_ms_samples=2048, queue_ms_p50=0.08646, queue_ms_p95=66.255127, queue_ms_p99=96.256452, queue_ms_samples=1431, execution_ms_p50=23.313678, execution_ms_p95=46.356897, execution_ms_p99=57.834372, execution_ms_samples=1430, apply_ms_p50=25.165013, apply_ms_p95=44.665806, apply_ms_p99=57.531038, apply_ms_samples=1430, tick_ms_p50=0.338669, tick_ms_p95=0.606911, tick_ms_p99=0.976025, tick_ms_samples=1176, delivery_ms_p50=99.759267, delivery_ms_p95=100.311623, delivery_ms_p99=149.868883, delivery_ms_samples=96, sql_ms_p50=29.339737, sql_ms_p95=45.745008, sql_ms_p99=58.297762, sql_ms_samples=1141, db_transaction_ms_p50=3.376268, db_transaction_ms_p95=36.646126, db_transaction_ms_p99=43.64491, db_transaction_ms_samples=2048, db_connection_wait_ms_p50=0.009744, db_connection_wait_ms_p95=0.021603, db_connection_wait_ms_p99=0.069464, db_connection_wait_ms_samples=2048, db_transactions=3369, db_transaction_attempts=3370, db_statements=61210, db_deadlock_retries=0, db_active_connections=1, wal_writes=5339, wal_bytes=821795, wal_identical_skipped=0, wal_barrier_ms_p50=0.943066, wal_barrier_ms_p95=2.396888, wal_barrier_ms_p99=5.571596, wal_barrier_ms_samples=2048, completion_admitted=1, ready_channels=1, ready_devices=100, closing_devices=0, mc_recorded_tick_ms_avg100=0.840895, mc_target_ticks_per_second=20.0}
",28162.8838742,28162.886963358,100,100,100,100,10208000,9908000,236.654066,3809,"BULK count=100 spawned=100 registered=100 bound=100 accepted=10208000 extracted=9908000 fixture_ms_total=236.654066 fixture_ticks=3809
",28162.887129377,28162.88822966,84.96,2795808,54,797937664,800555008,6579019776,770715648,27123712,273,,,24.00016635717774
7,2026-10-06T16:22:49.430249+00:00,14.003950451999117,1,ACTIVE_observed,False,2.000029168000765,0.004998555999918608,,0,100,100,0,0,1469,0,0,0,0,0,10887,10528000,10145000,5312,5777,0,12202,578,17340,882,2630,103,0.001072,0.006009,0.009414,2048,0.087142,65.855607,96.256452,1469,23.489341,46.612385,57.834372,1469,25.165013,44.665806,57.531038,1468,0.338328,0.604808,0.961043,1216,99.759616,100.311623,149.868883,97,29.365359,45.809878,58.297762,1180,3.386833,36.834189,44.0743,2048,0.009774,0.021603,0.063105,2048,3462,3462,62948,0,0,5501,846213,0,0.948434,2.349963,5.670224,2048,1,1,100,0,0.736766,20.0,"STATUS online tickets=0 {registered_loaded_endpoints=100, active_endpoints=100, worker_queue=0, actual_tickets=0, transactions=1469, errors=0, queue_rejected=0, quarantined=0, deferred_registry_decodes=0, dropped_wake_hints=0, local_exchange_calls=10887, local_input_units=10528000, local_output_units=10145000, batch_devices=5312, batch_records=5777, batch_payload_bytes=0, local_wakes=12202, remote_hint_wakes=578, poll_fallback=17340, empty_batches=882, allocation_misses=2630, local_credit_publications=103, local_ms_p50=0.001072, local_ms_p95=0.006009, local_ms_p99=0.009414, local_ms_samples=2048, queue_ms_p50=0.087142, queue_ms_p95=65.855607, queue_ms_p99=96.256452, queue_ms_samples=1469, execution_ms_p50=23.489341, execution_ms_p95=46.612385, execution_ms_p99=57.834372, execution_ms_samples=1469, apply_ms_p50=25.165013, apply_ms_p95=44.665806, apply_ms_p99=57.531038, apply_ms_samples=1468, tick_ms_p50=0.338328, tick_ms_p95=0.604808, tick_ms_p99=0.961043, tick_ms_samples=1216, delivery_ms_p50=99.759616, delivery_ms_p95=100.311623, delivery_ms_p99=149.868883, delivery_ms_samples=97, sql_ms_p50=29.365359, sql_ms_p95=45.809878, sql_ms_p99=58.297762, sql_ms_samples=1180, db_transaction_ms_p50=3.386833, db_transaction_ms_p95=36.834189, db_transaction_ms_p99=44.0743, db_transaction_ms_samples=2048, db_connection_wait_ms_p50=0.009774, db_connection_wait_ms_p95=0.021603, db_connection_wait_ms_p99=0.063105, db_connection_wait_ms_samples=2048, db_transactions=3462, db_transaction_attempts=3462, db_statements=62948, db_deadlock_retries=0, db_active_connections=0, wal_writes=5501, wal_bytes=846213, wal_identical_skipped=0, wal_barrier_ms_p50=0.948434, wal_barrier_ms_p95=2.349963, wal_barrier_ms_p99=5.670224, wal_barrier_ms_samples=2048, completion_admitted=1, ready_channels=1, ready_devices=100, closing_devices=0, mc_recorded_tick_ms_avg100=0.736766, mc_target_ticks_per_second=20.0}
",28164.8839117,28164.886578073,100,100,100,100,10528000,10145000,238.597809,3849,"BULK count=100 spawned=100 registered=100 bound=100 accepted=10528000 extracted=10145000 fixture_ms_total=238.597809 fixture_ticks=3849
",28164.886728629,28164.887639357,85.71,2795808,54,797921280,800555008,6579019776,770699264,27123712,274,,,37.499453107961536
8,2026-10-06T16:22:51.430239+00:00,16.00394054299977,1,ACTIVE_observed,False,1.9999900910006545,0.005529239999304991,,0,100,100,0,0,1508,0,0,0,0,0,11222,10848000,10562000,5472,5948,0,12577,596,17678,882,2710,106,0.001062,0.006049,0.009535,2048,0.087552,65.258882,95.957738,1508,23.489341,46.631869,57.631507,1508,25.283235,44.665806,50.796003,1507,0.338658,0.607592,0.961043,1256,99.764897,100.016266,149.716139,100,29.400043,46.356226,57.83306,1219,3.406411,37.177765,44.419864,2048,0.009874,0.021372,0.060551,2048,3558,3558,64741,0,0,5664,870512,0,0.938188,2.293343,5.670224,2048,1,1,100,0,0.741871,20.0,"STATUS online tickets=0 {registered_loaded_endpoints=100, active_endpoints=100, worker_queue=0, actual_tickets=0, transactions=1508, errors=0, queue_rejected=0, quarantined=0, deferred_registry_decodes=0, dropped_wake_hints=0, local_exchange_calls=11222, local_input_units=10848000, local_output_units=10562000, batch_devices=5472, batch_records=5948, batch_payload_bytes=0, local_wakes=12577, remote_hint_wakes=596, poll_fallback=17678, empty_batches=882, allocation_misses=2710, local_credit_publications=106, local_ms_p50=0.001062, local_ms_p95=0.006049, local_ms_p99=0.009535, local_ms_samples=2048, queue_ms_p50=0.087552, queue_ms_p95=65.258882, queue_ms_p99=95.957738, queue_ms_samples=1508, execution_ms_p50=23.489341, execution_ms_p95=46.631869, execution_ms_p99=57.631507, execution_ms_samples=1508, apply_ms_p50=25.283235, apply_ms_p95=44.665806, apply_ms_p99=50.796003, apply_ms_samples=1507, tick_ms_p50=0.338658, tick_ms_p95=0.607592, tick_ms_p99=0.961043, tick_ms_samples=1256, delivery_ms_p50=99.764897, delivery_ms_p95=100.016266, delivery_ms_p99=149.716139, delivery_ms_samples=100, sql_ms_p50=29.400043, sql_ms_p95=46.356226, sql_ms_p99=57.83306, sql_ms_samples=1219, db_transaction_ms_p50=3.406411, db_transaction_ms_p95=37.177765, db_transaction_ms_p99=44.419864, db_transaction_ms_samples=2048, db_connection_wait_ms_p50=0.009874, db_connection_wait_ms_p95=0.021372, db_connection_wait_ms_p99=0.060551, db_connection_wait_ms_samples=2048, db_transactions=3558, db_transaction_attempts=3558, db_statements=64741, db_deadlock_retries=0, db_active_connections=0, wal_writes=5664, wal_bytes=870512, wal_identical_skipped=0, wal_barrier_ms_p50=0.938188, wal_barrier_ms_p95=2.293343, wal_barrier_ms_p99=5.670224, wal_barrier_ms_samples=2048, completion_admitted=1, ready_channels=1, ready_devices=100, closing_devices=0, mc_recorded_tick_ms_avg100=0.741871, mc_target_ticks_per_second=20.0}
",28166.883856783,28166.887213502,100,100,100,100,10848000,10562000,240.885568,3889,"BULK count=100 spawned=100 registered=100 bound=100 accepted=10848000 extracted=10562000 fixture_ms_total=240.885568 fixture_ticks=3889
",28166.887331459,28166.888383368,86.17,2795808,54,797974528,800555008,6579019776,770752512,27123712,273,,,23.000113954057458
9,2026-10-06T16:22:53.430228+00:00,18.003929571998015,1,ACTIVE_observed,False,1.9999890289982432,0.005179102001420688,,0,100,100,0,0,1545,0,0,0,0,0,11551,11168000,10830000,5632,6119,0,12946,614,18012,882,2787,108,0.001071,0.006209,0.009494,2048,0.088058,63.724257,95.957738,1546,23.98311,46.795296,58.300607,1545,25.372237,44.665806,50.796003,1545,0.338658,0.604808,0.961043,1296,99.764897,100.016266,149.716139,102,29.400043,46.610783,58.698568,1256,3.355836,37.344094,44.662115,2048,0.010075,0.021372,0.055513,2048,3651,3652,66507,0,1,5823,895631,0,0.93885,2.37739,5.718556,2048,1,1,96,0,0.743047,20.0,"STATUS online tickets=0 {registered_loaded_endpoints=100, active_endpoints=100, worker_queue=0, actual_tickets=0, transactions=1545, errors=0, queue_rejected=0, quarantined=0, deferred_registry_decodes=0, dropped_wake_hints=0, local_exchange_calls=11551, local_input_units=11168000, local_output_units=10830000, batch_devices=5632, batch_records=6119, batch_payload_bytes=0, local_wakes=12946, remote_hint_wakes=614, poll_fallback=18012, empty_batches=882, allocation_misses=2787, local_credit_publications=108, local_ms_p50=0.001071, local_ms_p95=0.006209, local_ms_p99=0.009494, local_ms_samples=2048, queue_ms_p50=0.088058, queue_ms_p95=63.724257, queue_ms_p99=95.957738, queue_ms_samples=1546, execution_ms_p50=23.98311, execution_ms_p95=46.795296, execution_ms_p99=58.300607, execution_ms_samples=1545, apply_ms_p50=25.372237, apply_ms_p95=44.665806, apply_ms_p99=50.796003, apply_ms_samples=1545, tick_ms_p50=0.338658, tick_ms_p95=0.604808, tick_ms_p99=0.961043, tick_ms_samples=1296, delivery_ms_p50=99.764897, delivery_ms_p95=100.016266, delivery_ms_p99=149.716139, delivery_ms_samples=102, sql_ms_p50=29.400043, sql_ms_p95=46.610783, sql_ms_p99=58.698568, sql_ms_samples=1256, db_transaction_ms_p50=3.355836, db_transaction_ms_p95=37.344094, db_transaction_ms_p99=44.662115, db_transaction_ms_samples=2048, db_connection_wait_ms_p50=0.010075, db_connection_wait_ms_p95=0.021372, db_connection_wait_ms_p99=0.055513, db_connection_wait_ms_samples=2048, db_transactions=3651, db_transaction_attempts=3652, db_statements=66507, db_deadlock_retries=0, db_active_connections=1, wal_writes=5823, wal_bytes=895631, wal_identical_skipped=0, wal_barrier_ms_p50=0.93885, wal_barrier_ms_p95=2.37739, wal_barrier_ms_p99=5.718556, wal_barrier_ms_samples=2048, completion_admitted=1, ready_channels=1, ready_devices=96, closing_devices=0, mc_recorded_tick_ms_avg100=0.743047, mc_target_ticks_per_second=20.0}
",28168.883842748,28168.88633875,100,100,100,100,11168000,10830000,242.743382,3929,"BULK count=100 spawned=100 registered=100 bound=100 accepted=11168000 extracted=10830000 fixture_ms_total=242.743382 fixture_ticks=3929
",28168.88647829,28168.88737077,86.71,2795808,54,798035968,800555008,6579019776,770813952,27123712,273,,,27.000148109335775
10,2026-10-06T16:22:55.430233+00:00,20.003933470998163,1,ACTIVE_observed,False,2.0000038990001485,0.006779339000786422,,0,100,100,0,0,1580,0,0,0,0,0,11883,11488000,11162000,5776,6291,0,13318,630,18355,882,2858,109,0.001101,0.00665,0.010446,2048,0.088458,62.956905,95.957738,1581,23.98311,47.336393,58.700911,1580,25.608124,44.71722,50.796003,1580,0.337968,0.607592,0.961043,1336,99.764897,100.016266,149.716139,103,29.445171,46.979725,58.747116,1291,3.355836,37.827922,44.842064,2048,0.010576,0.021553,0.053511,2048,3738,3738,68263,0,0,5972,919860,0,0.937478,2.442527,5.718556,2048,1,1,94,0,0.858343,20.0,"STATUS online tickets=0 {registered_loaded_endpoints=100, active_endpoints=100, worker_queue=0, actual_tickets=0, transactions=1580, errors=0, queue_rejected=0, quarantined=0, deferred_registry_decodes=0, dropped_wake_hints=0, local_exchange_calls=11883, local_input_units=11488000, local_output_units=11162000, batch_devices=5776, batch_records=6291, batch_payload_bytes=0, local_wakes=13318, remote_hint_wakes=630, poll_fallback=18355, empty_batches=882, allocation_misses=2858, local_credit_publications=109, local_ms_p50=0.001101, local_ms_p95=0.00665, local_ms_p99=0.010446, local_ms_samples=2048, queue_ms_p50=0.088458, queue_ms_p95=62.956905, queue_ms_p99=95.957738, queue_ms_samples=1581, execution_ms_p50=23.98311, execution_ms_p95=47.336393, execution_ms_p99=58.700911, execution_ms_samples=1580, apply_ms_p50=25.608124, apply_ms_p95=44.71722, apply_ms_p99=50.796003, apply_ms_samples=1580, tick_ms_p50=0.337968, tick_ms_p95=0.607592, tick_ms_p99=0.961043, tick_ms_samples=1336, delivery_ms_p50=99.764897, delivery_ms_p95=100.016266, delivery_ms_p99=149.716139, delivery_ms_samples=103, sql_ms_p50=29.445171, sql_ms_p95=46.979725, sql_ms_p99=58.747116, sql_ms_samples=1291, db_transaction_ms_p50=3.355836, db_transaction_ms_p95=37.827922, db_transaction_ms_p99=44.842064, db_transaction_ms_samples=2048, db_connection_wait_ms_p50=0.010576, db_connection_wait_ms_p95=0.021553, db_connection_wait_ms_p99=0.053511, db_connection_wait_ms_samples=2048, db_transactions=3738, db_transaction_attempts=3738, db_statements=68263, db_deadlock_retries=0, db_active_connections=0, wal_writes=5972, wal_bytes=919860, wal_identical_skipped=0, wal_barrier_ms_p50=0.937478, wal_barrier_ms_p95=2.442527, wal_barrier_ms_p99=5.718556, wal_barrier_ms_samples=2048, completion_admitted=1, ready_channels=1, ready_devices=94, closing_devices=0, mc_recorded_tick_ms_avg100=0.858343, mc_target_ticks_per_second=20.0}
",28170.883846646,28170.888023418,100,100,100,100,11488000,11162000,244.956165,3969,"BULK count=100 spawned=100 registered=100 bound=100 accepted=11488000 extracted=11162000 fixture_ms_total=244.956165 fixture_ticks=3969
",28170.88814476,28170.889039233,87.21,2795808,54,798093312,800555008,6579019776,770871296,27123712,273,,,24.999951262593157
11,2026-10-06T16:22:57.430212+00:00,22.003914689998055,1,ACTIVE_observed,False,1.999981218999892,0.35688802799995756,,0,100,100,0,0,1620,0,0,0,0,0,12215,11808000,11509000,5936,6464,0,13690,648,18691,882,2942,112,0.001141,0.006971,0.010546,2048,0.088588,61.461109,95.256155,1620,24.032397,47.336393,58.300607,1620,25.608124,44.70659,50.637447,1619,0.337957,0.607592,0.970427,1376,99.764897,100.311623,149.816352,106,29.499084,46.979725,58.698568,1331,3.358402,37.827922,44.732336,2048,0.011077,0.022214,0.05336,2048,3833,3833,70071,0,0,6140,945692,0,0.929355,2.396744,5.718556,2048,1,1,100,0,0.875767,20.0,"STATUS online tickets=0 {registered_loaded_endpoints=100, active_endpoints=100, worker_queue=0, actual_tickets=0, transactions=1620, errors=0, queue_rejected=0, quarantined=0, deferred_registry_decodes=0, dropped_wake_hints=0, local_exchange_calls=12215, local_input_units=11808000, local_output_units=11509000, batch_devices=5936, batch_records=6464, batch_payload_bytes=0, local_wakes=13690, remote_hint_wakes=648, poll_fallback=18691, empty_batches=882, allocation_misses=2942, local_credit_publications=112, local_ms_p50=0.001141, local_ms_p95=0.006971, local_ms_p99=0.010546, local_ms_samples=2048, queue_ms_p50=0.088588, queue_ms_p95=61.461109, queue_ms_p99=95.256155, queue_ms_samples=1620, execution_ms_p50=24.032397, execution_ms_p95=47.336393, execution_ms_p99=58.300607, execution_ms_samples=1620, apply_ms_p50=25.608124, apply_ms_p95=44.70659, apply_ms_p99=50.637447, apply_ms_samples=1619, tick_ms_p50=0.337957, tick_ms_p95=0.607592, tick_ms_p99=0.970427, tick_ms_samples=1376, delivery_ms_p50=99.764897, delivery_ms_p95=100.311623, delivery_ms_p99=149.816352, delivery_ms_samples=106, sql_ms_p50=29.499084, sql_ms_p95=46.979725, sql_ms_p99=58.698568, sql_ms_samples=1331, db_transaction_ms_p50=3.358402, db_transaction_ms_p95=37.827922, db_transaction_ms_p99=44.732336, db_transaction_ms_samples=2048, db_connection_wait_ms_p50=0.011077, db_connection_wait_ms_p95=0.022214, db_connection_wait_ms_p99=0.05336, db_connection_wait_ms_samples=2048, db_transactions=3833, db_transaction_attempts=3833, db_statements=70071, db_deadlock_retries=0, db_active_connections=0, wal_writes=6140, wal_bytes=945692, wal_identical_skipped=0, wal_barrier_ms_p50=0.929355, wal_barrier_ms_p95=2.396744, wal_barrier_ms_p99=5.718556, wal_barrier_ms_samples=2048, completion_admitted=1, ready_channels=1, ready_devices=100, closing_devices=0, mc_recorded_tick_ms_avg100=0.875767, mc_target_ticks_per_second=20.0}
",28172.883820715,28172.886909798,100,100,100,100,11808000,11509000,247.082622,4009,"BULK count=100 spawned=100 registered=100 bound=100 accepted=11808000 extracted=11509000 fixture_ms_total=247.082622 fixture_ticks=4009
",28172.887087795,28172.888342449,87.7,2795808,54,798072832,800555008,6579019776,770850816,27123712,273,395313152,288630579,24.500230069412243
12,2026-10-06T16:22:59.430245+00:00,24.00394649900045,1,ACTIVE_observed,False,2.000031809002394,0.004586284998367773,,0,100,100,0,0,1659,0,0,0,0,0,12547,12128000,11846000,6112,6654,0,14062,664,19026,882,3026,115,0.001161,0.007201,0.011016,2048,0.088273,61.224143,95.256155,1659,24.256784,47.510307,58.700911,1659,25.585178,44.638991,50.637447,1658,0.337507,0.604808,0.961043,1416,99.766321,100.311623,149.816352,109,29.565348,47.101246,58.747116,1370,3.378733,37.915392,47.091117,2048,0.011257,0.023215,0.052469,2048,3921,3922,72005,0,1,6320,973064,0,0.915254,2.37739,5.718556,2048,1,1,100,0,0.790963,20.0,"STATUS online tickets=0 {registered_loaded_endpoints=100, active_endpoints=100, worker_queue=0, actual_tickets=0, transactions=1659, errors=0, queue_rejected=0, quarantined=0, deferred_registry_decodes=0, dropped_wake_hints=0, local_exchange_calls=12547, local_input_units=12128000, local_output_units=11846000, batch_devices=6112, batch_records=6654, batch_payload_bytes=0, local_wakes=14062, remote_hint_wakes=664, poll_fallback=19026, empty_batches=882, allocation_misses=3026, local_credit_publications=115, local_ms_p50=0.001161, local_ms_p95=0.007201, local_ms_p99=0.011016, local_ms_samples=2048, queue_ms_p50=0.088273, queue_ms_p95=61.224143, queue_ms_p99=95.256155, queue_ms_samples=1659, execution_ms_p50=24.256784, execution_ms_p95=47.510307, execution_ms_p99=58.700911, execution_ms_samples=1659, apply_ms_p50=25.585178, apply_ms_p95=44.638991, apply_ms_p99=50.637447, apply_ms_samples=1658, tick_ms_p50=0.337507, tick_ms_p95=0.604808, tick_ms_p99=0.961043, tick_ms_samples=1416, delivery_ms_p50=99.766321, delivery_ms_p95=100.311623, delivery_ms_p99=149.816352, delivery_ms_samples=109, sql_ms_p50=29.565348, sql_ms_p95=47.101246, sql_ms_p99=58.747116, sql_ms_samples=1370, db_transaction_ms_p50=3.378733, db_transaction_ms_p95=37.915392, db_transaction_ms_p99=47.091117, db_transaction_ms_samples=2048, db_connection_wait_ms_p50=0.011257, db_connection_wait_ms_p95=0.023215, db_connection_wait_ms_p99=0.052469, db_connection_wait_ms_samples=2048, db_transactions=3921, db_transaction_attempts=3922, db_statements=72005, db_deadlock_retries=0, db_active_connections=1, wal_writes=6320, wal_bytes=973064, wal_identical_skipped=0, wal_barrier_ms_p50=0.915254, wal_barrier_ms_p95=2.37739, wal_barrier_ms_p99=5.718556, wal_barrier_ms_samples=2048, completion_admitted=1, ready_channels=1, ready_devices=100, closing_devices=0, mc_recorded_tick_ms_avg100=0.790963, mc_target_ticks_per_second=20.0}
",28174.883882829,28174.886447599,100,100,100,100,12128000,11846000,249.074611,4049,"BULK count=100 spawned=100 registered=100 bound=100 accepted=12128000 extracted=11846000 fixture_ms_total=249.074611 fixture_ticks=4049
",28174.88657451,28174.88743414,88.2,2795808,54,798191616,800555008,6579019776,770969600,27123712,273,,,24.999602393793804
13,2026-10-06T16:23:01.430224+00:00,26.003926478999347,1,ACTIVE_observed,False,1.9999799799988978,0.004567578998830868,,0,100,100,0,0,1698,0,0,0,0,0,12877,12448000,12157000,6264,6813,0,14432,681,19363,882,3107,117,0.001161,0.00691,0.009834,2048,0.087942,60.69598,95.256155,1698,24.115703,47.386862,58.700911,1698,25.608124,44.620924,50.637447,1697,0.338138,0.606911,0.970427,1456,99.766321,100.910496,149.816352,111,29.56068,46.979725,58.698568,1409,3.419724,38.285649,47.343923,2048,0.011317,0.023295,0.050826,2048,4013,4013,73654,0,0,6476,996380,0,0.899811,2.339228,5.735492,2048,1,1,100,0,0.83222,20.0,"STATUS online tickets=0 {registered_loaded_endpoints=100, active_endpoints=100, worker_queue=0, actual_tickets=0, transactions=1698, errors=0, queue_rejected=0, quarantined=0, deferred_registry_decodes=0, dropped_wake_hints=0, local_exchange_calls=12877, local_input_units=12448000, local_output_units=12157000, batch_devices=6264, batch_records=6813, batch_payload_bytes=0, local_wakes=14432, remote_hint_wakes=681, poll_fallback=19363, empty_batches=882, allocation_misses=3107, local_credit_publications=117, local_ms_p50=0.001161, local_ms_p95=0.00691, local_ms_p99=0.009834, local_ms_samples=2048, queue_ms_p50=0.087942, queue_ms_p95=60.69598, queue_ms_p99=95.256155, queue_ms_samples=1698, execution_ms_p50=24.115703, execution_ms_p95=47.386862, execution_ms_p99=58.700911, execution_ms_samples=1698, apply_ms_p50=25.608124, apply_ms_p95=44.620924, apply_ms_p99=50.637447, apply_ms_samples=1697, tick_ms_p50=0.338138, tick_ms_p95=0.606911, tick_ms_p99=0.970427, tick_ms_samples=1456, delivery_ms_p50=99.766321, delivery_ms_p95=100.910496, delivery_ms_p99=149.816352, delivery_ms_samples=111, sql_ms_p50=29.56068, sql_ms_p95=46.979725, sql_ms_p99=58.698568, sql_ms_samples=1409, db_transaction_ms_p50=3.419724, db_transaction_ms_p95=38.285649, db_transaction_ms_p99=47.343923, db_transaction_ms_samples=2048, db_connection_wait_ms_p50=0.011317, db_connection_wait_ms_p95=0.023295, db_connection_wait_ms_p99=0.050826, db_connection_wait_ms_samples=2048, db_transactions=4013, db_transaction_attempts=4013, db_statements=73654, db_deadlock_retries=0, db_active_connections=0, wal_writes=6476, wal_bytes=996380, wal_identical_skipped=0, wal_barrier_ms_p50=0.899811, wal_barrier_ms_p95=2.339228, wal_barrier_ms_p99=5.735492, wal_barrier_ms_samples=2048, completion_admitted=1, ready_channels=1, ready_devices=100, closing_devices=0, mc_recorded_tick_ms_avg100=0.83222, mc_target_ticks_per_second=20.0}
",28176.883826986,28176.88646023,100,100,100,100,12448000,12157000,251.401974,4089,"BULK count=100 spawned=100 registered=100 bound=100 accepted=12448000 extracted=12157000 fixture_ms_total=251.401974 fixture_ticks=4089
",28176.886600651,28176.887360371,89.36,2795808,54,805306368,805306368,6579019776,778084352,27123712,274,,,58.000580585843466
14,2026-10-06T16:23:03.430215+00:00,28.0039174070007,1,ACTIVE_observed,False,1.9999909280013526,0.0056647469973540865,,0,100,100,0,0,1737,0,0,0,0,0,13207,12768000,12454000,6432,7003,0,14802,700,19697,882,3183,120,0.001142,0.00645,0.009714,2048,0.087296,59.107834,94.55432,1738,24.256784,47.308118,58.300607,1737,25.608124,44.570609,50.47981,1737,0.337857,0.603747,0.970427,1496,99.764897,100.910496,149.816352,114,29.499084,46.794395,58.698568,1448,3.419755,38.375618,47.343923,2048,0.011267,0.023425,0.050826,2048,4111,4112,75629,0,1,6649,1024177,0,0.879881,2.349963,5.735492,2048,1,1,100,0,0.847551,20.0,"STATUS online tickets=0 {registered_loaded_endpoints=100, active_endpoints=100, worker_queue=0, actual_tickets=0, transactions=1737, errors=0, queue_rejected=0, quarantined=0, deferred_registry_decodes=0, dropped_wake_hints=0, local_exchange_calls=13207, local_input_units=12768000, local_output_units=12454000, batch_devices=6432, batch_records=7003, batch_payload_bytes=0, local_wakes=14802, remote_hint_wakes=700, poll_fallback=19697, empty_batches=882, allocation_misses=3183, local_credit_publications=120, local_ms_p50=0.001142, local_ms_p95=0.00645, local_ms_p99=0.009714, local_ms_samples=2048, queue_ms_p50=0.087296, queue_ms_p95=59.107834, queue_ms_p99=94.55432, queue_ms_samples=1738, execution_ms_p50=24.256784, execution_ms_p95=47.308118, execution_ms_p99=58.300607, execution_ms_samples=1737, apply_ms_p50=25.608124, apply_ms_p95=44.570609, apply_ms_p99=50.47981, apply_ms_samples=1737, tick_ms_p50=0.337857, tick_ms_p95=0.603747, tick_ms_p99=0.970427, tick_ms_samples=1496, delivery_ms_p50=99.764897, delivery_ms_p95=100.910496, delivery_ms_p99=149.816352, delivery_ms_samples=114, sql_ms_p50=29.499084, sql_ms_p95=46.794395, sql_ms_p99=58.698568, sql_ms_samples=1448, db_transaction_ms_p50=3.419755, db_transaction_ms_p95=38.375618, db_transaction_ms_p99=47.343923, db_transaction_ms_samples=2048, db_connection_wait_ms_p50=0.011267, db_connection_wait_ms_p95=0.023425, db_connection_wait_ms_p99=0.050826, db_connection_wait_ms_samples=2048, db_transactions=4111, db_transaction_attempts=4112, db_statements=75629, db_deadlock_retries=0, db_active_connections=1, wal_writes=6649, wal_bytes=1024177, wal_identical_skipped=0, wal_barrier_ms_p50=0.879881, wal_barrier_ms_p95=2.349963, wal_barrier_ms_p99=5.735492, wal_barrier_ms_samples=2048, completion_admitted=1, ready_channels=1, ready_devices=100, closing_devices=0, mc_recorded_tick_ms_avg100=0.847551, mc_target_ticks_per_second=20.0}
",28178.883819225,28178.886458719,100,100,100,100,12768000,12454000,254.08818,4129,"BULK count=100 spawned=100 registered=100 bound=100 accepted=12768000 extracted=12454000 fixture_ms_total=254.08818 fixture_ticks=4129
",28178.886620432,28178.888062708,89.81,2795808,54,805380096,805380096,6579019776,778158080,27123712,273,,,22.500102060447873
15,2026-10-06T16:23:05.430206+00:00,30.003908456001227,1,ACTIVE_observed,False,1.9999910490005277,0.0046811180000077,,0,100,100,0,0,1778,0,0,0,0,0,13541,13088000,12847000,6600,7187,0,15176,718,20035,882,3268,123,0.001122,0.00625,0.009144,2048,0.087131,58.26248,94.55432,1778,24.294941,46.981327,58.300607,1778,25.585178,44.52835,50.47981,1777,0.336405,0.606911,0.961043,1536,99.764897,100.910496,149.816352,117,29.499084,46.6515,58.698568,1489,3.376268,38.6913,47.343923,2048,0.011337,0.023475,0.050826,2048,4208,4208,77548,0,0,6825,1050977,0,0.860772,2.379152,5.735492,2048,1,1,95,0,0.874258,20.0,"STATUS online tickets=0 {registered_loaded_endpoints=100, active_endpoints=100, worker_queue=0, actual_tickets=0, transactions=1778, errors=0, queue_rejected=0, quarantined=0, deferred_registry_decodes=0, dropped_wake_hints=0, local_exchange_calls=13541, local_input_units=13088000, local_output_units=12847000, batch_devices=6600, batch_records=7187, batch_payload_bytes=0, local_wakes=15176, remote_hint_wakes=718, poll_fallback=20035, empty_batches=882, allocation_misses=3268, local_credit_publications=123, local_ms_p50=0.001122, local_ms_p95=0.00625, local_ms_p99=0.009144, local_ms_samples=2048, queue_ms_p50=0.087131, queue_ms_p95=58.26248, queue_ms_p99=94.55432, queue_ms_samples=1778, execution_ms_p50=24.294941, execution_ms_p95=46.981327, execution_ms_p99=58.300607, execution_ms_samples=1778, apply_ms_p50=25.585178, apply_ms_p95=44.52835, apply_ms_p99=50.47981, apply_ms_samples=1777, tick_ms_p50=0.336405, tick_ms_p95=0.606911, tick_ms_p99=0.961043, tick_ms_samples=1536, delivery_ms_p50=99.764897, delivery_ms_p95=100.910496, delivery_ms_p99=149.816352, delivery_ms_samples=117, sql_ms_p50=29.499084, sql_ms_p95=46.6515, sql_ms_p99=58.698568, sql_ms_samples=1489, db_transaction_ms_p50=3.376268, db_transaction_ms_p95=38.6913, db_transaction_ms_p99=47.343923, db_transaction_ms_samples=2048, db_connection_wait_ms_p50=0.011337, db_connection_wait_ms_p95=0.023475, db_connection_wait_ms_p99=0.050826, db_connection_wait_ms_samples=2048, db_transactions=4208, db_transaction_attempts=4208, db_statements=77548, db_deadlock_retries=0, db_active_connections=0, wal_writes=6825, wal_bytes=1050977, wal_identical_skipped=0, wal_barrier_ms_p50=0.860772, wal_barrier_ms_p95=2.379152, wal_barrier_ms_p99=5.735492, wal_barrier_ms_samples=2048, completion_admitted=1, ready_channels=1, ready_devices=95, closing_devices=0, mc_recorded_tick_ms_avg100=0.874258, mc_target_ticks_per_second=20.0}
",28180.883829213,28180.886501515,100,100,100,100,13088000,12847000,256.4511,4169,"BULK count=100 spawned=100 registered=100 bound=100 accepted=13088000 extracted=12847000 fixture_ms_total=256.4511 fixture_ticks=4169
",28180.886637639,28180.887492923,90.31,2795808,54,805818368,805818368,6579154944,778596352,27123712,273,,,25.00011188799416
16,2026-10-06T16:23:07.430154+00:00,32.003855757000565,1,ACTIVE_observed,False,1.999947300999338,0.004848939999646973,,0,100,100,0,0,1818,0,0,0,0,0,13873,13408000,13190000,6768,7367,0,15548,737,20373,882,3354,127,0.001111,0.00612,0.008934,2048,0.087036,57.468844,94.342773,1818,24.349472,46.795296,57.834372,1818,25.405592,44.496728,50.053681,1817,0.335764,0.604808,0.970427,1576,99.766321,100.311623,149.816352,121,29.499084,46.610783,58.297762,1529,3.376268,38.6913,47.091117,2048,0.011317,0.023535,0.05336,2048,4307,4307,79407,0,0,6993,1076305,0,0.841503,2.37739,5.670224,2048,1,1,94,0,0.807498,20.0,"STATUS online tickets=0 {registered_loaded_endpoints=100, active_endpoints=100, worker_queue=0, actual_tickets=0, transactions=1818, errors=0, queue_rejected=0, quarantined=0, deferred_registry_decodes=0, dropped_wake_hints=0, local_exchange_calls=13873, local_input_units=13408000, local_output_units=13190000, batch_devices=6768, batch_records=7367, batch_payload_bytes=0, local_wakes=15548, remote_hint_wakes=737, poll_fallback=20373, empty_batches=882, allocation_misses=3354, local_credit_publications=127, local_ms_p50=0.001111, local_ms_p95=0.00612, local_ms_p99=0.008934, local_ms_samples=2048, queue_ms_p50=0.087036, queue_ms_p95=57.468844, queue_ms_p99=94.342773, queue_ms_samples=1818, execution_ms_p50=24.349472, execution_ms_p95=46.795296, execution_ms_p99=57.834372, execution_ms_samples=1818, apply_ms_p50=25.405592, apply_ms_p95=44.496728, apply_ms_p99=50.053681, apply_ms_samples=1817, tick_ms_p50=0.335764, tick_ms_p95=0.604808, tick_ms_p99=0.970427, tick_ms_samples=1576, delivery_ms_p50=99.766321, delivery_ms_p95=100.311623, delivery_ms_p99=149.816352, delivery_ms_samples=121, sql_ms_p50=29.499084, sql_ms_p95=46.610783, sql_ms_p99=58.297762, sql_ms_samples=1529, db_transaction_ms_p50=3.376268, db_transaction_ms_p95=38.6913, db_transaction_ms_p99=47.091117, db_transaction_ms_samples=2048, db_connection_wait_ms_p50=0.011317, db_connection_wait_ms_p95=0.023535, db_connection_wait_ms_p99=0.05336, db_connection_wait_ms_samples=2048, db_transactions=4307, db_transaction_attempts=4307, db_statements=79407, db_deadlock_retries=0, db_active_connections=0, wal_writes=6993, wal_bytes=1076305, wal_identical_skipped=0, wal_barrier_ms_p50=0.841503, wal_barrier_ms_p95=2.37739, wal_barrier_ms_p99=5.670224, wal_barrier_ms_samples=2048, completion_admitted=1, ready_channels=1, ready_devices=94, closing_devices=0, mc_recorded_tick_ms_avg100=0.807498, mc_target_ticks_per_second=20.0}
",28182.883772458,28182.886240834,100,100,100,100,13408000,13190000,258.457281,4209,"BULK count=100 spawned=100 registered=100 bound=100 accepted=13408000 extracted=13190000 fixture_ms_total=258.457281 fixture_ticks=4209
",28182.886345651,28182.887607445,90.74,2795808,54,805888000,805888000,6579154944,778665984,27123712,273,,,21.50056652918451
17,2026-10-06T16:23:09.430256+00:00,34.00395747799848,1,ACTIVE_observed,False,2.000101720997918,0.3143201550010417,,0,100,100,0,0,1858,0,0,0,0,0,14202,13728000,13430000,6928,7531,0,15917,757,20710,882,3427,130,0.001112,0.006149,0.008202,2048,0.086851,56.744116,94.342773,1858,24.349472,46.654083,57.834372,1858,25.405592,44.250499,50.053681,1857,0.334903,0.602314,0.961043,1616,99.766321,100.311623,149.816352,124,29.495667,46.536776,58.297762,1569,3.358402,38.621463,47.091117,2048,0.011167,0.023475,0.05336,2048,4409,4409,81181,0,0,7165,1101557,0,0.81879,2.175617,4.482742,2048,1,1,100,0,0.741265,20.0,"STATUS online tickets=0 {registered_loaded_endpoints=100, active_endpoints=100, worker_queue=0, actual_tickets=0, transactions=1858, errors=0, queue_rejected=0, quarantined=0, deferred_registry_decodes=0, dropped_wake_hints=0, local_exchange_calls=14202, local_input_units=13728000, local_output_units=13430000, batch_devices=6928, batch_records=7531, batch_payload_bytes=0, local_wakes=15917, remote_hint_wakes=757, poll_fallback=20710, empty_batches=882, allocation_misses=3427, local_credit_publications=130, local_ms_p50=0.001112, local_ms_p95=0.006149, local_ms_p99=0.008202, local_ms_samples=2048, queue_ms_p50=0.086851, queue_ms_p95=56.744116, queue_ms_p99=94.342773, queue_ms_samples=1858, execution_ms_p50=24.349472, execution_ms_p95=46.654083, execution_ms_p99=57.834372, execution_ms_samples=1858, apply_ms_p50=25.405592, apply_ms_p95=44.250499, apply_ms_p99=50.053681, apply_ms_samples=1857, tick_ms_p50=0.334903, tick_ms_p95=0.602314, tick_ms_p99=0.961043, tick_ms_samples=1616, delivery_ms_p50=99.766321, delivery_ms_p95=100.311623, delivery_ms_p99=149.816352, delivery_ms_samples=124, sql_ms_p50=29.495667, sql_ms_p95=46.536776, sql_ms_p99=58.297762, sql_ms_samples=1569, db_transaction_ms_p50=3.358402, db_transaction_ms_p95=38.621463, db_transaction_ms_p99=47.091117, db_transaction_ms_samples=2048, db_connection_wait_ms_p50=0.011167, db_connection_wait_ms_p95=0.023475, db_connection_wait_ms_p99=0.05336, db_connection_wait_ms_samples=2048, db_transactions=4409, db_transaction_attempts=4409, db_statements=81181, db_deadlock_retries=0, db_active_connections=0, wal_writes=7165, wal_bytes=1101557, wal_identical_skipped=0, wal_barrier_ms_p50=0.81879, wal_barrier_ms_p95=2.175617, wal_barrier_ms_p99=4.482742, wal_barrier_ms_samples=2048, completion_admitted=1, ready_channels=1, ready_devices=100, closing_devices=0, mc_recorded_tick_ms_avg100=0.741265, mc_target_ticks_per_second=20.0}
",28184.883880298,28184.887747404,100,100,100,100,13728000,13430000,260.314239,4249,"BULK count=100 spawned=100 registered=100 bound=100 accepted=13728000 extracted=13430000 fixture_ms_total=260.314239 fixture_ticks=4249
",28184.887862106,28184.888995858,91.17,2795808,54,805928960,805928960,6579154944,778706944,27123712,273,395313152,308005580,21.498906554885885
18,2026-10-06T16:23:11.430236+00:00,36.00393812599941,1,ACTIVE_observed,False,1.9999806480009283,0.00411693099886179,,0,100,100,0,0,1896,0,0,0,0,0,14532,14048000,13746000,7088,7711,0,16287,774,21049,882,3513,132,0.001081,0.006059,0.008353,2048,0.087036,56.127074,94.342773,1896,24.41745,46.654083,58.300607,1896,25.405592,44.389114,50.053681,1895,0.333711,0.602314,0.976025,1656,99.766321,100.311623,149.816352,126,29.495667,46.536776,58.297762,1607,3.372555,38.692589,47.392042,2048,0.011047,0.023656,0.056114,2048,4500,4500,83040,0,0,7332,1128468,0,0.801749,1.93802,3.935229,2048,1,1,100,0,0.71816,20.0,"STATUS online tickets=0 {registered_loaded_endpoints=100, active_endpoints=100, worker_queue=0, actual_tickets=0, transactions=1896, errors=0, queue_rejected=0, quarantined=0, deferred_registry_decodes=0, dropped_wake_hints=0, local_exchange_calls=14532, local_input_units=14048000, local_output_units=13746000, batch_devices=7088, batch_records=7711, batch_payload_bytes=0, local_wakes=16287, remote_hint_wakes=774, poll_fallback=21049, empty_batches=882, allocation_misses=3513, local_credit_publications=132, local_ms_p50=0.001081, local_ms_p95=0.006059, local_ms_p99=0.008353, local_ms_samples=2048, queue_ms_p50=0.087036, queue_ms_p95=56.127074, queue_ms_p99=94.342773, queue_ms_samples=1896, execution_ms_p50=24.41745, execution_ms_p95=46.654083, execution_ms_p99=58.300607, execution_ms_samples=1896, apply_ms_p50=25.405592, apply_ms_p95=44.389114, apply_ms_p99=50.053681, apply_ms_samples=1895, tick_ms_p50=0.333711, tick_ms_p95=0.602314, tick_ms_p99=0.976025, tick_ms_samples=1656, delivery_ms_p50=99.766321, delivery_ms_p95=100.311623, delivery_ms_p99=149.816352, delivery_ms_samples=126, sql_ms_p50=29.495667, sql_ms_p95=46.536776, sql_ms_p99=58.297762, sql_ms_samples=1607, db_transaction_ms_p50=3.372555, db_transaction_ms_p95=38.692589, db_transaction_ms_p99=47.392042, db_transaction_ms_samples=2048, db_connection_wait_ms_p50=0.011047, db_connection_wait_ms_p95=0.023656, db_connection_wait_ms_p99=0.056114, db_connection_wait_ms_samples=2048, db_transactions=4500, db_transaction_attempts=4500, db_statements=83040, db_deadlock_retries=0, db_active_connections=0, wal_writes=7332, wal_bytes=1128468, wal_identical_skipped=0, wal_barrier_ms_p50=0.801749, wal_barrier_ms_p95=1.93802, wal_barrier_ms_p99=3.935229, wal_barrier_ms_samples=2048, completion_admitted=1, ready_channels=1, ready_devices=100, closing_devices=0, mc_recorded_tick_ms_avg100=0.71816, mc_target_ticks_per_second=20.0}
",28186.883826284,28186.886091525,100,100,100,100,14048000,13746000,262.329244,4289,"BULK count=100 spawned=100 registered=100 bound=100 accepted=14048000 extracted=13746000 fixture_ms_total=262.329244 fixture_ticks=4289
",28186.886196583,28186.886985707,91.57,2795808,54,805965824,805965824,6579154944,778743808,27123712,274,,,20.00019352186281
19,2026-10-06T16:23:13.430222+00:00,38.00392400800047,1,ACTIVE_observed,False,1.9999858820010559,0.004881409000518033,,0,100,100,0,0,1935,0,0,0,0,0,14863,14368000,14073000,7248,7893,0,16658,793,21380,882,3592,135,0.001072,0.006059,0.008473,2048,0.087111,54.628013,93.038214,1935,24.434406,46.631869,57.834372,1935,25.405592,44.389114,49.977552,1934,0.332389,0.601583,0.976025,1696,99.766321,100.311623,149.816352,129,29.495667,46.363346,58.297762,1646,3.378733,38.710119,47.392042,2048,0.010947,0.023215,0.05336,2048,4598,4598,84926,0,0,7499,1154323,0,0.774923,1.685907,3.386118,2048,1,1,100,0,0.710927,20.0,"STATUS online tickets=0 {registered_loaded_endpoints=100, active_endpoints=100, worker_queue=0, actual_tickets=0, transactions=1935, errors=0, queue_rejected=0, quarantined=0, deferred_registry_decodes=0, dropped_wake_hints=0, local_exchange_calls=14863, local_input_units=14368000, local_output_units=14073000, batch_devices=7248, batch_records=7893, batch_payload_bytes=0, local_wakes=16658, remote_hint_wakes=793, poll_fallback=21380, empty_batches=882, allocation_misses=3592, local_credit_publications=135, local_ms_p50=0.001072, local_ms_p95=0.006059, local_ms_p99=0.008473, local_ms_samples=2048, queue_ms_p50=0.087111, queue_ms_p95=54.628013, queue_ms_p99=93.038214, queue_ms_samples=1935, execution_ms_p50=24.434406, execution_ms_p95=46.631869, execution_ms_p99=57.834372, execution_ms_samples=1935, apply_ms_p50=25.405592, apply_ms_p95=44.389114, apply_ms_p99=49.977552, apply_ms_samples=1934, tick_ms_p50=0.332389, tick_ms_p95=0.601583, tick_ms_p99=0.976025, tick_ms_samples=1696, delivery_ms_p50=99.766321, delivery_ms_p95=100.311623, delivery_ms_p99=149.816352, delivery_ms_samples=129, sql_ms_p50=29.495667, sql_ms_p95=46.363346, sql_ms_p99=58.297762, sql_ms_samples=1646, db_transaction_ms_p50=3.378733, db_transaction_ms_p95=38.710119, db_transaction_ms_p99=47.392042, db_transaction_ms_samples=2048, db_connection_wait_ms_p50=0.010947, db_connection_wait_ms_p95=0.023215, db_connection_wait_ms_p99=0.05336, db_connection_wait_ms_samples=2048, db_transactions=4598, db_transaction_attempts=4598, db_statements=84926, db_deadlock_retries=0, db_active_connections=0, wal_writes=7499, wal_bytes=1154323, wal_identical_skipped=0, wal_barrier_ms_p50=0.774923, wal_barrier_ms_p95=1.685907, wal_barrier_ms_p99=3.386118, wal_barrier_ms_samples=2048, completion_admitted=1, ready_channels=1, ready_devices=100, closing_devices=0, mc_recorded_tick_ms_avg100=0.710927, mc_target_ticks_per_second=20.0}
",28188.883849752,28188.886527573,100,100,100,100,14368000,14073000,264.283677,4329,"BULK count=100 spawned=100 registered=100 bound=100 accepted=14368000 extracted=14073000 fixture_ms_total=264.283677 fixture_ticks=4329
",28188.886719281,28188.887666563,91.98,2795808,54,806043648,806043648,6579154944,778821632,27123712,273,,,20.50014471051123
20,2026-10-06T16:23:15.430222+00:00,40.003924001000996,1,ACTIVE_observed,False,1.9999999930005288,0.008073211000009906,,0,100,100,0,0,1971,0,0,0,0,0,15195,14688000,14415000,7416,8075,0,17030,810,21720,882,3673,137,0.001061,0.006139,0.009254,2048,0.087061,54.053281,93.038214,1972,24.549861,46.654083,58.300607,1971,25.608124,44.389114,49.977552,1971,0.332519,0.602033,0.970427,1736,99.766321,100.311623,149.816352,131,29.499084,46.536776,58.698568,1682,3.404553,38.94623,48.084078,2048,0.010967,0.023535,0.057647,2048,4687,4688,86775,0,1,7670,1181126,0,0.775364,1.781385,3.566544,2048,1,1,98,0,0.757721,20.0,"STATUS online tickets=0 {registered_loaded_endpoints=100, active_endpoints=100, worker_queue=0, actual_tickets=0, transactions=1971, errors=0, queue_rejected=0, quarantined=0, deferred_registry_decodes=0, dropped_wake_hints=0, local_exchange_calls=15195, local_input_units=14688000, local_output_units=14415000, batch_devices=7416, batch_records=8075, batch_payload_bytes=0, local_wakes=17030, remote_hint_wakes=810, poll_fallback=21720, empty_batches=882, allocation_misses=3673, local_credit_publications=137, local_ms_p50=0.001061, local_ms_p95=0.006139, local_ms_p99=0.009254, local_ms_samples=2048, queue_ms_p50=0.087061, queue_ms_p95=54.053281, queue_ms_p99=93.038214, queue_ms_samples=1972, execution_ms_p50=24.549861, execution_ms_p95=46.654083, execution_ms_p99=58.300607, execution_ms_samples=1971, apply_ms_p50=25.608124, apply_ms_p95=44.389114, apply_ms_p99=49.977552, apply_ms_samples=1971, tick_ms_p50=0.332519, tick_ms_p95=0.602033, tick_ms_p99=0.970427, tick_ms_samples=1736, delivery_ms_p50=99.766321, delivery_ms_p95=100.311623, delivery_ms_p99=149.816352, delivery_ms_samples=131, sql_ms_p50=29.499084, sql_ms_p95=46.536776, sql_ms_p99=58.698568, sql_ms_samples=1682, db_transaction_ms_p50=3.404553, db_transaction_ms_p95=38.94623, db_transaction_ms_p99=48.084078, db_transaction_ms_samples=2048, db_connection_wait_ms_p50=0.010967, db_connection_wait_ms_p95=0.023535, db_connection_wait_ms_p99=0.057647, db_connection_wait_ms_samples=2048, db_transactions=4687, db_transaction_attempts=4688, db_statements=86775, db_deadlock_retries=0, db_active_connections=1, wal_writes=7670, wal_bytes=1181126, wal_identical_skipped=0, wal_barrier_ms_p50=0.775364, wal_barrier_ms_p95=1.781385, wal_barrier_ms_p99=3.566544, wal_barrier_ms_samples=2048, completion_admitted=1, ready_channels=1, ready_devices=98, closing_devices=0, mc_recorded_tick_ms_avg100=0.757721, mc_target_ticks_per_second=20.0}
",28190.883878138,28190.888829882,100,100,100,100,14688000,14415000,266.404503,4369,"BULK count=100 spawned=100 registered=100 bound=100 accepted=14688000 extracted=14415000 fixture_ms_total=266.404503 fixture_ticks=4369
",28190.888995241,28190.890811648,92.84,2795808,54,806109184,806109184,6579154944,778887168,27123712,273,,,43.0000001504886
21,2026-10-06T16:23:17.430237+00:00,42.003939606998756,1,ACTIVE_observed,False,2.00001560599776,0.007799920000252314,,0,100,100,0,0,2005,0,0,0,0,0,15523,15008000,14643000,7560,8240,0,17398,826,22055,882,3742,139,0.001072,0.00662,0.011017,2048,0.087296,53.449193,91.675899,2006,24.756293,46.981327,58.300607,2005,26.22219,44.457763,49.970101,2005,0.332108,0.601223,0.970427,1776,99.766321,100.311623,149.816352,133,29.56068,46.664793,58.698568,1716,3.420224,39.191362,48.225859,2048,0.011377,0.023826,0.056114,2048,4771,4772,88459,0,1,7819,1204851,0,0.776595,1.894645,3.814582,2048,1,1,97,0,0.801767,20.0,"STATUS online tickets=0 {registered_loaded_endpoints=100, active_endpoints=100, worker_queue=0, actual_tickets=0, transactions=2005, errors=0, queue_rejected=0, quarantined=0, deferred_registry_decodes=0, dropped_wake_hints=0, local_exchange_calls=15523, local_input_units=15008000, local_output_units=14643000, batch_devices=7560, batch_records=8240, batch_payload_bytes=0, local_wakes=17398, remote_hint_wakes=826, poll_fallback=22055, empty_batches=882, allocation_misses=3742, local_credit_publications=139, local_ms_p50=0.001072, local_ms_p95=0.00662, local_ms_p99=0.011017, local_ms_samples=2048, queue_ms_p50=0.087296, queue_ms_p95=53.449193, queue_ms_p99=91.675899, queue_ms_samples=2006, execution_ms_p50=24.756293, execution_ms_p95=46.981327, execution_ms_p99=58.300607, execution_ms_samples=2005, apply_ms_p50=26.22219, apply_ms_p95=44.457763, apply_ms_p99=49.970101, apply_ms_samples=2005, tick_ms_p50=0.332108, tick_ms_p95=0.601223, tick_ms_p99=0.970427, tick_ms_samples=1776, delivery_ms_p50=99.766321, delivery_ms_p95=100.311623, delivery_ms_p99=149.816352, delivery_ms_samples=133, sql_ms_p50=29.56068, sql_ms_p95=46.664793, sql_ms_p99=58.698568, sql_ms_samples=1716, db_transaction_ms_p50=3.420224, db_transaction_ms_p95=39.191362, db_transaction_ms_p99=48.225859, db_transaction_ms_samples=2048, db_connection_wait_ms_p50=0.011377, db_connection_wait_ms_p95=0.023826, db_connection_wait_ms_p99=0.056114, db_connection_wait_ms_samples=2048, db_transactions=4771, db_transaction_attempts=4772, db_statements=88459, db_deadlock_retries=0, db_active_connections=1, wal_writes=7819, wal_bytes=1204851, wal_identical_skipped=0, wal_barrier_ms_p50=0.776595, wal_barrier_ms_p95=1.894645, wal_barrier_ms_p99=3.814582, wal_barrier_ms_samples=2048, completion_admitted=1, ready_channels=1, ready_devices=97, closing_devices=0, mc_recorded_tick_ms_avg100=0.801767, mc_target_ticks_per_second=20.0}
",28192.883899082,28192.888367941,100,100,100,100,15008000,14643000,268.567637,4409,"BULK count=100 spawned=100 registered=100 bound=100 accepted=15008000 extracted=14643000 fixture_ms_total=268.567637 fixture_ticks=4409
",28192.888524506,28192.890230537,93.33,2795808,54,806174720,806174720,6579154944,778952704,27123712,274,,,24.499808828018903
22,2026-10-06T16:23:19.430221+00:00,44.00392318300146,1,ACTIVE_observed,False,1.9999835760027054,0.005607222999969963,,0,100,100,0,0,2044,0,0,0,0,0,15858,15328000,15059000,7720,8417,0,17773,844,22394,882,3824,142,0.001091,0.00644,0.011117,2048,0.087521,51.049776,91.675899,2044,24.877666,47.104982,58.700911,2044,25.726107,44.457763,49.970101,2043,0.331427,0.595162,0.961043,1816,99.766321,100.311623,149.816352,136,29.587891,46.794395,58.747116,1755,3.399704,39.394452,48.668642,2048,0.011688,0.024657,0.050826,2048,4866,4866,90315,0,0,7983,1230927,0,0.767422,1.670528,3.386118,2048,1,1,97,0,0.750977,20.0,"STATUS online tickets=0 {registered_loaded_endpoints=100, active_endpoints=100, worker_queue=0, actual_tickets=0, transactions=2044, errors=0, queue_rejected=0, quarantined=0, deferred_registry_decodes=0, dropped_wake_hints=0, local_exchange_calls=15858, local_input_units=15328000, local_output_units=15059000, batch_devices=7720, batch_records=8417, batch_payload_bytes=0, local_wakes=17773, remote_hint_wakes=844, poll_fallback=22394, empty_batches=882, allocation_misses=3824, local_credit_publications=142, local_ms_p50=0.001091, local_ms_p95=0.00644, local_ms_p99=0.011117, local_ms_samples=2048, queue_ms_p50=0.087521, queue_ms_p95=51.049776, queue_ms_p99=91.675899, queue_ms_samples=2044, execution_ms_p50=24.877666, execution_ms_p95=47.104982, execution_ms_p99=58.700911, execution_ms_samples=2044, apply_ms_p50=25.726107, apply_ms_p95=44.457763, apply_ms_p99=49.970101, apply_ms_samples=2043, tick_ms_p50=0.331427, tick_ms_p95=0.595162, tick_ms_p99=0.961043, tick_ms_samples=1816, delivery_ms_p50=99.766321, delivery_ms_p95=100.311623, delivery_ms_p99=149.816352, delivery_ms_samples=136, sql_ms_p50=29.587891, sql_ms_p95=46.794395, sql_ms_p99=58.747116, sql_ms_samples=1755, db_transaction_ms_p50=3.399704, db_transaction_ms_p95=39.394452, db_transaction_ms_p99=48.668642, db_transaction_ms_samples=2048, db_connection_wait_ms_p50=0.011688, db_connection_wait_ms_p95=0.024657, db_connection_wait_ms_p99=0.050826, db_connection_wait_ms_samples=2048, db_transactions=4866, db_transaction_attempts=4866, db_statements=90315, db_deadlock_retries=0, db_active_connections=0, wal_writes=7983, wal_bytes=1230927, wal_identical_skipped=0, wal_barrier_ms_p50=0.767422, wal_barrier_ms_p95=1.670528, wal_barrier_ms_p99=3.386118, wal_barrier_ms_samples=2048, completion_admitted=1, ready_channels=1, ready_devices=97, closing_devices=0, mc_recorded_tick_ms_avg100=0.750977, mc_target_ticks_per_second=20.0}
",28194.883808376,28194.886708415,100,100,100,100,15328000,15059000,270.927387,4449,"BULK count=100 spawned=100 registered=100 bound=100 accepted=15328000 extracted=15059000 fixture_ms_total=270.927387 fixture_ticks=4449
",28194.886823198,28194.888475528,93.8,2795808,54,806232064,806232064,6579154944,779010048,27123712,273,,,23.500192983552935
23,2026-10-06T16:23:21.430221+00:00,46.00392318900049,1,ACTIVE_observed,False,2.000000005999027,0.3078227730002254,,0,100,100,0,0,2084,0,0,0,0,0,16189,15648000,15380000,7880,8591,0,18144,863,22728,882,3907,145,0.001102,0.005929,0.008843,2048,0.086735,41.43636,84.901596,2048,25.390149,46.665634,58.700911,2048,25.165013,44.092711,48.517293,2048,0.331187,0.59296,0.961043,1856,99.772705,100.311623,149.816352,139,29.587891,46.6515,58.747116,1795,3.354953,39.415733,48.225859,2048,0.011948,0.025368,0.056114,2048,4965,4965,92134,0,0,8150,1255686,0,0.771278,1.631825,3.371582,2048,1,1,100,0,0.727423,20.0,"STATUS online tickets=0 {registered_loaded_endpoints=100, active_endpoints=100, worker_queue=0, actual_tickets=0, transactions=2084, errors=0, queue_rejected=0, quarantined=0, deferred_registry_decodes=0, dropped_wake_hints=0, local_exchange_calls=16189, local_input_units=15648000, local_output_units=15380000, batch_devices=7880, batch_records=8591, batch_payload_bytes=0, local_wakes=18144, remote_hint_wakes=863, poll_fallback=22728, empty_batches=882, allocation_misses=3907, local_credit_publications=145, local_ms_p50=0.001102, local_ms_p95=0.005929, local_ms_p99=0.008843, local_ms_samples=2048, queue_ms_p50=0.086735, queue_ms_p95=41.43636, queue_ms_p99=84.901596, queue_ms_samples=2048, execution_ms_p50=25.390149, execution_ms_p95=46.665634, execution_ms_p99=58.700911, execution_ms_samples=2048, apply_ms_p50=25.165013, apply_ms_p95=44.092711, apply_ms_p99=48.517293, apply_ms_samples=2048, tick_ms_p50=0.331187, tick_ms_p95=0.59296, tick_ms_p99=0.961043, tick_ms_samples=1856, delivery_ms_p50=99.772705, delivery_ms_p95=100.311623, delivery_ms_p99=149.816352, delivery_ms_samples=139, sql_ms_p50=29.587891, sql_ms_p95=46.6515, sql_ms_p99=58.747116, sql_ms_samples=1795, db_transaction_ms_p50=3.354953, db_transaction_ms_p95=39.415733, db_transaction_ms_p99=48.225859, db_transaction_ms_samples=2048, db_connection_wait_ms_p50=0.011948, db_connection_wait_ms_p95=0.025368, db_connection_wait_ms_p99=0.056114, db_connection_wait_ms_samples=2048, db_transactions=4965, db_transaction_attempts=4965, db_statements=92134, db_deadlock_retries=0, db_active_connections=0, wal_writes=8150, wal_bytes=1255686, wal_identical_skipped=0, wal_barrier_ms_p50=0.771278, wal_barrier_ms_p95=1.631825, wal_barrier_ms_p99=3.371582, wal_barrier_ms_samples=2048, completion_admitted=1, ready_channels=1, ready_devices=100, closing_devices=0, mc_recorded_tick_ms_avg100=0.727423, mc_target_ticks_per_second=20.0}
",28196.883827952,28196.886614205,100,100,100,100,15648000,15380000,272.91718,4489,"BULK count=100 spawned=100 registered=100 bound=100 accepted=15648000 extracted=15380000 fixture_ms_total=272.91718 fixture_ticks=4489
",28196.886741646,28196.888026885,94.22,2795808,54,806285312,806285312,6579154944,779063296,27123712,273,395313152,325822976,20.9999999370103
24,2026-10-06T16:23:23.430229+00:00,48.003931196999474,1,ACTIVE_observed,False,2.0000080079989857,0.004547417000139831,,0,100,100,0,0,2120,0,0,0,0,0,16518,15968000,15644000,8032,8753,0,18513,881,23068,882,3977,147,0.001081,0.005759,0.008673,2048,0.085779,9.910486,72.737051,2048,26.081522,47.104982,59.211242,2048,24.817891,43.932988,47.850254,2048,0.330446,0.589235,0.961043,1896,99.772705,100.311623,149.829188,141,29.588908,46.794395,59.21027,1831,3.360926,39.637758,50.466135,2048,0.012298,0.025388,0.058768,2048,5057,5057,93877,0,0,8318,1282014,0,0.784127,1.685907,3.736635,2048,1,1,100,0,0.711742,20.0,"STATUS online tickets=0 {registered_loaded_endpoints=100, active_endpoints=100, worker_queue=0, actual_tickets=0, transactions=2120, errors=0, queue_rejected=0, quarantined=0, deferred_registry_decodes=0, dropped_wake_hints=0, local_exchange_calls=16518, local_input_units=15968000, local_output_units=15644000, batch_devices=8032, batch_records=8753, batch_payload_bytes=0, local_wakes=18513, remote_hint_wakes=881, poll_fallback=23068, empty_batches=882, allocation_misses=3977, local_credit_publications=147, local_ms_p50=0.001081, local_ms_p95=0.005759, local_ms_p99=0.008673, local_ms_samples=2048, queue_ms_p50=0.085779, queue_ms_p95=9.910486, queue_ms_p99=72.737051, queue_ms_samples=2048, execution_ms_p50=26.081522, execution_ms_p95=47.104982, execution_ms_p99=59.211242, execution_ms_samples=2048, apply_ms_p50=24.817891, apply_ms_p95=43.932988, apply_ms_p99=47.850254, apply_ms_samples=2048, tick_ms_p50=0.330446, tick_ms_p95=0.589235, tick_ms_p99=0.961043, tick_ms_samples=1896, delivery_ms_p50=99.772705, delivery_ms_p95=100.311623, delivery_ms_p99=149.829188, delivery_ms_samples=141, sql_ms_p50=29.588908, sql_ms_p95=46.794395, sql_ms_p99=59.21027, sql_ms_samples=1831, db_transaction_ms_p50=3.360926, db_transaction_ms_p95=39.637758, db_transaction_ms_p99=50.466135, db_transaction_ms_samples=2048, db_connection_wait_ms_p50=0.012298, db_connection_wait_ms_p95=0.025388, db_connection_wait_ms_p99=0.058768, db_connection_wait_ms_samples=2048, db_transactions=5057, db_transaction_attempts=5057, db_statements=93877, db_deadlock_retries=0, db_active_connections=0, wal_writes=8318, wal_bytes=1282014, wal_identical_skipped=0, wal_barrier_ms_p50=0.784127, wal_barrier_ms_p95=1.685907, wal_barrier_ms_p99=3.736635, wal_barrier_ms_samples=2048, completion_admitted=1, ready_channels=1, ready_devices=100, closing_devices=0, mc_recorded_tick_ms_avg100=0.711742, mc_target_ticks_per_second=20.0}
",28198.883844162,28198.886512067,100,100,100,100,15968000,15644000,275.31866,4529,"BULK count=100 spawned=100 registered=100 bound=100 accepted=15968000 extracted=15644000 fixture_ms_total=275.31866 fixture_ticks=4529
",28198.886654511,28198.887389665,94.66,2795808,54,806342656,806342656,6579154944,779120640,27123712,273,,,21.999911912363746
25,2026-10-06T16:23:25.430245+00:00,50.0039476689999,1,ACTIVE_observed,False,2.000016472000425,0.0043528440000955015,,0,100,100,0,0,2157,0,0,0,0,0,16848,16288000,15919000,8192,8944,0,18883,898,23408,882,4056,150,0.001072,0.005758,0.009464,2048,0.085513,0.767873,52.213803,2048,28.092385,47.510307,59.211242,2048,25.608124,44.012587,48.311434,2048,0.330115,0.589235,0.957828,1936,99.772705,100.311623,149.829188,144,29.588908,47.101246,59.21027,1868,3.404553,40.287106,50.466135,2048,0.012498,0.025599,0.059038,2048,5147,5147,95798,0,0,8478,1308670,0,0.787571,1.670528,3.814582,2048,1,1,100,0,0.76022,20.0,"STATUS online tickets=0 {registered_loaded_endpoints=100, active_endpoints=100, worker_queue=0, actual_tickets=0, transactions=2157, errors=0, queue_rejected=0, quarantined=0, deferred_registry_decodes=0, dropped_wake_hints=0, local_exchange_calls=16848, local_input_units=16288000, local_output_units=15919000, batch_devices=8192, batch_records=8944, batch_payload_bytes=0, local_wakes=18883, remote_hint_wakes=898, poll_fallback=23408, empty_batches=882, allocation_misses=4056, local_credit_publications=150, local_ms_p50=0.001072, local_ms_p95=0.005758, local_ms_p99=0.009464, local_ms_samples=2048, queue_ms_p50=0.085513, queue_ms_p95=0.767873, queue_ms_p99=52.213803, queue_ms_samples=2048, execution_ms_p50=28.092385, execution_ms_p95=47.510307, execution_ms_p99=59.211242, execution_ms_samples=2048, apply_ms_p50=25.608124, apply_ms_p95=44.012587, apply_ms_p99=48.311434, apply_ms_samples=2048, tick_ms_p50=0.330115, tick_ms_p95=0.589235, tick_ms_p99=0.957828, tick_ms_samples=1936, delivery_ms_p50=99.772705, delivery_ms_p95=100.311623, delivery_ms_p99=149.829188, delivery_ms_samples=144, sql_ms_p50=29.588908, sql_ms_p95=47.101246, sql_ms_p99=59.21027, sql_ms_samples=1868, db_transaction_ms_p50=3.404553, db_transaction_ms_p95=40.287106, db_transaction_ms_p99=50.466135, db_transaction_ms_samples=2048, db_connection_wait_ms_p50=0.012498, db_connection_wait_ms_p95=0.025599, db_connection_wait_ms_p99=0.059038, db_connection_wait_ms_samples=2048, db_transactions=5147, db_transaction_attempts=5147, db_statements=95798, db_deadlock_retries=0, db_active_connections=0, wal_writes=8478, wal_bytes=1308670, wal_identical_skipped=0, wal_barrier_ms_p50=0.787571, wal_barrier_ms_p95=1.670528, wal_barrier_ms_p99=3.814582, wal_barrier_ms_samples=2048, completion_admitted=1, ready_channels=1, ready_devices=100, closing_devices=0, mc_recorded_tick_ms_avg100=0.76022, mc_target_ticks_per_second=20.0}
",28200.883838751,28200.886307067,100,100,100,100,16288000,15919000,277.219946,4569,"BULK count=100 spawned=100 registered=100 bound=100 accepted=16288000 extracted=15919000 fixture_ms_total=277.219946 fixture_ticks=4569
",28200.886418634,28200.88722831,95.14,2795808,52,806273024,806273024,6579154944,779051008,27123712,273,,,23.99980233762305
26,2026-10-06T16:23:27.430246+00:00,52.00394859899825,1,ACTIVE_observed,False,2.0000009299983503,0.005408709999755956,,0,100,100,0,0,2196,0,0,0,0,0,17185,16608000,16384000,8352,9132,0,19260,918,23752,882,4135,154,0.001061,0.006049,0.009814,2048,0.085043,0.607111,13.675815,2048,29.150025,47.510307,59.211242,2048,26.587149,44.012587,47.765352,2048,0.329625,0.583836,0.957828,1976,99.772705,100.311623,149.829188,148,29.588908,46.795997,58.747116,1907,3.28068,39.757914,48.198445,2048,0.012418,0.025358,0.058768,2048,5248,5249,97745,0,1,8640,1335368,0,0.792129,1.592411,3.736635,2048,1,1,100,0,0.764198,20.0,"STATUS online tickets=0 {registered_loaded_endpoints=100, active_endpoints=100, worker_queue=0, actual_tickets=0, transactions=2196, errors=0, queue_rejected=0, quarantined=0, deferred_registry_decodes=0, dropped_wake_hints=0, local_exchange_calls=17185, local_input_units=16608000, local_output_units=16384000, batch_devices=8352, batch_records=9132, batch_payload_bytes=0, local_wakes=19260, remote_hint_wakes=918, poll_fallback=23752, empty_batches=882, allocation_misses=4135, local_credit_publications=154, local_ms_p50=0.001061, local_ms_p95=0.006049, local_ms_p99=0.009814, local_ms_samples=2048, queue_ms_p50=0.085043, queue_ms_p95=0.607111, queue_ms_p99=13.675815, queue_ms_samples=2048, execution_ms_p50=29.150025, execution_ms_p95=47.510307, execution_ms_p99=59.211242, execution_ms_samples=2048, apply_ms_p50=26.587149, apply_ms_p95=44.012587, apply_ms_p99=47.765352, apply_ms_samples=2048, tick_ms_p50=0.329625, tick_ms_p95=0.583836, tick_ms_p99=0.957828, tick_ms_samples=1976, delivery_ms_p50=99.772705, delivery_ms_p95=100.311623, delivery_ms_p99=149.829188, delivery_ms_samples=148, sql_ms_p50=29.588908, sql_ms_p95=46.795997, sql_ms_p99=58.747116, sql_ms_samples=1907, db_transaction_ms_p50=3.28068, db_transaction_ms_p95=39.757914, db_transaction_ms_p99=48.198445, db_transaction_ms_samples=2048, db_connection_wait_ms_p50=0.012418, db_connection_wait_ms_p95=0.025358, db_connection_wait_ms_p99=0.058768, db_connection_wait_ms_samples=2048, db_transactions=5248, db_transaction_attempts=5249, db_statements=97745, db_deadlock_retries=0, db_active_connections=1, wal_writes=8640, wal_bytes=1335368, wal_identical_skipped=0, wal_barrier_ms_p50=0.792129, wal_barrier_ms_p95=1.592411, wal_barrier_ms_p99=3.736635, wal_barrier_ms_samples=2048, completion_admitted=1, ready_channels=1, ready_devices=100, closing_devices=0, mc_recorded_tick_ms_avg100=0.764198, mc_target_ticks_per_second=20.0}
",28202.883843167,28202.886655558,100,100,100,100,16608000,16384000,279.13227,4609,"BULK count=100 spawned=100 registered=100 bound=100 accepted=16608000 extracted=16384000 fixture_ms_total=279.13227 fixture_ticks=4609
",28202.886770431,28202.88758262,95.59,2795808,52,806244352,806244352,6579154944,779022336,27123712,273,,,22.499989537523565
27,2026-10-06T16:23:29.430250+00:00,54.00395242900049,1,ACTIVE_observed,False,2.0000038300022425,0.0046028600008867215,,0,100,100,0,0,2236,0,0,0,0,0,17514,16928000,16640000,8512,9319,0,19629,935,24089,882,4216,157,0.001051,0.00603,0.009694,2048,0.084631,0.562254,1.093641,2048,29.589519,47.574886,59.211242,2048,26.476218,44.015736,47.678434,2048,0.328784,0.582845,0.942725,2016,99.773426,100.311623,149.829188,151,29.631298,46.794395,58.747116,1947,3.195653,39.703147,48.198126,2048,0.012358,0.025358,0.063725,2048,5342,5342,99680,0,0,8815,1363207,0,0.79272,1.522195,3.683089,2048,1,1,100,0,0.713445,20.0,"STATUS online tickets=0 {registered_loaded_endpoints=100, active_endpoints=100, worker_queue=0, actual_tickets=0, transactions=2236, errors=0, queue_rejected=0, quarantined=0, deferred_registry_decodes=0, dropped_wake_hints=0, local_exchange_calls=17514, local_input_units=16928000, local_output_units=16640000, batch_devices=8512, batch_records=9319, batch_payload_bytes=0, local_wakes=19629, remote_hint_wakes=935, poll_fallback=24089, empty_batches=882, allocation_misses=4216, local_credit_publications=157, local_ms_p50=0.001051, local_ms_p95=0.00603, local_ms_p99=0.009694, local_ms_samples=2048, queue_ms_p50=0.084631, queue_ms_p95=0.562254, queue_ms_p99=1.093641, queue_ms_samples=2048, execution_ms_p50=29.589519, execution_ms_p95=47.574886, execution_ms_p99=59.211242, execution_ms_samples=2048, apply_ms_p50=26.476218, apply_ms_p95=44.015736, apply_ms_p99=47.678434, apply_ms_samples=2048, tick_ms_p50=0.328784, tick_ms_p95=0.582845, tick_ms_p99=0.942725, tick_ms_samples=2016, delivery_ms_p50=99.773426, delivery_ms_p95=100.311623, delivery_ms_p99=149.829188, delivery_ms_samples=151, sql_ms_p50=29.631298, sql_ms_p95=46.794395, sql_ms_p99=58.747116, sql_ms_samples=1947, db_transaction_ms_p50=3.195653, db_transaction_ms_p95=39.703147, db_transaction_ms_p99=48.198126, db_transaction_ms_samples=2048, db_connection_wait_ms_p50=0.012358, db_connection_wait_ms_p95=0.025358, db_connection_wait_ms_p99=0.063725, db_connection_wait_ms_samples=2048, db_transactions=5342, db_transaction_attempts=5342, db_statements=99680, db_deadlock_retries=0, db_active_connections=0, wal_writes=8815, wal_bytes=1363207, wal_identical_skipped=0, wal_barrier_ms_p50=0.79272, wal_barrier_ms_p95=1.522195, wal_barrier_ms_p99=3.683089, wal_barrier_ms_samples=2048, completion_admitted=1, ready_channels=1, ready_devices=100, closing_devices=0, mc_recorded_tick_ms_avg100=0.713445, mc_target_ticks_per_second=20.0}
",28204.883841288,28204.886370766,100,100,100,100,16928000,16640000,281.248132,4649,"BULK count=100 spawned=100 registered=100 bound=100 accepted=16928000 extracted=16640000 fixture_ms_total=281.248132 fixture_ticks=4649
",28204.886486109,28204.887407903,96.05,2795808,52,806371328,806371328,6579154944,779149312,27123712,273,,,22.999955955058248
28,2026-10-06T16:23:31.430221+00:00,56.00392281099994,1,ACTIVE_observed,False,1.9999703819994465,0.004049277999001788,,0,100,100,0,0,2276,0,0,0,0,0,17846,17248000,16984000,8680,9504,0,20001,948,24427,882,4295,161,0.001042,0.00615,0.009374,2048,0.084337,0.502054,0.741548,2048,29.72452,46.797539,58.700911,2048,26.822308,44.015736,47.678434,2048,0.328293,0.582845,0.942725,2048,99.776144,100.311623,149.829188,155,29.656145,46.6515,58.747116,1987,3.184511,39.394452,47.392042,2048,0.012078,0.025368,0.065127,2048,5424,5424,101570,0,0,8989,1390677,0,0.784843,1.467137,3.683089,2048,1,1,94,0,0.746579,20.0,"STATUS online tickets=0 {registered_loaded_endpoints=100, active_endpoints=100, worker_queue=0, actual_tickets=0, transactions=2276, errors=0, queue_rejected=0, quarantined=0, deferred_registry_decodes=0, dropped_wake_hints=0, local_exchange_calls=17846, local_input_units=17248000, local_output_units=16984000, batch_devices=8680, batch_records=9504, batch_payload_bytes=0, local_wakes=20001, remote_hint_wakes=948, poll_fallback=24427, empty_batches=882, allocation_misses=4295, local_credit_publications=161, local_ms_p50=0.001042, local_ms_p95=0.00615, local_ms_p99=0.009374, local_ms_samples=2048, queue_ms_p50=0.084337, queue_ms_p95=0.502054, queue_ms_p99=0.741548, queue_ms_samples=2048, execution_ms_p50=29.72452, execution_ms_p95=46.797539, execution_ms_p99=58.700911, execution_ms_samples=2048, apply_ms_p50=26.822308, apply_ms_p95=44.015736, apply_ms_p99=47.678434, apply_ms_samples=2048, tick_ms_p50=0.328293, tick_ms_p95=0.582845, tick_ms_p99=0.942725, tick_ms_samples=2048, delivery_ms_p50=99.776144, delivery_ms_p95=100.311623, delivery_ms_p99=149.829188, delivery_ms_samples=155, sql_ms_p50=29.656145, sql_ms_p95=46.6515, sql_ms_p99=58.747116, sql_ms_samples=1987, db_transaction_ms_p50=3.184511, db_transaction_ms_p95=39.394452, db_transaction_ms_p99=47.392042, db_transaction_ms_samples=2048, db_connection_wait_ms_p50=0.012078, db_connection_wait_ms_p95=0.025368, db_connection_wait_ms_p99=0.065127, db_connection_wait_ms_samples=2048, db_transactions=5424, db_transaction_attempts=5424, db_statements=101570, db_deadlock_retries=0, db_active_connections=0, wal_writes=8989, wal_bytes=1390677, wal_identical_skipped=0, wal_barrier_ms_p50=0.784843, wal_barrier_ms_p95=1.467137, wal_barrier_ms_p99=3.683089, wal_barrier_ms_samples=2048, completion_admitted=1, ready_channels=1, ready_devices=94, closing_devices=0, mc_recorded_tick_ms_avg100=0.746579, mc_target_ticks_per_second=20.0}
",28206.883824729,28206.885998452,100,100,100,100,17248000,16984000,283.206445,4689,"BULK count=100 spawned=100 registered=100 bound=100 accepted=17248000 extracted=16984000 fixture_ms_total=283.206445 fixture_ticks=4689
",28206.886129689,28206.886896811,96.61,2795808,52,806445056,806445056,6579154944,779223040,27123712,273,,,28.000414658148536
29,2026-10-06T16:23:33.430218+00:00,58.00391925800068,1,ACTIVE_observed,False,1.9999964470007399,0.33091396799864015,,0,100,100,0,0,2315,0,0,0,0,0,18177,17568000,17280000,8848,9686,0,20372,961,24759,882,4379,164,0.001042,0.006099,0.009174,2048,0.084096,0.489905,0.691129,2048,29.72452,46.652409,58.700911,2048,25.405592,43.936894,47.487448,2048,0.325539,0.576986,0.942725,2048,99.773426,100.311623,149.829188,158,29.709322,46.6515,58.698568,2026,3.159714,39.361226,47.392042,2048,0.011457,0.024657,0.065127,2048,5504,5506,103400,0,2,9164,1416796,0,0.77253,1.493792,3.508568,2048,1,1,100,0,0.748207,20.0,"STATUS online tickets=0 {registered_loaded_endpoints=100, active_endpoints=100, worker_queue=0, actual_tickets=0, transactions=2315, errors=0, queue_rejected=0, quarantined=0, deferred_registry_decodes=0, dropped_wake_hints=0, local_exchange_calls=18177, local_input_units=17568000, local_output_units=17280000, batch_devices=8848, batch_records=9686, batch_payload_bytes=0, local_wakes=20372, remote_hint_wakes=961, poll_fallback=24759, empty_batches=882, allocation_misses=4379, local_credit_publications=164, local_ms_p50=0.001042, local_ms_p95=0.006099, local_ms_p99=0.009174, local_ms_samples=2048, queue_ms_p50=0.084096, queue_ms_p95=0.489905, queue_ms_p99=0.691129, queue_ms_samples=2048, execution_ms_p50=29.72452, execution_ms_p95=46.652409, execution_ms_p99=58.700911, execution_ms_samples=2048, apply_ms_p50=25.405592, apply_ms_p95=43.936894, apply_ms_p99=47.487448, apply_ms_samples=2048, tick_ms_p50=0.325539, tick_ms_p95=0.576986, tick_ms_p99=0.942725, tick_ms_samples=2048, delivery_ms_p50=99.773426, delivery_ms_p95=100.311623, delivery_ms_p99=149.829188, delivery_ms_samples=158, sql_ms_p50=29.709322, sql_ms_p95=46.6515, sql_ms_p99=58.698568, sql_ms_samples=2026, db_transaction_ms_p50=3.159714, db_transaction_ms_p95=39.361226, db_transaction_ms_p99=47.392042, db_transaction_ms_samples=2048, db_connection_wait_ms_p50=0.011457, db_connection_wait_ms_p95=0.024657, db_connection_wait_ms_p99=0.065127, db_connection_wait_ms_samples=2048, db_transactions=5504, db_transaction_attempts=5506, db_statements=103400, db_deadlock_retries=0, db_active_connections=2, wal_writes=9164, wal_bytes=1416796, wal_identical_skipped=0, wal_barrier_ms_p50=0.77253, wal_barrier_ms_p95=1.493792, wal_barrier_ms_p99=3.508568, wal_barrier_ms_samples=2048, completion_admitted=1, ready_channels=1, ready_devices=100, closing_devices=0, mc_recorded_tick_ms_avg100=0.748207, mc_target_ticks_per_second=20.0}
",28208.883872443,28208.886657624,100,100,100,100,17568000,17280000,285.094308,4729,"BULK count=100 spawned=100 registered=100 bound=100 accepted=17568000 extracted=17280000 fixture_ms_total=285.094308 fixture_ticks=4729
",28208.886838676,28208.887922493,97.12,2795808,52,806535168,806535168,6579154944,779313152,27123712,273,395313152,345711820,25.5000453008213
30,2026-10-06T16:23:35.430216+00:00,60.003917089001334,1,ACTIVE_observed,False,1.9999978310006554,0.006641379997745389,,0,100,100,0,0,2348,0,0,0,0,0,18508,17888000,17580000,8976,9822,0,20743,973,25103,882,4443,168,0.001071,0.00659,0.009955,2048,0.084016,0.484197,0.695534,2048,29.748922,47.201667,59.211242,2048,27.527639,44.015736,47.765352,2048,0.324236,0.576255,0.957828,2048,99.777288,148.530187,149.868883,162,29.745317,47.201197,59.21027,2048,3.207015,39.43863,50.100117,2048,0.010305,0.024547,0.069465,2048,5579,5579,104849,0,0,9303,1437943,0,0.771278,1.522195,3.997176,2048,1,1,100,0,0.846083,20.0,"STATUS online tickets=0 {registered_loaded_endpoints=100, active_endpoints=100, worker_queue=0, actual_tickets=0, transactions=2348, errors=0, queue_rejected=0, quarantined=0, deferred_registry_decodes=0, dropped_wake_hints=0, local_exchange_calls=18508, local_input_units=17888000, local_output_units=17580000, batch_devices=8976, batch_records=9822, batch_payload_bytes=0, local_wakes=20743, remote_hint_wakes=973, poll_fallback=25103, empty_batches=882, allocation_misses=4443, local_credit_publications=168, local_ms_p50=0.001071, local_ms_p95=0.00659, local_ms_p99=0.009955, local_ms_samples=2048, queue_ms_p50=0.084016, queue_ms_p95=0.484197, queue_ms_p99=0.695534, queue_ms_samples=2048, execution_ms_p50=29.748922, execution_ms_p95=47.201667, execution_ms_p99=59.211242, execution_ms_samples=2048, apply_ms_p50=27.527639, apply_ms_p95=44.015736, apply_ms_p99=47.765352, apply_ms_samples=2048, tick_ms_p50=0.324236, tick_ms_p95=0.576255, tick_ms_p99=0.957828, tick_ms_samples=2048, delivery_ms_p50=99.777288, delivery_ms_p95=148.530187, delivery_ms_p99=149.868883, delivery_ms_samples=162, sql_ms_p50=29.745317, sql_ms_p95=47.201197, sql_ms_p99=59.21027, sql_ms_samples=2048, db_transaction_ms_p50=3.207015, db_transaction_ms_p95=39.43863, db_transaction_ms_p99=50.100117, db_transaction_ms_samples=2048, db_connection_wait_ms_p50=0.010305, db_connection_wait_ms_p95=0.024547, db_connection_wait_ms_p99=0.069465, db_connection_wait_ms_samples=2048, db_transactions=5579, db_transaction_attempts=5579, db_statements=104849, db_deadlock_retries=0, db_active_connections=0, wal_writes=9303, wal_bytes=1437943, wal_identical_skipped=0, wal_barrier_ms_p50=0.771278, wal_barrier_ms_p95=1.522195, wal_barrier_ms_p99=3.997176, wal_barrier_ms_samples=2048, completion_admitted=1, ready_channels=1, ready_devices=100, closing_devices=0, mc_recorded_tick_ms_avg100=0.846083, mc_target_ticks_per_second=20.0}
",28210.883851497,28210.887855968,100,100,100,100,17888000,17580000,287.403336,4769,"BULK count=100 spawned=100 registered=100 bound=100 accepted=17888000 extracted=17580000 fixture_ms_total=287.403336 fixture_ticks=4769
",28210.887993685,28210.889466946,97.78,2795808,52,806588416,806588416,6579154944,779366400,27123712,273,,,33.000035788527825
31,2026-10-06T16:23:37.430217+00:00,62.003918557998986,1,ACTIVE_observed,False,2.0000014689976524,0.004866005001531448,,0,100,100,0,0,2385,0,0,0,0,0,18836,18208000,17794000,9128,9994,0,21111,991,25441,882,4519,169,0.001082,0.00644,0.009825,2048,0.083886,0.47974,0.695534,2048,29.72452,47.386862,60.15514,2048,27.939936,44.015736,47.846341,2048,0.322444,0.572249,0.942725,2048,99.780552,149.563438,149.868883,163,29.723809,47.384338,60.148691,2048,3.250386,39.571689,51.358445,2048,0.008553,0.023475,0.063725,2048,5672,5672,106632,0,0,9460,1463220,0,0.780943,1.673062,4.532594,2048,1,1,100,0,0.85389,20.0,"STATUS online tickets=0 {registered_loaded_endpoints=100, active_endpoints=100, worker_queue=0, actual_tickets=0, transactions=2385, errors=0, queue_rejected=0, quarantined=0, deferred_registry_decodes=0, dropped_wake_hints=0, local_exchange_calls=18836, local_input_units=18208000, local_output_units=17794000, batch_devices=9128, batch_records=9994, batch_payload_bytes=0, local_wakes=21111, remote_hint_wakes=991, poll_fallback=25441, empty_batches=882, allocation_misses=4519, local_credit_publications=169, local_ms_p50=0.001082, local_ms_p95=0.00644, local_ms_p99=0.009825, local_ms_samples=2048, queue_ms_p50=0.083886, queue_ms_p95=0.47974, queue_ms_p99=0.695534, queue_ms_samples=2048, execution_ms_p50=29.72452, execution_ms_p95=47.386862, execution_ms_p99=60.15514, execution_ms_samples=2048, apply_ms_p50=27.939936, apply_ms_p95=44.015736, apply_ms_p99=47.846341, apply_ms_samples=2048, tick_ms_p50=0.322444, tick_ms_p95=0.572249, tick_ms_p99=0.942725, tick_ms_samples=2048, delivery_ms_p50=99.780552, delivery_ms_p95=149.563438, delivery_ms_p99=149.868883, delivery_ms_samples=163, sql_ms_p50=29.723809, sql_ms_p95=47.384338, sql_ms_p99=60.148691, sql_ms_samples=2048, db_transaction_ms_p50=3.250386, db_transaction_ms_p95=39.571689, db_transaction_ms_p99=51.358445, db_transaction_ms_samples=2048, db_connection_wait_ms_p50=0.008553, db_connection_wait_ms_p95=0.023475, db_connection_wait_ms_p99=0.063725, db_connection_wait_ms_samples=2048, db_transactions=5672, db_transaction_attempts=5672, db_statements=106632, db_deadlock_retries=0, db_active_connections=0, wal_writes=9460, wal_bytes=1463220, wal_identical_skipped=0, wal_barrier_ms_p50=0.780943, wal_barrier_ms_p95=1.673062, wal_barrier_ms_p99=4.532594, wal_barrier_ms_samples=2048, completion_admitted=1, ready_channels=1, ready_devices=100, closing_devices=0, mc_recorded_tick_ms_avg100=0.85389, mc_target_ticks_per_second=20.0}
",28212.88382956,28212.886593159,100,100,100,100,18208000,17794000,289.376286,4809,"BULK count=100 spawned=100 registered=100 bound=100 accepted=18208000 extracted=17794000 fixture_ms_total=289.376286 fixture_ticks=4809
",28212.886705177,28212.887630246,98.22,2795808,52,806653952,806653952,6579154944,779431936,27123712,273,,,21.99998384103758
32,2026-10-06T16:23:39.430188+00:00,64.00389097800144,1,ACTIVE_observed,False,1.9999724200024502,0.005123331997310743,,0,100,100,0,0,2421,0,0,0,0,0,19171,18528000,18246000,9280,10169,0,21486,1008,25785,882,4594,172,0.001122,0.00678,0.009955,2048,0.084127,0.486375,0.695534,2048,29.826988,47.68198,60.458175,2048,28.737136,44.015736,47.846341,2048,0.320581,0.571609,0.942725,2048,99.780552,149.716139,150.022452,166,29.826287,47.680097,60.456212,2048,3.268371,39.415733,51.466383,2048,0.007281,0.023154,0.063516,2048,5761,5761,108434,0,0,9617,1488745,0,0.791368,1.881135,4.538774,2048,1,1,100,0,0.750932,20.0,"STATUS online tickets=0 {registered_loaded_endpoints=100, active_endpoints=100, worker_queue=0, actual_tickets=0, transactions=2421, errors=0, queue_rejected=0, quarantined=0, deferred_registry_decodes=0, dropped_wake_hints=0, local_exchange_calls=19171, local_input_units=18528000, local_output_units=18246000, batch_devices=9280, batch_records=10169, batch_payload_bytes=0, local_wakes=21486, remote_hint_wakes=1008, poll_fallback=25785, empty_batches=882, allocation_misses=4594, local_credit_publications=172, local_ms_p50=0.001122, local_ms_p95=0.00678, local_ms_p99=0.009955, local_ms_samples=2048, queue_ms_p50=0.084127, queue_ms_p95=0.486375, queue_ms_p99=0.695534, queue_ms_samples=2048, execution_ms_p50=29.826988, execution_ms_p95=47.68198, execution_ms_p99=60.458175, execution_ms_samples=2048, apply_ms_p50=28.737136, apply_ms_p95=44.015736, apply_ms_p99=47.846341, apply_ms_samples=2048, tick_ms_p50=0.320581, tick_ms_p95=0.571609, tick_ms_p99=0.942725, tick_ms_samples=2048, delivery_ms_p50=99.780552, delivery_ms_p95=149.716139, delivery_ms_p99=150.022452, delivery_ms_samples=166, sql_ms_p50=29.826287, sql_ms_p95=47.680097, sql_ms_p99=60.456212, sql_ms_samples=2048, db_transaction_ms_p50=3.268371, db_transaction_ms_p95=39.415733, db_transaction_ms_p99=51.466383, db_transaction_ms_samples=2048, db_connection_wait_ms_p50=0.007281, db_connection_wait_ms_p95=0.023154, db_connection_wait_ms_p99=0.063516, db_connection_wait_ms_samples=2048, db_transactions=5761, db_transaction_attempts=5761, db_statements=108434, db_deadlock_retries=0, db_active_connections=0, wal_writes=9617, wal_bytes=1488745, wal_identical_skipped=0, wal_barrier_ms_p50=0.791368, wal_barrier_ms_p95=1.881135, wal_barrier_ms_p99=4.538774, wal_barrier_ms_samples=2048, completion_admitted=1, ready_channels=1, ready_devices=100, closing_devices=0, mc_recorded_tick_ms_avg100=0.750932, mc_target_ticks_per_second=20.0}
",28214.883796232,28214.886265369,100,100,100,100,18528000,18246000,291.425844,4849,"BULK count=100 spawned=100 registered=100 bound=100 accepted=18528000 extracted=18246000 fixture_ms_total=291.425844 fixture_ticks=4849
",28214.886375935,28214.88790514,98.79,2795808,51,806678528,806678528,6579154944,779456512,27123712,273,,,28.500393020385207
33,2026-10-06T16:23:41.430223+00:00,66.00392537500011,1,ACTIVE_observed,False,2.0000343969986716,0.004892053999355994,,0,100,100,0,0,2460,0,0,0,0,0,19499,18848000,18461000,9440,10357,0,21854,1027,26119,882,4675,174,0.001112,0.00666,0.009544,2048,0.084081,0.482574,0.710131,2048,29.924617,47.695251,60.343134,2048,28.689911,44.012587,47.846341,2048,0.32015,0.572339,0.957828,2048,99.780552,149.716139,150.022452,168,29.923345,47.692387,60.342523,2048,3.27114,39.488322,51.358445,2048,0.006329,0.022273,0.062234,2048,5859,5859,110358,0,0,9779,1515355,0,0.785599,1.86895,4.538774,2048,1,1,100,0,0.754818,20.0,"STATUS online tickets=0 {registered_loaded_endpoints=100, active_endpoints=100, worker_queue=0, actual_tickets=0, transactions=2460, errors=0, queue_rejected=0, quarantined=0, deferred_registry_decodes=0, dropped_wake_hints=0, local_exchange_calls=19499, local_input_units=18848000, local_output_units=18461000, batch_devices=9440, batch_records=10357, batch_payload_bytes=0, local_wakes=21854, remote_hint_wakes=1027, poll_fallback=26119, empty_batches=882, allocation_misses=4675, local_credit_publications=174, local_ms_p50=0.001112, local_ms_p95=0.00666, local_ms_p99=0.009544, local_ms_samples=2048, queue_ms_p50=0.084081, queue_ms_p95=0.482574, queue_ms_p99=0.710131, queue_ms_samples=2048, execution_ms_p50=29.924617, execution_ms_p95=47.695251, execution_ms_p99=60.343134, execution_ms_samples=2048, apply_ms_p50=28.689911, apply_ms_p95=44.012587, apply_ms_p99=47.846341, apply_ms_samples=2048, tick_ms_p50=0.32015, tick_ms_p95=0.572339, tick_ms_p99=0.957828, tick_ms_samples=2048, delivery_ms_p50=99.780552, delivery_ms_p95=149.716139, delivery_ms_p99=150.022452, delivery_ms_samples=168, sql_ms_p50=29.923345, sql_ms_p95=47.692387, sql_ms_p99=60.342523, sql_ms_samples=2048, db_transaction_ms_p50=3.27114, db_transaction_ms_p95=39.488322, db_transaction_ms_p99=51.358445, db_transaction_ms_samples=2048, db_connection_wait_ms_p50=0.006329, db_connection_wait_ms_p95=0.022273, db_connection_wait_ms_p99=0.062234, db_connection_wait_ms_samples=2048, db_transactions=5859, db_transaction_attempts=5859, db_statements=110358, db_deadlock_retries=0, db_active_connections=0, wal_writes=9779, wal_bytes=1515355, wal_identical_skipped=0, wal_barrier_ms_p50=0.785599, wal_barrier_ms_p95=1.86895, wal_barrier_ms_p99=4.538774, wal_barrier_ms_samples=2048, completion_admitted=1, ready_channels=1, ready_devices=100, closing_devices=0, mc_recorded_tick_ms_avg100=0.754818, mc_target_ticks_per_second=20.0}
",28216.883892131,28216.886251683,100,100,100,100,18848000,18461000,293.415951,4889,"BULK count=100 spawned=100 registered=100 bound=100 accepted=18848000 extracted=18461000 fixture_ms_total=293.415951 fixture_ticks=4889
",28216.88643582,28216.887689111,99.25,2795808,51,806744064,806744064,6579154944,779522048,27123712,273,,,22.99960444131798
34,2026-10-06T16:23:43.430209+00:00,68.0039121990012,1,ACTIVE_observed,False,1.9999868240010983,0.004514757998549612,,0,100,100,0,0,2500,0,0,0,0,0,19834,19168000,18897000,9608,10546,0,22229,1046,26464,882,4758,177,0.001112,0.007011,0.009674,2048,0.084127,0.489905,0.727983,2048,29.977448,47.68198,60.343134,2048,28.29627,43.992828,47.846341,2048,0.319069,0.570958,0.957828,2048,99.782539,149.716139,150.022452,171,29.976747,47.680097,60.342523,2048,3.246133,39.415733,50.466135,2048,0.005669,0.021432,0.058768,2048,5958,5958,112313,0,0,9953,1542121,0,0.783737,1.764048,3.588021,2048,1,1,100,0,0.738742,20.0,"STATUS online tickets=0 {registered_loaded_endpoints=100, active_endpoints=100, worker_queue=0, actual_tickets=0, transactions=2500, errors=0, queue_rejected=0, quarantined=0, deferred_registry_decodes=0, dropped_wake_hints=0, local_exchange_calls=19834, local_input_units=19168000, local_output_units=18897000, batch_devices=9608, batch_records=10546, batch_payload_bytes=0, local_wakes=22229, remote_hint_wakes=1046, poll_fallback=26464, empty_batches=882, allocation_misses=4758, local_credit_publications=177, local_ms_p50=0.001112, local_ms_p95=0.007011, local_ms_p99=0.009674, local_ms_samples=2048, queue_ms_p50=0.084127, queue_ms_p95=0.489905, queue_ms_p99=0.727983, queue_ms_samples=2048, execution_ms_p50=29.977448, execution_ms_p95=47.68198, execution_ms_p99=60.343134, execution_ms_samples=2048, apply_ms_p50=28.29627, apply_ms_p95=43.992828, apply_ms_p99=47.846341, apply_ms_samples=2048, tick_ms_p50=0.319069, tick_ms_p95=0.570958, tick_ms_p99=0.957828, tick_ms_samples=2048, delivery_ms_p50=99.782539, delivery_ms_p95=149.716139, delivery_ms_p99=150.022452, delivery_ms_samples=171, sql_ms_p50=29.976747, sql_ms_p95=47.680097, sql_ms_p99=60.342523, sql_ms_samples=2048, db_transaction_ms_p50=3.246133, db_transaction_ms_p95=39.415733, db_transaction_ms_p99=50.466135, db_transaction_ms_samples=2048, db_connection_wait_ms_p50=0.005669, db_connection_wait_ms_p95=0.021432, db_connection_wait_ms_p99=0.058768, db_connection_wait_ms_samples=2048, db_transactions=5958, db_transaction_attempts=5958, db_statements=112313, db_deadlock_retries=0, db_active_connections=0, wal_writes=9953, wal_bytes=1542121, wal_identical_skipped=0, wal_barrier_ms_p50=0.783737, wal_barrier_ms_p95=1.764048, wal_barrier_ms_p99=3.588021, wal_barrier_ms_samples=2048, completion_admitted=1, ready_channels=1, ready_devices=100, closing_devices=0, mc_recorded_tick_ms_avg100=0.738742, mc_target_ticks_per_second=20.0}
",28218.883784032,28218.886230695,100,100,100,100,19168000,18897000,295.268985,4929,"BULK count=100 spawned=100 registered=100 bound=100 accepted=19168000 extracted=18897000 fixture_ms_total=295.268985 fixture_ticks=4929
",28218.886355392,28218.88732623,99.72,2795808,51,806846464,806846464,6579154944,779624448,27123712,273,,,23.500154819006987
35,2026-10-06T16:23:45.430215+00:00,70.00391770100032,1,ACTIVE_observed,False,2.0000055019991123,0.31814249599847244,,0,100,100,0,0,2539,0,0,0,0,0,20165,19488000,19221000,9776,10720,0,22600,1064,26804,882,4836,180,0.001102,0.00688,0.009844,2048,0.084267,0.513891,0.748825,2048,30.019154,47.943129,60.343134,2048,28.689911,44.012587,47.846341,2048,0.317627,0.566311,0.942725,2048,99.780552,149.716139,150.022452,174,30.018503,47.941437,60.342523,2048,3.207015,39.598588,50.466135,2048,0.005097,0.021032,0.062234,2048,6053,6053,114138,0,0,10126,1567998,0,0.782194,1.825821,3.588021,2048,1,1,95,0,0.761613,20.0,"STATUS online tickets=0 {registered_loaded_endpoints=100, active_endpoints=100, worker_queue=0, actual_tickets=0, transactions=2539, errors=0, queue_rejected=0, quarantined=0, deferred_registry_decodes=0, dropped_wake_hints=0, local_exchange_calls=20165, local_input_units=19488000, local_output_units=19221000, batch_devices=9776, batch_records=10720, batch_payload_bytes=0, local_wakes=22600, remote_hint_wakes=1064, poll_fallback=26804, empty_batches=882, allocation_misses=4836, local_credit_publications=180, local_ms_p50=0.001102, local_ms_p95=0.00688, local_ms_p99=0.009844, local_ms_samples=2048, queue_ms_p50=0.084267, queue_ms_p95=0.513891, queue_ms_p99=0.748825, queue_ms_samples=2048, execution_ms_p50=30.019154, execution_ms_p95=47.943129, execution_ms_p99=60.343134, execution_ms_samples=2048, apply_ms_p50=28.689911, apply_ms_p95=44.012587, apply_ms_p99=47.846341, apply_ms_samples=2048, tick_ms_p50=0.317627, tick_ms_p95=0.566311, tick_ms_p99=0.942725, tick_ms_samples=2048, delivery_ms_p50=99.780552, delivery_ms_p95=149.716139, delivery_ms_p99=150.022452, delivery_ms_samples=174, sql_ms_p50=30.018503, sql_ms_p95=47.941437, sql_ms_p99=60.342523, sql_ms_samples=2048, db_transaction_ms_p50=3.207015, db_transaction_ms_p95=39.598588, db_transaction_ms_p99=50.466135, db_transaction_ms_samples=2048, db_connection_wait_ms_p50=0.005097, db_connection_wait_ms_p95=0.021032, db_connection_wait_ms_p99=0.062234, db_connection_wait_ms_samples=2048, db_transactions=6053, db_transaction_attempts=6053, db_statements=114138, db_deadlock_retries=0, db_active_connections=0, wal_writes=10126, wal_bytes=1567998, wal_identical_skipped=0, wal_barrier_ms_p50=0.782194, wal_barrier_ms_p95=1.825821, wal_barrier_ms_p99=3.588021, wal_barrier_ms_samples=2048, completion_admitted=1, ready_channels=1, ready_devices=95, closing_devices=0, mc_recorded_tick_ms_avg100=0.761613, mc_target_ticks_per_second=20.0}
",28220.883825328,28220.8866042,100,100,100,100,19488000,19221000,297.652375,4969,"BULK count=100 spawned=100 registered=100 bound=100 accepted=19488000 extracted=19221000 fixture_ms_total=297.652375 fixture_ticks=4969
",28220.886760545,28220.887820015,100.35,2795808,51,806903808,806903808,6579154944,779681792,27123712,273,395313152,359933542,31.499913343752144
36,2026-10-06T16:23:47.430206+00:00,72.00390900699858,1,ACTIVE_observed,False,1.9999913059982646,0.006794360000640154,,0,100,100,0,0,2574,0,0,0,0,0,20495,19808000,19479000,9928,10889,0,22970,1082,27142,882,4915,182,0.001102,0.00685,0.010706,2048,0.084632,0.509556,0.748825,2048,30.032107,48.21721,60.527,2048,28.737136,43.993864,47.850254,2048,0.316244,0.56642,0.942725,2048,99.780552,149.716139,150.022452,176,30.031276,48.214857,60.519559,2048,3.246133,39.814385,51.466383,2048,0.004897,0.020681,0.062234,2048,6141,6142,115837,0,1,10276,1591660,0,0.782635,1.977959,4.459565,2048,1,1,96,0,0.785431,20.0,"STATUS online tickets=0 {registered_loaded_endpoints=100, active_endpoints=100, worker_queue=0, actual_tickets=0, transactions=2574, errors=0, queue_rejected=0, quarantined=0, deferred_registry_decodes=0, dropped_wake_hints=0, local_exchange_calls=20495, local_input_units=19808000, local_output_units=19479000, batch_devices=9928, batch_records=10889, batch_payload_bytes=0, local_wakes=22970, remote_hint_wakes=1082, poll_fallback=27142, empty_batches=882, allocation_misses=4915, local_credit_publications=182, local_ms_p50=0.001102, local_ms_p95=0.00685, local_ms_p99=0.010706, local_ms_samples=2048, queue_ms_p50=0.084632, queue_ms_p95=0.509556, queue_ms_p99=0.748825, queue_ms_samples=2048, execution_ms_p50=30.032107, execution_ms_p95=48.21721, execution_ms_p99=60.527, execution_ms_samples=2048, apply_ms_p50=28.737136, apply_ms_p95=43.993864, apply_ms_p99=47.850254, apply_ms_samples=2048, tick_ms_p50=0.316244, tick_ms_p95=0.56642, tick_ms_p99=0.942725, tick_ms_samples=2048, delivery_ms_p50=99.780552, delivery_ms_p95=149.716139, delivery_ms_p99=150.022452, delivery_ms_samples=176, sql_ms_p50=30.031276, sql_ms_p95=48.214857, sql_ms_p99=60.519559, sql_ms_samples=2048, db_transaction_ms_p50=3.246133, db_transaction_ms_p95=39.814385, db_transaction_ms_p99=51.466383, db_transaction_ms_samples=2048, db_connection_wait_ms_p50=0.004897, db_connection_wait_ms_p95=0.020681, db_connection_wait_ms_p99=0.062234, db_connection_wait_ms_samples=2048, db_transactions=6141, db_transaction_attempts=6142, db_statements=115837, db_deadlock_retries=0, db_active_connections=1, wal_writes=10276, wal_bytes=1591660, wal_identical_skipped=0, wal_barrier_ms_p50=0.782635, wal_barrier_ms_p95=1.977959, wal_barrier_ms_p99=4.459565, wal_barrier_ms_samples=2048, completion_admitted=1, ready_channels=1, ready_devices=96, closing_devices=0, mc_recorded_tick_ms_avg100=0.785431, mc_target_ticks_per_second=20.0}
",28222.88378063,28222.888399184,100,100,100,100,19808000,19479000,299.831306,5009,"BULK count=100 spawned=100 registered=100 bound=100 accepted=19808000 extracted=19479000 fixture_ms_total=299.831306 fixture_ticks=5009
",28222.888586124,28222.889510222,101.29,2795808,51,807047168,807047168,6579154944,779825152,27123712,274,,,47.000204309929515
37,2026-10-06T16:23:49.430225+00:00,74.0039266269996,2,setup_or_transition,False,2.0000176200010173,0.005509269998583477,,0,160,0,7,0,2687,0,0,0,0,0,20705,20008000,19791000,10066,11041,0,23206,1093,27413,886,4962,185,0.001101,0.00652,0.010205,2048,0.085589,0.620592,15.889781,2048,28.253679,48.21721,60.527,2048,30.422637,43.936894,47.846341,2048,0.315333,0.572249,0.961043,2048,99.782539,149.786276,150.022452,179,28.252908,48.214857,60.519559,2048,3.429188,39.880395,51.607151,2048,0.004657,0.02028,0.062234,2048,6289,6292,117703,0,3,10421,1615661,0,0.788234,2.055106,4.459565,2048,20,0,0,0,0.776743,20.0,"STATUS online tickets=0 {registered_loaded_endpoints=160, active_endpoints=0, worker_queue=7, actual_tickets=0, transactions=2687, errors=0, queue_rejected=0, quarantined=0, deferred_registry_decodes=0, dropped_wake_hints=0, local_exchange_calls=20705, local_input_units=20008000, local_output_units=19791000, batch_devices=10066, batch_records=11041, batch_payload_bytes=0, local_wakes=23206, remote_hint_wakes=1093, poll_fallback=27413, empty_batches=886, allocation_misses=4962, local_credit_publications=185, local_ms_p50=0.001101, local_ms_p95=0.00652, local_ms_p99=0.010205, local_ms_samples=2048, queue_ms_p50=0.085589, queue_ms_p95=0.620592, queue_ms_p99=15.889781, queue_ms_samples=2048, execution_ms_p50=28.253679, execution_ms_p95=48.21721, execution_ms_p99=60.527, execution_ms_samples=2048, apply_ms_p50=30.422637, apply_ms_p95=43.936894, apply_ms_p99=47.846341, apply_ms_samples=2048, tick_ms_p50=0.315333, tick_ms_p95=0.572249, tick_ms_p99=0.961043, tick_ms_samples=2048, delivery_ms_p50=99.782539, delivery_ms_p95=149.786276, delivery_ms_p99=150.022452, delivery_ms_samples=179, sql_ms_p50=28.252908, sql_ms_p95=48.214857, sql_ms_p99=60.519559, sql_ms_samples=2048, db_transaction_ms_p50=3.429188, db_transaction_ms_p95=39.880395, db_transaction_ms_p99=51.607151, db_transaction_ms_samples=2048, db_connection_wait_ms_p50=0.004657, db_connection_wait_ms_p95=0.02028, db_connection_wait_ms_p99=0.062234, db_connection_wait_ms_samples=2048, db_transactions=6289, db_transaction_attempts=6292, db_statements=117703, db_deadlock_retries=0, db_active_connections=3, wal_writes=10421, wal_bytes=1615661, wal_identical_skipped=0, wal_barrier_ms_p50=0.788234, wal_barrier_ms_p95=2.055106, wal_barrier_ms_p99=4.459565, wal_barrier_ms_samples=2048, completion_admitted=20, ready_channels=0, ready_devices=0, closing_devices=0, mc_recorded_tick_ms_avg100=0.776743, mc_target_ticks_per_second=20.0}
",28224.883833884,28224.886313556,500,160,156,112,20008000,19791000,324.894728,5049,"BULK count=500 spawned=160 registered=156 bound=112 accepted=20008000 extracted=19791000 fixture_ms_total=324.894728 fixture_ticks=5049
",28224.886461257,28224.887834378,102.46,2795808,56,807452672,807452672,6579154944,780230656,27123712,273,,,58.49948461951012
38,2026-10-06T16:23:51.430207+00:00,76.00390985099875,2,setup_or_transition,False,1.999983223999152,0.005992074002278969,,0,320,0,0,0,2962,0,0,0,0,0,20705,20008000,19791000,10067,11041,0,23206,1099,27540,925,4962,185,0.001101,0.006249,0.010986,2048,0.0896,14.733485,47.918555,2048,16.106536,47.66054,60.458175,2048,32.087108,44.012587,48.220321,2048,0.313811,0.583836,0.970427,2048,99.782539,149.786276,150.022452,179,16.086426,47.657696,60.456212,2048,4.454287,39.703147,51.466383,2048,0.004367,0.019539,0.062234,2048,6570,6570,120274,0,0,10422,1615774,0,0.788234,2.055106,4.459565,2048,5,0,0,0,0.831474,20.0,"STATUS online tickets=0 {registered_loaded_endpoints=320, active_endpoints=0, worker_queue=0, actual_tickets=0, transactions=2962, errors=0, queue_rejected=0, quarantined=0, deferred_registry_decodes=0, dropped_wake_hints=0, local_exchange_calls=20705, local_input_units=20008000, local_output_units=19791000, batch_devices=10067, batch_records=11041, batch_payload_bytes=0, local_wakes=23206, remote_hint_wakes=1099, poll_fallback=27540, empty_batches=925, allocation_misses=4962, local_credit_publications=185, local_ms_p50=0.001101, local_ms_p95=0.006249, local_ms_p99=0.010986, local_ms_samples=2048, queue_ms_p50=0.0896, queue_ms_p95=14.733485, queue_ms_p99=47.918555, queue_ms_samples=2048, execution_ms_p50=16.106536, execution_ms_p95=47.66054, execution_ms_p99=60.458175, execution_ms_samples=2048, apply_ms_p50=32.087108, apply_ms_p95=44.012587, apply_ms_p99=48.220321, apply_ms_samples=2048, tick_ms_p50=0.313811, tick_ms_p95=0.583836, tick_ms_p99=0.970427, tick_ms_samples=2048, delivery_ms_p50=99.782539, delivery_ms_p95=149.786276, delivery_ms_p99=150.022452, delivery_ms_samples=179, sql_ms_p50=16.086426, sql_ms_p95=47.657696, sql_ms_p99=60.456212, sql_ms_samples=2048, db_transaction_ms_p50=4.454287, db_transaction_ms_p95=39.703147, db_transaction_ms_p99=51.466383, db_transaction_ms_samples=2048, db_connection_wait_ms_p50=0.004367, db_connection_wait_ms_p95=0.019539, db_connection_wait_ms_p99=0.062234, db_connection_wait_ms_samples=2048, db_transactions=6570, db_transaction_attempts=6570, db_statements=120274, db_deadlock_retries=0, db_active_connections=0, wal_writes=10422, wal_bytes=1615774, wal_identical_skipped=0, wal_barrier_ms_p50=0.788234, wal_barrier_ms_p95=2.055106, wal_barrier_ms_p99=4.459565, wal_barrier_ms_samples=2048, completion_admitted=5, ready_channels=0, ready_devices=0, closing_devices=0, mc_recorded_tick_ms_avg100=0.831474, mc_target_ticks_per_second=20.0}
",28226.883776707,28226.88640345,500,320,316,231,20008000,19791000,362.150572,5089,"BULK count=500 spawned=320 registered=316 bound=231 accepted=20008000 extracted=19791000 fixture_ms_total=362.150572 fixture_ticks=5089
",28226.886517521,28226.888831945,103.38,2795808,56,808284160,808284160,6579154944,781062144,27123712,275,,,46.00038585125611
39,2026-10-06T16:23:53.430219+00:00,78.00392238700078,2,setup_or_transition,False,2.000012536002032,0.006945250999706332,,0,480,0,6,0,3244,0,0,0,0,0,20705,20008000,19791000,10067,11041,0,23206,1113,27738,979,4962,185,0.001152,0.00616,0.010756,2048,0.098202,36.944919,65.492885,2048,14.383158,47.635225,60.458175,2048,33.696654,44.245717,48.388506,2048,0.311949,0.58623,0.961043,2048,99.782539,149.786276,150.022452,179,14.382157,47.633101,60.456212,2048,5.131872,38.635211,48.561604,2048,0.004166,0.019409,0.072549,2048,6859,6862,122985,0,3,10422,1615774,0,0.788234,2.055106,4.459565,2048,20,0,0,0,0.85421,20.0,"STATUS online tickets=0 {registered_loaded_endpoints=480, active_endpoints=0, worker_queue=6, actual_tickets=0, transactions=3244, errors=0, queue_rejected=0, quarantined=0, deferred_registry_decodes=0, dropped_wake_hints=0, local_exchange_calls=20705, local_input_units=20008000, local_output_units=19791000, batch_devices=10067, batch_records=11041, batch_payload_bytes=0, local_wakes=23206, remote_hint_wakes=1113, poll_fallback=27738, empty_batches=979, allocation_misses=4962, local_credit_publications=185, local_ms_p50=0.001152, local_ms_p95=0.00616, local_ms_p99=0.010756, local_ms_samples=2048, queue_ms_p50=0.098202, queue_ms_p95=36.944919, queue_ms_p99=65.492885, queue_ms_samples=2048, execution_ms_p50=14.383158, execution_ms_p95=47.635225, execution_ms_p99=60.458175, execution_ms_samples=2048, apply_ms_p50=33.696654, apply_ms_p95=44.245717, apply_ms_p99=48.388506, apply_ms_samples=2048, tick_ms_p50=0.311949, tick_ms_p95=0.58623, tick_ms_p99=0.961043, tick_ms_samples=2048, delivery_ms_p50=99.782539, delivery_ms_p95=149.786276, delivery_ms_p99=150.022452, delivery_ms_samples=179, sql_ms_p50=14.382157, sql_ms_p95=47.633101, sql_ms_p99=60.456212, sql_ms_samples=2048, db_transaction_ms_p50=5.131872, db_transaction_ms_p95=38.635211, db_transaction_ms_p99=48.561604, db_transaction_ms_samples=2048, db_connection_wait_ms_p50=0.004166, db_connection_wait_ms_p95=0.019409, db_connection_wait_ms_p99=0.072549, db_connection_wait_ms_samples=2048, db_transactions=6859, db_transaction_attempts=6862, db_statements=122985, db_deadlock_retries=0, db_active_connections=3, wal_writes=10422, wal_bytes=1615774, wal_identical_skipped=0, wal_barrier_ms_p50=0.788234, wal_barrier_ms_p95=2.055106, wal_barrier_ms_p99=4.459565, wal_barrier_ms_samples=2048, completion_admitted=20, ready_channels=0, ready_devices=0, closing_devices=0, mc_recorded_tick_ms_avg100=0.85421, mc_target_ticks_per_second=20.0}
",28228.884101441,28228.888109663,500,480,476,347,20008000,19791000,382.850986,5129,"BULK count=500 spawned=480 registered=476 bound=347 accepted=20008000 extracted=19791000 fixture_ms_total=382.850986 fixture_ticks=5129
",28228.888311967,28228.889296535,104.26,2795808,57,808562688,808562688,6579290112,781340672,27123712,274,,,43.99972420968443
40,2026-10-06T16:23:55.430246+00:00,80.00394784400123,2,setup_or_transition,False,2.000025457000447,0.28609974599748966,,0,500,0,0,0,3394,0,0,0,0,0,20705,20008000,19791000,10067,11041,0,23206,1124,28011,1042,4962,185,0.001202,0.006249,0.012039,2048,0.103901,44.764607,68.068956,2048,14.116487,47.168987,60.15514,2048,33.259639,44.250615,48.563217,2048,0.309114,0.58623,0.942725,2048,99.782539,149.786276,150.022452,179,14.115736,47.165642,60.148691,2048,5.505926,38.324113,47.263477,2048,0.004186,0.01968,0.131778,2048,7016,7016,124934,0,0,10422,1615774,0,0.788234,2.055106,4.459565,2048,0,0,0,0,0.858692,20.0,"STATUS online tickets=0 {registered_loaded_endpoints=500, active_endpoints=0, worker_queue=0, actual_tickets=0, transactions=3394, errors=0, queue_rejected=0, quarantined=0, deferred_registry_decodes=0, dropped_wake_hints=0, local_exchange_calls=20705, local_input_units=20008000, local_output_units=19791000, batch_devices=10067, batch_records=11041, batch_payload_bytes=0, local_wakes=23206, remote_hint_wakes=1124, poll_fallback=28011, empty_batches=1042, allocation_misses=4962, local_credit_publications=185, local_ms_p50=0.001202, local_ms_p95=0.006249, local_ms_p99=0.012039, local_ms_samples=2048, queue_ms_p50=0.103901, queue_ms_p95=44.764607, queue_ms_p99=68.068956, queue_ms_samples=2048, execution_ms_p50=14.116487, execution_ms_p95=47.168987, execution_ms_p99=60.15514, execution_ms_samples=2048, apply_ms_p50=33.259639, apply_ms_p95=44.250615, apply_ms_p99=48.563217, apply_ms_samples=2048, tick_ms_p50=0.309114, tick_ms_p95=0.58623, tick_ms_p99=0.942725, tick_ms_samples=2048, delivery_ms_p50=99.782539, delivery_ms_p95=149.786276, delivery_ms_p99=150.022452, delivery_ms_samples=179, sql_ms_p50=14.115736, sql_ms_p95=47.165642, sql_ms_p99=60.148691, sql_ms_samples=2048, db_transaction_ms_p50=5.505926, db_transaction_ms_p95=38.324113, db_transaction_ms_p99=47.263477, db_transaction_ms_samples=2048, db_connection_wait_ms_p50=0.004186, db_connection_wait_ms_p95=0.01968, db_connection_wait_ms_p99=0.131778, db_connection_wait_ms_samples=2048, db_transactions=7016, db_transaction_attempts=7016, db_statements=124934, db_deadlock_retries=0, db_active_connections=0, wal_writes=10422, wal_bytes=1615774, wal_identical_skipped=0, wal_barrier_ms_p50=0.788234, wal_barrier_ms_p95=2.055106, wal_barrier_ms_p99=4.459565, wal_barrier_ms_samples=2048, completion_admitted=0, ready_channels=0, ready_devices=0, closing_devices=0, mc_recorded_tick_ms_avg100=0.858692, mc_target_ticks_per_second=20.0}
",28230.883855051,28230.887034955,500,500,500,484,20008000,19791000,388.373147,5169,"BULK count=500 spawned=500 registered=500 bound=484 accepted=20008000 extracted=19791000 fixture_ms_total=388.373147 fixture_ticks=5169
",28230.887187844,28230.88797093,104.92,2795808,57,808689664,808689664,6579290112,781467648,27123712,274,395313152,237325619,32.99957996483887
41,2026-10-06T16:23:57.430258+00:00,82.00396000399996,3,OFF_observed,False,2.0000121599987324,0.005698060998838628,,0,500,0,0,0,3410,0,0,0,0,0,20705,20008000,19791000,10067,11041,0,23206,1129,28383,1110,4962,185,0.001162,0.007041,0.013991,2048,0.104848,44.764607,68.068956,2048,14.076302,46.746394,58.700911,2048,33.322842,44.250615,48.563217,2048,0.307252,0.583836,0.942725,2048,99.782539,149.786276,150.022452,179,14.0753,46.745582,58.698568,2048,5.554448,38.19458,47.233253,2048,0.004186,0.0201,0.190936,2048,7039,7039,125184,0,0,10422,1615774,0,0.788234,2.055106,4.459565,2048,0,0,0,0,0.806619,20.0,"STATUS online tickets=0 {registered_loaded_endpoints=500, active_endpoints=0, worker_queue=0, actual_tickets=0, transactions=3410, errors=0, queue_rejected=0, quarantined=0, deferred_registry_decodes=0, dropped_wake_hints=0, local_exchange_calls=20705, local_input_units=20008000, local_output_units=19791000, batch_devices=10067, batch_records=11041, batch_payload_bytes=0, local_wakes=23206, remote_hint_wakes=1129, poll_fallback=28383, empty_batches=1110, allocation_misses=4962, local_credit_publications=185, local_ms_p50=0.001162, local_ms_p95=0.007041, local_ms_p99=0.013991, local_ms_samples=2048, queue_ms_p50=0.104848, queue_ms_p95=44.764607, queue_ms_p99=68.068956, queue_ms_samples=2048, execution_ms_p50=14.076302, execution_ms_p95=46.746394, execution_ms_p99=58.700911, execution_ms_samples=2048, apply_ms_p50=33.322842, apply_ms_p95=44.250615, apply_ms_p99=48.563217, apply_ms_samples=2048, tick_ms_p50=0.307252, tick_ms_p95=0.583836, tick_ms_p99=0.942725, tick_ms_samples=2048, delivery_ms_p50=99.782539, delivery_ms_p95=149.786276, delivery_ms_p99=150.022452, delivery_ms_samples=179, sql_ms_p50=14.0753, sql_ms_p95=46.745582, sql_ms_p99=58.698568, sql_ms_samples=2048, db_transaction_ms_p50=5.554448, db_transaction_ms_p95=38.19458, db_transaction_ms_p99=47.233253, db_transaction_ms_samples=2048, db_connection_wait_ms_p50=0.004186, db_connection_wait_ms_p95=0.0201, db_connection_wait_ms_p99=0.190936, db_connection_wait_ms_samples=2048, db_transactions=7039, db_transaction_attempts=7039, db_statements=125184, db_deadlock_retries=0, db_active_connections=0, wal_writes=10422, wal_bytes=1615774, wal_identical_skipped=0, wal_barrier_ms_p50=0.788234, wal_barrier_ms_p95=2.055106, wal_barrier_ms_p99=4.459565, wal_barrier_ms_samples=2048, completion_admitted=0, ready_channels=0, ready_devices=0, closing_devices=0, mc_recorded_tick_ms_avg100=0.806619, mc_target_ticks_per_second=20.0}
",28232.883889534,28232.887243728,500,500,500,500,20008000,19791000,388.720006,5209,"BULK count=500 spawned=500 registered=500 bound=500 accepted=20008000 extracted=19791000 fixture_ms_total=388.720006 fixture_ticks=5209
",28232.88740492,28232.888455196,105.18,2795808,56,808697856,808697856,6579290112,781475840,27123712,274,,,12.999920960489057
42,2026-10-06T16:23:59.430247+00:00,84.00394831800077,3,OFF_observed,False,1.9999883140008023,0.005219488997681765,,0,500,0,0,0,3410,0,0,0,0,0,20705,20008000,19791000,10067,11041,0,23206,1129,28828,1182,4962,185,0.001111,0.007932,0.014371,2048,0.104848,44.764607,68.068956,2048,14.076302,46.746394,58.700911,2048,33.322842,44.250615,48.563217,2048,0.305448,0.583836,0.942725,2048,99.782539,149.786276,150.022452,179,14.0753,46.745582,58.698568,2048,5.554448,38.19458,47.233253,2048,0.004186,0.02019,0.195343,2048,7043,7043,125199,0,0,10422,1615774,0,0.788234,2.055106,4.459565,2048,0,0,0,0,0.670269,20.0,"STATUS online tickets=0 {registered_loaded_endpoints=500, active_endpoints=0, worker_queue=0, actual_tickets=0, transactions=3410, errors=0, queue_rejected=0, quarantined=0, deferred_registry_decodes=0, dropped_wake_hints=0, local_exchange_calls=20705, local_input_units=20008000, local_output_units=19791000, batch_devices=10067, batch_records=11041, batch_payload_bytes=0, local_wakes=23206, remote_hint_wakes=1129, poll_fallback=28828, empty_batches=1182, allocation_misses=4962, local_credit_publications=185, local_ms_p50=0.001111, local_ms_p95=0.007932, local_ms_p99=0.014371, local_ms_samples=2048, queue_ms_p50=0.104848, queue_ms_p95=44.764607, queue_ms_p99=68.068956, queue_ms_samples=2048, execution_ms_p50=14.076302, execution_ms_p95=46.746394, execution_ms_p99=58.700911, execution_ms_samples=2048, apply_ms_p50=33.322842, apply_ms_p95=44.250615, apply_ms_p99=48.563217, apply_ms_samples=2048, tick_ms_p50=0.305448, tick_ms_p95=0.583836, tick_ms_p99=0.942725, tick_ms_samples=2048, delivery_ms_p50=99.782539, delivery_ms_p95=149.786276, delivery_ms_p99=150.022452, delivery_ms_samples=179, sql_ms_p50=14.0753, sql_ms_p95=46.745582, sql_ms_p99=58.698568, sql_ms_samples=2048, db_transaction_ms_p50=5.554448, db_transaction_ms_p95=38.19458, db_transaction_ms_p99=47.233253, db_transaction_ms_samples=2048, db_connection_wait_ms_p50=0.004186, db_connection_wait_ms_p95=0.02019, db_connection_wait_ms_p99=0.195343, db_connection_wait_ms_samples=2048, db_transactions=7043, db_transaction_attempts=7043, db_statements=125199, db_deadlock_retries=0, db_active_connections=0, wal_writes=10422, wal_bytes=1615774, wal_identical_skipped=0, wal_barrier_ms_p50=0.788234, wal_barrier_ms_p95=2.055106, wal_barrier_ms_p99=4.459565, wal_barrier_ms_samples=2048, completion_admitted=0, ready_channels=0, ready_devices=0, closing_devices=0, mc_recorded_tick_ms_avg100=0.670269, mc_target_ticks_per_second=20.0}
",28234.883869195,28234.887010695,500,500,500,500,20008000,19791000,388.864704,5249,"BULK count=500 spawned=500 registered=500 bound=500 accepted=20008000 extracted=19791000 fixture_ms_total=388.864704 fixture_ticks=5249
",28234.887119929,28234.887939349,105.44,2795808,57,808787968,808787968,6579290112,781565952,27123712,274,,,13.000075959438162
43,2026-10-06T16:24:01.430250+00:00,86.00395164200017,3,OFF_observed,False,2.000003323999408,0.004792615000042133,,0,500,0,0,0,3410,0,0,0,0,0,20705,20008000,19791000,10067,11041,0,23206,1129,29312,1263,4962,185,0.000991,0.008092,0.014351,2048,0.104848,44.764607,68.068956,2048,14.076302,46.746394,58.700911,2048,33.322842,44.250615,48.563217,2048,0.302915,0.576866,0.928804,2048,99.782539,149.786276,150.022452,179,14.0753,46.745582,58.698568,2048,5.554397,38.19458,47.233253,2048,0.004187,0.020481,0.196054,2048,7047,7047,125214,0,0,10422,1615774,0,0.788234,2.055106,4.459565,2048,0,0,0,0,0.64455,20.0,"STATUS online tickets=0 {registered_loaded_endpoints=500, active_endpoints=0, worker_queue=0, actual_tickets=0, transactions=3410, errors=0, queue_rejected=0, quarantined=0, deferred_registry_decodes=0, dropped_wake_hints=0, local_exchange_calls=20705, local_input_units=20008000, local_output_units=19791000, batch_devices=10067, batch_records=11041, batch_payload_bytes=0, local_wakes=23206, remote_hint_wakes=1129, poll_fallback=29312, empty_batches=1263, allocation_misses=4962, local_credit_publications=185, local_ms_p50=9.91E-4, local_ms_p95=0.008092, local_ms_p99=0.014351, local_ms_samples=2048, queue_ms_p50=0.104848, queue_ms_p95=44.764607, queue_ms_p99=68.068956, queue_ms_samples=2048, execution_ms_p50=14.076302, execution_ms_p95=46.746394, execution_ms_p99=58.700911, execution_ms_samples=2048, apply_ms_p50=33.322842, apply_ms_p95=44.250615, apply_ms_p99=48.563217, apply_ms_samples=2048, tick_ms_p50=0.302915, tick_ms_p95=0.576866, tick_ms_p99=0.928804, tick_ms_samples=2048, delivery_ms_p50=99.782539, delivery_ms_p95=149.786276, delivery_ms_p99=150.022452, delivery_ms_samples=179, sql_ms_p50=14.0753, sql_ms_p95=46.745582, sql_ms_p99=58.698568, sql_ms_samples=2048, db_transaction_ms_p50=5.554397, db_transaction_ms_p95=38.19458, db_transaction_ms_p99=47.233253, db_transaction_ms_samples=2048, db_connection_wait_ms_p50=0.004187, db_connection_wait_ms_p95=0.020481, db_connection_wait_ms_p99=0.196054, db_connection_wait_ms_samples=2048, db_transactions=7047, db_transaction_attempts=7047, db_statements=125214, db_deadlock_retries=0, db_active_connections=0, wal_writes=10422, wal_bytes=1615774, wal_identical_skipped=0, wal_barrier_ms_p50=0.788234, wal_barrier_ms_p95=2.055106, wal_barrier_ms_p99=4.459565, wal_barrier_ms_samples=2048, completion_admitted=0, ready_channels=0, ready_devices=0, closing_devices=0, mc_recorded_tick_ms_avg100=0.64455, mc_target_ticks_per_second=20.0}
",28236.88392644,28236.88668412,500,500,500,500,20008000,19791000,389.006216,5289,"BULK count=500 spawned=500 registered=500 bound=500 accepted=20008000 extracted=19791000 fixture_ms_total=389.006216 fixture_ticks=5289
",28236.886799994,28236.887701998,105.63,2795808,56,808808448,808808448,6579290112,781586432,27123712,274,,,9.49998421102894
44,2026-10-06T16:24:03.430265+00:00,88.00396660899787,4,OFF_observed,True,2.0000149669976963,0.004904497000097763,,0,500,0,0,0,3410,0,0,0,0,0,20705,20008000,19791000,10067,11041,0,23206,1129,29796,1343,4962,185,0.000992,0.008002,0.014082,2048,0.104848,44.764607,68.068956,2048,14.076302,46.746394,58.700911,2048,33.322842,44.250615,48.563217,2048,0.179299,0.358238,0.445179,38,0.0,0.0,0.0,0,0.0,0.0,0.0,0,5.554318,38.193539,47.233253,2048,0.004187,0.020521,0.204256,2048,7051,7051,125229,0,0,10422,1615774,0,0.788234,2.055106,4.459565,2048,0,0,0,0,0.586243,20.0,"STATUS online tickets=0 {registered_loaded_endpoints=500, active_endpoints=0, worker_queue=0, actual_tickets=0, transactions=3410, errors=0, queue_rejected=0, quarantined=0, deferred_registry_decodes=0, dropped_wake_hints=0, local_exchange_calls=20705, local_input_units=20008000, local_output_units=19791000, batch_devices=10067, batch_records=11041, batch_payload_bytes=0, local_wakes=23206, remote_hint_wakes=1129, poll_fallback=29796, empty_batches=1343, allocation_misses=4962, local_credit_publications=185, local_ms_p50=9.92E-4, local_ms_p95=0.008002, local_ms_p99=0.014082, local_ms_samples=2048, queue_ms_p50=0.104848, queue_ms_p95=44.764607, queue_ms_p99=68.068956, queue_ms_samples=2048, execution_ms_p50=14.076302, execution_ms_p95=46.746394, execution_ms_p99=58.700911, execution_ms_samples=2048, apply_ms_p50=33.322842, apply_ms_p95=44.250615, apply_ms_p99=48.563217, apply_ms_samples=2048, tick_ms_p50=0.179299, tick_ms_p95=0.358238, tick_ms_p99=0.445179, tick_ms_samples=38, delivery_ms_p50=0.0, delivery_ms_p95=0.0, delivery_ms_p99=0.0, delivery_ms_samples=0, sql_ms_p50=0.0, sql_ms_p95=0.0, sql_ms_p99=0.0, sql_ms_samples=0, db_transaction_ms_p50=5.554318, db_transaction_ms_p95=38.193539, db_transaction_ms_p99=47.233253, db_transaction_ms_samples=2048, db_connection_wait_ms_p50=0.004187, db_connection_wait_ms_p95=0.020521, db_connection_wait_ms_p99=0.204256, db_connection_wait_ms_samples=2048, db_transactions=7051, db_transaction_attempts=7051, db_statements=125229, db_deadlock_retries=0, db_active_connections=0, wal_writes=10422, wal_bytes=1615774, wal_identical_skipped=0, wal_barrier_ms_p50=0.788234, wal_barrier_ms_p95=2.055106, wal_barrier_ms_p99=4.459565, wal_barrier_ms_samples=2048, completion_admitted=0, ready_channels=0, ready_devices=0, closing_devices=0, mc_recorded_tick_ms_avg100=0.586243, mc_target_ticks_per_second=20.0}
",28238.883897571,28238.886824585,500,500,500,500,20008000,19791000,389.139284,5329,"BULK count=500 spawned=500 registered=500 bound=500 accepted=20008000 extracted=19791000 fixture_ms_total=389.139284 fixture_ticks=5329
",28238.886964926,28238.887772853,105.85,2795808,56,808849408,808849408,6579290112,781627392,27123712,274,,,10.99991768212864
45,2026-10-06T16:24:05.430307+00:00,90.004008134998,4,OFF_observed,False,2.000041526000132,0.2885786060032842,,0,500,0,0,0,3410,0,0,0,0,0,20705,20008000,19791000,10067,11041,0,23206,1129,30280,1424,4962,185,0.001012,0.008133,0.01316,2048,0.104848,44.764607,68.068956,2048,14.076302,46.746394,58.700911,2048,33.322842,44.250615,48.563217,2048,0.184597,0.276555,0.473491,78,0.0,0.0,0.0,0,0.0,0.0,0.0,0,5.526716,38.193539,47.233253,2048,0.004187,0.020641,0.264167,2048,7055,7055,125244,0,0,10422,1615774,0,0.788234,2.055106,4.459565,2048,0,0,0,0,0.683852,20.0,"STATUS online tickets=0 {registered_loaded_endpoints=500, active_endpoints=0, worker_queue=0, actual_tickets=0, transactions=3410, errors=0, queue_rejected=0, quarantined=0, deferred_registry_decodes=0, dropped_wake_hints=0, local_exchange_calls=20705, local_input_units=20008000, local_output_units=19791000, batch_devices=10067, batch_records=11041, batch_payload_bytes=0, local_wakes=23206, remote_hint_wakes=1129, poll_fallback=30280, empty_batches=1424, allocation_misses=4962, local_credit_publications=185, local_ms_p50=0.001012, local_ms_p95=0.008133, local_ms_p99=0.01316, local_ms_samples=2048, queue_ms_p50=0.104848, queue_ms_p95=44.764607, queue_ms_p99=68.068956, queue_ms_samples=2048, execution_ms_p50=14.076302, execution_ms_p95=46.746394, execution_ms_p99=58.700911, execution_ms_samples=2048, apply_ms_p50=33.322842, apply_ms_p95=44.250615, apply_ms_p99=48.563217, apply_ms_samples=2048, tick_ms_p50=0.184597, tick_ms_p95=0.276555, tick_ms_p99=0.473491, tick_ms_samples=78, delivery_ms_p50=0.0, delivery_ms_p95=0.0, delivery_ms_p99=0.0, delivery_ms_samples=0, sql_ms_p50=0.0, sql_ms_p95=0.0, sql_ms_p99=0.0, sql_ms_samples=0, db_transaction_ms_p50=5.526716, db_transaction_ms_p95=38.193539, db_transaction_ms_p99=47.233253, db_transaction_ms_samples=2048, db_connection_wait_ms_p50=0.004187, db_connection_wait_ms_p95=0.020641, db_connection_wait_ms_p99=0.264167, db_connection_wait_ms_samples=2048, db_transactions=7055, db_transaction_attempts=7055, db_statements=125244, db_deadlock_retries=0, db_active_connections=0, wal_writes=10422, wal_bytes=1615774, wal_identical_skipped=0, wal_barrier_ms_p50=0.788234, wal_barrier_ms_p95=2.055106, wal_barrier_ms_p99=4.459565, wal_barrier_ms_samples=2048, completion_admitted=0, ready_channels=0, ready_devices=0, closing_devices=0, mc_recorded_tick_ms_avg100=0.683852, mc_target_ticks_per_second=20.0}
",28240.883988711,28240.886528904,500,500,500,500,20008000,19791000,389.274474,5369,"BULK count=500 spawned=500 registered=500 bound=500 accepted=20008000 extracted=19791000 fixture_ms_total=389.274474 fixture_ticks=5369
",28240.886696956,28240.887419205,106.11,2795808,56,808873984,808873984,6579290112,781651968,27123712,274,395313152,263540019,12.999730086603611
46,2026-10-06T16:24:07.430256+00:00,92.00395718299842,4,OFF_observed,False,1.999949048000417,0.005206894002185436,,0,500,0,0,0,3410,0,0,0,0,0,20705,20008000,19791000,10067,11041,0,23206,1129,30764,1505,4962,185,0.001061,0.008312,0.014091,2048,0.104848,44.764607,68.068956,2048,14.076302,46.746394,58.700911,2048,33.322842,44.250615,48.563217,2048,0.184197,0.276555,0.473491,118,0.0,0.0,0.0,0,0.0,0.0,0.0,0,5.526716,38.193539,47.233253,2048,0.004197,0.020871,0.294912,2048,7059,7059,125259,0,0,10422,1615774,0,0.788234,2.055106,4.459565,2048,0,0,0,0,0.679704,20.0,"STATUS online tickets=0 {registered_loaded_endpoints=500, active_endpoints=0, worker_queue=0, actual_tickets=0, transactions=3410, errors=0, queue_rejected=0, quarantined=0, deferred_registry_decodes=0, dropped_wake_hints=0, local_exchange_calls=20705, local_input_units=20008000, local_output_units=19791000, batch_devices=10067, batch_records=11041, batch_payload_bytes=0, local_wakes=23206, remote_hint_wakes=1129, poll_fallback=30764, empty_batches=1505, allocation_misses=4962, local_credit_publications=185, local_ms_p50=0.001061, local_ms_p95=0.008312, local_ms_p99=0.014091, local_ms_samples=2048, queue_ms_p50=0.104848, queue_ms_p95=44.764607, queue_ms_p99=68.068956, queue_ms_samples=2048, execution_ms_p50=14.076302, execution_ms_p95=46.746394, execution_ms_p99=58.700911, execution_ms_samples=2048, apply_ms_p50=33.322842, apply_ms_p95=44.250615, apply_ms_p99=48.563217, apply_ms_samples=2048, tick_ms_p50=0.184197, tick_ms_p95=0.276555, tick_ms_p99=0.473491, tick_ms_samples=118, delivery_ms_p50=0.0, delivery_ms_p95=0.0, delivery_ms_p99=0.0, delivery_ms_samples=0, sql_ms_p50=0.0, sql_ms_p95=0.0, sql_ms_p99=0.0, sql_ms_samples=0, db_transaction_ms_p50=5.526716, db_transaction_ms_p95=38.193539, db_transaction_ms_p99=47.233253, db_transaction_ms_samples=2048, db_connection_wait_ms_p50=0.004197, db_connection_wait_ms_p95=0.020871, db_connection_wait_ms_p99=0.294912, db_connection_wait_ms_samples=2048, db_transactions=7059, db_transaction_attempts=7059, db_statements=125259, db_deadlock_retries=0, db_active_connections=0, wal_writes=10422, wal_bytes=1615774, wal_identical_skipped=0, wal_barrier_ms_p50=0.788234, wal_barrier_ms_p95=2.055106, wal_barrier_ms_p99=4.459565, wal_barrier_ms_samples=2048, completion_admitted=0, ready_channels=0, ready_devices=0, closing_devices=0, mc_recorded_tick_ms_avg100=0.679704, mc_target_ticks_per_second=20.0}
",28242.883883628,28242.886377461,500,500,500,500,20008000,19791000,389.415667,5409,"BULK count=500 spawned=500 registered=500 bound=500 accepted=20008000 extracted=19791000 fixture_ms_total=389.415667 fixture_ticks=5409
",28242.886496309,28242.887768949,106.34,2795808,56,808914944,808914944,6579290112,781692928,27123712,274,,,11.500292981461797
47,2026-10-06T16:24:09.430237+00:00,94.0039388969999,4,OFF_observed,False,1.9999817140014784,0.004330024999944726,,0,500,0,0,0,3410,0,0,0,0,0,20705,20008000,19791000,10067,11041,0,23206,1129,31248,1585,4962,185,0.001051,0.008553,0.014392,2048,0.104848,44.764607,68.068956,2048,14.076302,46.746394,58.700911,2048,33.322842,44.250615,48.563217,2048,0.183976,0.297626,0.473491,158,0.0,0.0,0.0,0,0.0,0.0,0.0,0,5.516641,38.193539,47.233253,2048,0.004197,0.021072,0.295223,2048,7063,7063,125274,0,0,10422,1615774,0,0.788234,2.055106,4.459565,2048,0,0,0,0,0.581466,20.0,"STATUS online tickets=0 {registered_loaded_endpoints=500, active_endpoints=0, worker_queue=0, actual_tickets=0, transactions=3410, errors=0, queue_rejected=0, quarantined=0, deferred_registry_decodes=0, dropped_wake_hints=0, local_exchange_calls=20705, local_input_units=20008000, local_output_units=19791000, batch_devices=10067, batch_records=11041, batch_payload_bytes=0, local_wakes=23206, remote_hint_wakes=1129, poll_fallback=31248, empty_batches=1585, allocation_misses=4962, local_credit_publications=185, local_ms_p50=0.001051, local_ms_p95=0.008553, local_ms_p99=0.014392, local_ms_samples=2048, queue_ms_p50=0.104848, queue_ms_p95=44.764607, queue_ms_p99=68.068956, queue_ms_samples=2048, execution_ms_p50=14.076302, execution_ms_p95=46.746394, execution_ms_p99=58.700911, execution_ms_samples=2048, apply_ms_p50=33.322842, apply_ms_p95=44.250615, apply_ms_p99=48.563217, apply_ms_samples=2048, tick_ms_p50=0.183976, tick_ms_p95=0.297626, tick_ms_p99=0.473491, tick_ms_samples=158, delivery_ms_p50=0.0, delivery_ms_p95=0.0, delivery_ms_p99=0.0, delivery_ms_samples=0, sql_ms_p50=0.0, sql_ms_p95=0.0, sql_ms_p99=0.0, sql_ms_samples=0, db_transaction_ms_p50=5.516641, db_transaction_ms_p95=38.193539, db_transaction_ms_p99=47.233253, db_transaction_ms_samples=2048, db_connection_wait_ms_p50=0.004197, db_connection_wait_ms_p95=0.021072, db_connection_wait_ms_p99=0.295223, db_connection_wait_ms_samples=2048, db_transactions=7063, db_transaction_attempts=7063, db_statements=125274, db_deadlock_retries=0, db_active_connections=0, wal_writes=10422, wal_bytes=1615774, wal_identical_skipped=0, wal_barrier_ms_p50=0.788234, wal_barrier_ms_p95=2.055106, wal_barrier_ms_p99=4.459565, wal_barrier_ms_samples=2048, completion_admitted=0, ready_channels=0, ready_devices=0, closing_devices=0, mc_recorded_tick_ms_avg100=0.581466, mc_target_ticks_per_second=20.0}
",28244.883862568,28244.886342941,500,500,500,500,20008000,19791000,389.561228,5449,"BULK count=500 spawned=500 registered=500 bound=500 accepted=20008000 extracted=19791000 fixture_ms_total=389.561228 fixture_ticks=5449
",28244.886466847,28244.887193523,106.59,2795808,56,808943616,808943616,6579290112,781721600,27123712,274,,,12.500114288535698
48,2026-10-06T16:24:11.430246+00:00,96.00394749100087,4,OFF_observed,False,2.000008594000974,0.004258732999005588,,0,500,0,0,0,3410,0,0,0,0,0,20705,20008000,19791000,10067,11041,0,23206,1129,31732,1665,4962,185,0.001002,0.008252,0.013871,2048,0.104848,44.764607,68.068956,2048,14.076302,46.746394,58.700911,2048,33.322842,44.250615,48.563217,2048,0.182835,0.276555,0.508373,198,0.0,0.0,0.0,0,0.0,0.0,0.0,0,5.505926,38.193539,47.233253,2048,0.004197,0.021241,0.320581,2048,7067,7067,125289,0,0,10422,1615774,0,0.788234,2.055106,4.459565,2048,0,0,0,0,0.558261,20.0,"STATUS online tickets=0 {registered_loaded_endpoints=500, active_endpoints=0, worker_queue=0, actual_tickets=0, transactions=3410, errors=0, queue_rejected=0, quarantined=0, deferred_registry_decodes=0, dropped_wake_hints=0, local_exchange_calls=20705, local_input_units=20008000, local_output_units=19791000, batch_devices=10067, batch_records=11041, batch_payload_bytes=0, local_wakes=23206, remote_hint_wakes=1129, poll_fallback=31732, empty_batches=1665, allocation_misses=4962, local_credit_publications=185, local_ms_p50=0.001002, local_ms_p95=0.008252, local_ms_p99=0.013871, local_ms_samples=2048, queue_ms_p50=0.104848, queue_ms_p95=44.764607, queue_ms_p99=68.068956, queue_ms_samples=2048, execution_ms_p50=14.076302, execution_ms_p95=46.746394, execution_ms_p99=58.700911, execution_ms_samples=2048, apply_ms_p50=33.322842, apply_ms_p95=44.250615, apply_ms_p99=48.563217, apply_ms_samples=2048, tick_ms_p50=0.182835, tick_ms_p95=0.276555, tick_ms_p99=0.508373, tick_ms_samples=198, delivery_ms_p50=0.0, delivery_ms_p95=0.0, delivery_ms_p99=0.0, delivery_ms_samples=0, sql_ms_p50=0.0, sql_ms_p95=0.0, sql_ms_p99=0.0, sql_ms_samples=0, db_transaction_ms_p50=5.505926, db_transaction_ms_p95=38.193539, db_transaction_ms_p99=47.233253, db_transaction_ms_samples=2048, db_connection_wait_ms_p50=0.004197, db_connection_wait_ms_p95=0.021241, db_connection_wait_ms_p99=0.320581, db_connection_wait_ms_samples=2048, db_transactions=7067, db_transaction_attempts=7067, db_statements=125289, db_deadlock_retries=0, db_active_connections=0, wal_writes=10422, wal_bytes=1615774, wal_identical_skipped=0, wal_barrier_ms_p50=0.788234, wal_barrier_ms_p95=2.055106, wal_barrier_ms_p99=4.459565, wal_barrier_ms_samples=2048, completion_admitted=0, ready_channels=0, ready_devices=0, closing_devices=0, mc_recorded_tick_ms_avg100=0.558261, mc_target_ticks_per_second=20.0}
",28246.883872273,28246.886287259,500,500,500,500,20008000,19791000,389.712104,5489,"BULK count=500 spawned=500 registered=500 bound=500 accepted=20008000 extracted=19791000 fixture_ms_total=389.712104 fixture_ticks=5489
",28246.886392847,28246.887144946,106.82,2795808,56,809000960,809000960,6579290112,781778944,27123712,275,,,11.499950584706225
49,2026-10-06T16:24:13.430277+00:00,98.00397813000018,4,OFF_observed,False,2.0000306389993057,0.004946593999193283,,0,500,0,0,0,3410,0,0,0,0,0,20705,20008000,19791000,10067,11041,0,23206,1129,32216,1745,4962,185,0.001001,0.008232,0.01357,2048,0.104848,44.764607,68.068956,2048,14.076302,46.746394,58.700911,2048,33.322842,44.250615,48.563217,2048,0.181863,0.276555,0.500872,238,0.0,0.0,0.0,0,0.0,0.0,0.0,0,5.500558,38.193539,47.233253,2048,0.004197,0.021473,0.320581,2048,7071,7071,125304,0,0,10422,1615774,0,0.788234,2.055106,4.459565,2048,0,0,0,0,0.549402,20.0,"STATUS online tickets=0 {registered_loaded_endpoints=500, active_endpoints=0, worker_queue=0, actual_tickets=0, transactions=3410, errors=0, queue_rejected=0, quarantined=0, deferred_registry_decodes=0, dropped_wake_hints=0, local_exchange_calls=20705, local_input_units=20008000, local_output_units=19791000, batch_devices=10067, batch_records=11041, batch_payload_bytes=0, local_wakes=23206, remote_hint_wakes=1129, poll_fallback=32216, empty_batches=1745, allocation_misses=4962, local_credit_publications=185, local_ms_p50=0.001001, local_ms_p95=0.008232, local_ms_p99=0.01357, local_ms_samples=2048, queue_ms_p50=0.104848, queue_ms_p95=44.764607, queue_ms_p99=68.068956, queue_ms_samples=2048, execution_ms_p50=14.076302, execution_ms_p95=46.746394, execution_ms_p99=58.700911, execution_ms_samples=2048, apply_ms_p50=33.322842, apply_ms_p95=44.250615, apply_ms_p99=48.563217, apply_ms_samples=2048, tick_ms_p50=0.181863, tick_ms_p95=0.276555, tick_ms_p99=0.500872, tick_ms_samples=238, delivery_ms_p50=0.0, delivery_ms_p95=0.0, delivery_ms_p99=0.0, delivery_ms_samples=0, sql_ms_p50=0.0, sql_ms_p95=0.0, sql_ms_p99=0.0, sql_ms_samples=0, db_transaction_ms_p50=5.500558, db_transaction_ms_p95=38.193539, db_transaction_ms_p99=47.233253, db_transaction_ms_samples=2048, db_connection_wait_ms_p50=0.004197, db_connection_wait_ms_p95=0.021473, db_connection_wait_ms_p99=0.320581, db_connection_wait_ms_samples=2048, db_transactions=7071, db_transaction_attempts=7071, db_statements=125304, db_deadlock_retries=0, db_active_connections=0, wal_writes=10422, wal_bytes=1615774, wal_identical_skipped=0, wal_barrier_ms_p50=0.788234, wal_barrier_ms_p95=2.055106, wal_barrier_ms_p99=4.459565, wal_barrier_ms_samples=2048, completion_admitted=0, ready_channels=0, ready_devices=0, closing_devices=0, mc_recorded_tick_ms_avg100=0.549402, mc_target_ticks_per_second=20.0}
",28248.883989582,28248.886789685,500,500,500,500,20008000,19791000,389.863376,5529,"BULK count=500 spawned=500 registered=500 bound=500 accepted=20008000 extracted=19791000 fixture_ms_total=389.863376 fixture_ticks=5529
",28248.886903055,28248.887688414,107.01,2795808,56,809009152,809009152,6579290112,781787136,27123712,274,,,9.499854466983388
50,2026-10-06T16:24:15.430254+00:00,100.00395652899897,4,OFF_observed,False,1.9999783989987918,0.0062116389999573585,,0,500,0,0,0,3410,0,0,0,0,0,20705,20008000,19791000,10067,11041,0,23206,1129,32700,1825,4962,185,0.001022,0.008072,0.01316,2048,0.104848,44.764607,68.068956,2048,14.076302,46.746394,58.700911,2048,33.322842,44.250615,48.563217,2048,0.180301,0.269825,0.500872,278,0.0,0.0,0.0,0,0.0,0.0,0.0,0,5.500437,38.193539,47.233253,2048,0.004197,0.021483,0.320581,2048,7075,7075,125319,0,0,10422,1615774,0,0.788234,2.055106,4.459565,2048,0,0,0,0,0.535038,20.0,"STATUS online tickets=0 {registered_loaded_endpoints=500, active_endpoints=0, worker_queue=0, actual_tickets=0, transactions=3410, errors=0, queue_rejected=0, quarantined=0, deferred_registry_decodes=0, dropped_wake_hints=0, local_exchange_calls=20705, local_input_units=20008000, local_output_units=19791000, batch_devices=10067, batch_records=11041, batch_payload_bytes=0, local_wakes=23206, remote_hint_wakes=1129, poll_fallback=32700, empty_batches=1825, allocation_misses=4962, local_credit_publications=185, local_ms_p50=0.001022, local_ms_p95=0.008072, local_ms_p99=0.01316, local_ms_samples=2048, queue_ms_p50=0.104848, queue_ms_p95=44.764607, queue_ms_p99=68.068956, queue_ms_samples=2048, execution_ms_p50=14.076302, execution_ms_p95=46.746394, execution_ms_p99=58.700911, execution_ms_samples=2048, apply_ms_p50=33.322842, apply_ms_p95=44.250615, apply_ms_p99=48.563217, apply_ms_samples=2048, tick_ms_p50=0.180301, tick_ms_p95=0.269825, tick_ms_p99=0.500872, tick_ms_samples=278, delivery_ms_p50=0.0, delivery_ms_p95=0.0, delivery_ms_p99=0.0, delivery_ms_samples=0, sql_ms_p50=0.0, sql_ms_p95=0.0, sql_ms_p99=0.0, sql_ms_samples=0, db_transaction_ms_p50=5.500437, db_transaction_ms_p95=38.193539, db_transaction_ms_p99=47.233253, db_transaction_ms_samples=2048, db_connection_wait_ms_p50=0.004197, db_connection_wait_ms_p95=0.021483, db_connection_wait_ms_p99=0.320581, db_connection_wait_ms_samples=2048, db_transactions=7075, db_transaction_attempts=7075, db_statements=125319, db_deadlock_retries=0, db_active_connections=0, wal_writes=10422, wal_bytes=1615774, wal_identical_skipped=0, wal_barrier_ms_p50=0.788234, wal_barrier_ms_p95=2.055106, wal_barrier_ms_p99=4.459565, wal_barrier_ms_samples=2048, completion_admitted=0, ready_channels=0, ready_devices=0, closing_devices=0, mc_recorded_tick_ms_avg100=0.535038, mc_target_ticks_per_second=20.0}
",28250.883867522,28250.888075182,500,500,500,500,20008000,19791000,390.002565,5569,"BULK count=500 spawned=500 registered=500 bound=500 accepted=20008000 extracted=19791000 fixture_ms_total=390.002565 fixture_ticks=5569
",28250.888264957,28250.889076054,107.21,2795808,56,809037824,809037824,6579290112,781815808,27123712,274,,,10.000108006171992
51,2026-10-06T16:24:17.430252+00:00,102.00395477399798,4,OFF_observed,False,1.9999982449990057,0.28167441800178494,,0,500,0,0,0,3410,0,0,0,0,0,20705,20008000,19791000,10067,11041,0,23206,1129,33184,1905,4962,185,0.001041,0.007682,0.013581,2048,0.104848,44.764607,68.068956,2048,14.076302,46.746394,58.700911,2048,33.322842,44.250615,48.563217,2048,0.178888,0.269825,0.473491,318,0.0,0.0,0.0,0,0.0,0.0,0.0,0,5.495188,38.193539,47.233253,2048,0.004207,0.022203,0.335453,2048,7079,7079,125334,0,0,10422,1615774,0,0.788234,2.055106,4.459565,2048,0,0,0,0,0.524161,20.0,"STATUS online tickets=0 {registered_loaded_endpoints=500, active_endpoints=0, worker_queue=0, actual_tickets=0, transactions=3410, errors=0, queue_rejected=0, quarantined=0, deferred_registry_decodes=0, dropped_wake_hints=0, local_exchange_calls=20705, local_input_units=20008000, local_output_units=19791000, batch_devices=10067, batch_records=11041, batch_payload_bytes=0, local_wakes=23206, remote_hint_wakes=1129, poll_fallback=33184, empty_batches=1905, allocation_misses=4962, local_credit_publications=185, local_ms_p50=0.001041, local_ms_p95=0.007682, local_ms_p99=0.013581, local_ms_samples=2048, queue_ms_p50=0.104848, queue_ms_p95=44.764607, queue_ms_p99=68.068956, queue_ms_samples=2048, execution_ms_p50=14.076302, execution_ms_p95=46.746394, execution_ms_p99=58.700911, execution_ms_samples=2048, apply_ms_p50=33.322842, apply_ms_p95=44.250615, apply_ms_p99=48.563217, apply_ms_samples=2048, tick_ms_p50=0.178888, tick_ms_p95=0.269825, tick_ms_p99=0.473491, tick_ms_samples=318, delivery_ms_p50=0.0, delivery_ms_p95=0.0, delivery_ms_p99=0.0, delivery_ms_samples=0, sql_ms_p50=0.0, sql_ms_p95=0.0, sql_ms_p99=0.0, sql_ms_samples=0, db_transaction_ms_p50=5.495188, db_transaction_ms_p95=38.193539, db_transaction_ms_p99=47.233253, db_transaction_ms_samples=2048, db_connection_wait_ms_p50=0.004207, db_connection_wait_ms_p95=0.022203, db_connection_wait_ms_p99=0.335453, db_connection_wait_ms_samples=2048, db_transactions=7079, db_transaction_attempts=7079, db_statements=125334, db_deadlock_retries=0, db_active_connections=0, wal_writes=10422, wal_bytes=1615774, wal_identical_skipped=0, wal_barrier_ms_p50=0.788234, wal_barrier_ms_p95=2.055106, wal_barrier_ms_p99=4.459565, wal_barrier_ms_samples=2048, completion_admitted=0, ready_channels=0, ready_devices=0, closing_devices=0, mc_recorded_tick_ms_avg100=0.524161, mc_target_ticks_per_second=20.0}
",28252.883876482,28252.887078518,500,500,500,500,20008000,19791000,390.130165,5609,"BULK count=500 spawned=500 registered=500 bound=500 accepted=20008000 extracted=19791000 fixture_ms_total=390.130165 fixture_ticks=5609
",28252.887192239,28252.888044473,107.39,2795808,56,809054208,809054208,6579290112,781832192,27123712,274,395313152,284511539,9.000007897511745
52,2026-10-06T16:24:19.430187+00:00,104.00386925299972,4,OFF_observed,False,1.9999144790017453,0.004777431000547949,,0,500,0,0,0,3410,0,0,0,0,0,20705,20008000,19791000,10067,11041,0,23206,1129,33668,1985,4962,185,0.001021,0.007591,0.01357,2048,0.104848,44.764607,68.068956,2048,14.076302,46.746394,58.700911,2048,33.322842,44.250615,48.563217,2048,0.177827,0.265269,0.473491,358,0.0,0.0,0.0,0,0.0,0.0,0.0,0,5.483842,38.193539,47.233253,2048,0.004207,0.022975,0.335453,2048,7083,7083,125349,0,0,10422,1615774,0,0.788234,2.055106,4.459565,2048,0,0,0,0,0.531178,20.0,"STATUS online tickets=0 {registered_loaded_endpoints=500, active_endpoints=0, worker_queue=0, actual_tickets=0, transactions=3410, errors=0, queue_rejected=0, quarantined=0, deferred_registry_decodes=0, dropped_wake_hints=0, local_exchange_calls=20705, local_input_units=20008000, local_output_units=19791000, batch_devices=10067, batch_records=11041, batch_payload_bytes=0, local_wakes=23206, remote_hint_wakes=1129, poll_fallback=33668, empty_batches=1985, allocation_misses=4962, local_credit_publications=185, local_ms_p50=0.001021, local_ms_p95=0.007591, local_ms_p99=0.01357, local_ms_samples=2048, queue_ms_p50=0.104848, queue_ms_p95=44.764607, queue_ms_p99=68.068956, queue_ms_samples=2048, execution_ms_p50=14.076302, execution_ms_p95=46.746394, execution_ms_p99=58.700911, execution_ms_samples=2048, apply_ms_p50=33.322842, apply_ms_p95=44.250615, apply_ms_p99=48.563217, apply_ms_samples=2048, tick_ms_p50=0.177827, tick_ms_p95=0.265269, tick_ms_p99=0.473491, tick_ms_samples=358, delivery_ms_p50=0.0, delivery_ms_p95=0.0, delivery_ms_p99=0.0, delivery_ms_samples=0, sql_ms_p50=0.0, sql_ms_p95=0.0, sql_ms_p99=0.0, sql_ms_samples=0, db_transaction_ms_p50=5.483842, db_transaction_ms_p95=38.193539, db_transaction_ms_p99=47.233253, db_transaction_ms_samples=2048, db_connection_wait_ms_p50=0.004207, db_connection_wait_ms_p95=0.022975, db_connection_wait_ms_p99=0.335453, db_connection_wait_ms_samples=2048, db_transactions=7083, db_transaction_attempts=7083, db_statements=125349, db_deadlock_retries=0, db_active_connections=0, wal_writes=10422, wal_bytes=1615774, wal_identical_skipped=0, wal_barrier_ms_p50=0.788234, wal_barrier_ms_p95=2.055106, wal_barrier_ms_p99=4.459565, wal_barrier_ms_samples=2048, completion_admitted=0, ready_channels=0, ready_devices=0, closing_devices=0, mc_recorded_tick_ms_avg100=0.531178, mc_target_ticks_per_second=20.0}
",28254.883828217,28254.886495681,500,500,500,500,20008000,19791000,390.331537,5649,"BULK count=500 spawned=500 registered=500 bound=500 accepted=20008000 extracted=19791000 fixture_ms_total=390.331537 fixture_ticks=5649
",28254.886643834,28254.887421461,107.62,2795808,56,809058304,809058304,6579290112,781836288,27123712,274,,,11.500491766768356
53,2026-10-06T16:24:21.430234+00:00,106.00393277200055,4,OFF_observed,False,2.0000635190008325,0.005237115998170339,,0,500,0,0,0,3410,0,0,0,0,0,20705,20008000,19791000,10067,11041,0,23206,1129,34152,2066,4962,185,0.000992,0.007682,0.01319,2048,0.104848,44.764607,68.068956,2048,14.076302,46.746394,58.700911,2048,33.322842,44.250615,48.563217,2048,0.177646,0.265269,0.473491,398,0.0,0.0,0.0,0,0.0,0.0,0.0,0,5.480637,38.193539,47.233253,2048,0.004207,0.023445,0.336154,2048,7087,7087,125364,0,0,10422,1615774,0,0.788234,2.055106,4.459565,2048,0,0,0,0,0.575899,20.0,"STATUS online tickets=0 {registered_loaded_endpoints=500, active_endpoints=0, worker_queue=0, actual_tickets=0, transactions=3410, errors=0, queue_rejected=0, quarantined=0, deferred_registry_decodes=0, dropped_wake_hints=0, local_exchange_calls=20705, local_input_units=20008000, local_output_units=19791000, batch_devices=10067, batch_records=11041, batch_payload_bytes=0, local_wakes=23206, remote_hint_wakes=1129, poll_fallback=34152, empty_batches=2066, allocation_misses=4962, local_credit_publications=185, local_ms_p50=9.92E-4, local_ms_p95=0.007682, local_ms_p99=0.01319, local_ms_samples=2048, queue_ms_p50=0.104848, queue_ms_p95=44.764607, queue_ms_p99=68.068956, queue_ms_samples=2048, execution_ms_p50=14.076302, execution_ms_p95=46.746394, execution_ms_p99=58.700911, execution_ms_samples=2048, apply_ms_p50=33.322842, apply_ms_p95=44.250615, apply_ms_p99=48.563217, apply_ms_samples=2048, tick_ms_p50=0.177646, tick_ms_p95=0.265269, tick_ms_p99=0.473491, tick_ms_samples=398, delivery_ms_p50=0.0, delivery_ms_p95=0.0, delivery_ms_p99=0.0, delivery_ms_samples=0, sql_ms_p50=0.0, sql_ms_p95=0.0, sql_ms_p99=0.0, sql_ms_samples=0, db_transaction_ms_p50=5.480637, db_transaction_ms_p95=38.193539, db_transaction_ms_p99=47.233253, db_transaction_ms_samples=2048, db_connection_wait_ms_p50=0.004207, db_connection_wait_ms_p95=0.023445, db_connection_wait_ms_p99=0.336154, db_connection_wait_ms_samples=2048, db_transactions=7087, db_transaction_attempts=7087, db_statements=125364, db_deadlock_retries=0, db_active_connections=0, wal_writes=10422, wal_bytes=1615774, wal_identical_skipped=0, wal_barrier_ms_p50=0.788234, wal_barrier_ms_p95=2.055106, wal_barrier_ms_p99=4.459565, wal_barrier_ms_samples=2048, completion_admitted=0, ready_channels=0, ready_devices=0, closing_devices=0, mc_recorded_tick_ms_avg100=0.575899, mc_target_ticks_per_second=20.0}
",28256.883923584,28256.886580261,500,500,500,500,20008000,19791000,390.481088,5689,"BULK count=500 spawned=500 registered=500 bound=500 accepted=20008000 extracted=19791000 fixture_ms_total=390.481088 fixture_ticks=5689
",28256.886703947,28256.887761199,107.83,2795808,56,809066496,809066496,6579290112,781844480,27123712,274,,,10.499666535835972
54,2026-10-06T16:24:23.430242+00:00,108.00394324900117,4,OFF_observed,False,2.0000104770006146,0.005205202996876324,,0,500,0,0,0,3410,0,0,0,0,0,20705,20008000,19791000,10067,11041,0,23206,1129,34636,2147,4962,185,0.001031,0.007982,0.013,2048,0.104848,44.764607,68.068956,2048,14.076302,46.746394,58.700911,2048,33.322842,44.250615,48.563217,2048,0.177456,0.281482,0.449034,438,0.0,0.0,0.0,0,0.0,0.0,0.0,0,5.472234,38.193539,47.233253,2048,0.004207,0.023605,0.352459,2048,7091,7091,125379,0,0,10422,1615774,0,0.788234,2.055106,4.459565,2048,0,0,0,0,0.58761,20.0,"STATUS online tickets=0 {registered_loaded_endpoints=500, active_endpoints=0, worker_queue=0, actual_tickets=0, transactions=3410, errors=0, queue_rejected=0, quarantined=0, deferred_registry_decodes=0, dropped_wake_hints=0, local_exchange_calls=20705, local_input_units=20008000, local_output_units=19791000, batch_devices=10067, batch_records=11041, batch_payload_bytes=0, local_wakes=23206, remote_hint_wakes=1129, poll_fallback=34636, empty_batches=2147, allocation_misses=4962, local_credit_publications=185, local_ms_p50=0.001031, local_ms_p95=0.007982, local_ms_p99=0.013, local_ms_samples=2048, queue_ms_p50=0.104848, queue_ms_p95=44.764607, queue_ms_p99=68.068956, queue_ms_samples=2048, execution_ms_p50=14.076302, execution_ms_p95=46.746394, execution_ms_p99=58.700911, execution_ms_samples=2048, apply_ms_p50=33.322842, apply_ms_p95=44.250615, apply_ms_p99=48.563217, apply_ms_samples=2048, tick_ms_p50=0.177456, tick_ms_p95=0.281482, tick_ms_p99=0.449034, tick_ms_samples=438, delivery_ms_p50=0.0, delivery_ms_p95=0.0, delivery_ms_p99=0.0, delivery_ms_samples=0, sql_ms_p50=0.0, sql_ms_p95=0.0, sql_ms_p99=0.0, sql_ms_samples=0, db_transaction_ms_p50=5.472234, db_transaction_ms_p95=38.193539, db_transaction_ms_p99=47.233253, db_transaction_ms_samples=2048, db_connection_wait_ms_p50=0.004207, db_connection_wait_ms_p95=0.023605, db_connection_wait_ms_p99=0.352459, db_connection_wait_ms_samples=2048, db_transactions=7091, db_transaction_attempts=7091, db_statements=125379, db_deadlock_retries=0, db_active_connections=0, wal_writes=10422, wal_bytes=1615774, wal_identical_skipped=0, wal_barrier_ms_p50=0.788234, wal_barrier_ms_p95=2.055106, wal_barrier_ms_p99=4.459565, wal_barrier_ms_samples=2048, completion_admitted=0, ready_channels=0, ready_devices=0, closing_devices=0, mc_recorded_tick_ms_avg100=0.58761, mc_target_ticks_per_second=20.0}
",28258.883891937,28258.886800593,500,500,500,500,20008000,19791000,390.621657,5729,"BULK count=500 spawned=500 registered=500 bound=500 accepted=20008000 extracted=19791000 fixture_ms_total=390.621657 fixture_ticks=5729
",28258.886952241,28258.887795727,108.04,2795808,56,809070592,809070592,6579290112,781848576,27123712,274,,,10.49994499603531
55,2026-10-06T16:24:25.430289+00:00,110.00399106500117,4,OFF_observed,False,2.0000478160000057,0.004939684997225413,,0,500,0,0,0,3410,0,0,0,0,0,20705,20008000,19791000,10067,11041,0,23206,1129,35120,2229,4962,185,0.001031,0.008293,0.01334,2048,0.104848,44.764607,68.068956,2048,14.076302,46.746394,58.700911,2048,33.322842,44.250615,48.563217,2048,0.176915,0.318628,0.500872,478,0.0,0.0,0.0,0,0.0,0.0,0.0,0,5.472234,38.193539,47.233253,2048,0.004207,0.023956,0.354713,2048,7095,7095,125394,0,0,10422,1615774,0,0.788234,2.055106,4.459565,2048,0,0,0,0,0.596786,20.0,"STATUS online tickets=0 {registered_loaded_endpoints=500, active_endpoints=0, worker_queue=0, actual_tickets=0, transactions=3410, errors=0, queue_rejected=0, quarantined=0, deferred_registry_decodes=0, dropped_wake_hints=0, local_exchange_calls=20705, local_input_units=20008000, local_output_units=19791000, batch_devices=10067, batch_records=11041, batch_payload_bytes=0, local_wakes=23206, remote_hint_wakes=1129, poll_fallback=35120, empty_batches=2229, allocation_misses=4962, local_credit_publications=185, local_ms_p50=0.001031, local_ms_p95=0.008293, local_ms_p99=0.01334, local_ms_samples=2048, queue_ms_p50=0.104848, queue_ms_p95=44.764607, queue_ms_p99=68.068956, queue_ms_samples=2048, execution_ms_p50=14.076302, execution_ms_p95=46.746394, execution_ms_p99=58.700911, execution_ms_samples=2048, apply_ms_p50=33.322842, apply_ms_p95=44.250615, apply_ms_p99=48.563217, apply_ms_samples=2048, tick_ms_p50=0.176915, tick_ms_p95=0.318628, tick_ms_p99=0.500872, tick_ms_samples=478, delivery_ms_p50=0.0, delivery_ms_p95=0.0, delivery_ms_p99=0.0, delivery_ms_samples=0, sql_ms_p50=0.0, sql_ms_p95=0.0, sql_ms_p99=0.0, sql_ms_samples=0, db_transaction_ms_p50=5.472234, db_transaction_ms_p95=38.193539, db_transaction_ms_p99=47.233253, db_transaction_ms_samples=2048, db_connection_wait_ms_p50=0.004207, db_connection_wait_ms_p95=0.023956, db_connection_wait_ms_p99=0.354713, db_connection_wait_ms_samples=2048, db_transactions=7095, db_transaction_attempts=7095, db_statements=125394, db_deadlock_retries=0, db_active_connections=0, wal_writes=10422, wal_bytes=1615774, wal_identical_skipped=0, wal_barrier_ms_p50=0.788234, wal_barrier_ms_p95=2.055106, wal_barrier_ms_p99=4.459565, wal_barrier_ms_samples=2048, completion_admitted=0, ready_channels=0, ready_devices=0, closing_devices=0, mc_recorded_tick_ms_avg100=0.596786, mc_target_ticks_per_second=20.0}
",28260.883902188,28260.886662451,500,500,500,500,20008000,19791000,390.760385,5769,"BULK count=500 spawned=500 registered=500 bound=500 accepted=20008000 extracted=19791000 fixture_ms_total=390.760385 fixture_ticks=5769
",28260.886777343,28260.887711776,108.24,2795808,56,809091072,809091072,6579290112,781869056,27123712,274,,,9.999760925715192
56,2026-10-06T16:24:27.430227+00:00,112.00392967399966,4,OFF_observed,False,1.999938608998491,0.005273636001220439,,0,500,0,0,0,3410,0,0,0,0,0,20705,20008000,19791000,10067,11041,0,23206,1129,35604,2310,4962,185,0.001031,0.008212,0.0135,2048,0.104848,44.764607,68.068956,2048,14.076302,46.746394,58.700911,2048,33.322842,44.250615,48.563217,2048,0.176395,0.297626,0.485449,518,0.0,0.0,0.0,0,0.0,0.0,0.0,0,5.467844,38.133448,47.233253,2048,0.004216,0.024947,0.354713,2048,7099,7099,125409,0,0,10422,1615774,0,0.788234,2.055106,4.459565,2048,0,0,0,0,0.543885,20.0,"STATUS online tickets=0 {registered_loaded_endpoints=500, active_endpoints=0, worker_queue=0, actual_tickets=0, transactions=3410, errors=0, queue_rejected=0, quarantined=0, deferred_registry_decodes=0, dropped_wake_hints=0, local_exchange_calls=20705, local_input_units=20008000, local_output_units=19791000, batch_devices=10067, batch_records=11041, batch_payload_bytes=0, local_wakes=23206, remote_hint_wakes=1129, poll_fallback=35604, empty_batches=2310, allocation_misses=4962, local_credit_publications=185, local_ms_p50=0.001031, local_ms_p95=0.008212, local_ms_p99=0.0135, local_ms_samples=2048, queue_ms_p50=0.104848, queue_ms_p95=44.764607, queue_ms_p99=68.068956, queue_ms_samples=2048, execution_ms_p50=14.076302, execution_ms_p95=46.746394, execution_ms_p99=58.700911, execution_ms_samples=2048, apply_ms_p50=33.322842, apply_ms_p95=44.250615, apply_ms_p99=48.563217, apply_ms_samples=2048, tick_ms_p50=0.176395, tick_ms_p95=0.297626, tick_ms_p99=0.485449, tick_ms_samples=518, delivery_ms_p50=0.0, delivery_ms_p95=0.0, delivery_ms_p99=0.0, delivery_ms_samples=0, sql_ms_p50=0.0, sql_ms_p95=0.0, sql_ms_p99=0.0, sql_ms_samples=0, db_transaction_ms_p50=5.467844, db_transaction_ms_p95=38.133448, db_transaction_ms_p99=47.233253, db_transaction_ms_samples=2048, db_connection_wait_ms_p50=0.004216, db_connection_wait_ms_p95=0.024947, db_connection_wait_ms_p99=0.354713, db_connection_wait_ms_samples=2048, db_transactions=7099, db_transaction_attempts=7099, db_statements=125409, db_deadlock_retries=0, db_active_connections=0, wal_writes=10422, wal_bytes=1615774, wal_identical_skipped=0, wal_barrier_ms_p50=0.788234, wal_barrier_ms_p95=2.055106, wal_barrier_ms_p99=4.459565, wal_barrier_ms_samples=2048, completion_admitted=0, ready_channels=0, ready_devices=0, closing_devices=0, mc_recorded_tick_ms_avg100=0.543885, mc_target_ticks_per_second=20.0}
",28262.88384325,28262.886599437,500,500,500,500,20008000,19791000,390.906184,5809,"BULK count=500 spawned=500 registered=500 bound=500 accepted=20008000 extracted=19791000 fixture_ms_total=390.906184 fixture_ticks=5809
",28262.886705987,28262.887784426,108.46,2795808,56,809095168,809095168,6579290112,781873152,27123712,274,,,11.000337660872912
57,2026-10-06T16:24:29.430240+00:00,114.00394178499846,4,OFF_observed,False,2.000012110998796,0.24483161500029382,,0,500,0,0,0,3410,0,0,0,0,0,20705,20008000,19791000,10067,11041,0,23206,1129,36092,2391,4962,185,0.000982,0.008122,0.012869,2048,0.104848,44.764607,68.068956,2048,14.076302,46.746394,58.700911,2048,33.322842,44.250615,48.563217,2048,0.175404,0.294381,0.485449,558,0.0,0.0,0.0,0,0.0,0.0,0.0,0,5.466074,38.03561,47.233253,2048,0.004216,0.025248,0.354713,2048,7103,7103,125424,0,0,10422,1615774,0,0.788234,2.055106,4.459565,2048,0,0,0,0,0.52379,20.0,"STATUS online tickets=0 {registered_loaded_endpoints=500, active_endpoints=0, worker_queue=0, actual_tickets=0, transactions=3410, errors=0, queue_rejected=0, quarantined=0, deferred_registry_decodes=0, dropped_wake_hints=0, local_exchange_calls=20705, local_input_units=20008000, local_output_units=19791000, batch_devices=10067, batch_records=11041, batch_payload_bytes=0, local_wakes=23206, remote_hint_wakes=1129, poll_fallback=36092, empty_batches=2391, allocation_misses=4962, local_credit_publications=185, local_ms_p50=9.82E-4, local_ms_p95=0.008122, local_ms_p99=0.012869, local_ms_samples=2048, queue_ms_p50=0.104848, queue_ms_p95=44.764607, queue_ms_p99=68.068956, queue_ms_samples=2048, execution_ms_p50=14.076302, execution_ms_p95=46.746394, execution_ms_p99=58.700911, execution_ms_samples=2048, apply_ms_p50=33.322842, apply_ms_p95=44.250615, apply_ms_p99=48.563217, apply_ms_samples=2048, tick_ms_p50=0.175404, tick_ms_p95=0.294381, tick_ms_p99=0.485449, tick_ms_samples=558, delivery_ms_p50=0.0, delivery_ms_p95=0.0, delivery_ms_p99=0.0, delivery_ms_samples=0, sql_ms_p50=0.0, sql_ms_p95=0.0, sql_ms_p99=0.0, sql_ms_samples=0, db_transaction_ms_p50=5.466074, db_transaction_ms_p95=38.03561, db_transaction_ms_p99=47.233253, db_transaction_ms_samples=2048, db_connection_wait_ms_p50=0.004216, db_connection_wait_ms_p95=0.025248, db_connection_wait_ms_p99=0.354713, db_connection_wait_ms_samples=2048, db_transactions=7103, db_transaction_attempts=7103, db_statements=125424, db_deadlock_retries=0, db_active_connections=0, wal_writes=10422, wal_bytes=1615774, wal_identical_skipped=0, wal_barrier_ms_p50=0.788234, wal_barrier_ms_p95=2.055106, wal_barrier_ms_p99=4.459565, wal_barrier_ms_samples=2048, completion_admitted=0, ready_channels=0, ready_devices=0, closing_devices=0, mc_recorded_tick_ms_avg100=0.52379, mc_target_ticks_per_second=20.0}
",28264.883870934,28264.886293501,500,500,500,500,20008000,19791000,391.054397,5849,"BULK count=500 spawned=500 registered=500 bound=500 accepted=20008000 extracted=19791000 fixture_ms_total=391.054397 fixture_ticks=5849
",28264.886413982,28264.88720548,108.82,2795808,56,809111552,809111552,6579290112,781889536,27123712,274,395313152,304434483,17.999891001670846
58,2026-10-06T16:24:31.430158+00:00,116.00385970899879,4,OFF_observed,False,1.9999179240003286,0.004578503001539502,,0,500,0,0,0,3410,0,0,0,0,0,20705,20008000,19791000,10067,11041,0,23206,1129,36580,2472,4962,185,0.000981,0.008052,0.0131,2048,0.104848,44.764607,68.068956,2048,14.076302,46.746394,58.700911,2048,33.322842,44.250615,48.563217,2048,0.175193,0.302514,0.500872,598,0.0,0.0,0.0,0,0.0,0.0,0.0,0,5.459975,38.03561,47.233253,2048,0.004207,0.027171,0.354713,2048,7107,7107,125439,0,0,10422,1615774,0,0.788234,2.055106,4.459565,2048,0,0,0,0,0.555849,20.0,"STATUS online tickets=0 {registered_loaded_endpoints=500, active_endpoints=0, worker_queue=0, actual_tickets=0, transactions=3410, errors=0, queue_rejected=0, quarantined=0, deferred_registry_decodes=0, dropped_wake_hints=0, local_exchange_calls=20705, local_input_units=20008000, local_output_units=19791000, batch_devices=10067, batch_records=11041, batch_payload_bytes=0, local_wakes=23206, remote_hint_wakes=1129, poll_fallback=36580, empty_batches=2472, allocation_misses=4962, local_credit_publications=185, local_ms_p50=9.81E-4, local_ms_p95=0.008052, local_ms_p99=0.0131, local_ms_samples=2048, queue_ms_p50=0.104848, queue_ms_p95=44.764607, queue_ms_p99=68.068956, queue_ms_samples=2048, execution_ms_p50=14.076302, execution_ms_p95=46.746394, execution_ms_p99=58.700911, execution_ms_samples=2048, apply_ms_p50=33.322842, apply_ms_p95=44.250615, apply_ms_p99=48.563217, apply_ms_samples=2048, tick_ms_p50=0.175193, tick_ms_p95=0.302514, tick_ms_p99=0.500872, tick_ms_samples=598, delivery_ms_p50=0.0, delivery_ms_p95=0.0, delivery_ms_p99=0.0, delivery_ms_samples=0, sql_ms_p50=0.0, sql_ms_p95=0.0, sql_ms_p99=0.0, sql_ms_samples=0, db_transaction_ms_p50=5.459975, db_transaction_ms_p95=38.03561, db_transaction_ms_p99=47.233253, db_transaction_ms_samples=2048, db_connection_wait_ms_p50=0.004207, db_connection_wait_ms_p95=0.027171, db_connection_wait_ms_p99=0.354713, db_connection_wait_ms_samples=2048, db_transactions=7107, db_transaction_attempts=7107, db_statements=125439, db_deadlock_retries=0, db_active_connections=0, wal_writes=10422, wal_bytes=1615774, wal_identical_skipped=0, wal_barrier_ms_p50=0.788234, wal_barrier_ms_p95=2.055106, wal_barrier_ms_p99=4.459565, wal_barrier_ms_samples=2048, completion_admitted=0, ready_channels=0, ready_devices=0, closing_devices=0, mc_recorded_tick_ms_avg100=0.555849, mc_target_ticks_per_second=20.0}
",28266.883806775,28266.886535832,500,500,500,500,20008000,19791000,391.194315,5889,"BULK count=500 spawned=500 registered=500 bound=500 accepted=20008000 extracted=19791000 fixture_ms_total=391.194315 fixture_ticks=5889
",28266.886691376,28266.88730045,109.01,2795808,56,809115648,809115648,6579290112,781893632,27123712,274,,,9.500389876998808
59,2026-10-06T16:24:33.430284+00:00,118.00398575600047,4,OFF_observed,False,2.000126047001686,0.0067646349998540245,,0,500,0,0,0,3410,0,0,0,0,0,20705,20008000,19791000,10067,11041,0,23206,1129,37080,2556,4962,185,0.001011,0.008032,0.01324,2048,0.104848,44.764607,68.068956,2048,14.076302,46.746394,58.700911,2048,33.322842,44.250615,48.563217,2048,0.174562,0.302514,0.485449,638,0.0,0.0,0.0,0,0.0,0.0,0.0,0,5.459271,37.925393,47.233253,2048,0.004207,0.027552,0.354713,2048,7111,7112,125460,0,1,10422,1615774,0,0.788234,2.055106,4.459565,2048,0,0,0,0,0.559163,20.0,"STATUS online tickets=0 {registered_loaded_endpoints=500, active_endpoints=0, worker_queue=0, actual_tickets=0, transactions=3410, errors=0, queue_rejected=0, quarantined=0, deferred_registry_decodes=0, dropped_wake_hints=0, local_exchange_calls=20705, local_input_units=20008000, local_output_units=19791000, batch_devices=10067, batch_records=11041, batch_payload_bytes=0, local_wakes=23206, remote_hint_wakes=1129, poll_fallback=37080, empty_batches=2556, allocation_misses=4962, local_credit_publications=185, local_ms_p50=0.001011, local_ms_p95=0.008032, local_ms_p99=0.01324, local_ms_samples=2048, queue_ms_p50=0.104848, queue_ms_p95=44.764607, queue_ms_p99=68.068956, queue_ms_samples=2048, execution_ms_p50=14.076302, execution_ms_p95=46.746394, execution_ms_p99=58.700911, execution_ms_samples=2048, apply_ms_p50=33.322842, apply_ms_p95=44.250615, apply_ms_p99=48.563217, apply_ms_samples=2048, tick_ms_p50=0.174562, tick_ms_p95=0.302514, tick_ms_p99=0.485449, tick_ms_samples=638, delivery_ms_p50=0.0, delivery_ms_p95=0.0, delivery_ms_p99=0.0, delivery_ms_samples=0, sql_ms_p50=0.0, sql_ms_p95=0.0, sql_ms_p99=0.0, sql_ms_samples=0, db_transaction_ms_p50=5.459271, db_transaction_ms_p95=37.925393, db_transaction_ms_p99=47.233253, db_transaction_ms_samples=2048, db_connection_wait_ms_p50=0.004207, db_connection_wait_ms_p95=0.027552, db_connection_wait_ms_p99=0.354713, db_connection_wait_ms_samples=2048, db_transactions=7111, db_transaction_attempts=7112, db_statements=125460, db_deadlock_retries=0, db_active_connections=1, wal_writes=10422, wal_bytes=1615774, wal_identical_skipped=0, wal_barrier_ms_p50=0.788234, wal_barrier_ms_p95=2.055106, wal_barrier_ms_p99=4.459565, wal_barrier_ms_samples=2048, completion_admitted=0, ready_channels=0, ready_devices=0, closing_devices=0, mc_recorded_tick_ms_avg100=0.559163, mc_target_ticks_per_second=20.0}
",28268.883914996,28268.88826111,500,500,500,500,20008000,19791000,391.343707,5929,"BULK count=500 spawned=500 registered=500 bound=500 accepted=20008000 extracted=19791000 fixture_ms_total=391.343707 fixture_ticks=5929
",28268.888509773,28268.889647852,109.2,2795808,56,809115648,809115648,6579290112,781893632,27123712,275,,,9.499401314473136
60,2026-10-06T16:24:35.430225+00:00,120.00392610700146,4,OFF_observed,False,1.999940351000987,0.0041286479972768575,,0,500,0,0,0,3410,0,0,0,0,0,20705,20008000,19791000,10067,11041,0,23206,1129,37580,2640,4962,185,0.001041,0.008333,0.01368,2048,0.104848,44.764607,68.068956,2048,14.076302,46.746394,58.700911,2048,33.322842,44.250615,48.563217,2048,0.173911,0.297626,0.485449,678,0.0,0.0,0.0,0,0.0,0.0,0.0,0,5.459271,37.925393,47.247044,2048,0.004207,0.027702,0.354713,2048,7116,7116,125480,0,0,10422,1615774,0,0.788234,2.055106,4.459565,2048,0,0,0,0,0.890732,20.0,"STATUS online tickets=0 {registered_loaded_endpoints=500, active_endpoints=0, worker_queue=0, actual_tickets=0, transactions=3410, errors=0, queue_rejected=0, quarantined=0, deferred_registry_decodes=0, dropped_wake_hints=0, local_exchange_calls=20705, local_input_units=20008000, local_output_units=19791000, batch_devices=10067, batch_records=11041, batch_payload_bytes=0, local_wakes=23206, remote_hint_wakes=1129, poll_fallback=37580, empty_batches=2640, allocation_misses=4962, local_credit_publications=185, local_ms_p50=0.001041, local_ms_p95=0.008333, local_ms_p99=0.01368, local_ms_samples=2048, queue_ms_p50=0.104848, queue_ms_p95=44.764607, queue_ms_p99=68.068956, queue_ms_samples=2048, execution_ms_p50=14.076302, execution_ms_p95=46.746394, execution_ms_p99=58.700911, execution_ms_samples=2048, apply_ms_p50=33.322842, apply_ms_p95=44.250615, apply_ms_p99=48.563217, apply_ms_samples=2048, tick_ms_p50=0.173911, tick_ms_p95=0.297626, tick_ms_p99=0.485449, tick_ms_samples=678, delivery_ms_p50=0.0, delivery_ms_p95=0.0, delivery_ms_p99=0.0, delivery_ms_samples=0, sql_ms_p50=0.0, sql_ms_p95=0.0, sql_ms_p99=0.0, sql_ms_samples=0, db_transaction_ms_p50=5.459271, db_transaction_ms_p95=37.925393, db_transaction_ms_p99=47.247044, db_transaction_ms_samples=2048, db_connection_wait_ms_p50=0.004207, db_connection_wait_ms_p95=0.027702, db_connection_wait_ms_p99=0.354713, db_connection_wait_ms_samples=2048, db_transactions=7116, db_transaction_attempts=7116, db_statements=125480, db_deadlock_retries=0, db_active_connections=0, wal_writes=10422, wal_bytes=1615774, wal_identical_skipped=0, wal_barrier_ms_p50=0.788234, wal_barrier_ms_p95=2.055106, wal_barrier_ms_p99=4.459565, wal_barrier_ms_samples=2048, completion_admitted=0, ready_channels=0, ready_devices=0, closing_devices=0, mc_recorded_tick_ms_avg100=0.890732, mc_target_ticks_per_second=20.0}
",28270.883842938,28270.886241138,500,500,500,500,20008000,19791000,391.581466,5969,"BULK count=500 spawned=500 registered=500 bound=500 accepted=20008000 extracted=19791000 fixture_ms_total=391.581466 fixture_ticks=5969
",28270.886346386,28270.886983833,110.02,2795808,56,824803328,824803328,6579290112,797581312,27123712,274,,,41.00122284095005
61,2026-10-06T16:24:37.430294+00:00,122.00399559300058,4,OFF_observed,False,2.00006948599912,0.007701310998527333,,0,500,0,0,0,3410,0,0,0,0,0,20705,20008000,19791000,10067,11041,0,23206,1129,38077,2723,4962,185,0.001031,0.007812,0.01331,2048,0.104848,44.764607,68.068956,2048,14.076302,46.746394,58.700911,2048,33.322842,44.250615,48.563217,2048,0.17299,0.294381,0.473491,718,0.0,0.0,0.0,0,0.0,0.0,0.0,0,5.440408,37.925393,47.247044,2048,0.004207,0.029134,0.356154,2048,7120,7120,125495,0,0,10422,1615774,0,0.788234,2.055106,4.459565,2048,0,0,0,0,0.85488,20.0,"STATUS online tickets=0 {registered_loaded_endpoints=500, active_endpoints=0, worker_queue=0, actual_tickets=0, transactions=3410, errors=0, queue_rejected=0, quarantined=0, deferred_registry_decodes=0, dropped_wake_hints=0, local_exchange_calls=20705, local_input_units=20008000, local_output_units=19791000, batch_devices=10067, batch_records=11041, batch_payload_bytes=0, local_wakes=23206, remote_hint_wakes=1129, poll_fallback=38077, empty_batches=2723, allocation_misses=4962, local_credit_publications=185, local_ms_p50=0.001031, local_ms_p95=0.007812, local_ms_p99=0.01331, local_ms_samples=2048, queue_ms_p50=0.104848, queue_ms_p95=44.764607, queue_ms_p99=68.068956, queue_ms_samples=2048, execution_ms_p50=14.076302, execution_ms_p95=46.746394, execution_ms_p99=58.700911, execution_ms_samples=2048, apply_ms_p50=33.322842, apply_ms_p95=44.250615, apply_ms_p99=48.563217, apply_ms_samples=2048, tick_ms_p50=0.17299, tick_ms_p95=0.294381, tick_ms_p99=0.473491, tick_ms_samples=718, delivery_ms_p50=0.0, delivery_ms_p95=0.0, delivery_ms_p99=0.0, delivery_ms_samples=0, sql_ms_p50=0.0, sql_ms_p95=0.0, sql_ms_p99=0.0, sql_ms_samples=0, db_transaction_ms_p50=5.440408, db_transaction_ms_p95=37.925393, db_transaction_ms_p99=47.247044, db_transaction_ms_samples=2048, db_connection_wait_ms_p50=0.004207, db_connection_wait_ms_p95=0.029134, db_connection_wait_ms_p99=0.356154, db_connection_wait_ms_samples=2048, db_transactions=7120, db_transaction_attempts=7120, db_statements=125495, db_deadlock_retries=0, db_active_connections=0, wal_writes=10422, wal_bytes=1615774, wal_identical_skipped=0, wal_barrier_ms_p50=0.788234, wal_barrier_ms_p95=2.055106, wal_barrier_ms_p99=4.459565, wal_barrier_ms_samples=2048, completion_admitted=0, ready_channels=0, ready_devices=0, closing_devices=0, mc_recorded_tick_ms_avg100=0.85488, mc_target_ticks_per_second=20.0}
",28272.883933636,28272.88781629,500,500,500,500,20008000,19791000,391.642871,6009,"BULK count=500 spawned=500 registered=500 bound=500 accepted=20008000 extracted=19791000 fixture_ms_total=391.642871 fixture_ticks=6009
",28272.887932664,28272.8906045,110.21,2795808,57,824815616,824815616,6579290112,797593600,27123712,274,,,9.49966995297089
62,2026-10-06T16:24:39.430223+00:00,124.00392470999941,4,OFF_observed,False,1.9999291169988282,0.004548277000139933,,0,500,0,0,0,3410,0,0,0,0,0,20705,20008000,19791000,10067,11041,0,23206,1129,38570,2806,4962,185,0.000991,0.007642,0.01329,2048,0.104848,44.764607,68.068956,2048,14.076302,46.746394,58.700911,2048,33.322842,44.250615,48.563217,2048,0.172469,0.281482,0.473491,758,0.0,0.0,0.0,0,0.0,0.0,0.0,0,5.433817,37.892525,47.247044,2048,0.004207,0.030506,0.356154,2048,7124,7124,125510,0,0,10422,1615774,0,0.788234,2.055106,4.459565,2048,0,0,0,0,0.504432,20.0,"STATUS online tickets=0 {registered_loaded_endpoints=500, active_endpoints=0, worker_queue=0, actual_tickets=0, transactions=3410, errors=0, queue_rejected=0, quarantined=0, deferred_registry_decodes=0, dropped_wake_hints=0, local_exchange_calls=20705, local_input_units=20008000, local_output_units=19791000, batch_devices=10067, batch_records=11041, batch_payload_bytes=0, local_wakes=23206, remote_hint_wakes=1129, poll_fallback=38570, empty_batches=2806, allocation_misses=4962, local_credit_publications=185, local_ms_p50=9.91E-4, local_ms_p95=0.007642, local_ms_p99=0.01329, local_ms_samples=2048, queue_ms_p50=0.104848, queue_ms_p95=44.764607, queue_ms_p99=68.068956, queue_ms_samples=2048, execution_ms_p50=14.076302, execution_ms_p95=46.746394, execution_ms_p99=58.700911, execution_ms_samples=2048, apply_ms_p50=33.322842, apply_ms_p95=44.250615, apply_ms_p99=48.563217, apply_ms_samples=2048, tick_ms_p50=0.172469, tick_ms_p95=0.281482, tick_ms_p99=0.473491, tick_ms_samples=758, delivery_ms_p50=0.0, delivery_ms_p95=0.0, delivery_ms_p99=0.0, delivery_ms_samples=0, sql_ms_p50=0.0, sql_ms_p95=0.0, sql_ms_p99=0.0, sql_ms_samples=0, db_transaction_ms_p50=5.433817, db_transaction_ms_p95=37.892525, db_transaction_ms_p99=47.247044, db_transaction_ms_samples=2048, db_connection_wait_ms_p50=0.004207, db_connection_wait_ms_p95=0.030506, db_connection_wait_ms_p99=0.356154, db_connection_wait_ms_samples=2048, db_transactions=7124, db_transaction_attempts=7124, db_statements=125510, db_deadlock_retries=0, db_active_connections=0, wal_writes=10422, wal_bytes=1615774, wal_identical_skipped=0, wal_barrier_ms_p50=0.788234, wal_barrier_ms_p95=2.055106, wal_barrier_ms_p99=4.459565, wal_barrier_ms_samples=2048, completion_admitted=0, ready_channels=0, ready_devices=0, closing_devices=0, mc_recorded_tick_ms_avg100=0.504432, mc_target_ticks_per_second=20.0}
",28274.88383451,28274.88623245,500,500,500,500,20008000,19791000,391.710825,6049,"BULK count=500 spawned=500 registered=500 bound=500 accepted=20008000 extracted=19791000 fixture_ms_total=391.710825 fixture_ticks=6049
",28274.886390517,28274.887133412,110.44,2795808,56,808222720,824623104,6579290112,781000704,27123712,274,,,11.500407591702597
63,2026-10-06T16:24:41.430226+00:00,126.0039276919997,4,OFF_observed,False,2.0000029820002965,0.2695090570014145,,0,500,0,0,0,3410,0,0,0,0,0,20705,20008000,19791000,10067,11041,0,23206,1129,39070,2890,4962,185,0.001001,0.007281,0.012429,2048,0.104848,44.764607,68.068956,2048,14.076302,46.746394,58.700911,2048,33.322842,44.250615,48.563217,2048,0.171998,0.281482,0.473491,798,0.0,0.0,0.0,0,0.0,0.0,0.0,0,5.433096,37.892036,47.247044,2048,0.004207,0.031667,0.361383,2048,7128,7128,125525,0,0,10422,1615774,0,0.788234,2.055106,4.459565,2048,0,0,0,0,0.505282,20.0,"STATUS online tickets=0 {registered_loaded_endpoints=500, active_endpoints=0, worker_queue=0, actual_tickets=0, transactions=3410, errors=0, queue_rejected=0, quarantined=0, deferred_registry_decodes=0, dropped_wake_hints=0, local_exchange_calls=20705, local_input_units=20008000, local_output_units=19791000, batch_devices=10067, batch_records=11041, batch_payload_bytes=0, local_wakes=23206, remote_hint_wakes=1129, poll_fallback=39070, empty_batches=2890, allocation_misses=4962, local_credit_publications=185, local_ms_p50=0.001001, local_ms_p95=0.007281, local_ms_p99=0.012429, local_ms_samples=2048, queue_ms_p50=0.104848, queue_ms_p95=44.764607, queue_ms_p99=68.068956, queue_ms_samples=2048, execution_ms_p50=14.076302, execution_ms_p95=46.746394, execution_ms_p99=58.700911, execution_ms_samples=2048, apply_ms_p50=33.322842, apply_ms_p95=44.250615, apply_ms_p99=48.563217, apply_ms_samples=2048, tick_ms_p50=0.171998, tick_ms_p95=0.281482, tick_ms_p99=0.473491, tick_ms_samples=798, delivery_ms_p50=0.0, delivery_ms_p95=0.0, delivery_ms_p99=0.0, delivery_ms_samples=0, sql_ms_p50=0.0, sql_ms_p95=0.0, sql_ms_p99=0.0, sql_ms_samples=0, db_transaction_ms_p50=5.433096, db_transaction_ms_p95=37.892036, db_transaction_ms_p99=47.247044, db_transaction_ms_samples=2048, db_connection_wait_ms_p50=0.004207, db_connection_wait_ms_p95=0.031667, db_connection_wait_ms_p99=0.361383, db_connection_wait_ms_samples=2048, db_transactions=7128, db_transaction_attempts=7128, db_statements=125525, db_deadlock_retries=0, db_active_connections=0, wal_writes=10422, wal_bytes=1615774, wal_identical_skipped=0, wal_barrier_ms_p50=0.788234, wal_barrier_ms_p95=2.055106, wal_barrier_ms_p99=4.459565, wal_barrier_ms_samples=2048, completion_admitted=0, ready_channels=0, ready_devices=0, closing_devices=0, mc_recorded_tick_ms_avg100=0.505282, mc_target_ticks_per_second=20.0}
",28276.883850321,28276.886397094,500,500,500,500,20008000,19791000,391.777039,6089,"BULK count=500 spawned=500 registered=500 bound=500 accepted=20008000 extracted=19791000 fixture_ms_total=391.777039 fixture_ticks=6089
",28276.886506599,28276.887277846,110.63,2795808,56,808235008,824623104,6579290112,781012992,27123712,274,395313152,324357427,9.499985835519597
64,2026-10-06T16:24:43.430219+00:00,128.0039209639981,4,OFF_observed,False,1.9999932719983917,0.004930562001391081,,0,500,0,0,0,3410,0,0,0,0,0,20705,20008000,19791000,10067,11041,0,23206,1129,39570,2974,4962,185,0.001041,0.007161,0.012028,2048,0.104848,44.764607,68.068956,2048,14.076302,46.746394,58.700911,2048,33.322842,44.250615,48.563217,2048,0.171768,0.279059,0.456986,838,0.0,0.0,0.0,0,0.0,0.0,0.0,0,5.418033,37.808375,47.247044,2048,0.004207,0.032329,0.361383,2048,7132,7132,125540,0,0,10422,1615774,0,0.788234,2.055106,4.459565,2048,0,0,0,0,0.510278,20.0,"STATUS online tickets=0 {registered_loaded_endpoints=500, active_endpoints=0, worker_queue=0, actual_tickets=0, transactions=3410, errors=0, queue_rejected=0, quarantined=0, deferred_registry_decodes=0, dropped_wake_hints=0, local_exchange_calls=20705, local_input_units=20008000, local_output_units=19791000, batch_devices=10067, batch_records=11041, batch_payload_bytes=0, local_wakes=23206, remote_hint_wakes=1129, poll_fallback=39570, empty_batches=2974, allocation_misses=4962, local_credit_publications=185, local_ms_p50=0.001041, local_ms_p95=0.007161, local_ms_p99=0.012028, local_ms_samples=2048, queue_ms_p50=0.104848, queue_ms_p95=44.764607, queue_ms_p99=68.068956, queue_ms_samples=2048, execution_ms_p50=14.076302, execution_ms_p95=46.746394, execution_ms_p99=58.700911, execution_ms_samples=2048, apply_ms_p50=33.322842, apply_ms_p95=44.250615, apply_ms_p99=48.563217, apply_ms_samples=2048, tick_ms_p50=0.171768, tick_ms_p95=0.279059, tick_ms_p99=0.456986, tick_ms_samples=838, delivery_ms_p50=0.0, delivery_ms_p95=0.0, delivery_ms_p99=0.0, delivery_ms_samples=0, sql_ms_p50=0.0, sql_ms_p95=0.0, sql_ms_p99=0.0, sql_ms_samples=0, db_transaction_ms_p50=5.418033, db_transaction_ms_p95=37.808375, db_transaction_ms_p99=47.247044, db_transaction_ms_samples=2048, db_connection_wait_ms_p50=0.004207, db_connection_wait_ms_p95=0.032329, db_connection_wait_ms_p99=0.361383, db_connection_wait_ms_samples=2048, db_transactions=7132, db_transaction_attempts=7132, db_statements=125540, db_deadlock_retries=0, db_active_connections=0, wal_writes=10422, wal_bytes=1615774, wal_identical_skipped=0, wal_barrier_ms_p50=0.788234, wal_barrier_ms_p95=2.055106, wal_barrier_ms_p99=4.459565, wal_barrier_ms_samples=2048, completion_admitted=0, ready_channels=0, ready_devices=0, closing_devices=0, mc_recorded_tick_ms_avg100=0.510278, mc_target_ticks_per_second=20.0}
",28278.883912598,28278.886494093,500,500,500,500,20008000,19791000,391.842658,6129,"BULK count=500 spawned=500 registered=500 bound=500 accepted=20008000 extracted=19791000 fixture_ms_total=391.842658 fixture_ticks=6129
",28278.886621955,28278.887432106,110.81,2795808,56,808251392,824623104,6579290112,781029376,27123712,274,,,9.000030276109428
65,2026-10-06T16:24:45.430263+00:00,130.00396463799916,4,OFF_observed,False,2.0000436740010628,0.0050402509987179656,,0,500,0,0,0,3410,0,0,0,0,0,20705,20008000,19791000,10067,11041,0,23206,1129,40070,3058,4962,185,0.001071,0.007492,0.013069,2048,0.104848,44.764607,68.068956,2048,14.076302,46.746394,58.700911,2048,33.322842,44.250615,48.563217,2048,0.171648,0.279059,0.456986,878,0.0,0.0,0.0,0,0.0,0.0,0.0,0,5.412364,37.808375,47.247044,2048,0.004207,0.032379,0.361383,2048,7136,7136,125555,0,0,10422,1615774,0,0.788234,2.055106,4.459565,2048,0,0,0,0,0.540504,20.0,"STATUS online tickets=0 {registered_loaded_endpoints=500, active_endpoints=0, worker_queue=0, actual_tickets=0, transactions=3410, errors=0, queue_rejected=0, quarantined=0, deferred_registry_decodes=0, dropped_wake_hints=0, local_exchange_calls=20705, local_input_units=20008000, local_output_units=19791000, batch_devices=10067, batch_records=11041, batch_payload_bytes=0, local_wakes=23206, remote_hint_wakes=1129, poll_fallback=40070, empty_batches=3058, allocation_misses=4962, local_credit_publications=185, local_ms_p50=0.001071, local_ms_p95=0.007492, local_ms_p99=0.013069, local_ms_samples=2048, queue_ms_p50=0.104848, queue_ms_p95=44.764607, queue_ms_p99=68.068956, queue_ms_samples=2048, execution_ms_p50=14.076302, execution_ms_p95=46.746394, execution_ms_p99=58.700911, execution_ms_samples=2048, apply_ms_p50=33.322842, apply_ms_p95=44.250615, apply_ms_p99=48.563217, apply_ms_samples=2048, tick_ms_p50=0.171648, tick_ms_p95=0.279059, tick_ms_p99=0.456986, tick_ms_samples=878, delivery_ms_p50=0.0, delivery_ms_p95=0.0, delivery_ms_p99=0.0, delivery_ms_samples=0, sql_ms_p50=0.0, sql_ms_p95=0.0, sql_ms_p99=0.0, sql_ms_samples=0, db_transaction_ms_p50=5.412364, db_transaction_ms_p95=37.808375, db_transaction_ms_p99=47.247044, db_transaction_ms_samples=2048, db_connection_wait_ms_p50=0.004207, db_connection_wait_ms_p95=0.032379, db_connection_wait_ms_p99=0.361383, db_connection_wait_ms_samples=2048, db_transactions=7136, db_transaction_attempts=7136, db_statements=125555, db_deadlock_retries=0, db_active_connections=0, wal_writes=10422, wal_bytes=1615774, wal_identical_skipped=0, wal_barrier_ms_p50=0.788234, wal_barrier_ms_p95=2.055106, wal_barrier_ms_p99=4.459565, wal_barrier_ms_samples=2048, completion_admitted=0, ready_channels=0, ready_devices=0, closing_devices=0, mc_recorded_tick_ms_avg100=0.540504, mc_target_ticks_per_second=20.0}
",28280.883887819,28280.886361191,500,500,500,500,20008000,19791000,391.908726,6169,"BULK count=500 spawned=500 registered=500 bound=500 accepted=20008000 extracted=19791000 fixture_ms_total=391.908726 fixture_ticks=6169
",28280.886467521,28280.88780937,111.0,2795808,56,808263680,824623104,6579290112,781041664,27123712,274,,,9.499792553024857
66,2026-10-06T16:24:47.430231+00:00,132.0039333800014,4,OFF_observed,False,1.9999687420022383,0.004923249998682877,,0,500,0,0,0,3410,0,0,0,0,0,20705,20008000,19791000,10067,11041,0,23206,1129,40569,3141,4962,185,0.001022,0.007822,0.013069,2048,0.104848,44.764607,68.068956,2048,14.076302,46.746394,58.700911,2048,33.322842,44.250615,48.563217,2048,0.171227,0.276555,0.456986,918,0.0,0.0,0.0,0,0.0,0.0,0.0,0,5.407347,37.808375,47.247044,2048,0.004216,0.03358,0.363145,2048,7140,7140,125570,0,0,10422,1615774,0,0.788234,2.055106,4.459565,2048,0,0,0,0,0.564376,20.0,"STATUS online tickets=0 {registered_loaded_endpoints=500, active_endpoints=0, worker_queue=0, actual_tickets=0, transactions=3410, errors=0, queue_rejected=0, quarantined=0, deferred_registry_decodes=0, dropped_wake_hints=0, local_exchange_calls=20705, local_input_units=20008000, local_output_units=19791000, batch_devices=10067, batch_records=11041, batch_payload_bytes=0, local_wakes=23206, remote_hint_wakes=1129, poll_fallback=40569, empty_batches=3141, allocation_misses=4962, local_credit_publications=185, local_ms_p50=0.001022, local_ms_p95=0.007822, local_ms_p99=0.013069, local_ms_samples=2048, queue_ms_p50=0.104848, queue_ms_p95=44.764607, queue_ms_p99=68.068956, queue_ms_samples=2048, execution_ms_p50=14.076302, execution_ms_p95=46.746394, execution_ms_p99=58.700911, execution_ms_samples=2048, apply_ms_p50=33.322842, apply_ms_p95=44.250615, apply_ms_p99=48.563217, apply_ms_samples=2048, tick_ms_p50=0.171227, tick_ms_p95=0.276555, tick_ms_p99=0.456986, tick_ms_samples=918, delivery_ms_p50=0.0, delivery_ms_p95=0.0, delivery_ms_p99=0.0, delivery_ms_samples=0, sql_ms_p50=0.0, sql_ms_p95=0.0, sql_ms_p99=0.0, sql_ms_samples=0, db_transaction_ms_p50=5.407347, db_transaction_ms_p95=37.808375, db_transaction_ms_p99=47.247044, db_transaction_ms_samples=2048, db_connection_wait_ms_p50=0.004216, db_connection_wait_ms_p95=0.03358, db_connection_wait_ms_p99=0.363145, db_connection_wait_ms_samples=2048, db_transactions=7140, db_transaction_attempts=7140, db_statements=125570, db_deadlock_retries=0, db_active_connections=0, wal_writes=10422, wal_bytes=1615774, wal_identical_skipped=0, wal_barrier_ms_p50=0.788234, wal_barrier_ms_p95=2.055106, wal_barrier_ms_p99=4.459565, wal_barrier_ms_samples=2048, completion_admitted=0, ready_channels=0, ready_devices=0, closing_devices=0, mc_recorded_tick_ms_avg100=0.564376, mc_target_ticks_per_second=20.0}
",28282.883925614,28282.886823944,500,500,500,500,20008000,19791000,391.979812,6209,"BULK count=500 spawned=500 registered=500 bound=500 accepted=20008000 extracted=19791000 fixture_ms_total=391.979812 fixture_ticks=6209
",28282.886938747,28282.887773029,111.2,2795808,56,808263680,824623104,6579290112,781041664,27123712,274,,,10.000156292431644
67,2026-10-06T16:24:49.430246+00:00,134.00394719399992,4,OFF_observed,False,2.000013813998521,0.004764901997987181,,0,500,0,0,0,3410,0,0,0,0,0,20705,20008000,19791000,10067,11041,0,23206,1129,41069,3225,4962,185,0.001001,0.008112,0.0136,2048,0.104848,44.764607,68.068956,2048,14.076302,46.746394,58.700911,2048,33.322842,44.250615,48.563217,2048,0.171086,0.276555,0.456986,958,0.0,0.0,0.0,0,0.0,0.0,0.0,0,5.395069,37.808375,47.247044,2048,0.004216,0.033691,0.363145,2048,7144,7144,125585,0,0,10422,1615774,0,0.788234,2.055106,4.459565,2048,0,0,0,0,0.555004,20.0,"STATUS online tickets=0 {registered_loaded_endpoints=500, active_endpoints=0, worker_queue=0, actual_tickets=0, transactions=3410, errors=0, queue_rejected=0, quarantined=0, deferred_registry_decodes=0, dropped_wake_hints=0, local_exchange_calls=20705, local_input_units=20008000, local_output_units=19791000, batch_devices=10067, batch_records=11041, batch_payload_bytes=0, local_wakes=23206, remote_hint_wakes=1129, poll_fallback=41069, empty_batches=3225, allocation_misses=4962, local_credit_publications=185, local_ms_p50=0.001001, local_ms_p95=0.008112, local_ms_p99=0.0136, local_ms_samples=2048, queue_ms_p50=0.104848, queue_ms_p95=44.764607, queue_ms_p99=68.068956, queue_ms_samples=2048, execution_ms_p50=14.076302, execution_ms_p95=46.746394, execution_ms_p99=58.700911, execution_ms_samples=2048, apply_ms_p50=33.322842, apply_ms_p95=44.250615, apply_ms_p99=48.563217, apply_ms_samples=2048, tick_ms_p50=0.171086, tick_ms_p95=0.276555, tick_ms_p99=0.456986, tick_ms_samples=958, delivery_ms_p50=0.0, delivery_ms_p95=0.0, delivery_ms_p99=0.0, delivery_ms_samples=0, sql_ms_p50=0.0, sql_ms_p95=0.0, sql_ms_p99=0.0, sql_ms_samples=0, db_transaction_ms_p50=5.395069, db_transaction_ms_p95=37.808375, db_transaction_ms_p99=47.247044, db_transaction_ms_samples=2048, db_connection_wait_ms_p50=0.004216, db_connection_wait_ms_p95=0.033691, db_connection_wait_ms_p99=0.363145, db_connection_wait_ms_samples=2048, db_transactions=7144, db_transaction_attempts=7144, db_statements=125585, db_deadlock_retries=0, db_active_connections=0, wal_writes=10422, wal_bytes=1615774, wal_identical_skipped=0, wal_barrier_ms_p50=0.788234, wal_barrier_ms_p95=2.055106, wal_barrier_ms_p99=4.459565, wal_barrier_ms_samples=2048, completion_admitted=0, ready_channels=0, ready_devices=0, closing_devices=0, mc_recorded_tick_ms_avg100=0.555004, mc_target_ticks_per_second=20.0}
",28284.88388078,28284.886575345,500,500,500,500,20008000,19791000,392.049874,6249,"BULK count=500 spawned=500 registered=500 bound=500 accepted=20008000 extracted=19791000 fixture_ms_total=392.049874 fixture_ticks=6249
",28284.886687193,28284.887637068,111.46,2795808,56,808271872,824623104,6579290112,781049856,27123712,274,,,12.99991020962934
68,2026-10-06T16:24:51.430211+00:00,136.00391287599996,4,OFF_observed,False,1.9999656820000382,0.00553844299793127,,0,500,0,0,0,3410,0,0,0,0,0,20705,20008000,19791000,10067,11041,0,23206,1129,41568,3309,4962,185,0.001031,0.008122,0.013461,2048,0.104848,44.764607,68.068956,2048,14.076302,46.746394,58.700911,2048,33.322842,44.250615,48.563217,2048,0.171207,0.276555,0.473491,998,0.0,0.0,0.0,0,0.0,0.0,0.0,0,5.367618,37.808375,47.247044,2048,0.004216,0.036846,0.365529,2048,7148,7148,125600,0,0,10422,1615774,0,0.788234,2.055106,4.459565,2048,0,0,0,0,0.588826,20.0,"STATUS online tickets=0 {registered_loaded_endpoints=500, active_endpoints=0, worker_queue=0, actual_tickets=0, transactions=3410, errors=0, queue_rejected=0, quarantined=0, deferred_registry_decodes=0, dropped_wake_hints=0, local_exchange_calls=20705, local_input_units=20008000, local_output_units=19791000, batch_devices=10067, batch_records=11041, batch_payload_bytes=0, local_wakes=23206, remote_hint_wakes=1129, poll_fallback=41568, empty_batches=3309, allocation_misses=4962, local_credit_publications=185, local_ms_p50=0.001031, local_ms_p95=0.008122, local_ms_p99=0.013461, local_ms_samples=2048, queue_ms_p50=0.104848, queue_ms_p95=44.764607, queue_ms_p99=68.068956, queue_ms_samples=2048, execution_ms_p50=14.076302, execution_ms_p95=46.746394, execution_ms_p99=58.700911, execution_ms_samples=2048, apply_ms_p50=33.322842, apply_ms_p95=44.250615, apply_ms_p99=48.563217, apply_ms_samples=2048, tick_ms_p50=0.171207, tick_ms_p95=0.276555, tick_ms_p99=0.473491, tick_ms_samples=998, delivery_ms_p50=0.0, delivery_ms_p95=0.0, delivery_ms_p99=0.0, delivery_ms_samples=0, sql_ms_p50=0.0, sql_ms_p95=0.0, sql_ms_p99=0.0, sql_ms_samples=0, db_transaction_ms_p50=5.367618, db_transaction_ms_p95=37.808375, db_transaction_ms_p99=47.247044, db_transaction_ms_samples=2048, db_connection_wait_ms_p50=0.004216, db_connection_wait_ms_p95=0.036846, db_connection_wait_ms_p99=0.365529, db_connection_wait_ms_samples=2048, db_transactions=7148, db_transaction_attempts=7148, db_statements=125600, db_deadlock_retries=0, db_active_connections=0, wal_writes=10422, wal_bytes=1615774, wal_identical_skipped=0, wal_barrier_ms_p50=0.788234, wal_barrier_ms_p95=2.055106, wal_barrier_ms_p99=4.459565, wal_barrier_ms_samples=2048, completion_admitted=0, ready_channels=0, ready_devices=0, closing_devices=0, mc_recorded_tick_ms_avg100=0.588826, mc_target_ticks_per_second=20.0}
",28286.883839812,28286.886984022,500,500,500,500,20008000,19791000,392.118789,6289,"BULK count=500 spawned=500 registered=500 bound=500 accepted=20008000 extracted=19791000 fixture_ms_total=392.118789 fixture_ticks=6289
",28286.887140907,28286.887871123,111.66,2795808,56,808284160,824623104,6579290112,781062144,27123712,274,,,10.000171592944314
69,2026-10-06T16:24:53.430361+00:00,138.00406205200125,4,OFF_observed,False,2.000149176001287,0.28540710499873967,,0,500,0,0,0,3410,0,0,0,0,0,20705,20008000,19791000,10067,11041,0,23206,1129,42052,3389,4962,185,0.001051,0.008253,0.014532,2048,0.104848,44.764607,68.068956,2048,14.076302,46.746394,58.700911,2048,33.322842,44.250615,48.563217,2048,0.171397,0.276555,0.473491,1038,0.0,0.0,0.0,0,0.0,0.0,0.0,0,5.367596,37.808375,47.247044,2048,0.004216,0.039439,0.365529,2048,7152,7152,125615,0,0,10422,1615774,0,0.788234,2.055106,4.459565,2048,0,0,0,0,0.601652,20.0,"STATUS online tickets=0 {registered_loaded_endpoints=500, active_endpoints=0, worker_queue=0, actual_tickets=0, transactions=3410, errors=0, queue_rejected=0, quarantined=0, deferred_registry_decodes=0, dropped_wake_hints=0, local_exchange_calls=20705, local_input_units=20008000, local_output_units=19791000, batch_devices=10067, batch_records=11041, batch_payload_bytes=0, local_wakes=23206, remote_hint_wakes=1129, poll_fallback=42052, empty_batches=3389, allocation_misses=4962, local_credit_publications=185, local_ms_p50=0.001051, local_ms_p95=0.008253, local_ms_p99=0.014532, local_ms_samples=2048, queue_ms_p50=0.104848, queue_ms_p95=44.764607, queue_ms_p99=68.068956, queue_ms_samples=2048, execution_ms_p50=14.076302, execution_ms_p95=46.746394, execution_ms_p99=58.700911, execution_ms_samples=2048, apply_ms_p50=33.322842, apply_ms_p95=44.250615, apply_ms_p99=48.563217, apply_ms_samples=2048, tick_ms_p50=0.171397, tick_ms_p95=0.276555, tick_ms_p99=0.473491, tick_ms_samples=1038, delivery_ms_p50=0.0, delivery_ms_p95=0.0, delivery_ms_p99=0.0, delivery_ms_samples=0, sql_ms_p50=0.0, sql_ms_p95=0.0, sql_ms_p99=0.0, sql_ms_samples=0, db_transaction_ms_p50=5.367596, db_transaction_ms_p95=37.808375, db_transaction_ms_p99=47.247044, db_transaction_ms_samples=2048, db_connection_wait_ms_p50=0.004216, db_connection_wait_ms_p95=0.039439, db_connection_wait_ms_p99=0.365529, db_connection_wait_ms_samples=2048, db_transactions=7152, db_transaction_attempts=7152, db_statements=125615, db_deadlock_retries=0, db_active_connections=0, wal_writes=10422, wal_bytes=1615774, wal_identical_skipped=0, wal_barrier_ms_p50=0.788234, wal_barrier_ms_p95=2.055106, wal_barrier_ms_p99=4.459565, wal_barrier_ms_samples=2048, completion_admitted=0, ready_channels=0, ready_devices=0, closing_devices=0, mc_recorded_tick_ms_avg100=0.601652, mc_target_ticks_per_second=20.0}
",28288.883983219,28288.886504733,500,500,500,500,20008000,19791000,392.191426,6329,"BULK count=500 spawned=500 registered=500 bound=500 accepted=20008000 extracted=19791000 fixture_ms_total=392.191426 fixture_ticks=6329
",28288.886674728,28288.888052176,111.86,2795808,56,808296448,824623104,6579290112,781074432,27123712,274,395313152,344280371,9.999254175623257
70,2026-10-06T16:24:55.430291+00:00,140.00399103399832,4,OFF_observed,False,1.9999289819970727,0.005528522000531666,,0,500,0,0,0,3410,0,0,0,0,0,20705,20008000,19791000,10067,11041,0,23206,1129,42520,3467,4962,185,0.001071,0.008253,0.014582,2048,0.104848,44.764607,68.068956,2048,14.076302,46.746394,58.700911,2048,33.322842,44.250615,48.563217,2048,0.171768,0.279059,0.473491,1078,0.0,0.0,0.0,0,0.0,0.0,0.0,0,5.343095,37.808375,47.247044,2048,0.004216,0.04015,0.365529,2048,7156,7156,125630,0,0,10422,1615774,0,0.788234,2.055106,4.459565,2048,0,0,0,0,0.703458,20.0,"STATUS online tickets=0 {registered_loaded_endpoints=500, active_endpoints=0, worker_queue=0, actual_tickets=0, transactions=3410, errors=0, queue_rejected=0, quarantined=0, deferred_registry_decodes=0, dropped_wake_hints=0, local_exchange_calls=20705, local_input_units=20008000, local_output_units=19791000, batch_devices=10067, batch_records=11041, batch_payload_bytes=0, local_wakes=23206, remote_hint_wakes=1129, poll_fallback=42520, empty_batches=3467, allocation_misses=4962, local_credit_publications=185, local_ms_p50=0.001071, local_ms_p95=0.008253, local_ms_p99=0.014582, local_ms_samples=2048, queue_ms_p50=0.104848, queue_ms_p95=44.764607, queue_ms_p99=68.068956, queue_ms_samples=2048, execution_ms_p50=14.076302, execution_ms_p95=46.746394, execution_ms_p99=58.700911, execution_ms_samples=2048, apply_ms_p50=33.322842, apply_ms_p95=44.250615, apply_ms_p99=48.563217, apply_ms_samples=2048, tick_ms_p50=0.171768, tick_ms_p95=0.279059, tick_ms_p99=0.473491, tick_ms_samples=1078, delivery_ms_p50=0.0, delivery_ms_p95=0.0, delivery_ms_p99=0.0, delivery_ms_samples=0, sql_ms_p50=0.0, sql_ms_p95=0.0, sql_ms_p99=0.0, sql_ms_samples=0, db_transaction_ms_p50=5.343095, db_transaction_ms_p95=37.808375, db_transaction_ms_p99=47.247044, db_transaction_ms_samples=2048, db_connection_wait_ms_p50=0.004216, db_connection_wait_ms_p95=0.04015, db_connection_wait_ms_p99=0.365529, db_connection_wait_ms_samples=2048, db_transactions=7156, db_transaction_attempts=7156, db_statements=125630, db_deadlock_retries=0, db_active_connections=0, wal_writes=10422, wal_bytes=1615774, wal_identical_skipped=0, wal_barrier_ms_p50=0.788234, wal_barrier_ms_p95=2.055106, wal_barrier_ms_p99=4.459565, wal_barrier_ms_samples=2048, completion_admitted=0, ready_channels=0, ready_devices=0, closing_devices=0, mc_recorded_tick_ms_avg100=0.703458, mc_target_ticks_per_second=20.0}
",28290.883921695,28290.886914973,500,500,500,500,20008000,19791000,392.263946,6369,"BULK count=500 spawned=500 registered=500 bound=500 accepted=20008000 extracted=19791000 fixture_ms_total=392.263946 fixture_ticks=6369
",28290.887069905,28290.888345049,112.08,2795808,55,808243200,824623104,6579290112,781021184,27123712,274,,,11.000390612886317
71,2026-10-06T16:24:57.430254+00:00,142.0039547310007,4,OFF_observed,False,1.9999636970023857,0.005527426998014562,,0,500,0,0,0,3410,0,0,0,0,0,20705,20008000,19791000,10067,11041,0,23206,1129,43004,3547,4962,185,0.001051,0.008493,0.014952,2048,0.104848,44.764607,68.068956,2048,14.076302,46.746394,58.700911,2048,33.322842,44.250615,48.563217,2048,0.171828,0.2797,0.473491,1118,0.0,0.0,0.0,0,0.0,0.0,0.0,0,5.339244,37.808375,47.247044,2048,0.004217,0.044076,0.382975,2048,7160,7160,125645,0,0,10422,1615774,0,0.788234,2.055106,4.459565,2048,0,0,0,0,0.708173,20.0,"STATUS online tickets=0 {registered_loaded_endpoints=500, active_endpoints=0, worker_queue=0, actual_tickets=0, transactions=3410, errors=0, queue_rejected=0, quarantined=0, deferred_registry_decodes=0, dropped_wake_hints=0, local_exchange_calls=20705, local_input_units=20008000, local_output_units=19791000, batch_devices=10067, batch_records=11041, batch_payload_bytes=0, local_wakes=23206, remote_hint_wakes=1129, poll_fallback=43004, empty_batches=3547, allocation_misses=4962, local_credit_publications=185, local_ms_p50=0.001051, local_ms_p95=0.008493, local_ms_p99=0.014952, local_ms_samples=2048, queue_ms_p50=0.104848, queue_ms_p95=44.764607, queue_ms_p99=68.068956, queue_ms_samples=2048, execution_ms_p50=14.076302, execution_ms_p95=46.746394, execution_ms_p99=58.700911, execution_ms_samples=2048, apply_ms_p50=33.322842, apply_ms_p95=44.250615, apply_ms_p99=48.563217, apply_ms_samples=2048, tick_ms_p50=0.171828, tick_ms_p95=0.2797, tick_ms_p99=0.473491, tick_ms_samples=1118, delivery_ms_p50=0.0, delivery_ms_p95=0.0, delivery_ms_p99=0.0, delivery_ms_samples=0, sql_ms_p50=0.0, sql_ms_p95=0.0, sql_ms_p99=0.0, sql_ms_samples=0, db_transaction_ms_p50=5.339244, db_transaction_ms_p95=37.808375, db_transaction_ms_p99=47.247044, db_transaction_ms_samples=2048, db_connection_wait_ms_p50=0.004217, db_connection_wait_ms_p95=0.044076, db_connection_wait_ms_p99=0.382975, db_connection_wait_ms_samples=2048, db_transactions=7160, db_transaction_attempts=7160, db_statements=125645, db_deadlock_retries=0, db_active_connections=0, wal_writes=10422, wal_bytes=1615774, wal_identical_skipped=0, wal_barrier_ms_p50=0.788234, wal_barrier_ms_p95=2.055106, wal_barrier_ms_p99=4.459565, wal_barrier_ms_samples=2048, completion_admitted=0, ready_channels=0, ready_devices=0, closing_devices=0, mc_recorded_tick_ms_avg100=0.708173, mc_target_ticks_per_second=20.0}
",28292.883884261,28292.88749482,500,500,500,500,20008000,19791000,392.335635,6409,"BULK count=500 spawned=500 registered=500 bound=500 accepted=20008000 extracted=19791000 fixture_ms_total=392.335635 fixture_ticks=6409
",28292.887633048,28292.888375813,112.3,2795808,55,808243200,824623104,6579290112,781021184,27123712,274,,,11.000199670111135
72,2026-10-06T16:24:59.430243+00:00,144.0039436980005,4,OFF_observed,False,1.9999889669998083,0.004844831997615984,,0,500,0,0,0,3410,0,0,0,0,0,20705,20008000,19791000,10067,11041,0,23206,1129,43488,3627,4962,185,0.001052,0.008503,0.014642,2048,0.104848,44.764607,68.068956,2048,14.076302,46.746394,58.700911,2048,33.322842,44.250615,48.563217,2048,0.171998,0.2797,0.473491,1158,0.0,0.0,0.0,0,0.0,0.0,0.0,0,5.333677,37.773943,47.247044,2048,0.004226,0.045769,0.389024,2048,7164,7164,125660,0,0,10422,1615774,0,0.788234,2.055106,4.459565,2048,0,0,0,0,0.624925,20.0,"STATUS online tickets=0 {registered_loaded_endpoints=500, active_endpoints=0, worker_queue=0, actual_tickets=0, transactions=3410, errors=0, queue_rejected=0, quarantined=0, deferred_registry_decodes=0, dropped_wake_hints=0, local_exchange_calls=20705, local_input_units=20008000, local_output_units=19791000, batch_devices=10067, batch_records=11041, batch_payload_bytes=0, local_wakes=23206, remote_hint_wakes=1129, poll_fallback=43488, empty_batches=3627, allocation_misses=4962, local_credit_publications=185, local_ms_p50=0.001052, local_ms_p95=0.008503, local_ms_p99=0.014642, local_ms_samples=2048, queue_ms_p50=0.104848, queue_ms_p95=44.764607, queue_ms_p99=68.068956, queue_ms_samples=2048, execution_ms_p50=14.076302, execution_ms_p95=46.746394, execution_ms_p99=58.700911, execution_ms_samples=2048, apply_ms_p50=33.322842, apply_ms_p95=44.250615, apply_ms_p99=48.563217, apply_ms_samples=2048, tick_ms_p50=0.171998, tick_ms_p95=0.2797, tick_ms_p99=0.473491, tick_ms_samples=1158, delivery_ms_p50=0.0, delivery_ms_p95=0.0, delivery_ms_p99=0.0, delivery_ms_samples=0, sql_ms_p50=0.0, sql_ms_p95=0.0, sql_ms_p99=0.0, sql_ms_samples=0, db_transaction_ms_p50=5.333677, db_transaction_ms_p95=37.773943, db_transaction_ms_p99=47.247044, db_transaction_ms_samples=2048, db_connection_wait_ms_p50=0.004226, db_connection_wait_ms_p95=0.045769, db_connection_wait_ms_p99=0.389024, db_connection_wait_ms_samples=2048, db_transactions=7164, db_transaction_attempts=7164, db_statements=125660, db_deadlock_retries=0, db_active_connections=0, wal_writes=10422, wal_bytes=1615774, wal_identical_skipped=0, wal_barrier_ms_p50=0.788234, wal_barrier_ms_p95=2.055106, wal_barrier_ms_p99=4.459565, wal_barrier_ms_samples=2048, completion_admitted=0, ready_channels=0, ready_devices=0, closing_devices=0, mc_recorded_tick_ms_avg100=0.624925, mc_target_ticks_per_second=20.0}
",28294.883890384,28294.886613651,500,500,500,500,20008000,19791000,392.405077,6449,"BULK count=500 spawned=500 registered=500 bound=500 accepted=20008000 extracted=19791000 fixture_ms_total=392.405077 fixture_ticks=6449
",28294.88676603,28294.88760516,112.57,2795808,55,808247296,824623104,6579290112,781025280,27123712,274,,,13.500074473161927
73,2026-10-06T16:25:01.430263+00:00,146.0039638849994,4,OFF_observed,False,2.0000201869988814,0.005290234999847598,,0,500,0,0,0,3410,0,0,0,0,0,20705,20008000,19791000,10067,11041,0,23206,1129,43972,3707,4962,185,0.001082,0.008573,0.014312,2048,0.104848,44.764607,68.068956,2048,14.076302,46.746394,58.700911,2048,33.322842,44.250615,48.563217,2048,0.172339,0.2797,0.473491,1198,0.0,0.0,0.0,0,0.0,0.0,0.0,0,5.339244,37.773943,47.247044,2048,0.004226,0.048943,0.389024,2048,7168,7168,125675,0,0,10422,1615774,0,0.788234,2.055106,4.459565,2048,0,0,0,0,0.603361,20.0,"STATUS online tickets=0 {registered_loaded_endpoints=500, active_endpoints=0, worker_queue=0, actual_tickets=0, transactions=3410, errors=0, queue_rejected=0, quarantined=0, deferred_registry_decodes=0, dropped_wake_hints=0, local_exchange_calls=20705, local_input_units=20008000, local_output_units=19791000, batch_devices=10067, batch_records=11041, batch_payload_bytes=0, local_wakes=23206, remote_hint_wakes=1129, poll_fallback=43972, empty_batches=3707, allocation_misses=4962, local_credit_publications=185, local_ms_p50=0.001082, local_ms_p95=0.008573, local_ms_p99=0.014312, local_ms_samples=2048, queue_ms_p50=0.104848, queue_ms_p95=44.764607, queue_ms_p99=68.068956, queue_ms_samples=2048, execution_ms_p50=14.076302, execution_ms_p95=46.746394, execution_ms_p99=58.700911, execution_ms_samples=2048, apply_ms_p50=33.322842, apply_ms_p95=44.250615, apply_ms_p99=48.563217, apply_ms_samples=2048, tick_ms_p50=0.172339, tick_ms_p95=0.2797, tick_ms_p99=0.473491, tick_ms_samples=1198, delivery_ms_p50=0.0, delivery_ms_p95=0.0, delivery_ms_p99=0.0, delivery_ms_samples=0, sql_ms_p50=0.0, sql_ms_p95=0.0, sql_ms_p99=0.0, sql_ms_samples=0, db_transaction_ms_p50=5.339244, db_transaction_ms_p95=37.773943, db_transaction_ms_p99=47.247044, db_transaction_ms_samples=2048, db_connection_wait_ms_p50=0.004226, db_connection_wait_ms_p95=0.048943, db_connection_wait_ms_p99=0.389024, db_connection_wait_ms_samples=2048, db_transactions=7168, db_transaction_attempts=7168, db_statements=125675, db_deadlock_retries=0, db_active_connections=0, wal_writes=10422, wal_bytes=1615774, wal_identical_skipped=0, wal_barrier_ms_p50=0.788234, wal_barrier_ms_p95=2.055106, wal_barrier_ms_p99=4.459565, wal_barrier_ms_samples=2048, completion_admitted=0, ready_channels=0, ready_devices=0, closing_devices=0, mc_recorded_tick_ms_avg100=0.603361, mc_target_ticks_per_second=20.0}
",28296.88394402,28296.887086387,500,500,500,500,20008000,19791000,392.61116,6489,"BULK count=500 spawned=500 registered=500 bound=500 accepted=20008000 extracted=19791000 fixture_ms_total=392.61116 fixture_ticks=6489
",28296.887211074,28296.888135416,112.82,2795808,55,808251392,824623104,6579290112,781029376,27123712,274,,,12.499873832530463
74,2026-10-06T16:25:03.430212+00:00,148.00391353899977,4,OFF_observed,False,1.9999496540003747,0.0069313029998738784,,0,500,0,0,0,3410,0,0,0,0,0,20705,20008000,19791000,10067,11041,0,23206,1129,44456,3787,4962,185,0.001121,0.008753,0.014712,2048,0.104848,44.764607,68.068956,2048,14.076302,46.746394,58.700911,2048,33.322842,44.250615,48.563217,2048,0.172519,0.281482,0.485449,1238,0.0,0.0,0.0,0,0.0,0.0,0.0,0,5.333055,37.640592,47.233253,2048,0.004226,0.052659,0.389024,2048,7172,7172,125690,0,0,10422,1615774,0,0.788234,2.055106,4.459565,2048,0,0,0,0,0.6142,20.0,"STATUS online tickets=0 {registered_loaded_endpoints=500, active_endpoints=0, worker_queue=0, actual_tickets=0, transactions=3410, errors=0, queue_rejected=0, quarantined=0, deferred_registry_decodes=0, dropped_wake_hints=0, local_exchange_calls=20705, local_input_units=20008000, local_output_units=19791000, batch_devices=10067, batch_records=11041, batch_payload_bytes=0, local_wakes=23206, remote_hint_wakes=1129, poll_fallback=44456, empty_batches=3787, allocation_misses=4962, local_credit_publications=185, local_ms_p50=0.001121, local_ms_p95=0.008753, local_ms_p99=0.014712, local_ms_samples=2048, queue_ms_p50=0.104848, queue_ms_p95=44.764607, queue_ms_p99=68.068956, queue_ms_samples=2048, execution_ms_p50=14.076302, execution_ms_p95=46.746394, execution_ms_p99=58.700911, execution_ms_samples=2048, apply_ms_p50=33.322842, apply_ms_p95=44.250615, apply_ms_p99=48.563217, apply_ms_samples=2048, tick_ms_p50=0.172519, tick_ms_p95=0.281482, tick_ms_p99=0.485449, tick_ms_samples=1238, delivery_ms_p50=0.0, delivery_ms_p95=0.0, delivery_ms_p99=0.0, delivery_ms_samples=0, sql_ms_p50=0.0, sql_ms_p95=0.0, sql_ms_p99=0.0, sql_ms_samples=0, db_transaction_ms_p50=5.333055, db_transaction_ms_p95=37.640592, db_transaction_ms_p99=47.233253, db_transaction_ms_samples=2048, db_connection_wait_ms_p50=0.004226, db_connection_wait_ms_p95=0.052659, db_connection_wait_ms_p99=0.389024, db_connection_wait_ms_samples=2048, db_transactions=7172, db_transaction_attempts=7172, db_statements=125690, db_deadlock_retries=0, db_active_connections=0, wal_writes=10422, wal_bytes=1615774, wal_identical_skipped=0, wal_barrier_ms_p50=0.788234, wal_barrier_ms_p95=2.055106, wal_barrier_ms_p99=4.459565, wal_barrier_ms_samples=2048, completion_admitted=0, ready_channels=0, ready_devices=0, closing_devices=0, mc_recorded_tick_ms_avg100=0.6142, mc_target_ticks_per_second=20.0}
",28298.883841977,28298.888466408,500,500,500,500,20008000,19791000,392.681898,6529,"BULK count=500 spawned=500 registered=500 bound=500 accepted=20008000 extracted=19791000 fixture_ms_total=392.681898 fixture_ticks=6529
",28298.88862763,28298.889739279,113.16,2795808,55,808284160,824623104,6579290112,781062144,27123712,274,,,17.000427951769815
75,2026-10-06T16:25:05.430245+00:00,150.00394658300138,4,OFF_observed,False,2.0000330440016114,0.29711115899772267,,0,500,0,0,0,3410,0,0,0,0,0,20705,20008000,19791000,10067,11041,0,23206,1129,44940,3866,4962,185,0.001092,0.008643,0.014602,2048,0.104848,44.764607,68.068956,2048,14.076302,46.746394,58.700911,2048,33.322842,44.250615,48.563217,2048,0.171988,0.281482,0.488383,1278,0.0,0.0,0.0,0,0.0,0.0,0.0,0,5.318149,37.602329,47.233253,2048,0.004226,0.057747,0.389024,2048,7176,7176,125705,0,0,10422,1615774,0,0.788234,2.055106,4.459565,2048,0,0,0,0,0.593182,20.0,"STATUS online tickets=0 {registered_loaded_endpoints=500, active_endpoints=0, worker_queue=0, actual_tickets=0, transactions=3410, errors=0, queue_rejected=0, quarantined=0, deferred_registry_decodes=0, dropped_wake_hints=0, local_exchange_calls=20705, local_input_units=20008000, local_output_units=19791000, batch_devices=10067, batch_records=11041, batch_payload_bytes=0, local_wakes=23206, remote_hint_wakes=1129, poll_fallback=44940, empty_batches=3866, allocation_misses=4962, local_credit_publications=185, local_ms_p50=0.001092, local_ms_p95=0.008643, local_ms_p99=0.014602, local_ms_samples=2048, queue_ms_p50=0.104848, queue_ms_p95=44.764607, queue_ms_p99=68.068956, queue_ms_samples=2048, execution_ms_p50=14.076302, execution_ms_p95=46.746394, execution_ms_p99=58.700911, execution_ms_samples=2048, apply_ms_p50=33.322842, apply_ms_p95=44.250615, apply_ms_p99=48.563217, apply_ms_samples=2048, tick_ms_p50=0.171988, tick_ms_p95=0.281482, tick_ms_p99=0.488383, tick_ms_samples=1278, delivery_ms_p50=0.0, delivery_ms_p95=0.0, delivery_ms_p99=0.0, delivery_ms_samples=0, sql_ms_p50=0.0, sql_ms_p95=0.0, sql_ms_p99=0.0, sql_ms_samples=0, db_transaction_ms_p50=5.318149, db_transaction_ms_p95=37.602329, db_transaction_ms_p99=47.233253, db_transaction_ms_samples=2048, db_connection_wait_ms_p50=0.004226, db_connection_wait_ms_p95=0.057747, db_connection_wait_ms_p99=0.389024, db_connection_wait_ms_samples=2048, db_transactions=7176, db_transaction_attempts=7176, db_statements=125705, db_deadlock_retries=0, db_active_connections=0, wal_writes=10422, wal_bytes=1615774, wal_identical_skipped=0, wal_barrier_ms_p50=0.788234, wal_barrier_ms_p95=2.055106, wal_barrier_ms_p99=4.459565, wal_barrier_ms_samples=2048, completion_admitted=0, ready_channels=0, ready_devices=0, closing_devices=0, mc_recorded_tick_ms_avg100=0.593182, mc_target_ticks_per_second=20.0}
",28300.883853919,28300.886508033,500,500,500,500,20008000,19791000,392.75128,6569,"BULK count=500 spawned=500 registered=500 bound=500 accepted=20008000 extracted=19791000 fixture_ms_total=392.75128 fixture_ticks=6569
",28300.886641794,28300.887748055,113.36,2795808,55,808288256,824623104,6579290112,781066240,27123712,274,395313152,365251891,9.999834782721804
76,2026-10-06T16:25:07.430183+00:00,152.00386965600046,4,OFF_observed,False,1.9999230729990813,0.005288528998789843,,0,500,0,0,0,3410,0,0,0,0,0,20705,20008000,19791000,10067,11041,0,23206,1129,45424,3945,4962,185,0.001042,0.008353,0.014092,2048,0.104848,44.764607,68.068956,2048,14.076302,46.746394,58.700911,2048,33.322842,44.250615,48.563217,2048,0.171828,0.281482,0.485449,1318,0.0,0.0,0.0,0,0.0,0.0,0.0,0,5.318149,37.55131,47.233253,2048,0.004226,0.061843,0.389024,2048,7180,7180,125720,0,0,10422,1615774,0,0.788234,2.055106,4.459565,2048,0,0,0,0,0.607333,20.0,"STATUS online tickets=0 {registered_loaded_endpoints=500, active_endpoints=0, worker_queue=0, actual_tickets=0, transactions=3410, errors=0, queue_rejected=0, quarantined=0, deferred_registry_decodes=0, dropped_wake_hints=0, local_exchange_calls=20705, local_input_units=20008000, local_output_units=19791000, batch_devices=10067, batch_records=11041, batch_payload_bytes=0, local_wakes=23206, remote_hint_wakes=1129, poll_fallback=45424, empty_batches=3945, allocation_misses=4962, local_credit_publications=185, local_ms_p50=0.001042, local_ms_p95=0.008353, local_ms_p99=0.014092, local_ms_samples=2048, queue_ms_p50=0.104848, queue_ms_p95=44.764607, queue_ms_p99=68.068956, queue_ms_samples=2048, execution_ms_p50=14.076302, execution_ms_p95=46.746394, execution_ms_p99=58.700911, execution_ms_samples=2048, apply_ms_p50=33.322842, apply_ms_p95=44.250615, apply_ms_p99=48.563217, apply_ms_samples=2048, tick_ms_p50=0.171828, tick_ms_p95=0.281482, tick_ms_p99=0.485449, tick_ms_samples=1318, delivery_ms_p50=0.0, delivery_ms_p95=0.0, delivery_ms_p99=0.0, delivery_ms_samples=0, sql_ms_p50=0.0, sql_ms_p95=0.0, sql_ms_p99=0.0, sql_ms_samples=0, db_transaction_ms_p50=5.318149, db_transaction_ms_p95=37.55131, db_transaction_ms_p99=47.233253, db_transaction_ms_samples=2048, db_connection_wait_ms_p50=0.004226, db_connection_wait_ms_p95=0.061843, db_connection_wait_ms_p99=0.389024, db_connection_wait_ms_samples=2048, db_transactions=7180, db_transaction_attempts=7180, db_statements=125720, db_deadlock_retries=0, db_active_connections=0, wal_writes=10422, wal_bytes=1615774, wal_identical_skipped=0, wal_barrier_ms_p50=0.788234, wal_barrier_ms_p95=2.055106, wal_barrier_ms_p99=4.459565, wal_barrier_ms_samples=2048, completion_admitted=0, ready_channels=0, ready_devices=0, closing_devices=0, mc_recorded_tick_ms_avg100=0.607333, mc_target_ticks_per_second=20.0}
",28302.883953828,28302.886778218,500,500,500,500,20008000,19791000,392.998449,6609,"BULK count=500 spawned=500 registered=500 bound=500 accepted=20008000 extracted=19791000 fixture_ms_total=392.998449 fixture_ticks=6609
",28302.887060852,28302.88794583,113.58,2795808,55,808304640,824623104,6579290112,781082624,27123712,274,,,11.00042311477947
77,2026-10-06T16:25:09.430243+00:00,154.0039448210009,4,OFF_observed,False,2.000075165000453,0.004758311999466969,,0,500,0,0,0,3410,0,0,0,0,0,20705,20008000,19791000,10067,11041,0,23206,1129,45908,4024,4962,185,0.001032,0.008212,0.014101,2048,0.104848,44.764607,68.068956,2048,14.076302,46.746394,58.700911,2048,33.322842,44.250615,48.563217,2048,0.171798,0.28036,0.485449,1358,0.0,0.0,0.0,0,0.0,0.0,0.0,0,5.318149,37.55131,47.233253,2048,0.004227,0.063725,0.389024,2048,7184,7184,125735,0,0,10422,1615774,0,0.788234,2.055106,4.459565,2048,0,0,0,0,0.581419,20.0,"STATUS online tickets=0 {registered_loaded_endpoints=500, active_endpoints=0, worker_queue=0, actual_tickets=0, transactions=3410, errors=0, queue_rejected=0, quarantined=0, deferred_registry_decodes=0, dropped_wake_hints=0, local_exchange_calls=20705, local_input_units=20008000, local_output_units=19791000, batch_devices=10067, batch_records=11041, batch_payload_bytes=0, local_wakes=23206, remote_hint_wakes=1129, poll_fallback=45908, empty_batches=4024, allocation_misses=4962, local_credit_publications=185, local_ms_p50=0.001032, local_ms_p95=0.008212, local_ms_p99=0.014101, local_ms_samples=2048, queue_ms_p50=0.104848, queue_ms_p95=44.764607, queue_ms_p99=68.068956, queue_ms_samples=2048, execution_ms_p50=14.076302, execution_ms_p95=46.746394, execution_ms_p99=58.700911, execution_ms_samples=2048, apply_ms_p50=33.322842, apply_ms_p95=44.250615, apply_ms_p99=48.563217, apply_ms_samples=2048, tick_ms_p50=0.171798, tick_ms_p95=0.28036, tick_ms_p99=0.485449, tick_ms_samples=1358, delivery_ms_p50=0.0, delivery_ms_p95=0.0, delivery_ms_p99=0.0, delivery_ms_samples=0, sql_ms_p50=0.0, sql_ms_p95=0.0, sql_ms_p99=0.0, sql_ms_samples=0, db_transaction_ms_p50=5.318149, db_transaction_ms_p95=37.55131, db_transaction_ms_p99=47.233253, db_transaction_ms_samples=2048, db_connection_wait_ms_p50=0.004227, db_connection_wait_ms_p95=0.063725, db_connection_wait_ms_p99=0.389024, db_connection_wait_ms_samples=2048, db_transactions=7184, db_transaction_attempts=7184, db_statements=125735, db_deadlock_retries=0, db_active_connections=0, wal_writes=10422, wal_bytes=1615774, wal_identical_skipped=0, wal_barrier_ms_p50=0.788234, wal_barrier_ms_p95=2.055106, wal_barrier_ms_p99=4.459565, wal_barrier_ms_samples=2048, completion_admitted=0, ready_channels=0, ready_devices=0, closing_devices=0, mc_recorded_tick_ms_avg100=0.581419, mc_target_ticks_per_second=20.0}
",28304.883869343,28304.886593242,500,500,500,500,20008000,19791000,393.063952,6649,"BULK count=500 spawned=500 registered=500 bound=500 accepted=20008000 extracted=19791000 fixture_ms_total=393.063952 fixture_ticks=6649
",28304.886754784,28304.88751158,113.85,2795808,55,808308736,824623104,6579290112,781086720,27123712,274,,,13.499492655314024
78,2026-10-06T16:25:11.430258+00:00,156.0039588340005,4,OFF_observed,False,2.0000140129996,0.005544741998164682,,0,500,0,0,0,3410,0,0,0,0,0,20705,20008000,19791000,10067,11041,0,23206,1129,46392,4103,4962,185,0.001052,0.008443,0.014592,2048,0.104848,44.764607,68.068956,2048,14.076302,46.746394,58.700911,2048,33.322842,44.250615,48.563217,2048,0.171687,0.28036,0.485449,1398,0.0,0.0,0.0,0,0.0,0.0,0.0,0,5.319344,37.523298,47.233253,2048,0.004227,0.06656,0.389024,2048,7188,7188,125750,0,0,10422,1615774,0,0.788234,2.055106,4.459565,2048,0,0,0,0,0.591246,20.0,"STATUS online tickets=0 {registered_loaded_endpoints=500, active_endpoints=0, worker_queue=0, actual_tickets=0, transactions=3410, errors=0, queue_rejected=0, quarantined=0, deferred_registry_decodes=0, dropped_wake_hints=0, local_exchange_calls=20705, local_input_units=20008000, local_output_units=19791000, batch_devices=10067, batch_records=11041, batch_payload_bytes=0, local_wakes=23206, remote_hint_wakes=1129, poll_fallback=46392, empty_batches=4103, allocation_misses=4962, local_credit_publications=185, local_ms_p50=0.001052, local_ms_p95=0.008443, local_ms_p99=0.014592, local_ms_samples=2048, queue_ms_p50=0.104848, queue_ms_p95=44.764607, queue_ms_p99=68.068956, queue_ms_samples=2048, execution_ms_p50=14.076302, execution_ms_p95=46.746394, execution_ms_p99=58.700911, execution_ms_samples=2048, apply_ms_p50=33.322842, apply_ms_p95=44.250615, apply_ms_p99=48.563217, apply_ms_samples=2048, tick_ms_p50=0.171687, tick_ms_p95=0.28036, tick_ms_p99=0.485449, tick_ms_samples=1398, delivery_ms_p50=0.0, delivery_ms_p95=0.0, delivery_ms_p99=0.0, delivery_ms_samples=0, sql_ms_p50=0.0, sql_ms_p95=0.0, sql_ms_p99=0.0, sql_ms_samples=0, db_transaction_ms_p50=5.319344, db_transaction_ms_p95=37.523298, db_transaction_ms_p99=47.233253, db_transaction_ms_samples=2048, db_connection_wait_ms_p50=0.004227, db_connection_wait_ms_p95=0.06656, db_connection_wait_ms_p99=0.389024, db_connection_wait_ms_samples=2048, db_transactions=7188, db_transaction_attempts=7188, db_statements=125750, db_deadlock_retries=0, db_active_connections=0, wal_writes=10422, wal_bytes=1615774, wal_identical_skipped=0, wal_barrier_ms_p50=0.788234, wal_barrier_ms_p95=2.055106, wal_barrier_ms_p99=4.459565, wal_barrier_ms_samples=2048, completion_admitted=0, ready_channels=0, ready_devices=0, closing_devices=0, mc_recorded_tick_ms_avg100=0.591246, mc_target_ticks_per_second=20.0}
",28306.883934413,28306.886770179,500,500,500,500,20008000,19791000,393.332622,6689,"BULK count=500 spawned=500 registered=500 bound=500 accepted=20008000 extracted=19791000 fixture_ms_total=393.332622 fixture_ticks=6689
",28306.88695084,28306.888135108,114.07,2795808,55,808321024,824623104,6579290112,781099008,27123712,274,,,10.99992292904214
79,2026-10-06T16:25:13.430254+00:00,158.0039549940011,4,OFF_observed,False,1.9999961600005918,0.0048584830001345836,,0,500,0,0,0,3410,0,0,0,0,0,20705,20008000,19791000,10067,11041,0,23206,1129,46876,4182,4962,185,0.001081,0.008563,0.014942,2048,0.104848,44.764607,68.068956,2048,14.076302,46.746394,58.700911,2048,33.322842,44.250615,48.563217,2048,0.171508,0.28036,0.485449,1438,0.0,0.0,0.0,0,0.0,0.0,0.0,0,5.317948,37.418134,47.233253,2048,0.004236,0.072549,0.393731,2048,7192,7192,125765,0,0,10422,1615774,0,0.788234,2.055106,4.459565,2048,0,0,0,0,0.578211,20.0,"STATUS online tickets=0 {registered_loaded_endpoints=500, active_endpoints=0, worker_queue=0, actual_tickets=0, transactions=3410, errors=0, queue_rejected=0, quarantined=0, deferred_registry_decodes=0, dropped_wake_hints=0, local_exchange_calls=20705, local_input_units=20008000, local_output_units=19791000, batch_devices=10067, batch_records=11041, batch_payload_bytes=0, local_wakes=23206, remote_hint_wakes=1129, poll_fallback=46876, empty_batches=4182, allocation_misses=4962, local_credit_publications=185, local_ms_p50=0.001081, local_ms_p95=0.008563, local_ms_p99=0.014942, local_ms_samples=2048, queue_ms_p50=0.104848, queue_ms_p95=44.764607, queue_ms_p99=68.068956, queue_ms_samples=2048, execution_ms_p50=14.076302, execution_ms_p95=46.746394, execution_ms_p99=58.700911, execution_ms_samples=2048, apply_ms_p50=33.322842, apply_ms_p95=44.250615, apply_ms_p99=48.563217, apply_ms_samples=2048, tick_ms_p50=0.171508, tick_ms_p95=0.28036, tick_ms_p99=0.485449, tick_ms_samples=1438, delivery_ms_p50=0.0, delivery_ms_p95=0.0, delivery_ms_p99=0.0, delivery_ms_samples=0, sql_ms_p50=0.0, sql_ms_p95=0.0, sql_ms_p99=0.0, sql_ms_samples=0, db_transaction_ms_p50=5.317948, db_transaction_ms_p95=37.418134, db_transaction_ms_p99=47.233253, db_transaction_ms_samples=2048, db_connection_wait_ms_p50=0.004236, db_connection_wait_ms_p95=0.072549, db_connection_wait_ms_p99=0.393731, db_connection_wait_ms_samples=2048, db_transactions=7192, db_transaction_attempts=7192, db_statements=125765, db_deadlock_retries=0, db_active_connections=0, wal_writes=10422, wal_bytes=1615774, wal_identical_skipped=0, wal_barrier_ms_p50=0.788234, wal_barrier_ms_p95=2.055106, wal_barrier_ms_p99=4.459565, wal_barrier_ms_samples=2048, completion_admitted=0, ready_channels=0, ready_devices=0, closing_devices=0, mc_recorded_tick_ms_avg100=0.578211, mc_target_ticks_per_second=20.0}
",28308.88388854,28308.886603676,500,500,500,500,20008000,19791000,393.403569,6729,"BULK count=500 spawned=500 registered=500 bound=500 accepted=20008000 extracted=19791000 fixture_ms_total=393.403569 fixture_ticks=6729
",28308.886731247,28308.887708554,114.27,2795808,55,808325120,824623104,6579290112,781103104,27123712,275,,,10.000019200034048
80,2026-10-06T16:25:15.430246+00:00,160.00394719399992,4,OFF_observed,False,1.9999921999988146,0.2943270260002464,,0,500,0,0,0,3410,0,0,0,0,0,20705,20008000,19791000,10067,11041,0,23206,1129,47360,4261,4962,185,0.001042,0.008272,0.014883,2048,0.104848,44.764607,68.068956,2048,14.076302,46.746394,58.700911,2048,33.322842,44.250615,48.563217,2048,0.171307,0.2797,0.485449,1478,0.0,0.0,0.0,0,0.0,0.0,0.0,0,5.310252,37.418134,47.233253,2048,0.004256,0.090446,0.393731,2048,7196,7196,125780,0,0,10422,1615774,0,0.788234,2.055106,4.459565,2048,0,0,0,0,0.569905,20.0,"STATUS online tickets=0 {registered_loaded_endpoints=500, active_endpoints=0, worker_queue=0, actual_tickets=0, transactions=3410, errors=0, queue_rejected=0, quarantined=0, deferred_registry_decodes=0, dropped_wake_hints=0, local_exchange_calls=20705, local_input_units=20008000, local_output_units=19791000, batch_devices=10067, batch_records=11041, batch_payload_bytes=0, local_wakes=23206, remote_hint_wakes=1129, poll_fallback=47360, empty_batches=4261, allocation_misses=4962, local_credit_publications=185, local_ms_p50=0.001042, local_ms_p95=0.008272, local_ms_p99=0.014883, local_ms_samples=2048, queue_ms_p50=0.104848, queue_ms_p95=44.764607, queue_ms_p99=68.068956, queue_ms_samples=2048, execution_ms_p50=14.076302, execution_ms_p95=46.746394, execution_ms_p99=58.700911, execution_ms_samples=2048, apply_ms_p50=33.322842, apply_ms_p95=44.250615, apply_ms_p99=48.563217, apply_ms_samples=2048, tick_ms_p50=0.171307, tick_ms_p95=0.2797, tick_ms_p99=0.485449, tick_ms_samples=1478, delivery_ms_p50=0.0, delivery_ms_p95=0.0, delivery_ms_p99=0.0, delivery_ms_samples=0, sql_ms_p50=0.0, sql_ms_p95=0.0, sql_ms_p99=0.0, sql_ms_samples=0, db_transaction_ms_p50=5.310252, db_transaction_ms_p95=37.418134, db_transaction_ms_p99=47.233253, db_transaction_ms_samples=2048, db_connection_wait_ms_p50=0.004256, db_connection_wait_ms_p95=0.090446, db_connection_wait_ms_p99=0.393731, db_connection_wait_ms_samples=2048, db_transactions=7196, db_transaction_attempts=7196, db_statements=125780, db_deadlock_retries=0, db_active_connections=0, wal_writes=10422, wal_bytes=1615774, wal_identical_skipped=0, wal_barrier_ms_p50=0.788234, wal_barrier_ms_p95=2.055106, wal_barrier_ms_p99=4.459565, wal_barrier_ms_samples=2048, completion_admitted=0, ready_channels=0, ready_devices=0, closing_devices=0, mc_recorded_tick_ms_avg100=0.569905, mc_target_ticks_per_second=20.0}
",28310.883858436,28310.886203777,500,500,500,500,20008000,19791000,393.47187,6769,"BULK count=500 spawned=500 registered=500 bound=500 accepted=20008000 extracted=19791000 fixture_ms_total=393.47187 fixture_ticks=6769
",28310.886309826,28310.887316217,114.46,2795808,55,808341504,824623104,6579290112,781119488,27123712,274,395313152,237423820,9.500037050150013
81,2026-10-06T16:25:17.430257+00:00,162.00395840000056,4,OFF_observed,False,2.000011206000636,0.004840270998101914,,0,500,0,0,0,3410,0,0,0,0,0,20705,20008000,19791000,10067,11041,0,23206,1129,47844,4340,4962,185,0.001012,0.008112,0.014883,2048,0.104848,44.764607,68.068956,2048,14.076302,46.746394,58.700911,2048,33.322842,44.250615,48.563217,2048,0.171257,0.279059,0.473491,1518,0.0,0.0,0.0,0,0.0,0.0,0.0,0,5.310252,37.418134,47.233253,2048,0.004257,0.131778,0.393731,2048,7200,7200,125795,0,0,10422,1615774,0,0.788234,2.055106,4.459565,2048,0,0,0,0,0.565293,20.0,"STATUS online tickets=0 {registered_loaded_endpoints=500, active_endpoints=0, worker_queue=0, actual_tickets=0, transactions=3410, errors=0, queue_rejected=0, quarantined=0, deferred_registry_decodes=0, dropped_wake_hints=0, local_exchange_calls=20705, local_input_units=20008000, local_output_units=19791000, batch_devices=10067, batch_records=11041, batch_payload_bytes=0, local_wakes=23206, remote_hint_wakes=1129, poll_fallback=47844, empty_batches=4340, allocation_misses=4962, local_credit_publications=185, local_ms_p50=0.001012, local_ms_p95=0.008112, local_ms_p99=0.014883, local_ms_samples=2048, queue_ms_p50=0.104848, queue_ms_p95=44.764607, queue_ms_p99=68.068956, queue_ms_samples=2048, execution_ms_p50=14.076302, execution_ms_p95=46.746394, execution_ms_p99=58.700911, execution_ms_samples=2048, apply_ms_p50=33.322842, apply_ms_p95=44.250615, apply_ms_p99=48.563217, apply_ms_samples=2048, tick_ms_p50=0.171257, tick_ms_p95=0.279059, tick_ms_p99=0.473491, tick_ms_samples=1518, delivery_ms_p50=0.0, delivery_ms_p95=0.0, delivery_ms_p99=0.0, delivery_ms_samples=0, sql_ms_p50=0.0, sql_ms_p95=0.0, sql_ms_p99=0.0, sql_ms_samples=0, db_transaction_ms_p50=5.310252, db_transaction_ms_p95=37.418134, db_transaction_ms_p99=47.233253, db_transaction_ms_samples=2048, db_connection_wait_ms_p50=0.004257, db_connection_wait_ms_p95=0.131778, db_connection_wait_ms_p99=0.393731, db_connection_wait_ms_samples=2048, db_transactions=7200, db_transaction_attempts=7200, db_statements=125795, db_deadlock_retries=0, db_active_connections=0, wal_writes=10422, wal_bytes=1615774, wal_identical_skipped=0, wal_barrier_ms_p50=0.788234, wal_barrier_ms_p95=2.055106, wal_barrier_ms_p99=4.459565, wal_barrier_ms_samples=2048, completion_admitted=0, ready_channels=0, ready_devices=0, closing_devices=0, mc_recorded_tick_ms_avg100=0.565293, mc_target_ticks_per_second=20.0}
",28312.883880048,28312.886801309,500,500,500,500,20008000,19791000,393.541074,6809,"BULK count=500 spawned=500 registered=500 bound=500 accepted=20008000 extracted=19791000 fixture_ms_total=393.541074 fixture_ticks=6809
",28312.886929431,28312.88768786,114.68,2795808,55,808353792,824623104,6579290112,781131776,27123712,274,,,10.999938367342484
82,2026-10-06T16:25:19.430232+00:00,164.0039335859983,4,OFF_observed,False,1.999975185997755,0.004647517002013046,,0,500,0,0,0,3410,0,0,0,0,0,20705,20008000,19791000,10067,11041,0,23206,1129,48328,4420,4962,185,0.001041,0.008303,0.014451,2048,0.104848,44.764607,68.068956,2048,14.076302,46.746394,58.700911,2048,33.322842,44.250615,48.563217,2048,0.171257,0.276225,0.473491,1558,0.0,0.0,0.0,0,0.0,0.0,0.0,0,5.317948,37.418134,47.233253,2048,0.004267,0.140406,0.399981,2048,7204,7204,125810,0,0,10422,1615774,0,0.788234,2.055106,4.459565,2048,0,0,0,0,0.571719,20.0,"STATUS online tickets=0 {registered_loaded_endpoints=500, active_endpoints=0, worker_queue=0, actual_tickets=0, transactions=3410, errors=0, queue_rejected=0, quarantined=0, deferred_registry_decodes=0, dropped_wake_hints=0, local_exchange_calls=20705, local_input_units=20008000, local_output_units=19791000, batch_devices=10067, batch_records=11041, batch_payload_bytes=0, local_wakes=23206, remote_hint_wakes=1129, poll_fallback=48328, empty_batches=4420, allocation_misses=4962, local_credit_publications=185, local_ms_p50=0.001041, local_ms_p95=0.008303, local_ms_p99=0.014451, local_ms_samples=2048, queue_ms_p50=0.104848, queue_ms_p95=44.764607, queue_ms_p99=68.068956, queue_ms_samples=2048, execution_ms_p50=14.076302, execution_ms_p95=46.746394, execution_ms_p99=58.700911, execution_ms_samples=2048, apply_ms_p50=33.322842, apply_ms_p95=44.250615, apply_ms_p99=48.563217, apply_ms_samples=2048, tick_ms_p50=0.171257, tick_ms_p95=0.276225, tick_ms_p99=0.473491, tick_ms_samples=1558, delivery_ms_p50=0.0, delivery_ms_p95=0.0, delivery_ms_p99=0.0, delivery_ms_samples=0, sql_ms_p50=0.0, sql_ms_p95=0.0, sql_ms_p99=0.0, sql_ms_samples=0, db_transaction_ms_p50=5.317948, db_transaction_ms_p95=37.418134, db_transaction_ms_p99=47.233253, db_transaction_ms_samples=2048, db_connection_wait_ms_p50=0.004267, db_connection_wait_ms_p95=0.140406, db_connection_wait_ms_p99=0.399981, db_connection_wait_ms_samples=2048, db_transactions=7204, db_transaction_attempts=7204, db_statements=125810, db_deadlock_retries=0, db_active_connections=0, wal_writes=10422, wal_bytes=1615774, wal_identical_skipped=0, wal_barrier_ms_p50=0.788234, wal_barrier_ms_p95=2.055106, wal_barrier_ms_p99=4.459565, wal_barrier_ms_samples=2048, completion_admitted=0, ready_channels=0, ready_devices=0, closing_devices=0, mc_recorded_tick_ms_avg100=0.571719, mc_target_ticks_per_second=20.0}
",28314.883863276,28314.886434396,500,500,500,500,20008000,19791000,393.610718,6849,"BULK count=500 spawned=500 registered=500 bound=500 accepted=20008000 extracted=19791000 fixture_ms_total=393.610718 fixture_ticks=6849
",28314.886612143,28314.887422359,114.92,2795808,55,808357888,824623104,6579290112,781135872,27123712,274,,,12.000148885860442
83,2026-10-06T16:25:21.430207+00:00,166.00390881199928,4,OFF_observed,False,1.99997522600097,0.005142029000126058,,0,500,0,0,0,3410,0,0,0,0,0,20705,20008000,19791000,10067,11041,0,23206,1129,48812,4501,4962,185,0.001082,0.008472,0.014201,2048,0.104848,44.764607,68.068956,2048,14.076302,46.746394,58.700911,2048,33.322842,44.250615,48.563217,2048,0.171207,0.276225,0.473491,1598,0.0,0.0,0.0,0,0.0,0.0,0.0,0,5.317948,37.418134,47.233253,2048,0.004276,0.157016,0.431568,2048,7208,7208,125825,0,0,10422,1615774,0,0.788234,2.055106,4.459565,2048,0,0,0,0,0.570366,20.0,"STATUS online tickets=0 {registered_loaded_endpoints=500, active_endpoints=0, worker_queue=0, actual_tickets=0, transactions=3410, errors=0, queue_rejected=0, quarantined=0, deferred_registry_decodes=0, dropped_wake_hints=0, local_exchange_calls=20705, local_input_units=20008000, local_output_units=19791000, batch_devices=10067, batch_records=11041, batch_payload_bytes=0, local_wakes=23206, remote_hint_wakes=1129, poll_fallback=48812, empty_batches=4501, allocation_misses=4962, local_credit_publications=185, local_ms_p50=0.001082, local_ms_p95=0.008472, local_ms_p99=0.014201, local_ms_samples=2048, queue_ms_p50=0.104848, queue_ms_p95=44.764607, queue_ms_p99=68.068956, queue_ms_samples=2048, execution_ms_p50=14.076302, execution_ms_p95=46.746394, execution_ms_p99=58.700911, execution_ms_samples=2048, apply_ms_p50=33.322842, apply_ms_p95=44.250615, apply_ms_p99=48.563217, apply_ms_samples=2048, tick_ms_p50=0.171207, tick_ms_p95=0.276225, tick_ms_p99=0.473491, tick_ms_samples=1598, delivery_ms_p50=0.0, delivery_ms_p95=0.0, delivery_ms_p99=0.0, delivery_ms_samples=0, sql_ms_p50=0.0, sql_ms_p95=0.0, sql_ms_p99=0.0, sql_ms_samples=0, db_transaction_ms_p50=5.317948, db_transaction_ms_p95=37.418134, db_transaction_ms_p99=47.233253, db_transaction_ms_samples=2048, db_connection_wait_ms_p50=0.004276, db_connection_wait_ms_p95=0.157016, db_connection_wait_ms_p99=0.431568, db_connection_wait_ms_samples=2048, db_transactions=7208, db_transaction_attempts=7208, db_statements=125825, db_deadlock_retries=0, db_active_connections=0, wal_writes=10422, wal_bytes=1615774, wal_identical_skipped=0, wal_barrier_ms_p50=0.788234, wal_barrier_ms_p95=2.055106, wal_barrier_ms_p99=4.459565, wal_barrier_ms_samples=2048, completion_admitted=0, ready_channels=0, ready_devices=0, closing_devices=0, mc_recorded_tick_ms_avg100=0.570366, mc_target_ticks_per_second=20.0}
",28316.883835478,28316.88644824,500,500,500,500,20008000,19791000,393.677227,6889,"BULK count=500 spawned=500 registered=500 bound=500 accepted=20008000 extracted=19791000 fixture_ms_total=393.677227 fixture_ticks=6889
",28316.886573308,28316.887886359,115.1,2795808,55,808366080,824623104,6579290112,781144064,27123712,274,,,9.000111484376221
84,2026-10-06T16:25:23.430241+00:00,168.00394321099884,4,OFF_observed,False,2.00003439899956,0.004533344999799738,,0,500,0,0,0,3410,0,0,0,0,0,20705,20008000,19791000,10067,11041,0,23206,1129,49296,4581,4962,185,0.001091,0.008622,0.014362,2048,0.104848,44.764607,68.068956,2048,14.076302,46.746394,58.700911,2048,33.322842,44.250615,48.563217,2048,0.171217,0.275995,0.468874,1638,0.0,0.0,0.0,0,0.0,0.0,0.0,0,5.310252,37.418134,47.233253,2048,0.004277,0.17269,0.442875,2048,7212,7212,125840,0,0,10422,1615774,0,0.788234,2.055106,4.459565,2048,0,0,0,0,0.573618,20.0,"STATUS online tickets=0 {registered_loaded_endpoints=500, active_endpoints=0, worker_queue=0, actual_tickets=0, transactions=3410, errors=0, queue_rejected=0, quarantined=0, deferred_registry_decodes=0, dropped_wake_hints=0, local_exchange_calls=20705, local_input_units=20008000, local_output_units=19791000, batch_devices=10067, batch_records=11041, batch_payload_bytes=0, local_wakes=23206, remote_hint_wakes=1129, poll_fallback=49296, empty_batches=4581, allocation_misses=4962, local_credit_publications=185, local_ms_p50=0.001091, local_ms_p95=0.008622, local_ms_p99=0.014362, local_ms_samples=2048, queue_ms_p50=0.104848, queue_ms_p95=44.764607, queue_ms_p99=68.068956, queue_ms_samples=2048, execution_ms_p50=14.076302, execution_ms_p95=46.746394, execution_ms_p99=58.700911, execution_ms_samples=2048, apply_ms_p50=33.322842, apply_ms_p95=44.250615, apply_ms_p99=48.563217, apply_ms_samples=2048, tick_ms_p50=0.171217, tick_ms_p95=0.275995, tick_ms_p99=0.468874, tick_ms_samples=1638, delivery_ms_p50=0.0, delivery_ms_p95=0.0, delivery_ms_p99=0.0, delivery_ms_samples=0, sql_ms_p50=0.0, sql_ms_p95=0.0, sql_ms_p99=0.0, sql_ms_samples=0, db_transaction_ms_p50=5.310252, db_transaction_ms_p95=37.418134, db_transaction_ms_p99=47.233253, db_transaction_ms_samples=2048, db_connection_wait_ms_p50=0.004277, db_connection_wait_ms_p95=0.17269, db_connection_wait_ms_p99=0.442875, db_connection_wait_ms_samples=2048, db_transactions=7212, db_transaction_attempts=7212, db_statements=125840, db_deadlock_retries=0, db_active_connections=0, wal_writes=10422, wal_bytes=1615774, wal_identical_skipped=0, wal_barrier_ms_p50=0.788234, wal_barrier_ms_p95=2.055106, wal_barrier_ms_p99=4.459565, wal_barrier_ms_samples=2048, completion_admitted=0, ready_channels=0, ready_devices=0, closing_devices=0, mc_recorded_tick_ms_avg100=0.573618, mc_target_ticks_per_second=20.0}
",28318.883869516,28318.886345102,500,500,500,500,20008000,19791000,393.742864,6929,"BULK count=500 spawned=500 registered=500 bound=500 accepted=20008000 extracted=19791000 fixture_ms_total=393.742864 fixture_ticks=6929
",28318.886492474,28318.887325834,115.3,2795808,55,808378368,824623104,6579290112,781156352,27123712,274,,,9.999828007960518
85,2026-10-06T16:25:25.430228+00:00,170.0039294620001,4,OFF_observed,False,1.9999862510012463,0.0044397450001270045,,0,500,0,0,0,3410,0,0,0,0,0,20705,20008000,19791000,10067,11041,0,23206,1129,49780,4662,4962,185,0.001061,0.008583,0.014392,2048,0.104848,44.764607,68.068956,2048,14.076302,46.746394,58.700911,2048,33.322842,44.250615,48.563217,2048,0.171227,0.276225,0.468874,1678,0.0,0.0,0.0,0,0.0,0.0,0.0,0,5.291784,37.418134,47.233253,2048,0.004277,0.17967,0.442875,2048,7216,7216,125855,0,0,10422,1615774,0,0.788234,2.055106,4.459565,2048,0,0,0,0,0.567378,20.0,"STATUS online tickets=0 {registered_loaded_endpoints=500, active_endpoints=0, worker_queue=0, actual_tickets=0, transactions=3410, errors=0, queue_rejected=0, quarantined=0, deferred_registry_decodes=0, dropped_wake_hints=0, local_exchange_calls=20705, local_input_units=20008000, local_output_units=19791000, batch_devices=10067, batch_records=11041, batch_payload_bytes=0, local_wakes=23206, remote_hint_wakes=1129, poll_fallback=49780, empty_batches=4662, allocation_misses=4962, local_credit_publications=185, local_ms_p50=0.001061, local_ms_p95=0.008583, local_ms_p99=0.014392, local_ms_samples=2048, queue_ms_p50=0.104848, queue_ms_p95=44.764607, queue_ms_p99=68.068956, queue_ms_samples=2048, execution_ms_p50=14.076302, execution_ms_p95=46.746394, execution_ms_p99=58.700911, execution_ms_samples=2048, apply_ms_p50=33.322842, apply_ms_p95=44.250615, apply_ms_p99=48.563217, apply_ms_samples=2048, tick_ms_p50=0.171227, tick_ms_p95=0.276225, tick_ms_p99=0.468874, tick_ms_samples=1678, delivery_ms_p50=0.0, delivery_ms_p95=0.0, delivery_ms_p99=0.0, delivery_ms_samples=0, sql_ms_p50=0.0, sql_ms_p95=0.0, sql_ms_p99=0.0, sql_ms_samples=0, db_transaction_ms_p50=5.291784, db_transaction_ms_p95=37.418134, db_transaction_ms_p99=47.233253, db_transaction_ms_samples=2048, db_connection_wait_ms_p50=0.004277, db_connection_wait_ms_p95=0.17967, db_connection_wait_ms_p99=0.442875, db_connection_wait_ms_samples=2048, db_transactions=7216, db_transaction_attempts=7216, db_statements=125855, db_deadlock_retries=0, db_active_connections=0, wal_writes=10422, wal_bytes=1615774, wal_identical_skipped=0, wal_barrier_ms_p50=0.788234, wal_barrier_ms_p95=2.055106, wal_barrier_ms_p99=4.459565, wal_barrier_ms_samples=2048, completion_admitted=0, ready_channels=0, ready_devices=0, closing_devices=0, mc_recorded_tick_ms_avg100=0.567378, mc_target_ticks_per_second=20.0}
",28320.883853153,28320.886313536,500,500,500,500,20008000,19791000,393.892862,6969,"BULK count=500 spawned=500 registered=500 bound=500 accepted=20008000 extracted=19791000 fixture_ms_total=393.892862 fixture_ticks=6969
",28320.886421669,28320.887267208,115.5,2795808,55,808386560,824623104,6579290112,781164544,27123712,274,,,10.000068745466502
86,2026-10-06T16:25:27.430246+00:00,172.00394678999874,4,OFF_observed,False,2.0000173279986484,0.2762244830009877,,0,500,0,0,0,3410,0,0,0,0,0,20705,20008000,19791000,10067,11041,0,23206,1129,50264,4742,4962,185,0.001031,0.008653,0.015013,2048,0.104848,44.764607,68.068956,2048,14.076302,46.746394,58.700911,2048,33.322842,44.250615,48.563217,2048,0.171257,0.276555,0.458749,1718,0.0,0.0,0.0,0,0.0,0.0,0.0,0,5.310252,37.098533,47.233253,2048,0.004277,0.185178,0.442875,2048,7220,7220,125870,0,0,10422,1615774,0,0.788234,2.055106,4.459565,2048,0,0,0,0,0.576608,20.0,"STATUS online tickets=0 {registered_loaded_endpoints=500, active_endpoints=0, worker_queue=0, actual_tickets=0, transactions=3410, errors=0, queue_rejected=0, quarantined=0, deferred_registry_decodes=0, dropped_wake_hints=0, local_exchange_calls=20705, local_input_units=20008000, local_output_units=19791000, batch_devices=10067, batch_records=11041, batch_payload_bytes=0, local_wakes=23206, remote_hint_wakes=1129, poll_fallback=50264, empty_batches=4742, allocation_misses=4962, local_credit_publications=185, local_ms_p50=0.001031, local_ms_p95=0.008653, local_ms_p99=0.015013, local_ms_samples=2048, queue_ms_p50=0.104848, queue_ms_p95=44.764607, queue_ms_p99=68.068956, queue_ms_samples=2048, execution_ms_p50=14.076302, execution_ms_p95=46.746394, execution_ms_p99=58.700911, execution_ms_samples=2048, apply_ms_p50=33.322842, apply_ms_p95=44.250615, apply_ms_p99=48.563217, apply_ms_samples=2048, tick_ms_p50=0.171257, tick_ms_p95=0.276555, tick_ms_p99=0.458749, tick_ms_samples=1718, delivery_ms_p50=0.0, delivery_ms_p95=0.0, delivery_ms_p99=0.0, delivery_ms_samples=0, sql_ms_p50=0.0, sql_ms_p95=0.0, sql_ms_p99=0.0, sql_ms_samples=0, db_transaction_ms_p50=5.310252, db_transaction_ms_p95=37.098533, db_transaction_ms_p99=47.233253, db_transaction_ms_samples=2048, db_connection_wait_ms_p50=0.004277, db_connection_wait_ms_p95=0.185178, db_connection_wait_ms_p99=0.442875, db_connection_wait_ms_samples=2048, db_transactions=7220, db_transaction_attempts=7220, db_statements=125870, db_deadlock_retries=0, db_active_connections=0, wal_writes=10422, wal_bytes=1615774, wal_identical_skipped=0, wal_barrier_ms_p50=0.788234, wal_barrier_ms_p95=2.055106, wal_barrier_ms_p99=4.459565, wal_barrier_ms_samples=2048, completion_admitted=0, ready_channels=0, ready_devices=0, closing_devices=0, mc_recorded_tick_ms_avg100=0.576608, mc_target_ticks_per_second=20.0}
",28322.883914057,28322.886771376,500,500,500,500,20008000,19791000,393.963075,7009,"BULK count=500 spawned=500 registered=500 bound=500 accepted=20008000 extracted=19791000 fixture_ms_total=393.963075 fixture_ticks=7009
",28322.886957545,28322.888482414,115.72,2795808,55,808390656,824623104,6579290112,781168640,27123712,274,395313152,256298188,10.999904696833083
87,2026-10-06T16:25:29.430231+00:00,174.0039328210005,4,OFF_observed,False,1.9999860310017539,0.010226230999251129,,0,500,0,0,0,3410,0,0,0,0,0,20705,20008000,19791000,10067,11041,0,23206,1129,50748,4821,4962,185,0.001051,0.008603,0.015013,2048,0.104848,44.764607,68.068956,2048,14.076302,46.746394,58.700911,2048,33.322842,44.250615,48.563217,2048,0.171257,0.276555,0.458749,1758,0.0,0.0,0.0,0,0.0,0.0,0.0,0,5.293084,37.098533,47.233253,2048,0.004277,0.189044,0.445729,2048,7224,7224,125885,0,0,10422,1615774,0,0.788234,2.055106,4.459565,2048,0,0,0,0,0.614125,20.0,"STATUS online tickets=0 {registered_loaded_endpoints=500, active_endpoints=0, worker_queue=0, actual_tickets=0, transactions=3410, errors=0, queue_rejected=0, quarantined=0, deferred_registry_decodes=0, dropped_wake_hints=0, local_exchange_calls=20705, local_input_units=20008000, local_output_units=19791000, batch_devices=10067, batch_records=11041, batch_payload_bytes=0, local_wakes=23206, remote_hint_wakes=1129, poll_fallback=50748, empty_batches=4821, allocation_misses=4962, local_credit_publications=185, local_ms_p50=0.001051, local_ms_p95=0.008603, local_ms_p99=0.015013, local_ms_samples=2048, queue_ms_p50=0.104848, queue_ms_p95=44.764607, queue_ms_p99=68.068956, queue_ms_samples=2048, execution_ms_p50=14.076302, execution_ms_p95=46.746394, execution_ms_p99=58.700911, execution_ms_samples=2048, apply_ms_p50=33.322842, apply_ms_p95=44.250615, apply_ms_p99=48.563217, apply_ms_samples=2048, tick_ms_p50=0.171257, tick_ms_p95=0.276555, tick_ms_p99=0.458749, tick_ms_samples=1758, delivery_ms_p50=0.0, delivery_ms_p95=0.0, delivery_ms_p99=0.0, delivery_ms_samples=0, sql_ms_p50=0.0, sql_ms_p95=0.0, sql_ms_p99=0.0, sql_ms_samples=0, db_transaction_ms_p50=5.293084, db_transaction_ms_p95=37.098533, db_transaction_ms_p99=47.233253, db_transaction_ms_samples=2048, db_connection_wait_ms_p50=0.004277, db_connection_wait_ms_p95=0.189044, db_connection_wait_ms_p99=0.445729, db_connection_wait_ms_samples=2048, db_transactions=7224, db_transaction_attempts=7224, db_statements=125885, db_deadlock_retries=0, db_active_connections=0, wal_writes=10422, wal_bytes=1615774, wal_identical_skipped=0, wal_barrier_ms_p50=0.788234, wal_barrier_ms_p95=2.055106, wal_barrier_ms_p99=4.459565, wal_barrier_ms_samples=2048, completion_admitted=0, ready_channels=0, ready_devices=0, closing_devices=0, mc_recorded_tick_ms_avg100=0.614125, mc_target_ticks_per_second=20.0}
",28324.883860068,28324.88990348,500,500,500,500,20008000,19791000,394.026855,7049,"BULK count=500 spawned=500 registered=500 bound=500 accepted=20008000 extracted=19791000 fixture_ms_total=394.026855 fixture_ticks=7049
",28324.890057331,28324.892771956,115.95,2795808,55,808415232,824623104,6579290112,781193216,27123712,274,,,11.500080322301125
88,2026-10-06T16:25:31.430217+00:00,176.00391831700108,4,OFF_observed,False,1.9999854960005905,0.004945943997881841,,0,500,0,0,0,3410,0,0,0,0,0,20705,20008000,19791000,10067,11041,0,23206,1129,51232,4901,4962,185,0.001072,0.008983,0.015163,2048,0.104848,44.764607,68.068956,2048,14.076302,46.746394,58.700911,2048,33.322842,44.250615,48.563217,2048,0.171227,0.276555,0.468874,1798,0.0,0.0,0.0,0,0.0,0.0,0.0,0,5.293084,37.098533,47.233253,2048,0.004277,0.190456,0.451858,2048,7228,7228,125900,0,0,10422,1615774,0,0.788234,2.055106,4.459565,2048,0,0,0,0,0.62004,20.0,"STATUS online tickets=0 {registered_loaded_endpoints=500, active_endpoints=0, worker_queue=0, actual_tickets=0, transactions=3410, errors=0, queue_rejected=0, quarantined=0, deferred_registry_decodes=0, dropped_wake_hints=0, local_exchange_calls=20705, local_input_units=20008000, local_output_units=19791000, batch_devices=10067, batch_records=11041, batch_payload_bytes=0, local_wakes=23206, remote_hint_wakes=1129, poll_fallback=51232, empty_batches=4901, allocation_misses=4962, local_credit_publications=185, local_ms_p50=0.001072, local_ms_p95=0.008983, local_ms_p99=0.015163, local_ms_samples=2048, queue_ms_p50=0.104848, queue_ms_p95=44.764607, queue_ms_p99=68.068956, queue_ms_samples=2048, execution_ms_p50=14.076302, execution_ms_p95=46.746394, execution_ms_p99=58.700911, execution_ms_samples=2048, apply_ms_p50=33.322842, apply_ms_p95=44.250615, apply_ms_p99=48.563217, apply_ms_samples=2048, tick_ms_p50=0.171227, tick_ms_p95=0.276555, tick_ms_p99=0.468874, tick_ms_samples=1798, delivery_ms_p50=0.0, delivery_ms_p95=0.0, delivery_ms_p99=0.0, delivery_ms_samples=0, sql_ms_p50=0.0, sql_ms_p95=0.0, sql_ms_p99=0.0, sql_ms_samples=0, db_transaction_ms_p50=5.293084, db_transaction_ms_p95=37.098533, db_transaction_ms_p99=47.233253, db_transaction_ms_samples=2048, db_connection_wait_ms_p50=0.004277, db_connection_wait_ms_p95=0.190456, db_connection_wait_ms_p99=0.451858, db_connection_wait_ms_samples=2048, db_transactions=7228, db_transaction_attempts=7228, db_statements=125900, db_deadlock_retries=0, db_active_connections=0, wal_writes=10422, wal_bytes=1615774, wal_identical_skipped=0, wal_barrier_ms_p50=0.788234, wal_barrier_ms_p95=2.055106, wal_barrier_ms_p99=4.459565, wal_barrier_ms_samples=2048, completion_admitted=0, ready_channels=0, ready_devices=0, closing_devices=0, mc_recorded_tick_ms_avg100=0.62004, mc_target_ticks_per_second=20.0}
",28326.883828137,28326.886568731,500,500,500,500,20008000,19791000,394.094102,7089,"BULK count=500 spawned=500 registered=500 bound=500 accepted=20008000 extracted=19791000 fixture_ms_total=394.094102 fixture_ticks=7089
",28326.88673486,28326.887499358,116.16,2795808,55,808427520,824623104,6579290112,781205504,27123712,274,,,10.500076146548802
89,2026-10-06T16:25:33.430225+00:00,178.00392644800013,4,OFF_observed,False,2.000008130999049,0.0049757409979065415,,0,500,0,0,0,3410,0,0,0,0,0,20705,20008000,19791000,10067,11041,0,23206,1129,51716,4980,4962,185,0.001051,0.008603,0.015163,2048,0.104848,44.764607,68.068956,2048,14.076302,46.746394,58.700911,2048,33.322842,44.250615,48.563217,2048,0.171017,0.276555,0.458749,1838,0.0,0.0,0.0,0,0.0,0.0,0.0,0,5.291784,37.098533,47.233253,2048,0.004286,0.19316,0.461543,2048,7232,7233,125921,0,1,10422,1615774,0,0.788234,2.055106,4.459565,2048,0,0,0,0,0.548978,20.0,"STATUS online tickets=0 {registered_loaded_endpoints=500, active_endpoints=0, worker_queue=0, actual_tickets=0, transactions=3410, errors=0, queue_rejected=0, quarantined=0, deferred_registry_decodes=0, dropped_wake_hints=0, local_exchange_calls=20705, local_input_units=20008000, local_output_units=19791000, batch_devices=10067, batch_records=11041, batch_payload_bytes=0, local_wakes=23206, remote_hint_wakes=1129, poll_fallback=51716, empty_batches=4980, allocation_misses=4962, local_credit_publications=185, local_ms_p50=0.001051, local_ms_p95=0.008603, local_ms_p99=0.015163, local_ms_samples=2048, queue_ms_p50=0.104848, queue_ms_p95=44.764607, queue_ms_p99=68.068956, queue_ms_samples=2048, execution_ms_p50=14.076302, execution_ms_p95=46.746394, execution_ms_p99=58.700911, execution_ms_samples=2048, apply_ms_p50=33.322842, apply_ms_p95=44.250615, apply_ms_p99=48.563217, apply_ms_samples=2048, tick_ms_p50=0.171017, tick_ms_p95=0.276555, tick_ms_p99=0.458749, tick_ms_samples=1838, delivery_ms_p50=0.0, delivery_ms_p95=0.0, delivery_ms_p99=0.0, delivery_ms_samples=0, sql_ms_p50=0.0, sql_ms_p95=0.0, sql_ms_p99=0.0, sql_ms_samples=0, db_transaction_ms_p50=5.291784, db_transaction_ms_p95=37.098533, db_transaction_ms_p99=47.233253, db_transaction_ms_samples=2048, db_connection_wait_ms_p50=0.004286, db_connection_wait_ms_p95=0.19316, db_connection_wait_ms_p99=0.461543, db_connection_wait_ms_samples=2048, db_transactions=7232, db_transaction_attempts=7233, db_statements=125921, db_deadlock_retries=0, db_active_connections=1, wal_writes=10422, wal_bytes=1615774, wal_identical_skipped=0, wal_barrier_ms_p50=0.788234, wal_barrier_ms_p95=2.055106, wal_barrier_ms_p99=4.459565, wal_barrier_ms_samples=2048, completion_admitted=0, ready_channels=0, ready_devices=0, closing_devices=0, mc_recorded_tick_ms_avg100=0.548978, mc_target_ticks_per_second=20.0}
",28328.883885422,28328.88692731,500,500,500,500,20008000,19791000,394.1641,7129,"BULK count=500 spawned=500 registered=500 bound=500 accepted=20008000 extracted=19791000 fixture_ms_total=394.1641 fixture_ticks=7129
",28328.8870474,28328.887823716,116.36,2795808,55,808435712,824623104,6579290112,781213696,27123712,274,,,9.99995934517018
90,2026-10-06T16:25:35.430231+00:00,180.00393110300138,4,OFF_observed,False,2.0000046550012485,0.005765123998571653,,0,500,0,0,0,3410,0,0,0,0,0,20705,20008000,19791000,10067,11041,0,23206,1129,52200,5061,4962,185,0.000991,0.008452,0.014552,2048,0.104848,44.764607,68.068956,2048,14.076302,46.746394,58.700911,2048,33.322842,44.250615,48.563217,2048,0.170827,0.279059,0.458749,1878,0.0,0.0,0.0,0,0.0,0.0,0.0,0,5.285533,37.098533,47.247044,2048,0.004277,0.194392,0.461543,2048,7237,7237,125941,0,0,10422,1615774,0,0.788234,2.055106,4.459565,2048,0,0,0,0,0.549722,20.0,"STATUS online tickets=0 {registered_loaded_endpoints=500, active_endpoints=0, worker_queue=0, actual_tickets=0, transactions=3410, errors=0, queue_rejected=0, quarantined=0, deferred_registry_decodes=0, dropped_wake_hints=0, local_exchange_calls=20705, local_input_units=20008000, local_output_units=19791000, batch_devices=10067, batch_records=11041, batch_payload_bytes=0, local_wakes=23206, remote_hint_wakes=1129, poll_fallback=52200, empty_batches=5061, allocation_misses=4962, local_credit_publications=185, local_ms_p50=9.91E-4, local_ms_p95=0.008452, local_ms_p99=0.014552, local_ms_samples=2048, queue_ms_p50=0.104848, queue_ms_p95=44.764607, queue_ms_p99=68.068956, queue_ms_samples=2048, execution_ms_p50=14.076302, execution_ms_p95=46.746394, execution_ms_p99=58.700911, execution_ms_samples=2048, apply_ms_p50=33.322842, apply_ms_p95=44.250615, apply_ms_p99=48.563217, apply_ms_samples=2048, tick_ms_p50=0.170827, tick_ms_p95=0.279059, tick_ms_p99=0.458749, tick_ms_samples=1878, delivery_ms_p50=0.0, delivery_ms_p95=0.0, delivery_ms_p99=0.0, delivery_ms_samples=0, sql_ms_p50=0.0, sql_ms_p95=0.0, sql_ms_p99=0.0, sql_ms_samples=0, db_transaction_ms_p50=5.285533, db_transaction_ms_p95=37.098533, db_transaction_ms_p99=47.247044, db_transaction_ms_samples=2048, db_connection_wait_ms_p50=0.004277, db_connection_wait_ms_p95=0.194392, db_connection_wait_ms_p99=0.461543, db_connection_wait_ms_samples=2048, db_transactions=7237, db_transaction_attempts=7237, db_statements=125941, db_deadlock_retries=0, db_active_connections=0, wal_writes=10422, wal_bytes=1615774, wal_identical_skipped=0, wal_barrier_ms_p50=0.788234, wal_barrier_ms_p95=2.055106, wal_barrier_ms_p99=4.459565, wal_barrier_ms_samples=2048, completion_admitted=0, ready_channels=0, ready_devices=0, closing_devices=0, mc_recorded_tick_ms_avg100=0.549722, mc_target_ticks_per_second=20.0}
",28330.883850578,28330.88669667,500,500,500,500,20008000,19791000,394.229506,7169,"BULK count=500 spawned=500 registered=500 bound=500 accepted=20008000 extracted=19791000 fixture_ms_total=394.229506 fixture_ticks=7169
",28330.886877001,28330.888132335,116.55,2795808,53,808284160,824623104,6579290112,781062144,27123712,274,,,9.49997788879542
91,2026-10-06T16:25:37.430238+00:00,182.0039387129982,4,OFF_observed,False,2.0000076099968283,0.00446926800213987,,0,500,0,0,0,3410,0,0,0,0,0,20705,20008000,19791000,10067,11041,0,23206,1129,52700,5144,4962,185,0.001022,0.008453,0.013961,2048,0.104848,44.764607,68.068956,2048,14.076302,46.746394,58.700911,2048,33.322842,44.250615,48.563217,2048,0.170837,0.276555,0.457206,1918,0.0,0.0,0.0,0,0.0,0.0,0.0,0,5.271433,36.860236,47.247044,2048,0.004286,0.196054,0.461543,2048,7241,7241,125956,0,0,10422,1615774,0,0.788234,2.055106,4.459565,2048,0,0,0,0,0.565094,20.0,"STATUS online tickets=0 {registered_loaded_endpoints=500, active_endpoints=0, worker_queue=0, actual_tickets=0, transactions=3410, errors=0, queue_rejected=0, quarantined=0, deferred_registry_decodes=0, dropped_wake_hints=0, local_exchange_calls=20705, local_input_units=20008000, local_output_units=19791000, batch_devices=10067, batch_records=11041, batch_payload_bytes=0, local_wakes=23206, remote_hint_wakes=1129, poll_fallback=52700, empty_batches=5144, allocation_misses=4962, local_credit_publications=185, local_ms_p50=0.001022, local_ms_p95=0.008453, local_ms_p99=0.013961, local_ms_samples=2048, queue_ms_p50=0.104848, queue_ms_p95=44.764607, queue_ms_p99=68.068956, queue_ms_samples=2048, execution_ms_p50=14.076302, execution_ms_p95=46.746394, execution_ms_p99=58.700911, execution_ms_samples=2048, apply_ms_p50=33.322842, apply_ms_p95=44.250615, apply_ms_p99=48.563217, apply_ms_samples=2048, tick_ms_p50=0.170837, tick_ms_p95=0.276555, tick_ms_p99=0.457206, tick_ms_samples=1918, delivery_ms_p50=0.0, delivery_ms_p95=0.0, delivery_ms_p99=0.0, delivery_ms_samples=0, sql_ms_p50=0.0, sql_ms_p95=0.0, sql_ms_p99=0.0, sql_ms_samples=0, db_transaction_ms_p50=5.271433, db_transaction_ms_p95=36.860236, db_transaction_ms_p99=47.247044, db_transaction_ms_samples=2048, db_connection_wait_ms_p50=0.004286, db_connection_wait_ms_p95=0.196054, db_connection_wait_ms_p99=0.461543, db_connection_wait_ms_samples=2048, db_transactions=7241, db_transaction_attempts=7241, db_statements=125956, db_deadlock_retries=0, db_active_connections=0, wal_writes=10422, wal_bytes=1615774, wal_identical_skipped=0, wal_barrier_ms_p50=0.788234, wal_barrier_ms_p95=2.055106, wal_barrier_ms_p99=4.459565, wal_barrier_ms_samples=2048, completion_admitted=0, ready_channels=0, ready_devices=0, closing_devices=0, mc_recorded_tick_ms_avg100=0.565094, mc_target_ticks_per_second=20.0}
",28332.883865989,28332.886381345,500,500,500,500,20008000,19791000,394.299835,7209,"BULK count=500 spawned=500 registered=500 bound=500 accepted=20008000 extracted=19791000 fixture_ms_total=394.299835 fixture_ticks=7209
",28332.886488916,28332.887287345,116.76,2795808,53,808284160,824623104,6579290112,781062144,27123712,274,,,10.499960047669068
92,2026-10-06T16:25:39.430209+00:00,184.0039099530004,4,OFF_observed,False,1.9999712400021963,0.2969350349994784,,0,500,0,0,0,3410,0,0,0,0,0,20705,20008000,19791000,10067,11041,0,23206,1129,53184,5224,4962,185,0.001071,0.008453,0.01341,2048,0.104848,44.764607,68.068956,2048,14.076302,46.746394,58.700911,2048,33.322842,44.250615,48.563217,2048,0.170596,0.276225,0.457206,1958,0.0,0.0,0.0,0,0.0,0.0,0.0,0,5.269985,36.860236,47.247044,2048,0.004286,0.204918,0.461543,2048,7245,7245,125971,0,0,10422,1615774,0,0.788234,2.055106,4.459565,2048,0,0,0,0,0.539266,20.0,"STATUS online tickets=0 {registered_loaded_endpoints=500, active_endpoints=0, worker_queue=0, actual_tickets=0, transactions=3410, errors=0, queue_rejected=0, quarantined=0, deferred_registry_decodes=0, dropped_wake_hints=0, local_exchange_calls=20705, local_input_units=20008000, local_output_units=19791000, batch_devices=10067, batch_records=11041, batch_payload_bytes=0, local_wakes=23206, remote_hint_wakes=1129, poll_fallback=53184, empty_batches=5224, allocation_misses=4962, local_credit_publications=185, local_ms_p50=0.001071, local_ms_p95=0.008453, local_ms_p99=0.01341, local_ms_samples=2048, queue_ms_p50=0.104848, queue_ms_p95=44.764607, queue_ms_p99=68.068956, queue_ms_samples=2048, execution_ms_p50=14.076302, execution_ms_p95=46.746394, execution_ms_p99=58.700911, execution_ms_samples=2048, apply_ms_p50=33.322842, apply_ms_p95=44.250615, apply_ms_p99=48.563217, apply_ms_samples=2048, tick_ms_p50=0.170596, tick_ms_p95=0.276225, tick_ms_p99=0.457206, tick_ms_samples=1958, delivery_ms_p50=0.0, delivery_ms_p95=0.0, delivery_ms_p99=0.0, delivery_ms_samples=0, sql_ms_p50=0.0, sql_ms_p95=0.0, sql_ms_p99=0.0, sql_ms_samples=0, db_transaction_ms_p50=5.269985, db_transaction_ms_p95=36.860236, db_transaction_ms_p99=47.247044, db_transaction_ms_samples=2048, db_connection_wait_ms_p50=0.004286, db_connection_wait_ms_p95=0.204918, db_connection_wait_ms_p99=0.461543, db_connection_wait_ms_samples=2048, db_transactions=7245, db_transaction_attempts=7245, db_statements=125971, db_deadlock_retries=0, db_active_connections=0, wal_writes=10422, wal_bytes=1615774, wal_identical_skipped=0, wal_barrier_ms_p50=0.788234, wal_barrier_ms_p95=2.055106, wal_barrier_ms_p99=4.459565, wal_barrier_ms_samples=2048, completion_admitted=0, ready_channels=0, ready_devices=0, closing_devices=0, mc_recorded_tick_ms_avg100=0.539266, mc_target_ticks_per_second=20.0}
",28334.88383787,28334.886269781,500,500,500,500,20008000,19791000,394.366876,7249,"BULK count=500 spawned=500 registered=500 bound=500 accepted=20008000 extracted=19791000 fixture_ms_total=394.366876 fixture_ticks=7249
",28334.886398193,28334.888256503,116.98,2795808,53,808337408,824623104,6579290112,781115392,27123712,274,395313152,276221132,11.000158182262524
93,2026-10-06T16:25:41.430233+00:00,186.00393391499892,4,OFF_observed,False,2.0000239619985223,0.006079983999370597,,0,500,0,0,0,3410,0,0,0,0,0,20705,20008000,19791000,10067,11041,0,23206,1129,53668,5305,4962,185,0.001082,0.008473,0.013721,2048,0.104848,44.764607,68.068956,2048,14.076302,46.746394,58.700911,2048,33.322842,44.250615,48.563217,2048,0.170406,0.275995,0.457206,1998,0.0,0.0,0.0,0,0.0,0.0,0.0,0,5.265824,36.80974,47.247044,2048,0.004297,0.208823,0.461543,2048,7249,7249,125986,0,0,10422,1615774,0,0.788234,2.055106,4.459565,2048,0,0,0,0,0.523581,20.0,"STATUS online tickets=0 {registered_loaded_endpoints=500, active_endpoints=0, worker_queue=0, actual_tickets=0, transactions=3410, errors=0, queue_rejected=0, quarantined=0, deferred_registry_decodes=0, dropped_wake_hints=0, local_exchange_calls=20705, local_input_units=20008000, local_output_units=19791000, batch_devices=10067, batch_records=11041, batch_payload_bytes=0, local_wakes=23206, remote_hint_wakes=1129, poll_fallback=53668, empty_batches=5305, allocation_misses=4962, local_credit_publications=185, local_ms_p50=0.001082, local_ms_p95=0.008473, local_ms_p99=0.013721, local_ms_samples=2048, queue_ms_p50=0.104848, queue_ms_p95=44.764607, queue_ms_p99=68.068956, queue_ms_samples=2048, execution_ms_p50=14.076302, execution_ms_p95=46.746394, execution_ms_p99=58.700911, execution_ms_samples=2048, apply_ms_p50=33.322842, apply_ms_p95=44.250615, apply_ms_p99=48.563217, apply_ms_samples=2048, tick_ms_p50=0.170406, tick_ms_p95=0.275995, tick_ms_p99=0.457206, tick_ms_samples=1998, delivery_ms_p50=0.0, delivery_ms_p95=0.0, delivery_ms_p99=0.0, delivery_ms_samples=0, sql_ms_p50=0.0, sql_ms_p95=0.0, sql_ms_p99=0.0, sql_ms_samples=0, db_transaction_ms_p50=5.265824, db_transaction_ms_p95=36.80974, db_transaction_ms_p99=47.247044, db_transaction_ms_samples=2048, db_connection_wait_ms_p50=0.004297, db_connection_wait_ms_p95=0.208823, db_connection_wait_ms_p99=0.461543, db_connection_wait_ms_samples=2048, db_transactions=7249, db_transaction_attempts=7249, db_statements=125986, db_deadlock_retries=0, db_active_connections=0, wal_writes=10422, wal_bytes=1615774, wal_identical_skipped=0, wal_barrier_ms_p50=0.788234, wal_barrier_ms_p95=2.055106, wal_barrier_ms_p99=4.459565, wal_barrier_ms_samples=2048, completion_admitted=0, ready_channels=0, ready_devices=0, closing_devices=0, mc_recorded_tick_ms_avg100=0.523581, mc_target_ticks_per_second=20.0}
",28336.883851687,28336.887663527,500,500,500,500,20008000,19791000,394.431947,7289,"BULK count=500 spawned=500 registered=500 bound=500 accepted=20008000 extracted=19791000 fixture_ms_total=394.431947 fixture_ticks=7289
",28336.887799421,28336.888863939,117.18,2795808,53,808345600,824623104,6579290112,781123584,27123712,274,,,9.999880191442957
94,2026-10-06T16:25:43.430195+00:00,188.00389653000093,4,OFF_observed,False,1.999962615002005,0.003877618997648824,,0,500,0,0,0,3410,0,0,0,0,0,20705,20008000,19791000,10067,11041,0,23206,1129,54152,5386,4962,185,0.001062,0.007821,0.013601,2048,0.104848,44.764607,68.068956,2048,14.076302,46.746394,58.700911,2048,33.322842,44.250615,48.563217,2048,0.170186,0.274863,0.456986,2038,0.0,0.0,0.0,0,0.0,0.0,0.0,0,5.25641,36.797135,47.247044,2048,0.004306,0.213981,0.461543,2048,7253,7253,126001,0,0,10422,1615774,0,0.788234,2.055106,4.459565,2048,0,0,0,0,0.514732,20.0,"STATUS online tickets=0 {registered_loaded_endpoints=500, active_endpoints=0, worker_queue=0, actual_tickets=0, transactions=3410, errors=0, queue_rejected=0, quarantined=0, deferred_registry_decodes=0, dropped_wake_hints=0, local_exchange_calls=20705, local_input_units=20008000, local_output_units=19791000, batch_devices=10067, batch_records=11041, batch_payload_bytes=0, local_wakes=23206, remote_hint_wakes=1129, poll_fallback=54152, empty_batches=5386, allocation_misses=4962, local_credit_publications=185, local_ms_p50=0.001062, local_ms_p95=0.007821, local_ms_p99=0.013601, local_ms_samples=2048, queue_ms_p50=0.104848, queue_ms_p95=44.764607, queue_ms_p99=68.068956, queue_ms_samples=2048, execution_ms_p50=14.076302, execution_ms_p95=46.746394, execution_ms_p99=58.700911, execution_ms_samples=2048, apply_ms_p50=33.322842, apply_ms_p95=44.250615, apply_ms_p99=48.563217, apply_ms_samples=2048, tick_ms_p50=0.170186, tick_ms_p95=0.274863, tick_ms_p99=0.456986, tick_ms_samples=2038, delivery_ms_p50=0.0, delivery_ms_p95=0.0, delivery_ms_p99=0.0, delivery_ms_samples=0, sql_ms_p50=0.0, sql_ms_p95=0.0, sql_ms_p99=0.0, sql_ms_samples=0, db_transaction_ms_p50=5.25641, db_transaction_ms_p95=36.797135, db_transaction_ms_p99=47.247044, db_transaction_ms_samples=2048, db_connection_wait_ms_p50=0.004306, db_connection_wait_ms_p95=0.213981, db_connection_wait_ms_p99=0.461543, db_connection_wait_ms_samples=2048, db_transactions=7253, db_transaction_attempts=7253, db_statements=126001, db_deadlock_retries=0, db_active_connections=0, wal_writes=10422, wal_bytes=1615774, wal_identical_skipped=0, wal_barrier_ms_p50=0.788234, wal_barrier_ms_p95=2.055106, wal_barrier_ms_p99=4.459565, wal_barrier_ms_samples=2048, completion_admitted=0, ready_channels=0, ready_devices=0, closing_devices=0, mc_recorded_tick_ms_avg100=0.514732, mc_target_ticks_per_second=20.0}
",28338.883805909,28338.886081054,500,500,500,500,20008000,19791000,394.513888,7329,"BULK count=500 spawned=500 registered=500 bound=500 accepted=20008000 extracted=19791000 fixture_ms_total=394.513888 fixture_ticks=7329
",28338.886206512,28338.88675132,117.36,2795808,53,808349696,824623104,6579290112,781127680,27123712,275,,,9.000168235635353
95,2026-10-06T16:25:45.430165+00:00,190.00386608700137,4,OFF_observed,False,1.9999695570004405,0.004344150998804253,,0,500,0,0,0,3410,0,0,0,0,0,20705,20008000,19791000,10067,11041,0,23206,1129,54636,5467,4962,185,0.001032,0.008262,0.013991,2048,0.104848,44.764607,68.068956,2048,14.076302,46.746394,58.700911,2048,33.322842,44.250615,48.563217,2048,0.169775,0.274863,0.457206,2048,0.0,0.0,0.0,0,0.0,0.0,0.0,0,5.255635,36.797135,47.247044,2048,0.004306,0.215333,0.461543,2048,7257,7257,126016,0,0,10422,1615774,0,0.788234,2.055106,4.459565,2048,0,0,0,0,0.519818,20.0,"STATUS online tickets=0 {registered_loaded_endpoints=500, active_endpoints=0, worker_queue=0, actual_tickets=0, transactions=3410, errors=0, queue_rejected=0, quarantined=0, deferred_registry_decodes=0, dropped_wake_hints=0, local_exchange_calls=20705, local_input_units=20008000, local_output_units=19791000, batch_devices=10067, batch_records=11041, batch_payload_bytes=0, local_wakes=23206, remote_hint_wakes=1129, poll_fallback=54636, empty_batches=5467, allocation_misses=4962, local_credit_publications=185, local_ms_p50=0.001032, local_ms_p95=0.008262, local_ms_p99=0.013991, local_ms_samples=2048, queue_ms_p50=0.104848, queue_ms_p95=44.764607, queue_ms_p99=68.068956, queue_ms_samples=2048, execution_ms_p50=14.076302, execution_ms_p95=46.746394, execution_ms_p99=58.700911, execution_ms_samples=2048, apply_ms_p50=33.322842, apply_ms_p95=44.250615, apply_ms_p99=48.563217, apply_ms_samples=2048, tick_ms_p50=0.169775, tick_ms_p95=0.274863, tick_ms_p99=0.457206, tick_ms_samples=2048, delivery_ms_p50=0.0, delivery_ms_p95=0.0, delivery_ms_p99=0.0, delivery_ms_samples=0, sql_ms_p50=0.0, sql_ms_p95=0.0, sql_ms_p99=0.0, sql_ms_samples=0, db_transaction_ms_p50=5.255635, db_transaction_ms_p95=36.797135, db_transaction_ms_p99=47.247044, db_transaction_ms_samples=2048, db_connection_wait_ms_p50=0.004306, db_connection_wait_ms_p95=0.215333, db_connection_wait_ms_p99=0.461543, db_connection_wait_ms_samples=2048, db_transactions=7257, db_transaction_attempts=7257, db_statements=126016, db_deadlock_retries=0, db_active_connections=0, wal_writes=10422, wal_bytes=1615774, wal_identical_skipped=0, wal_barrier_ms_p50=0.788234, wal_barrier_ms_p95=2.055106, wal_barrier_ms_p99=4.459565, wal_barrier_ms_samples=2048, completion_admitted=0, ready_channels=0, ready_devices=0, closing_devices=0, mc_recorded_tick_ms_avg100=0.519818, mc_target_ticks_per_second=20.0}
",28340.883785621,28340.88634955,500,500,500,500,20008000,19791000,394.582513,7369,"BULK count=500 spawned=500 registered=500 bound=500 accepted=20008000 extracted=19791000 fixture_ms_total=394.582513 fixture_ticks=7369
",28340.886479916,28340.887122461,117.55,2795808,53,808357888,824623104,6579290112,781135872,27123712,274,,,9.50014460644892
96,2026-10-06T16:25:47.430235+00:00,192.0039370810009,4,OFF_observed,False,2.000070993999543,0.004219072998239426,,0,500,0,0,0,3410,0,0,0,0,0,20705,20008000,19791000,10067,11041,0,23206,1129,55120,5548,4962,185,0.001032,0.007992,0.013861,2048,0.104848,44.764607,68.068956,2048,14.076302,46.746394,58.700911,2048,33.322842,44.250615,48.563217,2048,0.169344,0.274863,0.456986,2048,0.0,0.0,0.0,0,0.0,0.0,0.0,0,5.247787,36.797135,47.247044,2048,0.004307,0.218478,0.475514,2048,7261,7261,126031,0,0,10422,1615774,0,0.788234,2.055106,4.459565,2048,0,0,0,0,0.520031,20.0,"STATUS online tickets=0 {registered_loaded_endpoints=500, active_endpoints=0, worker_queue=0, actual_tickets=0, transactions=3410, errors=0, queue_rejected=0, quarantined=0, deferred_registry_decodes=0, dropped_wake_hints=0, local_exchange_calls=20705, local_input_units=20008000, local_output_units=19791000, batch_devices=10067, batch_records=11041, batch_payload_bytes=0, local_wakes=23206, remote_hint_wakes=1129, poll_fallback=55120, empty_batches=5548, allocation_misses=4962, local_credit_publications=185, local_ms_p50=0.001032, local_ms_p95=0.007992, local_ms_p99=0.013861, local_ms_samples=2048, queue_ms_p50=0.104848, queue_ms_p95=44.764607, queue_ms_p99=68.068956, queue_ms_samples=2048, execution_ms_p50=14.076302, execution_ms_p95=46.746394, execution_ms_p99=58.700911, execution_ms_samples=2048, apply_ms_p50=33.322842, apply_ms_p95=44.250615, apply_ms_p99=48.563217, apply_ms_samples=2048, tick_ms_p50=0.169344, tick_ms_p95=0.274863, tick_ms_p99=0.456986, tick_ms_samples=2048, delivery_ms_p50=0.0, delivery_ms_p95=0.0, delivery_ms_p99=0.0, delivery_ms_samples=0, sql_ms_p50=0.0, sql_ms_p95=0.0, sql_ms_p99=0.0, sql_ms_samples=0, db_transaction_ms_p50=5.247787, db_transaction_ms_p95=36.797135, db_transaction_ms_p99=47.247044, db_transaction_ms_samples=2048, db_connection_wait_ms_p50=0.004307, db_connection_wait_ms_p95=0.218478, db_connection_wait_ms_p99=0.475514, db_connection_wait_ms_samples=2048, db_transactions=7261, db_transaction_attempts=7261, db_statements=126031, db_deadlock_retries=0, db_active_connections=0, wal_writes=10422, wal_bytes=1615774, wal_identical_skipped=0, wal_barrier_ms_p50=0.788234, wal_barrier_ms_p95=2.055106, wal_barrier_ms_p99=4.459565, wal_barrier_ms_samples=2048, completion_admitted=0, ready_channels=0, ready_devices=0, closing_devices=0, mc_recorded_tick_ms_avg100=0.520031, mc_target_ticks_per_second=20.0}
",28342.883851498,28342.886112512,500,500,500,500,20008000,19791000,394.692589,7409,"BULK count=500 spawned=500 registered=500 bound=500 accepted=20008000 extracted=19791000 fixture_ms_total=394.692589 fixture_ticks=7409
",28342.886219823,28342.886928246,117.74,2795808,53,808361984,824623104,6579290112,781139968,27123712,274,,,9.499662790471982
97,2026-10-06T16:25:49.430228+00:00,194.0039289089982,4,OFF_observed,False,1.9999918279972917,0.2624951570032863,,0,500,0,0,0,3410,0,0,0,0,0,20705,20008000,19791000,10067,11041,0,23206,1129,55620,5632,4962,185,0.001062,0.008413,0.01386,2048,0.104848,44.764607,68.068956,2048,14.076302,46.746394,58.700911,2048,33.322842,44.250615,48.563217,2048,0.168833,0.274121,0.456295,2048,0.0,0.0,0.0,0,0.0,0.0,0.0,0,5.245865,36.743876,47.247044,2048,0.004316,0.221242,0.475514,2048,7265,7265,126046,0,0,10422,1615774,0,0.788234,2.055106,4.459565,2048,0,0,0,0,0.518856,20.0,"STATUS online tickets=0 {registered_loaded_endpoints=500, active_endpoints=0, worker_queue=0, actual_tickets=0, transactions=3410, errors=0, queue_rejected=0, quarantined=0, deferred_registry_decodes=0, dropped_wake_hints=0, local_exchange_calls=20705, local_input_units=20008000, local_output_units=19791000, batch_devices=10067, batch_records=11041, batch_payload_bytes=0, local_wakes=23206, remote_hint_wakes=1129, poll_fallback=55620, empty_batches=5632, allocation_misses=4962, local_credit_publications=185, local_ms_p50=0.001062, local_ms_p95=0.008413, local_ms_p99=0.01386, local_ms_samples=2048, queue_ms_p50=0.104848, queue_ms_p95=44.764607, queue_ms_p99=68.068956, queue_ms_samples=2048, execution_ms_p50=14.076302, execution_ms_p95=46.746394, execution_ms_p99=58.700911, execution_ms_samples=2048, apply_ms_p50=33.322842, apply_ms_p95=44.250615, apply_ms_p99=48.563217, apply_ms_samples=2048, tick_ms_p50=0.168833, tick_ms_p95=0.274121, tick_ms_p99=0.456295, tick_ms_samples=2048, delivery_ms_p50=0.0, delivery_ms_p95=0.0, delivery_ms_p99=0.0, delivery_ms_samples=0, sql_ms_p50=0.0, sql_ms_p95=0.0, sql_ms_p99=0.0, sql_ms_samples=0, db_transaction_ms_p50=5.245865, db_transaction_ms_p95=36.743876, db_transaction_ms_p99=47.247044, db_transaction_ms_samples=2048, db_connection_wait_ms_p50=0.004316, db_connection_wait_ms_p95=0.221242, db_connection_wait_ms_p99=0.475514, db_connection_wait_ms_samples=2048, db_transactions=7265, db_transaction_attempts=7265, db_statements=126046, db_deadlock_retries=0, db_active_connections=0, wal_writes=10422, wal_bytes=1615774, wal_identical_skipped=0, wal_barrier_ms_p50=0.788234, wal_barrier_ms_p95=2.055106, wal_barrier_ms_p99=4.459565, wal_barrier_ms_samples=2048, completion_admitted=0, ready_channels=0, ready_devices=0, closing_devices=0, mc_recorded_tick_ms_avg100=0.518856, mc_target_ticks_per_second=20.0}
",28344.883848113,28344.886267333,500,500,500,500,20008000,19791000,394.761311,7449,"BULK count=500 spawned=500 registered=500 bound=500 accepted=20008000 extracted=19791000 fixture_ms_total=394.761311 fixture_ticks=7449
",28344.886382025,28344.887069196,117.97,2795808,53,808357888,824623104,6579290112,781135872,27123712,274,395313152,292998348,11.50004698920777
98,2026-10-06T16:25:51.430228+00:00,196.0039299659984,4,OFF_observed,False,2.0000010570001905,0.0046015299994905945,,0,500,0,0,0,3410,0,0,0,0,0,20705,20008000,19791000,10067,11041,0,23206,1129,56105,5712,4962,185,0.001071,0.008142,0.014011,2048,0.104848,44.764607,68.068956,2048,14.076302,46.746394,58.700911,2048,33.322842,44.250615,48.563217,2048,0.168513,0.274121,0.456295,2048,0.0,0.0,0.0,0,0.0,0.0,0.0,0,5.242721,36.663971,47.247044,2048,0.004316,0.227892,0.475514,2048,7269,7269,126061,0,0,10422,1615774,0,0.788234,2.055106,4.459565,2048,0,0,0,0,0.515628,20.0,"STATUS online tickets=0 {registered_loaded_endpoints=500, active_endpoints=0, worker_queue=0, actual_tickets=0, transactions=3410, errors=0, queue_rejected=0, quarantined=0, deferred_registry_decodes=0, dropped_wake_hints=0, local_exchange_calls=20705, local_input_units=20008000, local_output_units=19791000, batch_devices=10067, batch_records=11041, batch_payload_bytes=0, local_wakes=23206, remote_hint_wakes=1129, poll_fallback=56105, empty_batches=5712, allocation_misses=4962, local_credit_publications=185, local_ms_p50=0.001071, local_ms_p95=0.008142, local_ms_p99=0.014011, local_ms_samples=2048, queue_ms_p50=0.104848, queue_ms_p95=44.764607, queue_ms_p99=68.068956, queue_ms_samples=2048, execution_ms_p50=14.076302, execution_ms_p95=46.746394, execution_ms_p99=58.700911, execution_ms_samples=2048, apply_ms_p50=33.322842, apply_ms_p95=44.250615, apply_ms_p99=48.563217, apply_ms_samples=2048, tick_ms_p50=0.168513, tick_ms_p95=0.274121, tick_ms_p99=0.456295, tick_ms_samples=2048, delivery_ms_p50=0.0, delivery_ms_p95=0.0, delivery_ms_p99=0.0, delivery_ms_samples=0, sql_ms_p50=0.0, sql_ms_p95=0.0, sql_ms_p99=0.0, sql_ms_samples=0, db_transaction_ms_p50=5.242721, db_transaction_ms_p95=36.663971, db_transaction_ms_p99=47.247044, db_transaction_ms_samples=2048, db_connection_wait_ms_p50=0.004316, db_connection_wait_ms_p95=0.227892, db_connection_wait_ms_p99=0.475514, db_connection_wait_ms_samples=2048, db_transactions=7269, db_transaction_attempts=7269, db_statements=126061, db_deadlock_retries=0, db_active_connections=0, wal_writes=10422, wal_bytes=1615774, wal_identical_skipped=0, wal_barrier_ms_p50=0.788234, wal_barrier_ms_p95=2.055106, wal_barrier_ms_p99=4.459565, wal_barrier_ms_samples=2048, completion_admitted=0, ready_channels=0, ready_devices=0, closing_devices=0, mc_recorded_tick_ms_avg100=0.515628, mc_target_ticks_per_second=20.0}
",28346.883846907,28346.886125215,500,500,500,500,20008000,19791000,394.832496,7489,"BULK count=500 spawned=500 registered=500 bound=500 accepted=20008000 extracted=19791000 fixture_ms_total=394.832496 fixture_ticks=7489
",28346.886240338,28346.887193674,118.15,2795808,53,808382464,824623104,6579290112,781160448,27123712,274,,,8.999995243501997
99,2026-10-06T16:25:53.430254+00:00,198.00395567899977,4,OFF_observed,False,2.000025713001378,0.0058430760000192095,,0,500,0,0,0,3410,0,0,0,0,0,20705,20008000,19791000,10067,11041,0,23206,1129,56605,5795,4962,185,0.001031,0.008012,0.014212,2048,0.104848,44.764607,68.068956,2048,14.076302,46.746394,58.700911,2048,33.322842,44.250615,48.563217,2048,0.168163,0.274121,0.440021,2048,0.0,0.0,0.0,0,0.0,0.0,0.0,0,5.237032,36.663971,47.247044,2048,0.004316,0.230286,0.475514,2048,7273,7273,126076,0,0,10422,1615774,0,0.788234,2.055106,4.459565,2048,0,0,0,0,0.524324,20.0,"STATUS online tickets=0 {registered_loaded_endpoints=500, active_endpoints=0, worker_queue=0, actual_tickets=0, transactions=3410, errors=0, queue_rejected=0, quarantined=0, deferred_registry_decodes=0, dropped_wake_hints=0, local_exchange_calls=20705, local_input_units=20008000, local_output_units=19791000, batch_devices=10067, batch_records=11041, batch_payload_bytes=0, local_wakes=23206, remote_hint_wakes=1129, poll_fallback=56605, empty_batches=5795, allocation_misses=4962, local_credit_publications=185, local_ms_p50=0.001031, local_ms_p95=0.008012, local_ms_p99=0.014212, local_ms_samples=2048, queue_ms_p50=0.104848, queue_ms_p95=44.764607, queue_ms_p99=68.068956, queue_ms_samples=2048, execution_ms_p50=14.076302, execution_ms_p95=46.746394, execution_ms_p99=58.700911, execution_ms_samples=2048, apply_ms_p50=33.322842, apply_ms_p95=44.250615, apply_ms_p99=48.563217, apply_ms_samples=2048, tick_ms_p50=0.168163, tick_ms_p95=0.274121, tick_ms_p99=0.440021, tick_ms_samples=2048, delivery_ms_p50=0.0, delivery_ms_p95=0.0, delivery_ms_p99=0.0, delivery_ms_samples=0, sql_ms_p50=0.0, sql_ms_p95=0.0, sql_ms_p99=0.0, sql_ms_samples=0, db_transaction_ms_p50=5.237032, db_transaction_ms_p95=36.663971, db_transaction_ms_p99=47.247044, db_transaction_ms_samples=2048, db_connection_wait_ms_p50=0.004316, db_connection_wait_ms_p95=0.230286, db_connection_wait_ms_p99=0.475514, db_connection_wait_ms_samples=2048, db_transactions=7273, db_transaction_attempts=7273, db_statements=126076, db_deadlock_retries=0, db_active_connections=0, wal_writes=10422, wal_bytes=1615774, wal_identical_skipped=0, wal_barrier_ms_p50=0.788234, wal_barrier_ms_p95=2.055106, wal_barrier_ms_p99=4.459565, wal_barrier_ms_samples=2048, completion_admitted=0, ready_channels=0, ready_devices=0, closing_devices=0, mc_recorded_tick_ms_avg100=0.524324, mc_target_ticks_per_second=20.0}
",28348.883863707,28348.887776496,500,500,500,500,20008000,19791000,394.89745,7529,"BULK count=500 spawned=500 registered=500 bound=500 accepted=20008000 extracted=19791000 fixture_ms_total=394.89745 fixture_ticks=7529
",28348.88789292,28348.88867196,118.36,2795808,53,808312832,824623104,6579290112,781090816,27123712,274,,,10.499865008477972
100,2026-10-06T16:25:55.430252+00:00,200.0039534030002,4,OFF_observed,False,1.9999977240004227,0.006185624999488937,,0,500,0,0,0,3410,0,0,0,0,0,20705,20008000,19791000,10067,11041,0,23206,1129,57099,5877,4962,185,0.001021,0.008102,0.014462,2048,0.104848,44.764607,68.068956,2048,14.076302,46.746394,58.700911,2048,33.322842,44.250615,48.563217,2048,0.168052,0.274121,0.43254,2048,0.0,0.0,0.0,0,0.0,0.0,0.0,0,5.237032,36.616232,47.247044,2048,0.004336,0.235393,0.475514,2048,7277,7277,126091,0,0,10422,1615774,0,0.788234,2.055106,4.459565,2048,0,0,0,0,0.534629,20.0,"STATUS online tickets=0 {registered_loaded_endpoints=500, active_endpoints=0, worker_queue=0, actual_tickets=0, transactions=3410, errors=0, queue_rejected=0, quarantined=0, deferred_registry_decodes=0, dropped_wake_hints=0, local_exchange_calls=20705, local_input_units=20008000, local_output_units=19791000, batch_devices=10067, batch_records=11041, batch_payload_bytes=0, local_wakes=23206, remote_hint_wakes=1129, poll_fallback=57099, empty_batches=5877, allocation_misses=4962, local_credit_publications=185, local_ms_p50=0.001021, local_ms_p95=0.008102, local_ms_p99=0.014462, local_ms_samples=2048, queue_ms_p50=0.104848, queue_ms_p95=44.764607, queue_ms_p99=68.068956, queue_ms_samples=2048, execution_ms_p50=14.076302, execution_ms_p95=46.746394, execution_ms_p99=58.700911, execution_ms_samples=2048, apply_ms_p50=33.322842, apply_ms_p95=44.250615, apply_ms_p99=48.563217, apply_ms_samples=2048, tick_ms_p50=0.168052, tick_ms_p95=0.274121, tick_ms_p99=0.43254, tick_ms_samples=2048, delivery_ms_p50=0.0, delivery_ms_p95=0.0, delivery_ms_p99=0.0, delivery_ms_samples=0, sql_ms_p50=0.0, sql_ms_p95=0.0, sql_ms_p99=0.0, sql_ms_samples=0, db_transaction_ms_p50=5.237032, db_transaction_ms_p95=36.616232, db_transaction_ms_p99=47.247044, db_transaction_ms_samples=2048, db_connection_wait_ms_p50=0.004336, db_connection_wait_ms_p95=0.235393, db_connection_wait_ms_p99=0.475514, db_connection_wait_ms_samples=2048, db_transactions=7277, db_transaction_attempts=7277, db_statements=126091, db_deadlock_retries=0, db_active_connections=0, wal_writes=10422, wal_bytes=1615774, wal_identical_skipped=0, wal_barrier_ms_p50=0.788234, wal_barrier_ms_p95=2.055106, wal_barrier_ms_p99=4.459565, wal_barrier_ms_samples=2048, completion_admitted=0, ready_channels=0, ready_devices=0, closing_devices=0, mc_recorded_tick_ms_avg100=0.534629, mc_target_ticks_per_second=20.0}
",28350.885830687,28350.888262306,500,500,500,500,20008000,19791000,394.962816,7569,"BULK count=500 spawned=500 registered=500 bound=500 accepted=20008000 extracted=19791000 fixture_ms_total=394.962816 fixture_ticks=7569
",28350.888375797,28350.88907787,118.56,2795808,52,808321024,824623104,6579290112,781099008,27123712,274,,,10.000011380010978
101,2026-10-06T16:25:57.430261+00:00,202.00396162900142,4,OFF_observed,False,2.0000082260012277,0.004971209997165715,,0,500,0,0,0,3410,0,0,0,0,0,20705,20008000,19791000,10067,11041,0,23206,1129,57583,5957,4962,185,0.001041,0.008152,0.014041,2048,0.104848,44.764607,68.068956,2048,14.076302,46.746394,58.700911,2048,33.322842,44.250615,48.563217,2048,0.168022,0.274121,0.440021,2048,0.0,0.0,0.0,0,0.0,0.0,0.0,0,5.235259,36.616232,47.247044,2048,0.004337,0.23974,0.475514,2048,7281,7281,126106,0,0,10422,1615774,0,0.788234,2.055106,4.459565,2048,0,0,0,0,0.562053,20.0,"STATUS online tickets=0 {registered_loaded_endpoints=500, active_endpoints=0, worker_queue=0, actual_tickets=0, transactions=3410, errors=0, queue_rejected=0, quarantined=0, deferred_registry_decodes=0, dropped_wake_hints=0, local_exchange_calls=20705, local_input_units=20008000, local_output_units=19791000, batch_devices=10067, batch_records=11041, batch_payload_bytes=0, local_wakes=23206, remote_hint_wakes=1129, poll_fallback=57583, empty_batches=5957, allocation_misses=4962, local_credit_publications=185, local_ms_p50=0.001041, local_ms_p95=0.008152, local_ms_p99=0.014041, local_ms_samples=2048, queue_ms_p50=0.104848, queue_ms_p95=44.764607, queue_ms_p99=68.068956, queue_ms_samples=2048, execution_ms_p50=14.076302, execution_ms_p95=46.746394, execution_ms_p99=58.700911, execution_ms_samples=2048, apply_ms_p50=33.322842, apply_ms_p95=44.250615, apply_ms_p99=48.563217, apply_ms_samples=2048, tick_ms_p50=0.168022, tick_ms_p95=0.274121, tick_ms_p99=0.440021, tick_ms_samples=2048, delivery_ms_p50=0.0, delivery_ms_p95=0.0, delivery_ms_p99=0.0, delivery_ms_samples=0, sql_ms_p50=0.0, sql_ms_p95=0.0, sql_ms_p99=0.0, sql_ms_samples=0, db_transaction_ms_p50=5.235259, db_transaction_ms_p95=36.616232, db_transaction_ms_p99=47.247044, db_transaction_ms_samples=2048, db_connection_wait_ms_p50=0.004337, db_connection_wait_ms_p95=0.23974, db_connection_wait_ms_p99=0.475514, db_connection_wait_ms_samples=2048, db_transactions=7281, db_transaction_attempts=7281, db_statements=126106, db_deadlock_retries=0, db_active_connections=0, wal_writes=10422, wal_bytes=1615774, wal_identical_skipped=0, wal_barrier_ms_p50=0.788234, wal_barrier_ms_p95=2.055106, wal_barrier_ms_p99=4.459565, wal_barrier_ms_samples=2048, completion_admitted=0, ready_channels=0, ready_devices=0, closing_devices=0, mc_recorded_tick_ms_avg100=0.562053, mc_target_ticks_per_second=20.0}
",28352.884063788,28352.886734496,500,500,500,500,20008000,19791000,395.034955,7609,"BULK count=500 spawned=500 registered=500 bound=500 accepted=20008000 extracted=19791000 fixture_ms_total=395.034955 fixture_ticks=7609
",28352.886861116,28352.887673675,118.76,2795808,52,808329216,824623104,6579290112,781107200,27123712,274,,,9.999958870163171
102,2026-10-06T16:25:59.430231+00:00,204.00393166399954,4,OFF_observed,False,1.999970034998114,0.2941307010005403,,0,500,0,0,0,3410,0,0,0,0,0,20705,20008000,19791000,10067,11041,0,23206,1129,58083,6039,4962,185,0.001082,0.008193,0.013751,2048,0.104848,44.764607,68.068956,2048,14.076302,46.746394,58.700911,2048,33.322842,44.250615,48.563217,2048,0.167812,0.274863,0.440021,2048,0.0,0.0,0.0,0,0.0,0.0,0.0,0,5.2224,36.616232,47.247044,2048,0.004337,0.243736,0.563746,2048,7285,7285,126121,0,0,10422,1615774,0,0.788234,2.055106,4.459565,2048,0,0,0,0,0.566378,20.0,"STATUS online tickets=0 {registered_loaded_endpoints=500, active_endpoints=0, worker_queue=0, actual_tickets=0, transactions=3410, errors=0, queue_rejected=0, quarantined=0, deferred_registry_decodes=0, dropped_wake_hints=0, local_exchange_calls=20705, local_input_units=20008000, local_output_units=19791000, batch_devices=10067, batch_records=11041, batch_payload_bytes=0, local_wakes=23206, remote_hint_wakes=1129, poll_fallback=58083, empty_batches=6039, allocation_misses=4962, local_credit_publications=185, local_ms_p50=0.001082, local_ms_p95=0.008193, local_ms_p99=0.013751, local_ms_samples=2048, queue_ms_p50=0.104848, queue_ms_p95=44.764607, queue_ms_p99=68.068956, queue_ms_samples=2048, execution_ms_p50=14.076302, execution_ms_p95=46.746394, execution_ms_p99=58.700911, execution_ms_samples=2048, apply_ms_p50=33.322842, apply_ms_p95=44.250615, apply_ms_p99=48.563217, apply_ms_samples=2048, tick_ms_p50=0.167812, tick_ms_p95=0.274863, tick_ms_p99=0.440021, tick_ms_samples=2048, delivery_ms_p50=0.0, delivery_ms_p95=0.0, delivery_ms_p99=0.0, delivery_ms_samples=0, sql_ms_p50=0.0, sql_ms_p95=0.0, sql_ms_p99=0.0, sql_ms_samples=0, db_transaction_ms_p50=5.2224, db_transaction_ms_p95=36.616232, db_transaction_ms_p99=47.247044, db_transaction_ms_samples=2048, db_connection_wait_ms_p50=0.004337, db_connection_wait_ms_p95=0.243736, db_connection_wait_ms_p99=0.563746, db_connection_wait_ms_samples=2048, db_transactions=7285, db_transaction_attempts=7285, db_statements=126121, db_deadlock_retries=0, db_active_connections=0, wal_writes=10422, wal_bytes=1615774, wal_identical_skipped=0, wal_barrier_ms_p50=0.788234, wal_barrier_ms_p95=2.055106, wal_barrier_ms_p99=4.459565, wal_barrier_ms_samples=2048, completion_admitted=0, ready_channels=0, ready_devices=0, closing_devices=0, mc_recorded_tick_ms_avg100=0.566378, mc_target_ticks_per_second=20.0}
",28354.883847453,28354.886486033,500,500,500,500,20008000,19791000,395.100815,7649,"BULK count=500 spawned=500 registered=500 bound=500 accepted=20008000 extracted=19791000 fixture_ms_total=395.100815 fixture_ticks=7649
",28354.886627615,28354.888358332,118.99,2795808,52,808329216,824623104,6579290112,781107200,27123712,274,395313152,309775564,11.500172301341838
103,2026-10-06T16:26:01.430251+00:00,206.00395190899872,4,OFF_observed,False,2.0000202449991775,0.005784768000012264,,0,500,0,0,0,3410,0,0,0,0,0,20705,20008000,19791000,10067,11041,0,23206,1129,58580,6120,4962,185,0.001062,0.008182,0.01356,2048,0.104848,44.764607,68.068956,2048,14.076302,46.746394,58.700911,2048,33.322842,44.250615,48.563217,2048,0.167481,0.274863,0.456295,2048,0.0,0.0,0.0,0,0.0,0.0,0.0,0,5.2224,36.616232,47.247044,2048,0.004347,0.251628,0.5728,2048,7289,7289,126136,0,0,10422,1615774,0,0.788234,2.055106,4.459565,2048,0,0,0,0,0.565871,20.0,"STATUS online tickets=0 {registered_loaded_endpoints=500, active_endpoints=0, worker_queue=0, actual_tickets=0, transactions=3410, errors=0, queue_rejected=0, quarantined=0, deferred_registry_decodes=0, dropped_wake_hints=0, local_exchange_calls=20705, local_input_units=20008000, local_output_units=19791000, batch_devices=10067, batch_records=11041, batch_payload_bytes=0, local_wakes=23206, remote_hint_wakes=1129, poll_fallback=58580, empty_batches=6120, allocation_misses=4962, local_credit_publications=185, local_ms_p50=0.001062, local_ms_p95=0.008182, local_ms_p99=0.01356, local_ms_samples=2048, queue_ms_p50=0.104848, queue_ms_p95=44.764607, queue_ms_p99=68.068956, queue_ms_samples=2048, execution_ms_p50=14.076302, execution_ms_p95=46.746394, execution_ms_p99=58.700911, execution_ms_samples=2048, apply_ms_p50=33.322842, apply_ms_p95=44.250615, apply_ms_p99=48.563217, apply_ms_samples=2048, tick_ms_p50=0.167481, tick_ms_p95=0.274863, tick_ms_p99=0.456295, tick_ms_samples=2048, delivery_ms_p50=0.0, delivery_ms_p95=0.0, delivery_ms_p99=0.0, delivery_ms_samples=0, sql_ms_p50=0.0, sql_ms_p95=0.0, sql_ms_p99=0.0, sql_ms_samples=0, db_transaction_ms_p50=5.2224, db_transaction_ms_p95=36.616232, db_transaction_ms_p99=47.247044, db_transaction_ms_samples=2048, db_connection_wait_ms_p50=0.004347, db_connection_wait_ms_p95=0.251628, db_connection_wait_ms_p99=0.5728, db_connection_wait_ms_samples=2048, db_transactions=7289, db_transaction_attempts=7289, db_statements=126136, db_deadlock_retries=0, db_active_connections=0, wal_writes=10422, wal_bytes=1615774, wal_identical_skipped=0, wal_barrier_ms_p50=0.788234, wal_barrier_ms_p95=2.055106, wal_barrier_ms_p99=4.459565, wal_barrier_ms_samples=2048, completion_admitted=0, ready_channels=0, ready_devices=0, closing_devices=0, mc_recorded_tick_ms_avg100=0.565871, mc_target_ticks_per_second=20.0}
",28356.883872977,28356.88681375,500,500,500,500,20008000,19791000,395.168104,7689,"BULK count=500 spawned=500 registered=500 bound=500 accepted=20008000 extracted=19791000 fixture_ms_total=395.168104 fixture_ticks=7689
",28356.886938998,28356.888605274,119.22,2795808,52,808337408,824623104,6579290112,781115392,27123712,274,,,11.499883592433264
104,2026-10-06T16:26:03.430251+00:00,208.0039535600008,5,ACTIVE_observed,False,2.000001651002094,0.004878722997091245,,0,500,500,0,0,3473,0,0,0,0,0,21004,20304000,19867000,10419,11409,0,23541,1139,59164,6125,5256,187,0.001031,0.008463,0.068122,2048,0.104917,44.764607,68.068956,2048,14.209348,47.093624,58.510753,2048,32.96759,44.267686,48.815775,2048,0.167782,0.347151,0.661854,2048,99.469511,99.59544,99.59544,2,36.474547,57.583051,64.310769,63,5.412364,38.344404,50.352618,2048,0.004337,0.265218,0.5728,2048,7388,7388,128589,0,0,10536,1633536,0,0.807352,2.266066,4.532594,2048,2,2,442,0,0.858969,20.0,"STATUS online tickets=0 {registered_loaded_endpoints=500, active_endpoints=500, worker_queue=0, actual_tickets=0, transactions=3473, errors=0, queue_rejected=0, quarantined=0, deferred_registry_decodes=0, dropped_wake_hints=0, local_exchange_calls=21004, local_input_units=20304000, local_output_units=19867000, batch_devices=10419, batch_records=11409, batch_payload_bytes=0, local_wakes=23541, remote_hint_wakes=1139, poll_fallback=59164, empty_batches=6125, allocation_misses=5256, local_credit_publications=187, local_ms_p50=0.001031, local_ms_p95=0.008463, local_ms_p99=0.068122, local_ms_samples=2048, queue_ms_p50=0.104917, queue_ms_p95=44.764607, queue_ms_p99=68.068956, queue_ms_samples=2048, execution_ms_p50=14.209348, execution_ms_p95=47.093624, execution_ms_p99=58.510753, execution_ms_samples=2048, apply_ms_p50=32.96759, apply_ms_p95=44.267686, apply_ms_p99=48.815775, apply_ms_samples=2048, tick_ms_p50=0.167782, tick_ms_p95=0.347151, tick_ms_p99=0.661854, tick_ms_samples=2048, delivery_ms_p50=99.469511, delivery_ms_p95=99.59544, delivery_ms_p99=99.59544, delivery_ms_samples=2, sql_ms_p50=36.474547, sql_ms_p95=57.583051, sql_ms_p99=64.310769, sql_ms_samples=63, db_transaction_ms_p50=5.412364, db_transaction_ms_p95=38.344404, db_transaction_ms_p99=50.352618, db_transaction_ms_samples=2048, db_connection_wait_ms_p50=0.004337, db_connection_wait_ms_p95=0.265218, db_connection_wait_ms_p99=0.5728, db_connection_wait_ms_samples=2048, db_transactions=7388, db_transaction_attempts=7388, db_statements=128589, db_deadlock_retries=0, db_active_connections=0, wal_writes=10536, wal_bytes=1633536, wal_identical_skipped=0, wal_barrier_ms_p50=0.807352, wal_barrier_ms_p95=2.266066, wal_barrier_ms_p99=4.532594, wal_barrier_ms_samples=2048, completion_admitted=2, ready_channels=2, ready_devices=442, closing_devices=0, mc_recorded_tick_ms_avg100=0.858969, mc_target_ticks_per_second=20.0}
",28358.883853365,28358.886710484,500,500,500,500,20304000,19867000,398.743006,7729,"BULK count=500 spawned=500 registered=500 bound=500 accepted=20304000 extracted=19867000 fixture_ms_total=398.743006 fixture_ticks=7729
",28358.886823323,28358.887758597,120.16,2795808,54,809013248,824623104,6579290112,781791232,27123712,275,,,46.999961201482705
105,2026-10-06T16:26:05.430247+00:00,210.00394882899855,5,ACTIVE_observed,False,1.9999952689977363,0.006239034999452997,,0,500,500,0,0,3534,0,0,0,0,0,21326,20624000,19911000,10683,11691,0,23903,1170,59778,6125,5359,187,0.001072,0.012148,0.090155,2048,0.104917,44.764607,68.068956,2048,14.259676,47.964582,61.704687,2048,33.079704,44.36037,48.82116,2048,0.168153,0.420612,0.827201,2048,99.469511,99.59544,99.59544,2,36.158817,65.197059,94.561153,124,5.495188,39.883583,53.388494,2048,0.004466,0.265218,0.5728,2048,7503,7504,131528,0,1,10838,1678894,0,0.868414,2.57809,4.729625,2048,2,2,488,0,1.160075,20.0,"STATUS online tickets=0 {registered_loaded_endpoints=500, active_endpoints=500, worker_queue=0, actual_tickets=0, transactions=3534, errors=0, queue_rejected=0, quarantined=0, deferred_registry_decodes=0, dropped_wake_hints=0, local_exchange_calls=21326, local_input_units=20624000, local_output_units=19911000, batch_devices=10683, batch_records=11691, batch_payload_bytes=0, local_wakes=23903, remote_hint_wakes=1170, poll_fallback=59778, empty_batches=6125, allocation_misses=5359, local_credit_publications=187, local_ms_p50=0.001072, local_ms_p95=0.012148, local_ms_p99=0.090155, local_ms_samples=2048, queue_ms_p50=0.104917, queue_ms_p95=44.764607, queue_ms_p99=68.068956, queue_ms_samples=2048, execution_ms_p50=14.259676, execution_ms_p95=47.964582, execution_ms_p99=61.704687, execution_ms_samples=2048, apply_ms_p50=33.079704, apply_ms_p95=44.36037, apply_ms_p99=48.82116, apply_ms_samples=2048, tick_ms_p50=0.168153, tick_ms_p95=0.420612, tick_ms_p99=0.827201, tick_ms_samples=2048, delivery_ms_p50=99.469511, delivery_ms_p95=99.59544, delivery_ms_p99=99.59544, delivery_ms_samples=2, sql_ms_p50=36.158817, sql_ms_p95=65.197059, sql_ms_p99=94.561153, sql_ms_samples=124, db_transaction_ms_p50=5.495188, db_transaction_ms_p95=39.883583, db_transaction_ms_p99=53.388494, db_transaction_ms_samples=2048, db_connection_wait_ms_p50=0.004466, db_connection_wait_ms_p95=0.265218, db_connection_wait_ms_p99=0.5728, db_connection_wait_ms_samples=2048, db_transactions=7503, db_transaction_attempts=7504, db_statements=131528, db_deadlock_retries=0, db_active_connections=1, wal_writes=10838, wal_bytes=1678894, wal_identical_skipped=0, wal_barrier_ms_p50=0.868414, wal_barrier_ms_p95=2.57809, wal_barrier_ms_p99=4.729625, wal_barrier_ms_samples=2048, completion_admitted=2, ready_channels=2, ready_devices=488, closing_devices=0, mc_recorded_tick_ms_avg100=1.160075, mc_target_ticks_per_second=20.0}
",28360.883853552,28360.887976811,500,500,500,500,20624000,19911000,401.885484,7769,"BULK count=500 spawned=500 registered=500 bound=500 accepted=20624000 extracted=19911000 fixture_ms_total=401.885484 fixture_ticks=7769
",28360.888178734,28360.889012836,121.54,2795808,54,809336832,824623104,6579290112,782114816,27123712,274,,,69.00016321996468
106,2026-10-06T16:26:07.430238+00:00,212.0039400099995,6,ACTIVE_observed,True,1.9999911810009507,0.007046998001897009,,0,500,500,0,0,3603,0,0,0,0,0,21649,20944000,20000000,11003,12043,0,24266,1197,60366,6125,5528,189,0.001201,0.023926,0.091417,2048,0.104692,44.764607,68.068956,2048,14.409462,48.550702,64.015347,2048,32.8654,44.36037,48.855829,2048,0.628233,1.070147,1.070147,17,0.0,0.0,0.0,0,30.085917,66.148845,79.184391,32,5.505926,40.16417,56.472303,2048,0.004566,0.265218,0.5728,2048,7632,7633,134891,0,1,11147,1725675,0,0.920126,2.733794,4.841457,2048,2,2,482,0,1.201025,20.0,"STATUS online tickets=0 {registered_loaded_endpoints=500, active_endpoints=500, worker_queue=0, actual_tickets=0, transactions=3603, errors=0, queue_rejected=0, quarantined=0, deferred_registry_decodes=0, dropped_wake_hints=0, local_exchange_calls=21649, local_input_units=20944000, local_output_units=20000000, batch_devices=11003, batch_records=12043, batch_payload_bytes=0, local_wakes=24266, remote_hint_wakes=1197, poll_fallback=60366, empty_batches=6125, allocation_misses=5528, local_credit_publications=189, local_ms_p50=0.001201, local_ms_p95=0.023926, local_ms_p99=0.091417, local_ms_samples=2048, queue_ms_p50=0.104692, queue_ms_p95=44.764607, queue_ms_p99=68.068956, queue_ms_samples=2048, execution_ms_p50=14.409462, execution_ms_p95=48.550702, execution_ms_p99=64.015347, execution_ms_samples=2048, apply_ms_p50=32.8654, apply_ms_p95=44.36037, apply_ms_p99=48.855829, apply_ms_samples=2048, tick_ms_p50=0.628233, tick_ms_p95=1.070147, tick_ms_p99=1.070147, tick_ms_samples=17, delivery_ms_p50=0.0, delivery_ms_p95=0.0, delivery_ms_p99=0.0, delivery_ms_samples=0, sql_ms_p50=30.085917, sql_ms_p95=66.148845, sql_ms_p99=79.184391, sql_ms_samples=32, db_transaction_ms_p50=5.505926, db_transaction_ms_p95=40.16417, db_transaction_ms_p99=56.472303, db_transaction_ms_samples=2048, db_connection_wait_ms_p50=0.004566, db_connection_wait_ms_p95=0.265218, db_connection_wait_ms_p99=0.5728, db_connection_wait_ms_samples=2048, db_transactions=7632, db_transaction_attempts=7633, db_statements=134891, db_deadlock_retries=0, db_active_connections=1, wal_writes=11147, wal_bytes=1725675, wal_identical_skipped=0, wal_barrier_ms_p50=0.920126, wal_barrier_ms_p95=2.733794, wal_barrier_ms_p99=4.841457, wal_barrier_ms_samples=2048, completion_admitted=2, ready_channels=2, ready_devices=482, closing_devices=0, mc_recorded_tick_ms_avg100=1.201025, mc_target_ticks_per_second=20.0}
",28362.883837672,28362.886273638,500,500,500,500,20944000,20000000,404.245485,7809,"BULK count=500 spawned=500 registered=500 bound=500 accepted=20944000 extracted=20000000 fixture_ms_total=404.245485 fixture_ticks=7809
",28362.886384014,28362.886893689,122.29,2795808,54,809455616,824623104,6579425280,782233600,27123712,275,,,37.50016535696131
107,2026-10-06T16:26:09.430240+00:00,214.0039416920008,6,ACTIVE_observed,False,2.0000016820013116,0.30815321099726134,,0,500,500,0,0,3668,0,0,0,0,0,21971,21264000,20064000,11283,12327,0,24628,1228,60906,6125,5669,189,0.001372,0.023175,0.063305,2048,0.103391,44.764607,68.068956,2048,14.55409,49.389633,65.690733,2048,32.806891,44.45786,48.81618,2048,0.609244,0.971338,1.070147,57,0.0,0.0,0.0,0,31.975193,68.830065,79.184391,97,5.572615,41.084145,59.905244,2048,0.004627,0.265218,0.5728,2048,7757,7757,137668,0,0,11414,1764822,0,0.933191,2.732732,4.794496,2048,2,2,493,0,1.098066,20.0,"STATUS online tickets=0 {registered_loaded_endpoints=500, active_endpoints=500, worker_queue=0, actual_tickets=0, transactions=3668, errors=0, queue_rejected=0, quarantined=0, deferred_registry_decodes=0, dropped_wake_hints=0, local_exchange_calls=21971, local_input_units=21264000, local_output_units=20064000, batch_devices=11283, batch_records=12327, batch_payload_bytes=0, local_wakes=24628, remote_hint_wakes=1228, poll_fallback=60906, empty_batches=6125, allocation_misses=5669, local_credit_publications=189, local_ms_p50=0.001372, local_ms_p95=0.023175, local_ms_p99=0.063305, local_ms_samples=2048, queue_ms_p50=0.103391, queue_ms_p95=44.764607, queue_ms_p99=68.068956, queue_ms_samples=2048, execution_ms_p50=14.55409, execution_ms_p95=49.389633, execution_ms_p99=65.690733, execution_ms_samples=2048, apply_ms_p50=32.806891, apply_ms_p95=44.45786, apply_ms_p99=48.81618, apply_ms_samples=2048, tick_ms_p50=0.609244, tick_ms_p95=0.971338, tick_ms_p99=1.070147, tick_ms_samples=57, delivery_ms_p50=0.0, delivery_ms_p95=0.0, delivery_ms_p99=0.0, delivery_ms_samples=0, sql_ms_p50=31.975193, sql_ms_p95=68.830065, sql_ms_p99=79.184391, sql_ms_samples=97, db_transaction_ms_p50=5.572615, db_transaction_ms_p95=41.084145, db_transaction_ms_p99=59.905244, db_transaction_ms_samples=2048, db_connection_wait_ms_p50=0.004627, db_connection_wait_ms_p95=0.265218, db_connection_wait_ms_p99=0.5728, db_connection_wait_ms_samples=2048, db_transactions=7757, db_transaction_attempts=7757, db_statements=137668, db_deadlock_retries=0, db_active_connections=0, wal_writes=11414, wal_bytes=1764822, wal_identical_skipped=0, wal_barrier_ms_p50=0.933191, wal_barrier_ms_p95=2.732732, wal_barrier_ms_p99=4.794496, wal_barrier_ms_samples=2048, completion_admitted=2, ready_channels=2, ready_devices=493, closing_devices=0, mc_recorded_tick_ms_avg100=1.098066, mc_target_ticks_per_second=20.0}
",28364.883858182,28364.885909161,500,500,500,500,21264000,20064000,406.360861,7849,"BULK count=500 spawned=500 registered=500 bound=500 accepted=21264000 extracted=20064000 fixture_ms_total=406.360861 fixture_ticks=7849
",28364.886026847,28364.886811956,122.9,2795808,54,809611264,824623104,6579425280,782389248,27123712,274,395313152,355409510,30.499974349501542
108,2026-10-06T16:26:11.430229+00:00,216.0039303730009,6,ACTIVE_observed,False,1.9999886810001044,0.0048510909982724115,,0,500,500,0,0,3737,0,0,0,0,0,22297,21584000,20256000,11595,12639,0,24994,1257,61489,6125,5826,191,0.001232,0.01986,0.030806,2048,0.104692,44.764607,68.068956,2048,14.614534,50.162446,68.280727,2048,32.768133,44.496728,48.81618,2048,0.604287,0.975825,1.537828,97,148.90307,151.471111,151.471111,2,31.76645,67.435938,79.184391,166,5.686144,41.964957,62.805052,2048,0.004807,0.265218,0.5728,2048,7883,7883,140816,0,0,11731,1811411,0,0.937677,2.665622,4.698272,2048,2,2,487,0,1.081117,20.0,"STATUS online tickets=0 {registered_loaded_endpoints=500, active_endpoints=500, worker_queue=0, actual_tickets=0, transactions=3737, errors=0, queue_rejected=0, quarantined=0, deferred_registry_decodes=0, dropped_wake_hints=0, local_exchange_calls=22297, local_input_units=21584000, local_output_units=20256000, batch_devices=11595, batch_records=12639, batch_payload_bytes=0, local_wakes=24994, remote_hint_wakes=1257, poll_fallback=61489, empty_batches=6125, allocation_misses=5826, local_credit_publications=191, local_ms_p50=0.001232, local_ms_p95=0.01986, local_ms_p99=0.030806, local_ms_samples=2048, queue_ms_p50=0.104692, queue_ms_p95=44.764607, queue_ms_p99=68.068956, queue_ms_samples=2048, execution_ms_p50=14.614534, execution_ms_p95=50.162446, execution_ms_p99=68.280727, execution_ms_samples=2048, apply_ms_p50=32.768133, apply_ms_p95=44.496728, apply_ms_p99=48.81618, apply_ms_samples=2048, tick_ms_p50=0.604287, tick_ms_p95=0.975825, tick_ms_p99=1.537828, tick_ms_samples=97, delivery_ms_p50=148.90307, delivery_ms_p95=151.471111, delivery_ms_p99=151.471111, delivery_ms_samples=2, sql_ms_p50=31.76645, sql_ms_p95=67.435938, sql_ms_p99=79.184391, sql_ms_samples=166, db_transaction_ms_p50=5.686144, db_transaction_ms_p95=41.964957, db_transaction_ms_p99=62.805052, db_transaction_ms_samples=2048, db_connection_wait_ms_p50=0.004807, db_connection_wait_ms_p95=0.265218, db_connection_wait_ms_p99=0.5728, db_connection_wait_ms_samples=2048, db_transactions=7883, db_transaction_attempts=7883, db_statements=140816, db_deadlock_retries=0, db_active_connections=0, wal_writes=11731, wal_bytes=1811411, wal_identical_skipped=0, wal_barrier_ms_p50=0.937677, wal_barrier_ms_p95=2.665622, wal_barrier_ms_p99=4.698272, wal_barrier_ms_samples=2048, completion_admitted=2, ready_channels=2, ready_devices=487, closing_devices=0, mc_recorded_tick_ms_avg100=1.081117, mc_target_ticks_per_second=20.0}
",28366.883888606,28366.885937472,500,500,500,500,21584000,20256000,408.659508,7889,"BULK count=500 spawned=500 registered=500 bound=500 accepted=21584000 extracted=20256000 fixture_ms_total=408.659508 fixture_ticks=7889
",28366.886055999,28366.887100888,123.49,2795808,54,809775104,824623104,6579425280,782553088,27123712,274,,,29.500166956192807
109,2026-10-06T16:26:13.430678+00:00,218.00437927700114,6,ACTIVE_observed,False,2.0004489040002227,0.005359724997106241,,0,500,500,0,0,3798,0,0,0,0,0,22624,21904000,20480000,11899,12952,0,25361,1282,62048,6125,6011,193,0.001091,0.007531,0.026379,2048,0.10634,44.764607,68.068956,2048,14.719273,51.467941,69.594333,2048,32.95096,44.628793,48.829951,2048,0.583156,0.903046,1.203857,137,148.90307,151.471111,151.471111,4,33.433132,67.375382,79.184391,227,5.805696,44.164238,65.210863,2048,0.005107,0.265218,0.5728,2048,7998,8000,143555,0,2,11977,1848537,0,0.969354,2.792722,4.841457,2048,2,2,500,0,1.084147,20.0,"STATUS online tickets=0 {registered_loaded_endpoints=500, active_endpoints=500, worker_queue=0, actual_tickets=0, transactions=3798, errors=0, queue_rejected=0, quarantined=0, deferred_registry_decodes=0, dropped_wake_hints=0, local_exchange_calls=22624, local_input_units=21904000, local_output_units=20480000, batch_devices=11899, batch_records=12952, batch_payload_bytes=0, local_wakes=25361, remote_hint_wakes=1282, poll_fallback=62048, empty_batches=6125, allocation_misses=6011, local_credit_publications=193, local_ms_p50=0.001091, local_ms_p95=0.007531, local_ms_p99=0.026379, local_ms_samples=2048, queue_ms_p50=0.10634, queue_ms_p95=44.764607, queue_ms_p99=68.068956, queue_ms_samples=2048, execution_ms_p50=14.719273, execution_ms_p95=51.467941, execution_ms_p99=69.594333, execution_ms_samples=2048, apply_ms_p50=32.95096, apply_ms_p95=44.628793, apply_ms_p99=48.829951, apply_ms_samples=2048, tick_ms_p50=0.583156, tick_ms_p95=0.903046, tick_ms_p99=1.203857, tick_ms_samples=137, delivery_ms_p50=148.90307, delivery_ms_p95=151.471111, delivery_ms_p99=151.471111, delivery_ms_samples=4, sql_ms_p50=33.433132, sql_ms_p95=67.375382, sql_ms_p99=79.184391, sql_ms_samples=227, db_transaction_ms_p50=5.805696, db_transaction_ms_p95=44.164238, db_transaction_ms_p99=65.210863, db_transaction_ms_samples=2048, db_connection_wait_ms_p50=0.005107, db_connection_wait_ms_p95=0.265218, db_connection_wait_ms_p99=0.5728, db_connection_wait_ms_samples=2048, db_transactions=7998, db_transaction_attempts=8000, db_statements=143555, db_deadlock_retries=0, db_active_connections=2, wal_writes=11977, wal_bytes=1848537, wal_identical_skipped=0, wal_barrier_ms_p50=0.969354, wal_barrier_ms_p95=2.792722, wal_barrier_ms_p99=4.841457, wal_barrier_ms_samples=2048, completion_admitted=2, ready_channels=2, ready_devices=500, closing_devices=0, mc_recorded_tick_ms_avg100=1.084147, mc_target_ticks_per_second=20.0}
",28368.884328987,28368.887157653,500,500,500,500,21904000,20480000,410.71887,7929,"BULK count=500 spawned=500 registered=500 bound=500 accepted=21904000 extracted=20480000 fixture_ms_total=410.71887 fixture_ticks=7929
",28368.887419016,28368.888397575,124.09,2795808,54,809881600,824623104,6579425280,782659584,27123712,274,,,29.993267951018943
110,2026-10-06T16:26:15.430228+00:00,220.00392952200127,6,ACTIVE_observed,False,1.9995502450001368,0.0041539649973856285,,0,500,500,0,0,3870,0,0,0,0,0,22952,22224000,20736000,12179,13245,0,25729,1316,62642,6125,6117,194,0.001112,0.006369,0.021923,2048,0.106004,44.764607,68.068956,2048,14.846365,52.203304,75.086882,2048,32.621086,44.674867,48.855829,2048,0.583566,0.903046,1.365419,177,148.90307,151.471111,151.471111,5,33.433132,68.830065,83.430192,299,6.078476,45.574091,67.007319,2048,0.005428,0.265218,0.5728,2048,8133,8133,146902,0,0,12335,1901807,0,1.004798,2.8852,4.794496,2048,2,2,488,0,1.062341,20.0,"STATUS online tickets=0 {registered_loaded_endpoints=500, active_endpoints=500, worker_queue=0, actual_tickets=0, transactions=3870, errors=0, queue_rejected=0, quarantined=0, deferred_registry_decodes=0, dropped_wake_hints=0, local_exchange_calls=22952, local_input_units=22224000, local_output_units=20736000, batch_devices=12179, batch_records=13245, batch_payload_bytes=0, local_wakes=25729, remote_hint_wakes=1316, poll_fallback=62642, empty_batches=6125, allocation_misses=6117, local_credit_publications=194, local_ms_p50=0.001112, local_ms_p95=0.006369, local_ms_p99=0.021923, local_ms_samples=2048, queue_ms_p50=0.106004, queue_ms_p95=44.764607, queue_ms_p99=68.068956, queue_ms_samples=2048, execution_ms_p50=14.846365, execution_ms_p95=52.203304, execution_ms_p99=75.086882, execution_ms_samples=2048, apply_ms_p50=32.621086, apply_ms_p95=44.674867, apply_ms_p99=48.855829, apply_ms_samples=2048, tick_ms_p50=0.583566, tick_ms_p95=0.903046, tick_ms_p99=1.365419, tick_ms_samples=177, delivery_ms_p50=148.90307, delivery_ms_p95=151.471111, delivery_ms_p99=151.471111, delivery_ms_samples=5, sql_ms_p50=33.433132, sql_ms_p95=68.830065, sql_ms_p99=83.430192, sql_ms_samples=299, db_transaction_ms_p50=6.078476, db_transaction_ms_p95=45.574091, db_transaction_ms_p99=67.007319, db_transaction_ms_samples=2048, db_connection_wait_ms_p50=0.005428, db_connection_wait_ms_p95=0.265218, db_connection_wait_ms_p99=0.5728, db_connection_wait_ms_samples=2048, db_transactions=8133, db_transaction_attempts=8133, db_statements=146902, db_deadlock_retries=0, db_active_connections=0, wal_writes=12335, wal_bytes=1901807, wal_identical_skipped=0, wal_barrier_ms_p50=1.004798, wal_barrier_ms_p95=2.8852, wal_barrier_ms_p99=4.794496, wal_barrier_ms_samples=2048, completion_admitted=2, ready_channels=2, ready_devices=488, closing_devices=0, mc_recorded_tick_ms_avg100=1.062341, mc_target_ticks_per_second=20.0}
",28370.883863829,28370.885995078,500,500,500,500,22224000,20736000,413.028436,7969,"BULK count=500 spawned=500 registered=500 bound=500 accepted=22224000 extracted=20736000 fixture_ms_total=413.028436 fixture_ticks=7969
",28370.886147497,28370.886794007,124.73,2795808,54,809979904,824623104,6579425280,782757888,27123712,274,,,32.007197698598304
111,2026-10-06T16:26:17.430205+00:00,222.0039075479981,6,ACTIVE_observed,False,1.9999780259968247,0.003954294999857666,,0,500,500,0,0,3938,0,0,0,0,0,23280,22544000,20954000,12499,13582,0,26097,1345,63174,6125,6309,197,0.001181,0.005989,0.009124,2048,0.106004,44.764607,68.068956,2048,15.015338,53.40923,75.214184,2048,32.574151,44.738852,48.938437,2048,0.597367,0.903046,1.203857,217,99.862858,151.471111,151.471111,8,33.348113,67.435938,79.310954,367,6.197483,46.28429,67.3515,2048,0.005688,0.265218,0.5728,2048,8258,8259,149904,0,1,12592,1940208,0,1.002876,2.661125,4.496769,2048,2,2,483,0,1.061961,20.0,"STATUS online tickets=0 {registered_loaded_endpoints=500, active_endpoints=500, worker_queue=0, actual_tickets=0, transactions=3938, errors=0, queue_rejected=0, quarantined=0, deferred_registry_decodes=0, dropped_wake_hints=0, local_exchange_calls=23280, local_input_units=22544000, local_output_units=20954000, batch_devices=12499, batch_records=13582, batch_payload_bytes=0, local_wakes=26097, remote_hint_wakes=1345, poll_fallback=63174, empty_batches=6125, allocation_misses=6309, local_credit_publications=197, local_ms_p50=0.001181, local_ms_p95=0.005989, local_ms_p99=0.009124, local_ms_samples=2048, queue_ms_p50=0.106004, queue_ms_p95=44.764607, queue_ms_p99=68.068956, queue_ms_samples=2048, execution_ms_p50=15.015338, execution_ms_p95=53.40923, execution_ms_p99=75.214184, execution_ms_samples=2048, apply_ms_p50=32.574151, apply_ms_p95=44.738852, apply_ms_p99=48.938437, apply_ms_samples=2048, tick_ms_p50=0.597367, tick_ms_p95=0.903046, tick_ms_p99=1.203857, tick_ms_samples=217, delivery_ms_p50=99.862858, delivery_ms_p95=151.471111, delivery_ms_p99=151.471111, delivery_ms_samples=8, sql_ms_p50=33.348113, sql_ms_p95=67.435938, sql_ms_p99=79.310954, sql_ms_samples=367, db_transaction_ms_p50=6.197483, db_transaction_ms_p95=46.28429, db_transaction_ms_p99=67.3515, db_transaction_ms_samples=2048, db_connection_wait_ms_p50=0.005688, db_connection_wait_ms_p95=0.265218, db_connection_wait_ms_p99=0.5728, db_connection_wait_ms_samples=2048, db_transactions=8258, db_transaction_attempts=8259, db_statements=149904, db_deadlock_retries=0, db_active_connections=1, wal_writes=12592, wal_bytes=1940208, wal_identical_skipped=0, wal_barrier_ms_p50=1.002876, wal_barrier_ms_p95=2.661125, wal_barrier_ms_p99=4.496769, wal_barrier_ms_samples=2048, completion_admitted=2, ready_channels=2, ready_devices=483, closing_devices=0, mc_recorded_tick_ms_avg100=1.061961, mc_target_ticks_per_second=20.0}
",28372.883832391,28372.885919113,500,500,500,500,22544000,20954000,415.27982,8009,"BULK count=500 spawned=500 registered=500 bound=500 accepted=22544000 extracted=20954000 fixture_ms_total=415.27982 fixture_ticks=8009
",28372.886028267,28372.886662499,125.3,2795808,54,810082304,824623104,6579425280,782860288,27123712,274,,,28.5003131329853
112,2026-10-06T16:26:19.430237+00:00,224.0039393650004,6,ACTIVE_observed,False,2.0000318170023093,0.004079502999957185,,0,500,500,0,0,4004,0,0,0,0,0,23611,22864000,21284000,12779,13870,0,26468,1376,63794,6125,6437,199,0.001192,0.00623,0.009394,2048,0.105934,44.764607,68.068956,2048,15.101278,54.501404,77.844467,2048,32.574151,44.802032,48.946543,2048,0.576595,0.903046,1.203857,257,148.90307,151.471111,151.471111,10,33.266334,68.830065,83.430192,433,6.067357,47.786524,68.596677,2048,0.005939,0.265218,0.5728,2048,8381,8381,152890,0,0,12899,1985627,0,1.003256,2.650574,4.444947,2048,2,2,492,0,1.076668,20.0,"STATUS online tickets=0 {registered_loaded_endpoints=500, active_endpoints=500, worker_queue=0, actual_tickets=0, transactions=4004, errors=0, queue_rejected=0, quarantined=0, deferred_registry_decodes=0, dropped_wake_hints=0, local_exchange_calls=23611, local_input_units=22864000, local_output_units=21284000, batch_devices=12779, batch_records=13870, batch_payload_bytes=0, local_wakes=26468, remote_hint_wakes=1376, poll_fallback=63794, empty_batches=6125, allocation_misses=6437, local_credit_publications=199, local_ms_p50=0.001192, local_ms_p95=0.00623, local_ms_p99=0.009394, local_ms_samples=2048, queue_ms_p50=0.105934, queue_ms_p95=44.764607, queue_ms_p99=68.068956, queue_ms_samples=2048, execution_ms_p50=15.101278, execution_ms_p95=54.501404, execution_ms_p99=77.844467, execution_ms_samples=2048, apply_ms_p50=32.574151, apply_ms_p95=44.802032, apply_ms_p99=48.946543, apply_ms_samples=2048, tick_ms_p50=0.576595, tick_ms_p95=0.903046, tick_ms_p99=1.203857, tick_ms_samples=257, delivery_ms_p50=148.90307, delivery_ms_p95=151.471111, delivery_ms_p99=151.471111, delivery_ms_samples=10, sql_ms_p50=33.266334, sql_ms_p95=68.830065, sql_ms_p99=83.430192, sql_ms_samples=433, db_transaction_ms_p50=6.067357, db_transaction_ms_p95=47.786524, db_transaction_ms_p99=68.596677, db_transaction_ms_samples=2048, db_connection_wait_ms_p50=0.005939, db_connection_wait_ms_p95=0.265218, db_connection_wait_ms_p99=0.5728, db_connection_wait_ms_samples=2048, db_transactions=8381, db_transaction_attempts=8381, db_statements=152890, db_deadlock_retries=0, db_active_connections=0, wal_writes=12899, wal_bytes=1985627, wal_identical_skipped=0, wal_barrier_ms_p50=1.003256, wal_barrier_ms_p95=2.650574, wal_barrier_ms_p99=4.444947, wal_barrier_ms_samples=2048, completion_admitted=2, ready_channels=2, ready_devices=492, closing_devices=0, mc_recorded_tick_ms_avg100=1.076668, mc_target_ticks_per_second=20.0}
",28374.883846381,28374.886068447,500,500,500,500,22864000,21284000,417.664417,8049,"BULK count=500 spawned=500 registered=500 bound=500 accepted=22864000 extracted=21284000 fixture_ms_total=417.664417 fixture_ticks=8049
",28374.886178912,28374.886729869,126.24,2795808,54,806219776,824623104,6579425280,778997760,27123712,274,,,46.999252312340204
113,2026-10-06T16:26:21.430221+00:00,226.00392220999856,6,ACTIVE_observed,False,1.9999828449981578,0.29555093700037105,,0,500,500,0,0,4073,0,0,0,0,0,23945,23184000,21659000,13083,14183,0,26842,1406,64368,6125,6588,202,0.001102,0.00609,0.009394,2048,0.102283,44.764607,68.068956,2048,15.110361,54.691464,77.308888,2048,32.601037,44.802032,48.946543,2048,0.575895,0.898278,1.203857,297,149.461232,151.471111,151.471111,13,32.441877,67.435938,81.23437,502,5.927318,48.265353,68.712134,2048,0.006229,0.264167,0.563746,2048,8511,8513,156004,0,2,13208,2031112,0,0.996747,2.492101,4.395968,2048,2,2,488,0,1.045216,20.0,"STATUS online tickets=0 {registered_loaded_endpoints=500, active_endpoints=500, worker_queue=0, actual_tickets=0, transactions=4073, errors=0, queue_rejected=0, quarantined=0, deferred_registry_decodes=0, dropped_wake_hints=0, local_exchange_calls=23945, local_input_units=23184000, local_output_units=21659000, batch_devices=13083, batch_records=14183, batch_payload_bytes=0, local_wakes=26842, remote_hint_wakes=1406, poll_fallback=64368, empty_batches=6125, allocation_misses=6588, local_credit_publications=202, local_ms_p50=0.001102, local_ms_p95=0.00609, local_ms_p99=0.009394, local_ms_samples=2048, queue_ms_p50=0.102283, queue_ms_p95=44.764607, queue_ms_p99=68.068956, queue_ms_samples=2048, execution_ms_p50=15.110361, execution_ms_p95=54.691464, execution_ms_p99=77.308888, execution_ms_samples=2048, apply_ms_p50=32.601037, apply_ms_p95=44.802032, apply_ms_p99=48.946543, apply_ms_samples=2048, tick_ms_p50=0.575895, tick_ms_p95=0.898278, tick_ms_p99=1.203857, tick_ms_samples=297, delivery_ms_p50=149.461232, delivery_ms_p95=151.471111, delivery_ms_p99=151.471111, delivery_ms_samples=13, sql_ms_p50=32.441877, sql_ms_p95=67.435938, sql_ms_p99=81.23437, sql_ms_samples=502, db_transaction_ms_p50=5.927318, db_transaction_ms_p95=48.265353, db_transaction_ms_p99=68.712134, db_transaction_ms_samples=2048, db_connection_wait_ms_p50=0.006229, db_connection_wait_ms_p95=0.264167, db_connection_wait_ms_p99=0.563746, db_connection_wait_ms_samples=2048, db_transactions=8511, db_transaction_attempts=8513, db_statements=156004, db_deadlock_retries=0, db_active_connections=2, wal_writes=13208, wal_bytes=2031112, wal_identical_skipped=0, wal_barrier_ms_p50=0.996747, wal_barrier_ms_p95=2.492101, wal_barrier_ms_p99=4.395968, wal_barrier_ms_samples=2048, completion_admitted=2, ready_channels=2, ready_devices=488, closing_devices=0, mc_recorded_tick_ms_avg100=1.045216, mc_target_ticks_per_second=20.0}
",28376.883986553,28376.88921892,500,500,500,500,23184000,21659000,419.893373,8089,"BULK count=500 spawned=500 registered=500 bound=500 accepted=23184000 extracted=21659000 fixture_ms_total=419.893373 fixture_ticks=8089
",28376.889375605,28376.890349417,126.84,2795808,54,806305792,824623104,6579425280,779083776,27123712,274,395313152,342757273,30.000257327235285
114,2026-10-06T16:26:23.430228+00:00,228.00392900600127,6,ACTIVE_observed,False,2.000006796002708,0.007398454999929527,,0,500,500,0,0,4136,0,0,0,0,0,24276,23504000,21983000,13355,14470,0,27213,1435,64933,6125,6728,204,0.001051,0.006269,0.009625,2048,0.101608,44.764607,68.068956,2048,15.187131,55.798679,78.328923,2048,32.608499,44.825527,48.946543,2048,0.594182,0.975825,1.365419,337,149.463545,151.471111,151.471111,15,32.768342,69.593912,86.312869,565,5.802139,50.316358,70.604055,2048,0.006029,0.262845,0.475514,2048,8633,8635,158813,0,2,13478,2071806,0,1.011818,2.515196,4.188156,2048,2,2,487,0,1.214139,20.0,"STATUS online tickets=0 {registered_loaded_endpoints=500, active_endpoints=500, worker_queue=0, actual_tickets=0, transactions=4136, errors=0, queue_rejected=0, quarantined=0, deferred_registry_decodes=0, dropped_wake_hints=0, local_exchange_calls=24276, local_input_units=23504000, local_output_units=21983000, batch_devices=13355, batch_records=14470, batch_payload_bytes=0, local_wakes=27213, remote_hint_wakes=1435, poll_fallback=64933, empty_batches=6125, allocation_misses=6728, local_credit_publications=204, local_ms_p50=0.001051, local_ms_p95=0.006269, local_ms_p99=0.009625, local_ms_samples=2048, queue_ms_p50=0.101608, queue_ms_p95=44.764607, queue_ms_p99=68.068956, queue_ms_samples=2048, execution_ms_p50=15.187131, execution_ms_p95=55.798679, execution_ms_p99=78.328923, execution_ms_samples=2048, apply_ms_p50=32.608499, apply_ms_p95=44.825527, apply_ms_p99=48.946543, apply_ms_samples=2048, tick_ms_p50=0.594182, tick_ms_p95=0.975825, tick_ms_p99=1.365419, tick_ms_samples=337, delivery_ms_p50=149.463545, delivery_ms_p95=151.471111, delivery_ms_p99=151.471111, delivery_ms_samples=15, sql_ms_p50=32.768342, sql_ms_p95=69.593912, sql_ms_p99=86.312869, sql_ms_samples=565, db_transaction_ms_p50=5.802139, db_transaction_ms_p95=50.316358, db_transaction_ms_p99=70.604055, db_transaction_ms_samples=2048, db_connection_wait_ms_p50=0.006029, db_connection_wait_ms_p95=0.262845, db_connection_wait_ms_p99=0.475514, db_connection_wait_ms_samples=2048, db_transactions=8633, db_transaction_attempts=8635, db_statements=158813, db_deadlock_retries=0, db_active_connections=2, wal_writes=13478, wal_bytes=2071806, wal_identical_skipped=0, wal_barrier_ms_p50=1.011818, wal_barrier_ms_p95=2.515196, wal_barrier_ms_p99=4.188156, wal_barrier_ms_samples=2048, completion_admitted=2, ready_channels=2, ready_devices=487, closing_devices=0, mc_recorded_tick_ms_avg100=1.214139, mc_target_ticks_per_second=20.0}
",28378.883838065,28378.888613943,500,500,500,500,23504000,21983000,422.752844,8129,"BULK count=500 spawned=500 registered=500 bound=500 accepted=23504000 extracted=21983000 fixture_ms_total=422.752844 fixture_ticks=8129
",28378.888780694,28378.88997756,127.8,2795808,55,806494208,824623104,6579425280,779272192,27123712,274,,,47.999836896488915
115,2026-10-06T16:26:25.430258+00:00,230.0039595240014,6,ACTIVE_observed,False,2.0000305180001305,0.003968011998949805,,0,500,500,0,0,4201,0,0,0,0,0,24609,23824000,22392000,13635,14763,0,27586,1462,65533,6125,6865,206,0.001122,0.006139,0.010155,2048,0.101102,44.764607,68.068956,2048,15.282885,55.989372,79.184842,2048,32.621086,44.948908,48.946543,2048,0.591638,0.975825,1.365419,377,149.463545,151.471111,151.471111,17,32.768342,69.593912,86.312869,630,5.621698,51.659273,72.566428,2048,0.006159,0.262844,0.461543,2048,8755,8755,161721,0,0,13768,2115000,0,1.018689,2.620713,4.444947,2048,2,2,492,0,1.246143,20.0,"STATUS online tickets=0 {registered_loaded_endpoints=500, active_endpoints=500, worker_queue=0, actual_tickets=0, transactions=4201, errors=0, queue_rejected=0, quarantined=0, deferred_registry_decodes=0, dropped_wake_hints=0, local_exchange_calls=24609, local_input_units=23824000, local_output_units=22392000, batch_devices=13635, batch_records=14763, batch_payload_bytes=0, local_wakes=27586, remote_hint_wakes=1462, poll_fallback=65533, empty_batches=6125, allocation_misses=6865, local_credit_publications=206, local_ms_p50=0.001122, local_ms_p95=0.006139, local_ms_p99=0.010155, local_ms_samples=2048, queue_ms_p50=0.101102, queue_ms_p95=44.764607, queue_ms_p99=68.068956, queue_ms_samples=2048, execution_ms_p50=15.282885, execution_ms_p95=55.989372, execution_ms_p99=79.184842, execution_ms_samples=2048, apply_ms_p50=32.621086, apply_ms_p95=44.948908, apply_ms_p99=48.946543, apply_ms_samples=2048, tick_ms_p50=0.591638, tick_ms_p95=0.975825, tick_ms_p99=1.365419, tick_ms_samples=377, delivery_ms_p50=149.463545, delivery_ms_p95=151.471111, delivery_ms_p99=151.471111, delivery_ms_samples=17, sql_ms_p50=32.768342, sql_ms_p95=69.593912, sql_ms_p99=86.312869, sql_ms_samples=630, db_transaction_ms_p50=5.621698, db_transaction_ms_p95=51.659273, db_transaction_ms_p99=72.566428, db_transaction_ms_samples=2048, db_connection_wait_ms_p50=0.006159, db_connection_wait_ms_p95=0.262844, db_connection_wait_ms_p99=0.461543, db_connection_wait_ms_samples=2048, db_transactions=8755, db_transaction_attempts=8755, db_statements=161721, db_deadlock_retries=0, db_active_connections=0, wal_writes=13768, wal_bytes=2115000, wal_identical_skipped=0, wal_barrier_ms_p50=1.018689, wal_barrier_ms_p95=2.620713, wal_barrier_ms_p99=4.444947, wal_barrier_ms_samples=2048, completion_admitted=2, ready_channels=2, ready_devices=492, closing_devices=0, mc_recorded_tick_ms_avg100=1.246143, mc_target_ticks_per_second=20.0}
",28380.883880041,28380.886138386,500,500,500,500,23824000,22392000,425.208452,8169,"BULK count=500 spawned=500 registered=500 bound=500 accepted=23824000 extracted=22392000 fixture_ms_total=425.208452 fixture_ticks=8169
",28380.886252828,28380.886859979,128.36,2795808,55,806584320,824623104,6579425280,779362304,27123712,274,,,27.999572754518336
116,2026-10-06T16:26:27.430245+00:00,232.00394740000047,6,ACTIVE_observed,False,1.999987875999068,0.00466374999814434,,0,500,500,0,0,4270,0,0,0,0,0,24944,24144000,22855000,13931,15072,0,27961,1494,66125,6125,7021,210,0.001152,0.006279,0.010276,2048,0.100841,44.764607,68.068956,2048,15.506664,56.968422,79.311414,2048,32.574151,44.948319,48.946543,2048,0.604287,0.978029,1.365419,417,149.427253,149.724436,151.471111,21,32.768342,69.593912,88.091588,699,5.453394,53.04317,73.931754,2048,0.005849,0.256004,0.451858,2048,8884,8885,164753,0,1,14056,2157808,0,1.015254,2.633032,4.496769,2048,2,2,497,0,1.196134,20.0,"STATUS online tickets=0 {registered_loaded_endpoints=500, active_endpoints=500, worker_queue=0, actual_tickets=0, transactions=4270, errors=0, queue_rejected=0, quarantined=0, deferred_registry_decodes=0, dropped_wake_hints=0, local_exchange_calls=24944, local_input_units=24144000, local_output_units=22855000, batch_devices=13931, batch_records=15072, batch_payload_bytes=0, local_wakes=27961, remote_hint_wakes=1494, poll_fallback=66125, empty_batches=6125, allocation_misses=7021, local_credit_publications=210, local_ms_p50=0.001152, local_ms_p95=0.006279, local_ms_p99=0.010276, local_ms_samples=2048, queue_ms_p50=0.100841, queue_ms_p95=44.764607, queue_ms_p99=68.068956, queue_ms_samples=2048, execution_ms_p50=15.506664, execution_ms_p95=56.968422, execution_ms_p99=79.311414, execution_ms_samples=2048, apply_ms_p50=32.574151, apply_ms_p95=44.948319, apply_ms_p99=48.946543, apply_ms_samples=2048, tick_ms_p50=0.604287, tick_ms_p95=0.978029, tick_ms_p99=1.365419, tick_ms_samples=417, delivery_ms_p50=149.427253, delivery_ms_p95=149.724436, delivery_ms_p99=151.471111, delivery_ms_samples=21, sql_ms_p50=32.768342, sql_ms_p95=69.593912, sql_ms_p99=88.091588, sql_ms_samples=699, db_transaction_ms_p50=5.453394, db_transaction_ms_p95=53.04317, db_transaction_ms_p99=73.931754, db_transaction_ms_samples=2048, db_connection_wait_ms_p50=0.005849, db_connection_wait_ms_p95=0.256004, db_connection_wait_ms_p99=0.451858, db_connection_wait_ms_samples=2048, db_transactions=8884, db_transaction_attempts=8885, db_statements=164753, db_deadlock_retries=0, db_active_connections=1, wal_writes=14056, wal_bytes=2157808, wal_identical_skipped=0, wal_barrier_ms_p50=1.015254, wal_barrier_ms_p95=2.633032, wal_barrier_ms_p99=4.496769, wal_barrier_ms_samples=2048, completion_admitted=2, ready_channels=2, ready_devices=497, closing_devices=0, mc_recorded_tick_ms_avg100=1.196134, mc_target_ticks_per_second=20.0}
",28382.883853835,28382.886307478,500,500,500,500,24144000,22855000,427.471378,8209,"BULK count=500 spawned=500 registered=500 bound=500 accepted=24144000 extracted=22855000 fixture_ms_total=427.471378 fixture_ticks=8209
",28382.886417693,28382.886999767,128.95,2795808,55,806617088,824623104,6579425280,779395072,27123712,274,,,29.50017883009657
117,2026-10-06T16:26:29.430259+00:00,234.00396087199988,6,ACTIVE_observed,False,2.0000134719994094,0.004076580000401009,,0,500,500,0,0,4341,0,0,0,0,0,25277,24464000,23169000,14243,15398,0,28334,1526,66704,6125,7177,210,0.001132,0.006179,0.010456,2048,0.100737,44.764607,68.068956,2048,15.624792,58.168418,79.311414,2048,32.398333,44.864587,48.946543,2048,0.611318,0.978029,1.365419,457,149.427253,149.724436,151.471111,21,33.185112,69.593912,86.312869,770,5.035247,53.642705,74.001086,2048,0.005499,0.262844,0.475514,2048,9018,9019,167892,0,1,14355,2202131,0,0.995524,2.633032,4.577701,2048,2,2,479,0,1.138625,20.0,"STATUS online tickets=0 {registered_loaded_endpoints=500, active_endpoints=500, worker_queue=0, actual_tickets=0, transactions=4341, errors=0, queue_rejected=0, quarantined=0, deferred_registry_decodes=0, dropped_wake_hints=0, local_exchange_calls=25277, local_input_units=24464000, local_output_units=23169000, batch_devices=14243, batch_records=15398, batch_payload_bytes=0, local_wakes=28334, remote_hint_wakes=1526, poll_fallback=66704, empty_batches=6125, allocation_misses=7177, local_credit_publications=210, local_ms_p50=0.001132, local_ms_p95=0.006179, local_ms_p99=0.010456, local_ms_samples=2048, queue_ms_p50=0.100737, queue_ms_p95=44.764607, queue_ms_p99=68.068956, queue_ms_samples=2048, execution_ms_p50=15.624792, execution_ms_p95=58.168418, execution_ms_p99=79.311414, execution_ms_samples=2048, apply_ms_p50=32.398333, apply_ms_p95=44.864587, apply_ms_p99=48.946543, apply_ms_samples=2048, tick_ms_p50=0.611318, tick_ms_p95=0.978029, tick_ms_p99=1.365419, tick_ms_samples=457, delivery_ms_p50=149.427253, delivery_ms_p95=149.724436, delivery_ms_p99=151.471111, delivery_ms_samples=21, sql_ms_p50=33.185112, sql_ms_p95=69.593912, sql_ms_p99=86.312869, sql_ms_samples=770, db_transaction_ms_p50=5.035247, db_transaction_ms_p95=53.642705, db_transaction_ms_p99=74.001086, db_transaction_ms_samples=2048, db_connection_wait_ms_p50=0.005499, db_connection_wait_ms_p95=0.262844, db_connection_wait_ms_p99=0.475514, db_connection_wait_ms_samples=2048, db_transactions=9018, db_transaction_attempts=9019, db_statements=167892, db_deadlock_retries=0, db_active_connections=1, wal_writes=14355, wal_bytes=2202131, wal_identical_skipped=0, wal_barrier_ms_p50=0.995524, wal_barrier_ms_p95=2.633032, wal_barrier_ms_p99=4.577701, wal_barrier_ms_samples=2048, completion_admitted=2, ready_channels=2, ready_devices=479, closing_devices=0, mc_recorded_tick_ms_avg100=1.138625, mc_target_ticks_per_second=20.0}
",28384.883867238,28384.88598038,500,500,500,500,24464000,23169000,429.859024,8249,"BULK count=500 spawned=500 registered=500 bound=500 accepted=24464000 extracted=23169000 fixture_ms_total=429.859024 fixture_ticks=8249
",28384.886096234,28384.886824246,129.58,2795808,55,806764544,824623104,6579425280,779542528,27123712,274,,,31.499787817439756
118,2026-10-06T16:26:31.430230+00:00,236.00393182799962,6,ACTIVE_observed,False,1.9999709559997427,0.328041253000265,,0,500,500,0,0,4408,0,0,0,0,0,25606,24784000,23420000,14515,15683,0,28703,1559,67313,6125,7307,212,0.001021,0.006179,0.010085,2048,0.100676,44.764607,68.068956,2048,15.706108,58.510753,81.2834,2048,32.188452,44.948319,48.913641,2048,0.617848,0.995885,1.545661,497,149.427253,149.724436,151.471111,23,32.708121,71.09728,87.171334,837,5.024512,54.207387,75.804603,2048,0.005278,0.195153,0.430766,2048,9143,9144,170820,0,1,14662,2247790,0,0.975015,2.82429,5.354067,2048,2,2,489,0,1.235175,20.0,"STATUS online tickets=0 {registered_loaded_endpoints=500, active_endpoints=500, worker_queue=0, actual_tickets=0, transactions=4408, errors=0, queue_rejected=0, quarantined=0, deferred_registry_decodes=0, dropped_wake_hints=0, local_exchange_calls=25606, local_input_units=24784000, local_output_units=23420000, batch_devices=14515, batch_records=15683, batch_payload_bytes=0, local_wakes=28703, remote_hint_wakes=1559, poll_fallback=67313, empty_batches=6125, allocation_misses=7307, local_credit_publications=212, local_ms_p50=0.001021, local_ms_p95=0.006179, local_ms_p99=0.010085, local_ms_samples=2048, queue_ms_p50=0.100676, queue_ms_p95=44.764607, queue_ms_p99=68.068956, queue_ms_samples=2048, execution_ms_p50=15.706108, execution_ms_p95=58.510753, execution_ms_p99=81.2834, execution_ms_samples=2048, apply_ms_p50=32.188452, apply_ms_p95=44.948319, apply_ms_p99=48.913641, apply_ms_samples=2048, tick_ms_p50=0.617848, tick_ms_p95=0.995885, tick_ms_p99=1.545661, tick_ms_samples=497, delivery_ms_p50=149.427253, delivery_ms_p95=149.724436, delivery_ms_p99=151.471111, delivery_ms_samples=23, sql_ms_p50=32.708121, sql_ms_p95=71.09728, sql_ms_p99=87.171334, sql_ms_samples=837, db_transaction_ms_p50=5.024512, db_transaction_ms_p95=54.207387, db_transaction_ms_p99=75.804603, db_transaction_ms_samples=2048, db_connection_wait_ms_p50=0.005278, db_connection_wait_ms_p95=0.195153, db_connection_wait_ms_p99=0.430766, db_connection_wait_ms_samples=2048, db_transactions=9143, db_transaction_attempts=9144, db_statements=170820, db_deadlock_retries=0, db_active_connections=1, wal_writes=14662, wal_bytes=2247790, wal_identical_skipped=0, wal_barrier_ms_p50=0.975015, wal_barrier_ms_p95=2.82429, wal_barrier_ms_p99=5.354067, wal_barrier_ms_samples=2048, completion_admitted=2, ready_channels=2, ready_devices=489, closing_devices=0, mc_recorded_tick_ms_avg100=1.235175, mc_target_ticks_per_second=20.0}
",28386.883870211,28386.886087099,500,500,500,500,24784000,23420000,433.273669,8289,"BULK count=500 spawned=500 registered=500 bound=500 accepted=24784000 extracted=23420000 fixture_ms_total=433.273669 fixture_ticks=8289
",28386.886250464,28386.886893249,130.13,2795808,55,806854656,824623104,6579425280,779632640,27123712,275,395313152,279996108,27.500399360802202
119,2026-10-06T16:26:33.430217+00:00,238.00391986799877,6,ACTIVE_observed,False,1.9999880399991525,0.0043380520000937395,,0,500,500,0,0,4471,0,0,0,0,0,25935,25104000,23708000,14795,15968,0,29072,1581,67835,6125,7464,214,0.001012,0.006169,0.009975,2048,0.10007,44.764607,68.068956,2048,15.75522,58.908833,84.67326,2048,32.307755,45.036632,48.938437,2048,0.616676,0.995885,1.545661,537,149.427253,149.724436,151.471111,25,32.835729,69.593912,88.091588,900,5.48281,55.359322,76.78781,2048,0.005117,0.034501,0.409485,2048,9251,9254,173430,0,3,14906,2284058,0,0.964308,2.779002,5.473907,2048,2,2,469,0,1.328268,20.0,"STATUS online tickets=0 {registered_loaded_endpoints=500, active_endpoints=500, worker_queue=0, actual_tickets=0, transactions=4471, errors=0, queue_rejected=0, quarantined=0, deferred_registry_decodes=0, dropped_wake_hints=0, local_exchange_calls=25935, local_input_units=25104000, local_output_units=23708000, batch_devices=14795, batch_records=15968, batch_payload_bytes=0, local_wakes=29072, remote_hint_wakes=1581, poll_fallback=67835, empty_batches=6125, allocation_misses=7464, local_credit_publications=214, local_ms_p50=0.001012, local_ms_p95=0.006169, local_ms_p99=0.009975, local_ms_samples=2048, queue_ms_p50=0.10007, queue_ms_p95=44.764607, queue_ms_p99=68.068956, queue_ms_samples=2048, execution_ms_p50=15.75522, execution_ms_p95=58.908833, execution_ms_p99=84.67326, execution_ms_samples=2048, apply_ms_p50=32.307755, apply_ms_p95=45.036632, apply_ms_p99=48.938437, apply_ms_samples=2048, tick_ms_p50=0.616676, tick_ms_p95=0.995885, tick_ms_p99=1.545661, tick_ms_samples=537, delivery_ms_p50=149.427253, delivery_ms_p95=149.724436, delivery_ms_p99=151.471111, delivery_ms_samples=25, sql_ms_p50=32.835729, sql_ms_p95=69.593912, sql_ms_p99=88.091588, sql_ms_samples=900, db_transaction_ms_p50=5.48281, db_transaction_ms_p95=55.359322, db_transaction_ms_p99=76.78781, db_transaction_ms_samples=2048, db_connection_wait_ms_p50=0.005117, db_connection_wait_ms_p95=0.034501, db_connection_wait_ms_p99=0.409485, db_connection_wait_ms_samples=2048, db_transactions=9251, db_transaction_attempts=9254, db_statements=173430, db_deadlock_retries=0, db_active_connections=3, wal_writes=14906, wal_bytes=2284058, wal_identical_skipped=0, wal_barrier_ms_p50=0.964308, wal_barrier_ms_p95=2.779002, wal_barrier_ms_p99=5.473907, wal_barrier_ms_samples=2048, completion_admitted=2, ready_channels=2, ready_devices=469, closing_devices=0, mc_recorded_tick_ms_avg100=1.328268, mc_target_ticks_per_second=20.0}
",28388.883823549,28388.886397383,500,500,500,500,25104000,23708000,436.121474,8329,"BULK count=500 spawned=500 registered=500 bound=500 accepted=25104000 extracted=23708000 fixture_ms_total=436.121474 fixture_ticks=8329
",28388.886508429,28388.887224514,130.69,2795808,55,806952960,824623104,6579425280,779730944,27123712,274,,,28.000167441013275
120,2026-10-06T16:26:35.430205+00:00,240.00390692699875,6,ACTIVE_observed,False,1.9999870589999773,0.0041498400023556314,,0,500,500,0,0,4540,0,0,0,0,0,26264,25424000,23996000,15059,16249,0,29441,1607,68442,6125,7587,216,0.001081,0.006329,0.010196,2048,0.099004,44.764607,68.068956,2048,15.863345,60.344078,85.674222,2048,32.307755,45.088421,48.946543,2048,0.618479,1.014843,1.545661,577,149.427253,149.724436,151.471111,27,32.768342,69.593912,88.884078,969,5.899946,55.755907,76.895442,2048,0.005018,0.018608,0.088733,2048,9366,9366,176448,0,0,15215,2330031,0,0.974473,2.720604,5.443902,2048,2,2,488,0,1.32063,20.0,"STATUS online tickets=0 {registered_loaded_endpoints=500, active_endpoints=500, worker_queue=0, actual_tickets=0, transactions=4540, errors=0, queue_rejected=0, quarantined=0, deferred_registry_decodes=0, dropped_wake_hints=0, local_exchange_calls=26264, local_input_units=25424000, local_output_units=23996000, batch_devices=15059, batch_records=16249, batch_payload_bytes=0, local_wakes=29441, remote_hint_wakes=1607, poll_fallback=68442, empty_batches=6125, allocation_misses=7587, local_credit_publications=216, local_ms_p50=0.001081, local_ms_p95=0.006329, local_ms_p99=0.010196, local_ms_samples=2048, queue_ms_p50=0.099004, queue_ms_p95=44.764607, queue_ms_p99=68.068956, queue_ms_samples=2048, execution_ms_p50=15.863345, execution_ms_p95=60.344078, execution_ms_p99=85.674222, execution_ms_samples=2048, apply_ms_p50=32.307755, apply_ms_p95=45.088421, apply_ms_p99=48.946543, apply_ms_samples=2048, tick_ms_p50=0.618479, tick_ms_p95=1.014843, tick_ms_p99=1.545661, tick_ms_samples=577, delivery_ms_p50=149.427253, delivery_ms_p95=149.724436, delivery_ms_p99=151.471111, delivery_ms_samples=27, sql_ms_p50=32.768342, sql_ms_p95=69.593912, sql_ms_p99=88.884078, sql_ms_samples=969, db_transaction_ms_p50=5.899946, db_transaction_ms_p95=55.755907, db_transaction_ms_p99=76.895442, db_transaction_ms_samples=2048, db_connection_wait_ms_p50=0.005018, db_connection_wait_ms_p95=0.018608, db_connection_wait_ms_p99=0.088733, db_connection_wait_ms_samples=2048, db_transactions=9366, db_transaction_attempts=9366, db_statements=176448, db_deadlock_retries=0, db_active_connections=0, wal_writes=15215, wal_bytes=2330031, wal_identical_skipped=0, wal_barrier_ms_p50=0.974473, wal_barrier_ms_p95=2.720604, wal_barrier_ms_p99=5.443902, wal_barrier_ms_samples=2048, completion_admitted=2, ready_channels=2, ready_devices=488, closing_devices=0, mc_recorded_tick_ms_avg100=1.32063, mc_target_ticks_per_second=20.0}
",28390.883807524,28390.886130611,500,500,500,500,25424000,23996000,438.876178,8369,"BULK count=500 spawned=500 registered=500 bound=500 accepted=25424000 extracted=23996000 fixture_ms_total=438.876178 fixture_ticks=8369
",28390.886265423,28390.886967477,131.29,2795808,55,807034880,824623104,6579560448,779812864,27123712,274,,,30.000194116256086
121,2026-10-06T16:26:37.430211+00:00,242.00391406299968,6,ACTIVE_observed,False,2.0000071360009315,0.010220041000138735,,0,500,500,0,0,4604,0,0,0,0,0,26598,25744000,24417000,15355,16554,0,29815,1634,69015,6125,7732,218,0.001132,0.00635,0.009725,2048,0.098117,44.764607,68.068956,2048,15.995329,60.95783,85.674222,2048,32.220042,45.138159,48.946543,2048,0.618359,1.014843,1.537828,617,149.427253,149.724436,151.471111,29,33.160911,71.296872,88.15153,1033,5.732324,56.171063,77.170377,2048,0.004987,0.017896,0.068623,2048,9488,9489,179431,0,1,15511,2374087,0,0.975015,2.880383,5.590602,2048,2,2,472,0,1.146684,20.0,"STATUS online tickets=0 {registered_loaded_endpoints=500, active_endpoints=500, worker_queue=0, actual_tickets=0, transactions=4604, errors=0, queue_rejected=0, quarantined=0, deferred_registry_decodes=0, dropped_wake_hints=0, local_exchange_calls=26598, local_input_units=25744000, local_output_units=24417000, batch_devices=15355, batch_records=16554, batch_payload_bytes=0, local_wakes=29815, remote_hint_wakes=1634, poll_fallback=69015, empty_batches=6125, allocation_misses=7732, local_credit_publications=218, local_ms_p50=0.001132, local_ms_p95=0.00635, local_ms_p99=0.009725, local_ms_samples=2048, queue_ms_p50=0.098117, queue_ms_p95=44.764607, queue_ms_p99=68.068956, queue_ms_samples=2048, execution_ms_p50=15.995329, execution_ms_p95=60.95783, execution_ms_p99=85.674222, execution_ms_samples=2048, apply_ms_p50=32.220042, apply_ms_p95=45.138159, apply_ms_p99=48.946543, apply_ms_samples=2048, tick_ms_p50=0.618359, tick_ms_p95=1.014843, tick_ms_p99=1.537828, tick_ms_samples=617, delivery_ms_p50=149.427253, delivery_ms_p95=149.724436, delivery_ms_p99=151.471111, delivery_ms_samples=29, sql_ms_p50=33.160911, sql_ms_p95=71.296872, sql_ms_p99=88.15153, sql_ms_samples=1033, db_transaction_ms_p50=5.732324, db_transaction_ms_p95=56.171063, db_transaction_ms_p99=77.170377, db_transaction_ms_samples=2048, db_connection_wait_ms_p50=0.004987, db_connection_wait_ms_p95=0.017896, db_connection_wait_ms_p99=0.068623, db_connection_wait_ms_samples=2048, db_transactions=9488, db_transaction_attempts=9489, db_statements=179431, db_deadlock_retries=0, db_active_connections=1, wal_writes=15511, wal_bytes=2374087, wal_identical_skipped=0, wal_barrier_ms_p50=0.975015, wal_barrier_ms_p95=2.880383, wal_barrier_ms_p99=5.590602, wal_barrier_ms_samples=2048, completion_admitted=2, ready_channels=2, ready_devices=472, closing_devices=0, mc_recorded_tick_ms_avg100=1.146684, mc_target_ticks_per_second=20.0}
",28392.88380806,28392.891835389,500,500,500,500,25744000,24417000,440.929361,8409,"BULK count=500 spawned=500 registered=500 bound=500 accepted=25744000 extracted=24417000 fixture_ms_total=440.929361 fixture_ticks=8409
",28392.891970522,28392.892817954,131.85,2795808,55,807047168,824623104,6579560448,779825152,27123712,274,,,27.999900096343527
122,2026-10-06T16:26:39.430241+00:00,244.00394381799924,6,ACTIVE_observed,False,2.0000297549995594,0.006608800002140924,,0,500,500,0,0,4665,0,0,0,0,0,26930,26064000,24771000,15611,16822,0,30187,1665,69595,6125,7866,221,0.001122,0.006329,0.009214,2048,0.097657,44.764607,68.068956,2048,16.037933,62.677636,85.674222,2048,32.40755,45.183709,48.980778,2048,0.611318,1.015515,1.537828,657,149.395024,149.796497,151.471111,32,33.160911,71.958443,88.15153,1094,5.587737,55.976082,76.895442,2048,0.005008,0.017787,0.047542,2048,9612,9614,182005,0,2,15739,2408435,0,0.988114,3.020474,5.889125,2048,2,2,488,0,1.080212,20.0,"STATUS online tickets=0 {registered_loaded_endpoints=500, active_endpoints=500, worker_queue=0, actual_tickets=0, transactions=4665, errors=0, queue_rejected=0, quarantined=0, deferred_registry_decodes=0, dropped_wake_hints=0, local_exchange_calls=26930, local_input_units=26064000, local_output_units=24771000, batch_devices=15611, batch_records=16822, batch_payload_bytes=0, local_wakes=30187, remote_hint_wakes=1665, poll_fallback=69595, empty_batches=6125, allocation_misses=7866, local_credit_publications=221, local_ms_p50=0.001122, local_ms_p95=0.006329, local_ms_p99=0.009214, local_ms_samples=2048, queue_ms_p50=0.097657, queue_ms_p95=44.764607, queue_ms_p99=68.068956, queue_ms_samples=2048, execution_ms_p50=16.037933, execution_ms_p95=62.677636, execution_ms_p99=85.674222, execution_ms_samples=2048, apply_ms_p50=32.40755, apply_ms_p95=45.183709, apply_ms_p99=48.980778, apply_ms_samples=2048, tick_ms_p50=0.611318, tick_ms_p95=1.015515, tick_ms_p99=1.537828, tick_ms_samples=657, delivery_ms_p50=149.395024, delivery_ms_p95=149.796497, delivery_ms_p99=151.471111, delivery_ms_samples=32, sql_ms_p50=33.160911, sql_ms_p95=71.958443, sql_ms_p99=88.15153, sql_ms_samples=1094, db_transaction_ms_p50=5.587737, db_transaction_ms_p95=55.976082, db_transaction_ms_p99=76.895442, db_transaction_ms_samples=2048, db_connection_wait_ms_p50=0.005008, db_connection_wait_ms_p95=0.017787, db_connection_wait_ms_p99=0.047542, db_connection_wait_ms_samples=2048, db_transactions=9612, db_transaction_attempts=9614, db_statements=182005, db_deadlock_retries=0, db_active_connections=2, wal_writes=15739, wal_bytes=2408435, wal_identical_skipped=0, wal_barrier_ms_p50=0.988114, wal_barrier_ms_p95=3.020474, wal_barrier_ms_p99=5.889125, wal_barrier_ms_samples=2048, completion_admitted=2, ready_channels=2, ready_devices=488, closing_devices=0, mc_recorded_tick_ms_avg100=1.080212, mc_target_ticks_per_second=20.0}
",28394.883881861,28394.887519811,500,500,500,500,26064000,24771000,443.185907,8449,"BULK count=500 spawned=500 registered=500 bound=500 accepted=26064000 extracted=24771000 fixture_ms_total=443.185907 fixture_ticks=8449
",28394.887728034,28394.88911807,132.45,2795808,55,807399424,824623104,6579560448,780177408,27123712,274,,,29.999553681646425
123,2026-10-06T16:26:41.430734+00:00,246.00443639700097,6,ACTIVE_observed,False,2.0004925790017296,0.30372580199764343,,0,500,500,0,0,4735,0,0,0,0,0,27263,26384000,25117000,15899,17126,0,30560,1695,70158,6125,8011,222,0.001061,0.006019,0.008913,2048,0.091688,44.543144,68.068956,2048,16.58281,63.921408,85.674222,2048,32.188452,45.218559,48.980778,2048,0.610327,1.001183,1.537828,697,149.395024,149.796497,151.471111,33,33.160911,71.591641,88.091588,1164,5.552628,56.259515,76.895442,2048,0.005067,0.018137,0.062433,2048,9745,9746,185120,0,1,16052,2455004,0,0.986721,2.889578,5.590602,2048,2,2,476,0,1.032004,20.0,"STATUS online tickets=0 {registered_loaded_endpoints=500, active_endpoints=500, worker_queue=0, actual_tickets=0, transactions=4735, errors=0, queue_rejected=0, quarantined=0, deferred_registry_decodes=0, dropped_wake_hints=0, local_exchange_calls=27263, local_input_units=26384000, local_output_units=25117000, batch_devices=15899, batch_records=17126, batch_payload_bytes=0, local_wakes=30560, remote_hint_wakes=1695, poll_fallback=70158, empty_batches=6125, allocation_misses=8011, local_credit_publications=222, local_ms_p50=0.001061, local_ms_p95=0.006019, local_ms_p99=0.008913, local_ms_samples=2048, queue_ms_p50=0.091688, queue_ms_p95=44.543144, queue_ms_p99=68.068956, queue_ms_samples=2048, execution_ms_p50=16.58281, execution_ms_p95=63.921408, execution_ms_p99=85.674222, execution_ms_samples=2048, apply_ms_p50=32.188452, apply_ms_p95=45.218559, apply_ms_p99=48.980778, apply_ms_samples=2048, tick_ms_p50=0.610327, tick_ms_p95=1.001183, tick_ms_p99=1.537828, tick_ms_samples=697, delivery_ms_p50=149.395024, delivery_ms_p95=149.796497, delivery_ms_p99=151.471111, delivery_ms_samples=33, sql_ms_p50=33.160911, sql_ms_p95=71.591641, sql_ms_p99=88.091588, sql_ms_samples=1164, db_transaction_ms_p50=5.552628, db_transaction_ms_p95=56.259515, db_transaction_ms_p99=76.895442, db_transaction_ms_samples=2048, db_connection_wait_ms_p50=0.005067, db_connection_wait_ms_p95=0.018137, db_connection_wait_ms_p99=0.062433, db_connection_wait_ms_samples=2048, db_transactions=9745, db_transaction_attempts=9746, db_statements=185120, db_deadlock_retries=0, db_active_connections=1, wal_writes=16052, wal_bytes=2455004, wal_identical_skipped=0, wal_barrier_ms_p50=0.986721, wal_barrier_ms_p95=2.889578, wal_barrier_ms_p99=5.590602, wal_barrier_ms_samples=2048, completion_admitted=2, ready_channels=2, ready_devices=476, closing_devices=0, mc_recorded_tick_ms_avg100=1.032004, mc_target_ticks_per_second=20.0}
",28396.884389172,28396.886770742,500,500,500,500,26384000,25117000,445.414105,8489,"BULK count=500 spawned=500 registered=500 bound=500 accepted=26384000 extracted=25117000 fixture_ms_total=445.414105 fixture_ticks=8489
",28396.886880797,28396.887470533,133.05,2795808,55,807514112,824623104,6579560448,780292096,27123712,274,395313152,352643276,29.992613134282664
124,2026-10-06T16:26:43.430670+00:00,248.00437348700143,6,ACTIVE_observed,False,1.9999370900004578,0.006030832999385893,,0,500,500,0,0,4791,0,0,0,0,0,27590,26704000,25341000,16131,17374,0,30927,1720,70703,6125,8145,225,0.001111,0.00627,0.009964,2048,0.088088,43.071936,67.783499,2048,16.731423,65.690733,86.723307,2048,32.526977,45.359455,48.980778,2048,0.610327,1.017737,1.462635,737,149.392185,149.796497,151.471111,36,33.185112,71.958443,88.884078,1220,5.50936,57.240135,77.698131,2048,0.005167,0.018758,0.069345,2048,9859,9860,187461,0,1,16249,2484697,0,1.007102,2.86119,5.708068,2048,2,2,486,0,1.224961,20.0,"STATUS online tickets=0 {registered_loaded_endpoints=500, active_endpoints=500, worker_queue=0, actual_tickets=0, transactions=4791, errors=0, queue_rejected=0, quarantined=0, deferred_registry_decodes=0, dropped_wake_hints=0, local_exchange_calls=27590, local_input_units=26704000, local_output_units=25341000, batch_devices=16131, batch_records=17374, batch_payload_bytes=0, local_wakes=30927, remote_hint_wakes=1720, poll_fallback=70703, empty_batches=6125, allocation_misses=8145, local_credit_publications=225, local_ms_p50=0.001111, local_ms_p95=0.00627, local_ms_p99=0.009964, local_ms_samples=2048, queue_ms_p50=0.088088, queue_ms_p95=43.071936, queue_ms_p99=67.783499, queue_ms_samples=2048, execution_ms_p50=16.731423, execution_ms_p95=65.690733, execution_ms_p99=86.723307, execution_ms_samples=2048, apply_ms_p50=32.526977, apply_ms_p95=45.359455, apply_ms_p99=48.980778, apply_ms_samples=2048, tick_ms_p50=0.610327, tick_ms_p95=1.017737, tick_ms_p99=1.462635, tick_ms_samples=737, delivery_ms_p50=149.392185, delivery_ms_p95=149.796497, delivery_ms_p99=151.471111, delivery_ms_samples=36, sql_ms_p50=33.185112, sql_ms_p95=71.958443, sql_ms_p99=88.884078, sql_ms_samples=1220, db_transaction_ms_p50=5.50936, db_transaction_ms_p95=57.240135, db_transaction_ms_p99=77.698131, db_transaction_ms_samples=2048, db_connection_wait_ms_p50=0.005167, db_connection_wait_ms_p95=0.018758, db_connection_wait_ms_p99=0.069345, db_connection_wait_ms_samples=2048, db_transactions=9859, db_transaction_attempts=9860, db_statements=187461, db_deadlock_retries=0, db_active_connections=1, wal_writes=16249, wal_bytes=2484697, wal_identical_skipped=0, wal_barrier_ms_p50=1.007102, wal_barrier_ms_p95=2.86119, wal_barrier_ms_p99=5.708068, wal_barrier_ms_samples=2048, completion_admitted=2, ready_channels=2, ready_devices=486, closing_devices=0, mc_recorded_tick_ms_avg100=1.224961, mc_target_ticks_per_second=20.0}
",28398.884275185,28398.888367608,500,500,500,500,26704000,25341000,447.948883,8529,"BULK count=500 spawned=500 registered=500 bound=500 accepted=26704000 extracted=25341000 fixture_ms_total=447.948883 fixture_ticks=8529
",28398.888480398,28398.889348881,134.11,2795808,55,807645184,824623104,6579560448,780423168,27123712,274,,,53.001667167428735
125,2026-10-06T16:26:45.430295+00:00,250.00396938799895,6,ACTIVE_observed,False,1.9995959009975195,0.004331080999691039,,0,500,500,0,0,4859,0,0,0,0,0,27920,27024000,25594000,16427,17680,0,31297,1752,71292,6125,8276,227,0.001162,0.006099,0.010135,2048,0.084788,42.21576,67.783499,2048,17.248832,66.947909,86.723307,2048,32.058833,45.537256,49.000493,2048,0.609244,1.014843,1.462635,777,149.392185,149.796497,151.471111,38,33.185112,72.05912,88.884078,1288,5.503381,57.297987,77.302376,2048,0.005128,0.018437,0.062433,2048,9987,9989,190586,0,2,16581,2533917,0,1.034613,2.697279,5.344052,2048,2,2,475,0,1.224684,20.0,"STATUS online tickets=0 {registered_loaded_endpoints=500, active_endpoints=500, worker_queue=0, actual_tickets=0, transactions=4859, errors=0, queue_rejected=0, quarantined=0, deferred_registry_decodes=0, dropped_wake_hints=0, local_exchange_calls=27920, local_input_units=27024000, local_output_units=25594000, batch_devices=16427, batch_records=17680, batch_payload_bytes=0, local_wakes=31297, remote_hint_wakes=1752, poll_fallback=71292, empty_batches=6125, allocation_misses=8276, local_credit_publications=227, local_ms_p50=0.001162, local_ms_p95=0.006099, local_ms_p99=0.010135, local_ms_samples=2048, queue_ms_p50=0.084788, queue_ms_p95=42.21576, queue_ms_p99=67.783499, queue_ms_samples=2048, execution_ms_p50=17.248832, execution_ms_p95=66.947909, execution_ms_p99=86.723307, execution_ms_samples=2048, apply_ms_p50=32.058833, apply_ms_p95=45.537256, apply_ms_p99=49.000493, apply_ms_samples=2048, tick_ms_p50=0.609244, tick_ms_p95=1.014843, tick_ms_p99=1.462635, tick_ms_samples=777, delivery_ms_p50=149.392185, delivery_ms_p95=149.796497, delivery_ms_p99=151.471111, delivery_ms_samples=38, sql_ms_p50=33.185112, sql_ms_p95=72.05912, sql_ms_p99=88.884078, sql_ms_samples=1288, db_transaction_ms_p50=5.503381, db_transaction_ms_p95=57.297987, db_transaction_ms_p99=77.302376, db_transaction_ms_samples=2048, db_connection_wait_ms_p50=0.005128, db_connection_wait_ms_p95=0.018437, db_connection_wait_ms_p99=0.062433, db_connection_wait_ms_samples=2048, db_transactions=9987, db_transaction_attempts=9989, db_statements=190586, db_deadlock_retries=0, db_active_connections=2, wal_writes=16581, wal_bytes=2533917, wal_identical_skipped=0, wal_barrier_ms_p50=1.034613, wal_barrier_ms_p95=2.697279, wal_barrier_ms_p99=5.344052, wal_barrier_ms_samples=2048, completion_admitted=2, ready_channels=2, ready_devices=475, closing_devices=0, mc_recorded_tick_ms_avg100=1.224684, mc_target_ticks_per_second=20.0}
",28400.883950605,28400.886296967,500,500,500,500,27024000,25594000,450.266562,8569,"BULK count=500 spawned=500 registered=500 bound=500 accepted=27024000 extracted=25594000 fixture_ms_total=450.266562 fixture_ticks=8569
",28400.886412961,28400.887054534,134.69,2795808,55,807727104,824623104,6579560448,780505088,27123712,274,,,29.005860619670454
126,2026-10-06T16:26:47.430213+00:00,252.00391531499918,6,ACTIVE_observed,False,1.9999459270002262,0.004205412998999236,,0,500,500,0,0,4929,0,0,0,0,0,28249,27344000,25882000,16723,17987,0,31666,1783,71847,6125,8459,228,0.001192,0.00631,0.009964,2048,0.082584,41.385484,67.783499,2048,17.952657,67.436379,86.723307,2048,31.896268,45.860228,49.024743,2048,0.609244,1.014843,1.365419,817,149.392185,149.796497,151.471111,39,33.37324,72.31082,88.15153,1358,5.453394,57.297987,77.928006,2048,0.005108,0.018418,0.047542,2048,10120,10120,193445,0,0,16827,2570163,0,1.051118,2.63136,5.224663,2048,2,2,490,0,1.110818,20.0,"STATUS online tickets=0 {registered_loaded_endpoints=500, active_endpoints=500, worker_queue=0, actual_tickets=0, transactions=4929, errors=0, queue_rejected=0, quarantined=0, deferred_registry_decodes=0, dropped_wake_hints=0, local_exchange_calls=28249, local_input_units=27344000, local_output_units=25882000, batch_devices=16723, batch_records=17987, batch_payload_bytes=0, local_wakes=31666, remote_hint_wakes=1783, poll_fallback=71847, empty_batches=6125, allocation_misses=8459, local_credit_publications=228, local_ms_p50=0.001192, local_ms_p95=0.00631, local_ms_p99=0.009964, local_ms_samples=2048, queue_ms_p50=0.082584, queue_ms_p95=41.385484, queue_ms_p99=67.783499, queue_ms_samples=2048, execution_ms_p50=17.952657, execution_ms_p95=67.436379, execution_ms_p99=86.723307, execution_ms_samples=2048, apply_ms_p50=31.896268, apply_ms_p95=45.860228, apply_ms_p99=49.024743, apply_ms_samples=2048, tick_ms_p50=0.609244, tick_ms_p95=1.014843, tick_ms_p99=1.365419, tick_ms_samples=817, delivery_ms_p50=149.392185, delivery_ms_p95=149.796497, delivery_ms_p99=151.471111, delivery_ms_samples=39, sql_ms_p50=33.37324, sql_ms_p95=72.31082, sql_ms_p99=88.15153, sql_ms_samples=1358, db_transaction_ms_p50=5.453394, db_transaction_ms_p95=57.297987, db_transaction_ms_p99=77.928006, db_transaction_ms_samples=2048, db_connection_wait_ms_p50=0.005108, db_connection_wait_ms_p95=0.018418, db_connection_wait_ms_p99=0.047542, db_connection_wait_ms_samples=2048, db_transactions=10120, db_transaction_attempts=10120, db_statements=193445, db_deadlock_retries=0, db_active_connections=0, wal_writes=16827, wal_bytes=2570163, wal_identical_skipped=0, wal_barrier_ms_p50=1.051118, wal_barrier_ms_p95=2.63136, wal_barrier_ms_p99=5.224663, wal_barrier_ms_samples=2048, completion_admitted=2, ready_channels=2, ready_devices=490, closing_devices=0, mc_recorded_tick_ms_avg100=1.110818, mc_target_ticks_per_second=20.0}
",28402.883815211,28402.886161633,500,500,500,500,27344000,25882000,452.594114,8609,"BULK count=500 spawned=500 registered=500 bound=500 accepted=27344000 extracted=25882000 fixture_ms_total=452.594114 fixture_ticks=8609
",28402.8862733,28402.886805199,135.26,2795808,55,807804928,824623104,6579560448,780582912,27123712,275,,,28.500770561079708
127,2026-10-06T16:26:49.430209+00:00,254.0039110180005,6,ACTIVE_observed,False,1.999995703001332,0.0038734739973733667,,0,500,500,0,0,5003,0,0,0,0,0,28580,27664000,26215000,17019,18292,0,32037,1820,72470,6125,8582,229,0.001132,0.005969,0.008633,2048,0.079574,38.304309,67.478705,2048,19.256861,67.619073,88.097748,2048,31.385259,45.854512,49.000493,2048,0.609475,1.015515,1.365419,857,149.122946,149.724436,151.471111,40,33.233646,72.05912,88.884078,1432,5.433496,56.975661,78.5966,2048,0.005058,0.018437,0.045548,2048,10257,10257,196751,0,0,17186,2622986,0,1.054073,2.797389,5.26343,2048,2,2,494,0,1.067426,20.0,"STATUS online tickets=0 {registered_loaded_endpoints=500, active_endpoints=500, worker_queue=0, actual_tickets=0, transactions=5003, errors=0, queue_rejected=0, quarantined=0, deferred_registry_decodes=0, dropped_wake_hints=0, local_exchange_calls=28580, local_input_units=27664000, local_output_units=26215000, batch_devices=17019, batch_records=18292, batch_payload_bytes=0, local_wakes=32037, remote_hint_wakes=1820, poll_fallback=72470, empty_batches=6125, allocation_misses=8582, local_credit_publications=229, local_ms_p50=0.001132, local_ms_p95=0.005969, local_ms_p99=0.008633, local_ms_samples=2048, queue_ms_p50=0.079574, queue_ms_p95=38.304309, queue_ms_p99=67.478705, queue_ms_samples=2048, execution_ms_p50=19.256861, execution_ms_p95=67.619073, execution_ms_p99=88.097748, execution_ms_samples=2048, apply_ms_p50=31.385259, apply_ms_p95=45.854512, apply_ms_p99=49.000493, apply_ms_samples=2048, tick_ms_p50=0.609475, tick_ms_p95=1.015515, tick_ms_p99=1.365419, tick_ms_samples=857, delivery_ms_p50=149.122946, delivery_ms_p95=149.724436, delivery_ms_p99=151.471111, delivery_ms_samples=40, sql_ms_p50=33.233646, sql_ms_p95=72.05912, sql_ms_p99=88.884078, sql_ms_samples=1432, db_transaction_ms_p50=5.433496, db_transaction_ms_p95=56.975661, db_transaction_ms_p99=78.5966, db_transaction_ms_samples=2048, db_connection_wait_ms_p50=0.005058, db_connection_wait_ms_p95=0.018437, db_connection_wait_ms_p99=0.045548, db_connection_wait_ms_samples=2048, db_transactions=10257, db_transaction_attempts=10257, db_statements=196751, db_deadlock_retries=0, db_active_connections=0, wal_writes=17186, wal_bytes=2622986, wal_identical_skipped=0, wal_barrier_ms_p50=1.054073, wal_barrier_ms_p95=2.797389, wal_barrier_ms_p99=5.26343, wal_barrier_ms_samples=2048, completion_admitted=2, ready_channels=2, ready_devices=494, closing_devices=0, mc_recorded_tick_ms_avg100=1.067426, mc_target_ticks_per_second=20.0}
",28404.883834249,28404.886008172,500,500,500,500,27664000,26215000,454.816109,8649,"BULK count=500 spawned=500 registered=500 bound=500 accepted=27664000 extracted=26215000 fixture_ms_total=454.816109 fixture_ticks=8649
",28404.886125167,28404.886733831,135.92,2795808,55,807895040,824623104,6579560448,780673024,27123712,274,,,33.00007090063018
128,2026-10-06T16:26:51.430210+00:00,256.00391186100023,6,ACTIVE_observed,False,2.000000842999725,0.004245522999553941,,0,500,500,0,0,5071,0,0,0,0,0,28908,27984000,26451000,17323,18604,0,32405,1851,73024,6125,8744,230,0.001082,0.005819,0.008572,2048,0.076916,34.559481,64.28403,2048,20.331708,67.994746,88.097748,2048,31.314054,45.966139,49.024743,2048,0.608143,1.001183,1.365419,897,149.122946,149.724436,151.471111,41,33.266334,71.789748,88.15153,1500,5.40293,55.971408,77.928006,2048,0.005048,0.018658,0.046519,2048,10385,10386,199738,0,1,17465,2664425,0,1.050988,2.600628,5.042113,2048,2,2,491,0,1.034602,20.0,"STATUS online tickets=0 {registered_loaded_endpoints=500, active_endpoints=500, worker_queue=0, actual_tickets=0, transactions=5071, errors=0, queue_rejected=0, quarantined=0, deferred_registry_decodes=0, dropped_wake_hints=0, local_exchange_calls=28908, local_input_units=27984000, local_output_units=26451000, batch_devices=17323, batch_records=18604, batch_payload_bytes=0, local_wakes=32405, remote_hint_wakes=1851, poll_fallback=73024, empty_batches=6125, allocation_misses=8744, local_credit_publications=230, local_ms_p50=0.001082, local_ms_p95=0.005819, local_ms_p99=0.008572, local_ms_samples=2048, queue_ms_p50=0.076916, queue_ms_p95=34.559481, queue_ms_p99=64.28403, queue_ms_samples=2048, execution_ms_p50=20.331708, execution_ms_p95=67.994746, execution_ms_p99=88.097748, execution_ms_samples=2048, apply_ms_p50=31.314054, apply_ms_p95=45.966139, apply_ms_p99=49.024743, apply_ms_samples=2048, tick_ms_p50=0.608143, tick_ms_p95=1.001183, tick_ms_p99=1.365419, tick_ms_samples=897, delivery_ms_p50=149.122946, delivery_ms_p95=149.724436, delivery_ms_p99=151.471111, delivery_ms_samples=41, sql_ms_p50=33.266334, sql_ms_p95=71.789748, sql_ms_p99=88.15153, sql_ms_samples=1500, db_transaction_ms_p50=5.40293, db_transaction_ms_p95=55.971408, db_transaction_ms_p99=77.928006, db_transaction_ms_samples=2048, db_connection_wait_ms_p50=0.005048, db_connection_wait_ms_p95=0.018658, db_connection_wait_ms_p99=0.046519, db_connection_wait_ms_samples=2048, db_transactions=10385, db_transaction_attempts=10386, db_statements=199738, db_deadlock_retries=0, db_active_connections=1, wal_writes=17465, wal_bytes=2664425, wal_identical_skipped=0, wal_barrier_ms_p50=1.050988, wal_barrier_ms_p95=2.600628, wal_barrier_ms_p99=5.042113, wal_barrier_ms_samples=2048, completion_admitted=2, ready_channels=2, ready_devices=491, closing_devices=0, mc_recorded_tick_ms_avg100=1.034602, mc_target_ticks_per_second=20.0}
",28406.883816624,28406.886274603,500,500,500,500,27984000,26451000,456.886689,8689,"BULK count=500 spawned=500 registered=500 bound=500 accepted=27984000 extracted=26451000 fixture_ms_total=456.886689 fixture_ticks=8689
",28406.886387333,28406.887075656,136.48,2795808,55,807976960,824623104,6579560448,780754944,27123712,275,,,27.999988198008936
129,2026-10-06T16:26:53.430236+00:00,258.003938965001,6,ACTIVE_observed,False,2.0000271040007647,0.34961207499873126,,0,500,500,0,0,5138,0,0,0,0,0,29240,28304000,26826000,17611,18908,0,32777,1883,73609,6125,8899,234,0.001131,0.005709,0.008572,2048,0.075564,27.334164,60.858187,2048,21.433947,68.288785,88.884648,2048,31.230193,46.046271,49.045696,2048,0.60642,1.010787,1.362916,937,149.122946,149.724436,151.471111,45,33.266334,71.591641,89.528337,1567,5.367096,56.538822,78.742757,2048,0.005068,0.018978,0.052739,2048,10515,10516,202662,0,1,17734,2704758,0,1.035975,2.293694,4.011131,2048,2,2,471,0,1.125957,20.0,"STATUS online tickets=0 {registered_loaded_endpoints=500, active_endpoints=500, worker_queue=0, actual_tickets=0, transactions=5138, errors=0, queue_rejected=0, quarantined=0, deferred_registry_decodes=0, dropped_wake_hints=0, local_exchange_calls=29240, local_input_units=28304000, local_output_units=26826000, batch_devices=17611, batch_records=18908, batch_payload_bytes=0, local_wakes=32777, remote_hint_wakes=1883, poll_fallback=73609, empty_batches=6125, allocation_misses=8899, local_credit_publications=234, local_ms_p50=0.001131, local_ms_p95=0.005709, local_ms_p99=0.008572, local_ms_samples=2048, queue_ms_p50=0.075564, queue_ms_p95=27.334164, queue_ms_p99=60.858187, queue_ms_samples=2048, execution_ms_p50=21.433947, execution_ms_p95=68.288785, execution_ms_p99=88.884648, execution_ms_samples=2048, apply_ms_p50=31.230193, apply_ms_p95=46.046271, apply_ms_p99=49.045696, apply_ms_samples=2048, tick_ms_p50=0.60642, tick_ms_p95=1.010787, tick_ms_p99=1.362916, tick_ms_samples=937, delivery_ms_p50=149.122946, delivery_ms_p95=149.724436, delivery_ms_p99=151.471111, delivery_ms_samples=45, sql_ms_p50=33.266334, sql_ms_p95=71.591641, sql_ms_p99=89.528337, sql_ms_samples=1567, db_transaction_ms_p50=5.367096, db_transaction_ms_p95=56.538822, db_transaction_ms_p99=78.742757, db_transaction_ms_samples=2048, db_connection_wait_ms_p50=0.005068, db_connection_wait_ms_p95=0.018978, db_connection_wait_ms_p99=0.052739, db_connection_wait_ms_samples=2048, db_transactions=10515, db_transaction_attempts=10516, db_statements=202662, db_deadlock_retries=0, db_active_connections=1, wal_writes=17734, wal_bytes=2704758, wal_identical_skipped=0, wal_barrier_ms_p50=1.035975, wal_barrier_ms_p95=2.293694, wal_barrier_ms_p99=4.011131, wal_barrier_ms_samples=2048, completion_admitted=2, ready_channels=2, ready_devices=471, closing_devices=0, mc_recorded_tick_ms_avg100=1.125957, mc_target_ticks_per_second=20.0}
",28408.88397183,28408.886364081,500,500,500,500,28304000,26826000,459.237737,8729,"BULK count=500 spawned=500 registered=500 bound=500 accepted=28304000 extracted=26826000 fixture_ms_total=459.237737 fixture_ticks=8729
",28408.88648335,28408.887220456,137.06,2795808,55,808054784,824623104,6579560448,780832768,27123712,274,395313152,332916838,28.999606997315507
130,2026-10-06T16:26:55.430160+00:00,260.00386207799966,6,ACTIVE_observed,False,1.9999231129986583,0.004903348999505397,,0,500,500,0,0,5195,0,0,0,0,0,29572,28624000,27210000,17851,19156,0,33149,1910,74168,6125,9006,234,0.001171,0.006299,0.008754,2048,0.075253,27.334164,60.858187,2048,23.932475,69.594333,89.856353,2048,30.806393,46.214997,49.045696,2048,0.604968,1.01311,1.362916,977,149.122946,149.724436,151.471111,45,33.37324,71.958443,89.854901,1624,5.404912,57.98956,78.742757,2048,0.005128,0.018758,0.049895,2048,10632,10633,205284,0,1,17994,2743938,0,1.063686,2.765792,4.751342,2048,2,2,487,0,1.173261,20.0,"STATUS online tickets=0 {registered_loaded_endpoints=500, active_endpoints=500, worker_queue=0, actual_tickets=0, transactions=5195, errors=0, queue_rejected=0, quarantined=0, deferred_registry_decodes=0, dropped_wake_hints=0, local_exchange_calls=29572, local_input_units=28624000, local_output_units=27210000, batch_devices=17851, batch_records=19156, batch_payload_bytes=0, local_wakes=33149, remote_hint_wakes=1910, poll_fallback=74168, empty_batches=6125, allocation_misses=9006, local_credit_publications=234, local_ms_p50=0.001171, local_ms_p95=0.006299, local_ms_p99=0.008754, local_ms_samples=2048, queue_ms_p50=0.075253, queue_ms_p95=27.334164, queue_ms_p99=60.858187, queue_ms_samples=2048, execution_ms_p50=23.932475, execution_ms_p95=69.594333, execution_ms_p99=89.856353, execution_ms_samples=2048, apply_ms_p50=30.806393, apply_ms_p95=46.214997, apply_ms_p99=49.045696, apply_ms_samples=2048, tick_ms_p50=0.604968, tick_ms_p95=1.01311, tick_ms_p99=1.362916, tick_ms_samples=977, delivery_ms_p50=149.122946, delivery_ms_p95=149.724436, delivery_ms_p99=151.471111, delivery_ms_samples=45, sql_ms_p50=33.37324, sql_ms_p95=71.958443, sql_ms_p99=89.854901, sql_ms_samples=1624, db_transaction_ms_p50=5.404912, db_transaction_ms_p95=57.98956, db_transaction_ms_p99=78.742757, db_transaction_ms_samples=2048, db_connection_wait_ms_p50=0.005128, db_connection_wait_ms_p95=0.018758, db_connection_wait_ms_p99=0.049895, db_connection_wait_ms_samples=2048, db_transactions=10632, db_transaction_attempts=10633, db_statements=205284, db_deadlock_retries=0, db_active_connections=1, wal_writes=17994, wal_bytes=2743938, wal_identical_skipped=0, wal_barrier_ms_p50=1.063686, wal_barrier_ms_p95=2.765792, wal_barrier_ms_p99=4.751342, wal_barrier_ms_samples=2048, completion_admitted=2, ready_channels=2, ready_devices=487, closing_devices=0, mc_recorded_tick_ms_avg100=1.173261, mc_target_ticks_per_second=20.0}
",28410.883782785,28410.886497569,500,500,500,500,28624000,27210000,461.809084,8769,"BULK count=500 spawned=500 registered=500 bound=500 accepted=28624000 extracted=27210000 fixture_ms_total=461.809084 fixture_ticks=8769
",28410.886658321,28410.887301836,137.66,2795808,54,807981056,824623104,6579560448,780759040,27123712,274,,,30.001153349358628
131,2026-10-06T16:26:57.430231+00:00,262.00392933200055,6,ACTIVE_observed,False,2.0000672540008964,0.004450289998203516,,0,500,500,0,0,5260,0,0,0,0,0,29904,28944000,27580000,18123,19447,0,33521,1940,74717,6125,9150,236,0.001172,0.006429,0.008983,2048,0.074632,19.588326,58.853643,2048,27.677073,70.735375,89.856353,2048,30.722907,46.181819,49.045696,2048,0.602995,1.010787,1.362916,1017,149.185773,149.724436,151.471111,47,33.413754,72.066006,89.854901,1689,5.416801,58.583157,77.928006,2048,0.005158,0.018758,0.045548,2048,10757,10757,208123,0,0,18269,2784893,0,1.079761,2.792772,4.651842,2048,2,2,485,0,1.106896,20.0,"STATUS online tickets=0 {registered_loaded_endpoints=500, active_endpoints=500, worker_queue=0, actual_tickets=0, transactions=5260, errors=0, queue_rejected=0, quarantined=0, deferred_registry_decodes=0, dropped_wake_hints=0, local_exchange_calls=29904, local_input_units=28944000, local_output_units=27580000, batch_devices=18123, batch_records=19447, batch_payload_bytes=0, local_wakes=33521, remote_hint_wakes=1940, poll_fallback=74717, empty_batches=6125, allocation_misses=9150, local_credit_publications=236, local_ms_p50=0.001172, local_ms_p95=0.006429, local_ms_p99=0.008983, local_ms_samples=2048, queue_ms_p50=0.074632, queue_ms_p95=19.588326, queue_ms_p99=58.853643, queue_ms_samples=2048, execution_ms_p50=27.677073, execution_ms_p95=70.735375, execution_ms_p99=89.856353, execution_ms_samples=2048, apply_ms_p50=30.722907, apply_ms_p95=46.181819, apply_ms_p99=49.045696, apply_ms_samples=2048, tick_ms_p50=0.602995, tick_ms_p95=1.010787, tick_ms_p99=1.362916, tick_ms_samples=1017, delivery_ms_p50=149.185773, delivery_ms_p95=149.724436, delivery_ms_p99=151.471111, delivery_ms_samples=47, sql_ms_p50=33.413754, sql_ms_p95=72.066006, sql_ms_p99=89.854901, sql_ms_samples=1689, db_transaction_ms_p50=5.416801, db_transaction_ms_p95=58.583157, db_transaction_ms_p99=77.928006, db_transaction_ms_samples=2048, db_connection_wait_ms_p50=0.005158, db_connection_wait_ms_p95=0.018758, db_connection_wait_ms_p99=0.045548, db_connection_wait_ms_samples=2048, db_transactions=10757, db_transaction_attempts=10757, db_statements=208123, db_deadlock_retries=0, db_active_connections=0, wal_writes=18269, wal_bytes=2784893, wal_identical_skipped=0, wal_barrier_ms_p50=1.079761, wal_barrier_ms_p95=2.792772, wal_barrier_ms_p99=4.651842, wal_barrier_ms_samples=2048, completion_admitted=2, ready_channels=2, ready_devices=485, closing_devices=0, mc_recorded_tick_ms_avg100=1.106896, mc_target_ticks_per_second=20.0}
",28412.883891952,28412.886211453,500,500,500,500,28944000,27580000,464.226853,8809,"BULK count=500 spawned=500 registered=500 bound=500 accepted=28944000 extracted=27580000 fixture_ms_total=464.226853 fixture_ticks=8809
",28412.88643548,28412.887129191,138.26,2795808,54,808300544,824623104,6579560448,781078528,27123712,274,,,29.998991223908384
132,2026-10-06T16:26:59.430221+00:00,264.00392283600013,6,ACTIVE_observed,False,1.9999935039995762,0.004553945000225212,,0,500,500,0,0,5324,0,0,0,0,0,30234,29264000,27864000,18379,19711,0,33891,1971,75300,6125,9281,238,0.001121,0.006109,0.010095,2048,0.073771,1.795009,53.651539,2048,30.111658,71.574499,89.856353,2048,30.813907,46.214997,49.047498,2048,0.602995,0.996897,1.362916,1057,149.185773,149.724436,151.471111,49,33.37324,72.31082,89.528337,1753,5.416801,59.306407,78.742757,2048,0.005247,0.018929,0.045548,2048,10884,10884,210828,0,0,18529,2823265,0,1.075844,2.876638,4.948979,2048,2,2,481,0,1.067126,20.0,"STATUS online tickets=0 {registered_loaded_endpoints=500, active_endpoints=500, worker_queue=0, actual_tickets=0, transactions=5324, errors=0, queue_rejected=0, quarantined=0, deferred_registry_decodes=0, dropped_wake_hints=0, local_exchange_calls=30234, local_input_units=29264000, local_output_units=27864000, batch_devices=18379, batch_records=19711, batch_payload_bytes=0, local_wakes=33891, remote_hint_wakes=1971, poll_fallback=75300, empty_batches=6125, allocation_misses=9281, local_credit_publications=238, local_ms_p50=0.001121, local_ms_p95=0.006109, local_ms_p99=0.010095, local_ms_samples=2048, queue_ms_p50=0.073771, queue_ms_p95=1.795009, queue_ms_p99=53.651539, queue_ms_samples=2048, execution_ms_p50=30.111658, execution_ms_p95=71.574499, execution_ms_p99=89.856353, execution_ms_samples=2048, apply_ms_p50=30.813907, apply_ms_p95=46.214997, apply_ms_p99=49.047498, apply_ms_samples=2048, tick_ms_p50=0.602995, tick_ms_p95=0.996897, tick_ms_p99=1.362916, tick_ms_samples=1057, delivery_ms_p50=149.185773, delivery_ms_p95=149.724436, delivery_ms_p99=151.471111, delivery_ms_samples=49, sql_ms_p50=33.37324, sql_ms_p95=72.31082, sql_ms_p99=89.528337, sql_ms_samples=1753, db_transaction_ms_p50=5.416801, db_transaction_ms_p95=59.306407, db_transaction_ms_p99=78.742757, db_transaction_ms_samples=2048, db_connection_wait_ms_p50=0.005247, db_connection_wait_ms_p95=0.018929, db_connection_wait_ms_p99=0.045548, db_connection_wait_ms_samples=2048, db_transactions=10884, db_transaction_attempts=10884, db_statements=210828, db_deadlock_retries=0, db_active_connections=0, wal_writes=18529, wal_bytes=2823265, wal_identical_skipped=0, wal_barrier_ms_p50=1.075844, wal_barrier_ms_p95=2.876638, wal_barrier_ms_p99=4.948979, wal_barrier_ms_samples=2048, completion_admitted=2, ready_channels=2, ready_devices=481, closing_devices=0, mc_recorded_tick_ms_avg100=1.067126, mc_target_ticks_per_second=20.0}
",28414.883826397,28414.885915122,500,500,500,500,29264000,27864000,466.234272,8849,"BULK count=500 spawned=500 registered=500 bound=500 accepted=29264000 extracted=27864000 fixture_ms_total=466.234272 fixture_ticks=8849
",28414.886050004,28414.887354132,139.13,2795808,54,808976384,824623104,6579560448,781754368,27123712,274,,,43.500141288468356
133,2026-10-06T16:27:01.430326+00:00,266.0040277320004,6,ACTIVE_observed,False,2.0001048960002663,0.009612106998247327,,0,500,500,0,0,5386,0,0,0,0,0,30566,29584000,28195000,18651,19993,0,34263,2000,75881,6125,9418,240,0.001111,0.006129,0.010656,2048,0.07292,0.778409,38.304309,2048,32.263133,71.960346,90.473582,2048,30.973213,46.37939,49.084588,2048,0.601884,0.995885,1.365419,1097,149.122946,149.724436,151.471111,51,33.456139,72.530459,89.854901,1815,5.404912,59.409954,79.514756,2048,0.005278,0.019369,0.049895,2048,11009,11009,213587,0,0,18794,2862314,0,1.070677,2.914394,5.233585,2048,2,2,493,0,1.07593,20.0,"STATUS online tickets=0 {registered_loaded_endpoints=500, active_endpoints=500, worker_queue=0, actual_tickets=0, transactions=5386, errors=0, queue_rejected=0, quarantined=0, deferred_registry_decodes=0, dropped_wake_hints=0, local_exchange_calls=30566, local_input_units=29584000, local_output_units=28195000, batch_devices=18651, batch_records=19993, batch_payload_bytes=0, local_wakes=34263, remote_hint_wakes=2000, poll_fallback=75881, empty_batches=6125, allocation_misses=9418, local_credit_publications=240, local_ms_p50=0.001111, local_ms_p95=0.006129, local_ms_p99=0.010656, local_ms_samples=2048, queue_ms_p50=0.07292, queue_ms_p95=0.778409, queue_ms_p99=38.304309, queue_ms_samples=2048, execution_ms_p50=32.263133, execution_ms_p95=71.960346, execution_ms_p99=90.473582, execution_ms_samples=2048, apply_ms_p50=30.973213, apply_ms_p95=46.37939, apply_ms_p99=49.084588, apply_ms_samples=2048, tick_ms_p50=0.601884, tick_ms_p95=0.995885, tick_ms_p99=1.365419, tick_ms_samples=1097, delivery_ms_p50=149.122946, delivery_ms_p95=149.724436, delivery_ms_p99=151.471111, delivery_ms_samples=51, sql_ms_p50=33.456139, sql_ms_p95=72.530459, sql_ms_p99=89.854901, sql_ms_samples=1815, db_transaction_ms_p50=5.404912, db_transaction_ms_p95=59.409954, db_transaction_ms_p99=79.514756, db_transaction_ms_samples=2048, db_connection_wait_ms_p50=0.005278, db_connection_wait_ms_p95=0.019369, db_connection_wait_ms_p99=0.049895, db_connection_wait_ms_samples=2048, db_transactions=11009, db_transaction_attempts=11009, db_statements=213587, db_deadlock_retries=0, db_active_connections=0, wal_writes=18794, wal_bytes=2862314, wal_identical_skipped=0, wal_barrier_ms_p50=1.070677, wal_barrier_ms_p95=2.914394, wal_barrier_ms_p99=5.233585, wal_barrier_ms_samples=2048, completion_admitted=2, ready_channels=2, ready_devices=493, closing_devices=0, mc_recorded_tick_ms_avg100=1.07593, mc_target_ticks_per_second=20.0}
",28416.883986726,28416.89080847,500,500,500,500,29584000,28195000,468.315667,8889,"BULK count=500 spawned=500 registered=500 bound=500 accepted=29584000 extracted=28195000 fixture_ms_total=468.315667 fixture_ticks=8889
",28416.891273107,28416.89237056,139.82,2795808,54,809050112,824623104,6579560448,781828096,27123712,274,,,34.49819063889266
134,2026-10-06T16:27:03.430214+00:00,268.0039161829991,6,ACTIVE_observed,False,1.9998884509986965,0.007104944001184776,,0,500,500,0,0,5446,0,0,0,0,0,30898,29904000,28531000,18907,20258,0,34635,2028,76454,6125,9552,241,0.001172,0.006269,0.012349,2048,0.071643,0.624171,1.212184,2048,33.458793,72.240843,91.538722,2048,31.248585,46.547023,49.084588,2048,0.604287,1.01311,1.372932,1137,149.098654,149.724436,151.471111,52,33.433132,72.530459,90.499215,1875,5.40293,59.288491,79.514756,2048,0.005368,0.01969,0.057576,2048,11128,11130,216214,0,2,19042,2898818,0,1.089676,3.080424,5.5762,2048,2,2,487,0,1.215069,20.0,"STATUS online tickets=0 {registered_loaded_endpoints=500, active_endpoints=500, worker_queue=0, actual_tickets=0, transactions=5446, errors=0, queue_rejected=0, quarantined=0, deferred_registry_decodes=0, dropped_wake_hints=0, local_exchange_calls=30898, local_input_units=29904000, local_output_units=28531000, batch_devices=18907, batch_records=20258, batch_payload_bytes=0, local_wakes=34635, remote_hint_wakes=2028, poll_fallback=76454, empty_batches=6125, allocation_misses=9552, local_credit_publications=241, local_ms_p50=0.001172, local_ms_p95=0.006269, local_ms_p99=0.012349, local_ms_samples=2048, queue_ms_p50=0.071643, queue_ms_p95=0.624171, queue_ms_p99=1.212184, queue_ms_samples=2048, execution_ms_p50=33.458793, execution_ms_p95=72.240843, execution_ms_p99=91.538722, execution_ms_samples=2048, apply_ms_p50=31.248585, apply_ms_p95=46.547023, apply_ms_p99=49.084588, apply_ms_samples=2048, tick_ms_p50=0.604287, tick_ms_p95=1.01311, tick_ms_p99=1.372932, tick_ms_samples=1137, delivery_ms_p50=149.098654, delivery_ms_p95=149.724436, delivery_ms_p99=151.471111, delivery_ms_samples=52, sql_ms_p50=33.433132, sql_ms_p95=72.530459, sql_ms_p99=90.499215, sql_ms_samples=1875, db_transaction_ms_p50=5.40293, db_transaction_ms_p95=59.288491, db_transaction_ms_p99=79.514756, db_transaction_ms_samples=2048, db_connection_wait_ms_p50=0.005368, db_connection_wait_ms_p95=0.01969, db_connection_wait_ms_p99=0.057576, db_connection_wait_ms_samples=2048, db_transactions=11128, db_transaction_attempts=11130, db_statements=216214, db_deadlock_retries=0, db_active_connections=2, wal_writes=19042, wal_bytes=2898818, wal_identical_skipped=0, wal_barrier_ms_p50=1.089676, wal_barrier_ms_p95=3.080424, wal_barrier_ms_p99=5.5762, wal_barrier_ms_samples=2048, completion_admitted=2, ready_channels=2, ready_devices=487, closing_devices=0, mc_recorded_tick_ms_avg100=1.215069, mc_target_ticks_per_second=20.0}
",28418.883829438,28418.888794962,500,500,500,500,29904000,28531000,471.366587,8929,"BULK count=500 spawned=500 registered=500 bound=500 accepted=29904000 extracted=28531000 fixture_ms_total=471.366587 fixture_ticks=8929
",28418.888915362,28418.889590866,140.9,2795808,54,809127936,824623104,6579560448,781905920,27123712,274,,,54.00301199102812
135,2026-10-06T16:27:05.430411+00:00,270.004113504001,6,ACTIVE_observed,False,2.000197321001906,0.29964935799944215,,0,500,500,0,0,5511,0,0,0,0,0,31229,30224000,28855000,19187,20546,0,35006,2056,77013,6125,9691,242,0.001262,0.00654,0.01305,2048,0.070821,0.591739,1.094634,2048,33.980703,73.097795,91.74789,2048,31.563135,46.565186,49.047498,2048,0.600862,1.014843,1.372932,1177,149.122946,149.724436,151.471111,53,33.639395,72.530459,90.499215,1940,5.404912,59.793821,78.742757,2048,0.005398,0.0198,0.062023,2048,11251,11252,219100,0,1,19335,2942039,0,1.090226,3.074625,5.370628,2048,2,2,488,0,1.226025,20.0,"STATUS online tickets=0 {registered_loaded_endpoints=500, active_endpoints=500, worker_queue=0, actual_tickets=0, transactions=5511, errors=0, queue_rejected=0, quarantined=0, deferred_registry_decodes=0, dropped_wake_hints=0, local_exchange_calls=31229, local_input_units=30224000, local_output_units=28855000, batch_devices=19187, batch_records=20546, batch_payload_bytes=0, local_wakes=35006, remote_hint_wakes=2056, poll_fallback=77013, empty_batches=6125, allocation_misses=9691, local_credit_publications=242, local_ms_p50=0.001262, local_ms_p95=0.00654, local_ms_p99=0.01305, local_ms_samples=2048, queue_ms_p50=0.070821, queue_ms_p95=0.591739, queue_ms_p99=1.094634, queue_ms_samples=2048, execution_ms_p50=33.980703, execution_ms_p95=73.097795, execution_ms_p99=91.74789, execution_ms_samples=2048, apply_ms_p50=31.563135, apply_ms_p95=46.565186, apply_ms_p99=49.047498, apply_ms_samples=2048, tick_ms_p50=0.600862, tick_ms_p95=1.014843, tick_ms_p99=1.372932, tick_ms_samples=1177, delivery_ms_p50=149.122946, delivery_ms_p95=149.724436, delivery_ms_p99=151.471111, delivery_ms_samples=53, sql_ms_p50=33.639395, sql_ms_p95=72.530459, sql_ms_p99=90.499215, sql_ms_samples=1940, db_transaction_ms_p50=5.404912, db_transaction_ms_p95=59.793821, db_transaction_ms_p99=78.742757, db_transaction_ms_samples=2048, db_connection_wait_ms_p50=0.005398, db_connection_wait_ms_p95=0.0198, db_connection_wait_ms_p99=0.062023, db_connection_wait_ms_samples=2048, db_transactions=11251, db_transaction_attempts=11252, db_statements=219100, db_deadlock_retries=0, db_active_connections=1, wal_writes=19335, wal_bytes=2942039, wal_identical_skipped=0, wal_barrier_ms_p50=1.090226, wal_barrier_ms_p95=3.074625, wal_barrier_ms_p99=5.370628, wal_barrier_ms_samples=2048, completion_admitted=2, ready_channels=2, ready_devices=488, closing_devices=0, mc_recorded_tick_ms_avg100=1.226025, mc_target_ticks_per_second=20.0}
",28420.88404699,28420.886053421,500,500,500,500,30224000,28855000,473.739258,8969,"BULK count=500 spawned=500 registered=500 bound=500 accepted=30224000 extracted=28855000 fixture_ms_total=473.739258 fixture_ticks=8969
",28420.886164578,28420.886757027,141.53,2795808,54,809328640,824623104,6579560448,782106624,27123712,274,395313152,289132646,31.496892500807185
136,2026-10-06T16:27:07.430240+00:00,272.0039425670002,6,ACTIVE_observed,False,1.999829062999197,0.004913941000268096,,0,500,500,0,0,5575,0,0,0,0,0,31559,30544000,29156000,19459,20826,0,35376,2084,77559,6125,9838,244,0.001192,0.00642,0.010966,2048,0.070606,0.58294,1.013932,2048,33.969146,72.603088,90.847097,2048,31.664259,46.580363,49.084588,2048,0.602204,1.017737,1.373441,1217,149.122946,149.724436,151.471111,55,33.701618,73.096272,90.499215,2004,5.236635,60.24275,78.5966,2048,0.005338,0.02031,0.062023,2048,11367,11368,221752,0,1,19584,2978680,0,1.102425,3.129753,5.5762,2048,2,2,478,0,1.203142,20.0,"STATUS online tickets=0 {registered_loaded_endpoints=500, active_endpoints=500, worker_queue=0, actual_tickets=0, transactions=5575, errors=0, queue_rejected=0, quarantined=0, deferred_registry_decodes=0, dropped_wake_hints=0, local_exchange_calls=31559, local_input_units=30544000, local_output_units=29156000, batch_devices=19459, batch_records=20826, batch_payload_bytes=0, local_wakes=35376, remote_hint_wakes=2084, poll_fallback=77559, empty_batches=6125, allocation_misses=9838, local_credit_publications=244, local_ms_p50=0.001192, local_ms_p95=0.00642, local_ms_p99=0.010966, local_ms_samples=2048, queue_ms_p50=0.070606, queue_ms_p95=0.58294, queue_ms_p99=1.013932, queue_ms_samples=2048, execution_ms_p50=33.969146, execution_ms_p95=72.603088, execution_ms_p99=90.847097, execution_ms_samples=2048, apply_ms_p50=31.664259, apply_ms_p95=46.580363, apply_ms_p99=49.084588, apply_ms_samples=2048, tick_ms_p50=0.602204, tick_ms_p95=1.017737, tick_ms_p99=1.373441, tick_ms_samples=1217, delivery_ms_p50=149.122946, delivery_ms_p95=149.724436, delivery_ms_p99=151.471111, delivery_ms_samples=55, sql_ms_p50=33.701618, sql_ms_p95=73.096272, sql_ms_p99=90.499215, sql_ms_samples=2004, db_transaction_ms_p50=5.236635, db_transaction_ms_p95=60.24275, db_transaction_ms_p99=78.5966, db_transaction_ms_samples=2048, db_connection_wait_ms_p50=0.005338, db_connection_wait_ms_p95=0.02031, db_connection_wait_ms_p99=0.062023, db_connection_wait_ms_samples=2048, db_transactions=11367, db_transaction_attempts=11368, db_statements=221752, db_deadlock_retries=0, db_active_connections=1, wal_writes=19584, wal_bytes=2978680, wal_identical_skipped=0, wal_barrier_ms_p50=1.102425, wal_barrier_ms_p95=3.129753, wal_barrier_ms_p99=5.5762, wal_barrier_ms_samples=2048, completion_admitted=2, ready_channels=2, ready_devices=478, closing_devices=0, mc_recorded_tick_ms_avg100=1.203142, mc_target_ticks_per_second=20.0}
",28422.883846359,28422.886202445,500,500,500,500,30544000,29156000,476.096207,9009,"BULK count=500 spawned=500 registered=500 bound=500 accepted=30544000 extracted=29156000 fixture_ms_total=476.096207 fixture_ticks=9009
",28422.886351128,28422.887036797,142.06,2795808,54,809443328,824623104,6579560448,782221312,27123712,274,,,26.502265108856154
137,2026-10-06T16:27:09.430183+00:00,274.00386793099824,6,ACTIVE_observed,False,1.9999253639980452,0.00429456700294395,,0,500,500,0,0,5643,0,0,0,0,0,31891,30864000,29509000,19739,21114,0,35748,2117,78171,6125,9961,246,0.001082,0.0063,0.009825,2048,0.06996,0.545549,0.997497,2048,33.775401,73.232833,90.847097,2048,31.639261,46.64025,49.126443,2048,0.604968,1.022014,1.462635,1257,149.185773,149.796497,199.222753,57,33.7746,73.232262,90.846506,2048,5.346024,60.24275,78.742757,2048,0.005338,0.02031,0.062023,2048,11498,11498,224799,0,0,19902,3025734,0,1.095584,3.176468,6.144853,2048,2,2,490,0,1.219828,20.0,"STATUS online tickets=0 {registered_loaded_endpoints=500, active_endpoints=500, worker_queue=0, actual_tickets=0, transactions=5643, errors=0, queue_rejected=0, quarantined=0, deferred_registry_decodes=0, dropped_wake_hints=0, local_exchange_calls=31891, local_input_units=30864000, local_output_units=29509000, batch_devices=19739, batch_records=21114, batch_payload_bytes=0, local_wakes=35748, remote_hint_wakes=2117, poll_fallback=78171, empty_batches=6125, allocation_misses=9961, local_credit_publications=246, local_ms_p50=0.001082, local_ms_p95=0.0063, local_ms_p99=0.009825, local_ms_samples=2048, queue_ms_p50=0.06996, queue_ms_p95=0.545549, queue_ms_p99=0.997497, queue_ms_samples=2048, execution_ms_p50=33.775401, execution_ms_p95=73.232833, execution_ms_p99=90.847097, execution_ms_samples=2048, apply_ms_p50=31.639261, apply_ms_p95=46.64025, apply_ms_p99=49.126443, apply_ms_samples=2048, tick_ms_p50=0.604968, tick_ms_p95=1.022014, tick_ms_p99=1.462635, tick_ms_samples=1257, delivery_ms_p50=149.185773, delivery_ms_p95=149.796497, delivery_ms_p99=199.222753, delivery_ms_samples=57, sql_ms_p50=33.7746, sql_ms_p95=73.232262, sql_ms_p99=90.846506, sql_ms_samples=2048, db_transaction_ms_p50=5.346024, db_transaction_ms_p95=60.24275, db_transaction_ms_p99=78.742757, db_transaction_ms_samples=2048, db_connection_wait_ms_p50=0.005338, db_connection_wait_ms_p95=0.02031, db_connection_wait_ms_p99=0.062023, db_connection_wait_ms_samples=2048, db_transactions=11498, db_transaction_attempts=11498, db_statements=224799, db_deadlock_retries=0, db_active_connections=0, wal_writes=19902, wal_bytes=3025734, wal_identical_skipped=0, wal_barrier_ms_p50=1.095584, wal_barrier_ms_p95=3.176468, wal_barrier_ms_p99=6.144853, wal_barrier_ms_samples=2048, completion_admitted=2, ready_channels=2, ready_devices=490, closing_devices=0, mc_recorded_tick_ms_avg100=1.219828, mc_target_ticks_per_second=20.0}
",28424.88382322,28424.886166517,500,500,500,500,30864000,29509000,478.187522,9049,"BULK count=500 spawned=500 registered=500 bound=500 accepted=30864000 extracted=29509000 fixture_ms_total=478.187522 fixture_ticks=9049
",28424.88631484,28424.886959898,142.67,2795808,54,809562112,824623104,6579560448,782340096,27123712,274,,,30.50113824150597
138,2026-10-06T16:27:11.430179+00:00,276.00386958200033,6,ACTIVE_observed,False,2.000001651002094,0.004065983001055429,,0,500,500,0,0,5710,0,0,0,0,0,32223,31184000,29838000,20027,21418,0,36120,2148,78718,6125,10116,248,0.001101,0.0063,0.009795,2048,0.069158,0.533841,0.961889,2048,33.980703,73.211152,90.847097,2048,31.610087,46.667165,49.3494,2048,0.604046,1.023596,1.462635,1297,149.122946,149.796497,199.222753,59,33.977017,73.208768,90.846506,2048,5.346024,59.579879,78.742757,2048,0.005288,0.021021,0.062394,2048,11623,11624,227735,0,1,20174,3066646,0,1.0658,3.109568,5.944843,2048,2,2,473,0,1.133304,20.0,"STATUS online tickets=0 {registered_loaded_endpoints=500, active_endpoints=500, worker_queue=0, actual_tickets=0, transactions=5710, errors=0, queue_rejected=0, quarantined=0, deferred_registry_decodes=0, dropped_wake_hints=0, local_exchange_calls=32223, local_input_units=31184000, local_output_units=29838000, batch_devices=20027, batch_records=21418, batch_payload_bytes=0, local_wakes=36120, remote_hint_wakes=2148, poll_fallback=78718, empty_batches=6125, allocation_misses=10116, local_credit_publications=248, local_ms_p50=0.001101, local_ms_p95=0.0063, local_ms_p99=0.009795, local_ms_samples=2048, queue_ms_p50=0.069158, queue_ms_p95=0.533841, queue_ms_p99=0.961889, queue_ms_samples=2048, execution_ms_p50=33.980703, execution_ms_p95=73.211152, execution_ms_p99=90.847097, execution_ms_samples=2048, apply_ms_p50=31.610087, apply_ms_p95=46.667165, apply_ms_p99=49.3494, apply_ms_samples=2048, tick_ms_p50=0.604046, tick_ms_p95=1.023596, tick_ms_p99=1.462635, tick_ms_samples=1297, delivery_ms_p50=149.122946, delivery_ms_p95=149.796497, delivery_ms_p99=199.222753, delivery_ms_samples=59, sql_ms_p50=33.977017, sql_ms_p95=73.208768, sql_ms_p99=90.846506, sql_ms_samples=2048, db_transaction_ms_p50=5.346024, db_transaction_ms_p95=59.579879, db_transaction_ms_p99=78.742757, db_transaction_ms_samples=2048, db_connection_wait_ms_p50=0.005288, db_connection_wait_ms_p95=0.021021, db_connection_wait_ms_p99=0.062394, db_connection_wait_ms_samples=2048, db_transactions=11623, db_transaction_attempts=11624, db_statements=227735, db_deadlock_retries=0, db_active_connections=1, wal_writes=20174, wal_bytes=3066646, wal_identical_skipped=0, wal_barrier_ms_p50=1.0658, wal_barrier_ms_p95=3.109568, wal_barrier_ms_p99=5.944843, wal_barrier_ms_samples=2048, completion_admitted=2, ready_channels=2, ready_devices=473, closing_devices=0, mc_recorded_tick_ms_avg100=1.133304, mc_target_ticks_per_second=20.0}
",28426.883789627,28426.885922779,500,500,500,500,31184000,29838000,480.644929,9089,"BULK count=500 spawned=500 registered=500 bound=500 accepted=31184000 extracted=29838000 fixture_ms_total=480.644929 fixture_ticks=9089
",28426.886052775,28426.88680901,143.21,2795808,54,809656320,824623104,6579560448,782434304,27123712,274,,,26.99997771149115
139,2026-10-06T16:27:13.430243+00:00,278.0039447739982,6,ACTIVE_observed,False,2.000075191997894,0.004119332999835024,,0,500,500,0,0,5773,0,0,0,0,0,32556,31504000,30183000,20291,21694,0,36493,2177,79325,6125,10246,250,0.001161,0.006009,0.009324,2048,0.068843,0.52009,0.947758,2048,34.122474,74.053829,91.538722,2048,31.598274,46.667165,49.3494,2048,0.602204,1.022004,1.373441,1337,149.185773,149.724436,199.222753,61,34.118679,74.049853,91.536509,2048,5.441948,60.499706,82.492991,2048,0.005288,0.021442,0.062394,2048,11743,11743,230516,0,0,20448,3107656,0,1.06616,3.109568,5.858003,2048,2,2,489,0,1.089985,20.0,"STATUS online tickets=0 {registered_loaded_endpoints=500, active_endpoints=500, worker_queue=0, actual_tickets=0, transactions=5773, errors=0, queue_rejected=0, quarantined=0, deferred_registry_decodes=0, dropped_wake_hints=0, local_exchange_calls=32556, local_input_units=31504000, local_output_units=30183000, batch_devices=20291, batch_records=21694, batch_payload_bytes=0, local_wakes=36493, remote_hint_wakes=2177, poll_fallback=79325, empty_batches=6125, allocation_misses=10246, local_credit_publications=250, local_ms_p50=0.001161, local_ms_p95=0.006009, local_ms_p99=0.009324, local_ms_samples=2048, queue_ms_p50=0.068843, queue_ms_p95=0.52009, queue_ms_p99=0.947758, queue_ms_samples=2048, execution_ms_p50=34.122474, execution_ms_p95=74.053829, execution_ms_p99=91.538722, execution_ms_samples=2048, apply_ms_p50=31.598274, apply_ms_p95=46.667165, apply_ms_p99=49.3494, apply_ms_samples=2048, tick_ms_p50=0.602204, tick_ms_p95=1.022004, tick_ms_p99=1.373441, tick_ms_samples=1337, delivery_ms_p50=149.185773, delivery_ms_p95=149.724436, delivery_ms_p99=199.222753, delivery_ms_samples=61, sql_ms_p50=34.118679, sql_ms_p95=74.049853, sql_ms_p99=91.536509, sql_ms_samples=2048, db_transaction_ms_p50=5.441948, db_transaction_ms_p95=60.499706, db_transaction_ms_p99=82.492991, db_transaction_ms_samples=2048, db_connection_wait_ms_p50=0.005288, db_connection_wait_ms_p95=0.021442, db_connection_wait_ms_p99=0.062394, db_connection_wait_ms_samples=2048, db_transactions=11743, db_transaction_attempts=11743, db_statements=230516, db_deadlock_retries=0, db_active_connections=0, wal_writes=20448, wal_bytes=3107656, wal_identical_skipped=0, wal_barrier_ms_p50=1.06616, wal_barrier_ms_p95=3.109568, wal_barrier_ms_p99=5.858003, wal_barrier_ms_samples=2048, completion_admitted=2, ready_channels=2, ready_devices=489, closing_devices=0, mc_recorded_tick_ms_avg100=1.089985, mc_target_ticks_per_second=20.0}
",28428.883855526,28428.886247646,500,500,500,500,31504000,30183000,482.859213,9129,"BULK count=500 spawned=500 registered=500 bound=500 accepted=31504000 extracted=30183000 fixture_ms_total=482.859213 fixture_ticks=9129
",28428.886359424,28428.887015438,143.8,2795808,54,809754624,824623104,6579695616,782532608,27123712,274,,,29.498890959726715
140,2026-10-06T16:27:15.430257+00:00,280.00395838799886,6,ACTIVE_observed,False,2.000013614000636,0.0038788919991930015,,0,500,500,0,0,5830,0,0,0,0,0,32887,31824000,30505000,20555,21968,0,36864,2204,79855,6125,10390,252,0.001221,0.00623,0.009074,2048,0.068588,0.49255,0.934883,2048,34.122474,74.601241,91.538722,2048,31.563135,46.745601,49.38196,2048,0.600862,1.022014,1.373441,1377,149.202182,149.724436,199.222753,63,34.118679,74.599117,91.536509,2048,5.380806,60.499706,80.647107,2048,0.005298,0.02022,0.057997,2048,11863,11865,233079,0,2,20687,3143559,0,1.062054,3.172181,5.858003,2048,2,2,485,0,1.070627,20.0,"STATUS online tickets=0 {registered_loaded_endpoints=500, active_endpoints=500, worker_queue=0, actual_tickets=0, transactions=5830, errors=0, queue_rejected=0, quarantined=0, deferred_registry_decodes=0, dropped_wake_hints=0, local_exchange_calls=32887, local_input_units=31824000, local_output_units=30505000, batch_devices=20555, batch_records=21968, batch_payload_bytes=0, local_wakes=36864, remote_hint_wakes=2204, poll_fallback=79855, empty_batches=6125, allocation_misses=10390, local_credit_publications=252, local_ms_p50=0.001221, local_ms_p95=0.00623, local_ms_p99=0.009074, local_ms_samples=2048, queue_ms_p50=0.068588, queue_ms_p95=0.49255, queue_ms_p99=0.934883, queue_ms_samples=2048, execution_ms_p50=34.122474, execution_ms_p95=74.601241, execution_ms_p99=91.538722, execution_ms_samples=2048, apply_ms_p50=31.563135, apply_ms_p95=46.745601, apply_ms_p99=49.38196, apply_ms_samples=2048, tick_ms_p50=0.600862, tick_ms_p95=1.022014, tick_ms_p99=1.373441, tick_ms_samples=1377, delivery_ms_p50=149.202182, delivery_ms_p95=149.724436, delivery_ms_p99=199.222753, delivery_ms_samples=63, sql_ms_p50=34.118679, sql_ms_p95=74.599117, sql_ms_p99=91.536509, sql_ms_samples=2048, db_transaction_ms_p50=5.380806, db_transaction_ms_p95=60.499706, db_transaction_ms_p99=80.647107, db_transaction_ms_samples=2048, db_connection_wait_ms_p50=0.005298, db_connection_wait_ms_p95=0.02022, db_connection_wait_ms_p99=0.057997, db_connection_wait_ms_samples=2048, db_transactions=11863, db_transaction_attempts=11865, db_statements=233079, db_deadlock_retries=0, db_active_connections=2, wal_writes=20687, wal_bytes=3143559, wal_identical_skipped=0, wal_barrier_ms_p50=1.062054, wal_barrier_ms_p95=3.172181, wal_barrier_ms_p99=5.858003, wal_barrier_ms_samples=2048, completion_admitted=2, ready_channels=2, ready_devices=485, closing_devices=0, mc_recorded_tick_ms_avg100=1.070627, mc_target_ticks_per_second=20.0}
",28430.883866165,28430.886000529,500,500,500,500,31824000,30505000,485.089891,9169,"BULK count=500 spawned=500 registered=500 bound=500 accepted=31824000 extracted=30505000 fixture_ms_total=485.089891 fixture_ticks=9169
",28430.886113769,28430.886701871,144.39,2795808,54,809857024,824623104,6579695616,782635008,27123712,274,,,29.499799194856248
141,2026-10-06T16:27:17.430235+00:00,282.00393791199895,6,ACTIVE_observed,False,1.9999795240000822,0.29020984200178646,,0,500,500,0,0,5900,0,0,0,0,0,33215,32144000,30761000,20843,22274,0,37232,2236,80423,6125,10534,254,0.001162,0.006109,0.009584,2048,0.068558,0.510817,0.939199,2048,33.995087,74.656089,91.74789,2048,31.451464,46.692686,49.352598,2048,0.601884,1.022014,1.373441,1417,149.185773,149.724436,199.222753,65,33.994456,74.655257,91.744164,2048,5.441948,60.24275,82.492991,2048,0.005368,0.022043,0.062394,2048,11996,11997,236214,0,1,20991,3188927,0,1.060732,3.038461,5.207377,2048,2,2,487,0,1.024838,20.0,"STATUS online tickets=0 {registered_loaded_endpoints=500, active_endpoints=500, worker_queue=0, actual_tickets=0, transactions=5900, errors=0, queue_rejected=0, quarantined=0, deferred_registry_decodes=0, dropped_wake_hints=0, local_exchange_calls=33215, local_input_units=32144000, local_output_units=30761000, batch_devices=20843, batch_records=22274, batch_payload_bytes=0, local_wakes=37232, remote_hint_wakes=2236, poll_fallback=80423, empty_batches=6125, allocation_misses=10534, local_credit_publications=254, local_ms_p50=0.001162, local_ms_p95=0.006109, local_ms_p99=0.009584, local_ms_samples=2048, queue_ms_p50=0.068558, queue_ms_p95=0.510817, queue_ms_p99=0.939199, queue_ms_samples=2048, execution_ms_p50=33.995087, execution_ms_p95=74.656089, execution_ms_p99=91.74789, execution_ms_samples=2048, apply_ms_p50=31.451464, apply_ms_p95=46.692686, apply_ms_p99=49.352598, apply_ms_samples=2048, tick_ms_p50=0.601884, tick_ms_p95=1.022014, tick_ms_p99=1.373441, tick_ms_samples=1417, delivery_ms_p50=149.185773, delivery_ms_p95=149.724436, delivery_ms_p99=199.222753, delivery_ms_samples=65, sql_ms_p50=33.994456, sql_ms_p95=74.655257, sql_ms_p99=91.744164, sql_ms_samples=2048, db_transaction_ms_p50=5.441948, db_transaction_ms_p95=60.24275, db_transaction_ms_p99=82.492991, db_transaction_ms_samples=2048, db_connection_wait_ms_p50=0.005368, db_connection_wait_ms_p95=0.022043, db_connection_wait_ms_p99=0.062394, db_connection_wait_ms_samples=2048, db_transactions=11996, db_transaction_attempts=11997, db_statements=236214, db_deadlock_retries=0, db_active_connections=1, wal_writes=20991, wal_bytes=3188927, wal_identical_skipped=0, wal_barrier_ms_p50=1.060732, wal_barrier_ms_p95=3.038461, wal_barrier_ms_p99=5.207377, wal_barrier_ms_samples=2048, completion_admitted=2, ready_channels=2, ready_devices=487, closing_devices=0, mc_recorded_tick_ms_avg100=1.024838, mc_target_ticks_per_second=20.0}
",28432.88384665,28432.88646818,500,500,500,500,32144000,30761000,487.38262,9209,"BULK count=500 spawned=500 registered=500 bound=500 accepted=32144000 extracted=30761000 fixture_ms_total=487.38262 fixture_ticks=9209
",28432.886649402,28432.88734766,145.04,2795808,54,809943040,824623104,6579695616,782721024,27123712,274,395313152,256082022,32.500332738405525
142,2026-10-06T16:27:19.430220+00:00,284.00392080099846,6,ACTIVE_observed,False,1.9999828889995115,0.0067996360012330115,,0,500,500,0,0,5959,0,0,0,0,0,33546,32464000,31102000,21091,22535,0,37603,2265,80991,6125,10649,254,0.001122,0.0063,0.009584,2048,0.068418,0.508594,1.094634,2048,34.226069,74.759841,92.224383,2048,31.454725,46.667165,49.33365,2048,0.600862,1.022014,1.373441,1457,149.185773,149.724436,199.222753,65,34.222264,74.755204,92.223632,2048,5.471458,61.075274,83.010038,2048,0.005419,0.023225,0.062394,2048,12115,12116,238860,0,1,21250,3227450,0,1.06616,3.192862,5.822099,2048,2,2,468,0,1.061026,20.0,"STATUS online tickets=0 {registered_loaded_endpoints=500, active_endpoints=500, worker_queue=0, actual_tickets=0, transactions=5959, errors=0, queue_rejected=0, quarantined=0, deferred_registry_decodes=0, dropped_wake_hints=0, local_exchange_calls=33546, local_input_units=32464000, local_output_units=31102000, batch_devices=21091, batch_records=22535, batch_payload_bytes=0, local_wakes=37603, remote_hint_wakes=2265, poll_fallback=80991, empty_batches=6125, allocation_misses=10649, local_credit_publications=254, local_ms_p50=0.001122, local_ms_p95=0.0063, local_ms_p99=0.009584, local_ms_samples=2048, queue_ms_p50=0.068418, queue_ms_p95=0.508594, queue_ms_p99=1.094634, queue_ms_samples=2048, execution_ms_p50=34.226069, execution_ms_p95=74.759841, execution_ms_p99=92.224383, execution_ms_samples=2048, apply_ms_p50=31.454725, apply_ms_p95=46.667165, apply_ms_p99=49.33365, apply_ms_samples=2048, tick_ms_p50=0.600862, tick_ms_p95=1.022014, tick_ms_p99=1.373441, tick_ms_samples=1457, delivery_ms_p50=149.185773, delivery_ms_p95=149.724436, delivery_ms_p99=199.222753, delivery_ms_samples=65, sql_ms_p50=34.222264, sql_ms_p95=74.755204, sql_ms_p99=92.223632, sql_ms_samples=2048, db_transaction_ms_p50=5.471458, db_transaction_ms_p95=61.075274, db_transaction_ms_p99=83.010038, db_transaction_ms_samples=2048, db_connection_wait_ms_p50=0.005419, db_connection_wait_ms_p95=0.023225, db_connection_wait_ms_p99=0.062394, db_connection_wait_ms_samples=2048, db_transactions=12115, db_transaction_attempts=12116, db_statements=238860, db_deadlock_retries=0, db_active_connections=1, wal_writes=21250, wal_bytes=3227450, wal_identical_skipped=0, wal_barrier_ms_p50=1.06616, wal_barrier_ms_p95=3.192862, wal_barrier_ms_p99=5.822099, wal_barrier_ms_samples=2048, completion_admitted=2, ready_channels=2, ready_devices=468, closing_devices=0, mc_recorded_tick_ms_avg100=1.061026, mc_target_ticks_per_second=20.0}
",28434.883838032,28434.888063565,500,500,500,500,32464000,31102000,492.313697,9249,"BULK count=500 spawned=500 registered=500 bound=500 accepted=32464000 extracted=31102000 fixture_ms_total=492.313697 fixture_ticks=9249
",28434.888412438,28434.889342074,145.65,2795808,54,809979904,824623104,6579695616,782757888,27123712,274,,,30.500260944990647
143,2026-10-06T16:27:21.430679+00:00,286.00438055599807,6,ACTIVE_observed,False,2.0004597549996106,0.0044187720013724174,,0,500,500,0,0,6010,0,0,0,0,0,33875,32784000,31365000,21323,22776,0,37972,2287,81542,6125,10772,256,0.001182,0.00663,0.010656,2048,0.068558,0.514618,1.141514,2048,34.419786,75.941553,93.497429,2048,31.516767,46.699975,49.38196,2048,0.600301,1.025509,1.537828,1497,149.202182,149.724436,199.222753,67,34.416831,75.938969,93.496718,2048,5.471458,62.691339,84.830265,2048,0.005478,0.022043,0.064908,2048,12220,12221,241171,0,1,21469,3259741,0,1.106551,3.346568,5.858003,2048,2,2,497,0,1.138172,20.0,"STATUS online tickets=0 {registered_loaded_endpoints=500, active_endpoints=500, worker_queue=0, actual_tickets=0, transactions=6010, errors=0, queue_rejected=0, quarantined=0, deferred_registry_decodes=0, dropped_wake_hints=0, local_exchange_calls=33875, local_input_units=32784000, local_output_units=31365000, batch_devices=21323, batch_records=22776, batch_payload_bytes=0, local_wakes=37972, remote_hint_wakes=2287, poll_fallback=81542, empty_batches=6125, allocation_misses=10772, local_credit_publications=256, local_ms_p50=0.001182, local_ms_p95=0.00663, local_ms_p99=0.010656, local_ms_samples=2048, queue_ms_p50=0.068558, queue_ms_p95=0.514618, queue_ms_p99=1.141514, queue_ms_samples=2048, execution_ms_p50=34.419786, execution_ms_p95=75.941553, execution_ms_p99=93.497429, execution_ms_samples=2048, apply_ms_p50=31.516767, apply_ms_p95=46.699975, apply_ms_p99=49.38196, apply_ms_samples=2048, tick_ms_p50=0.600301, tick_ms_p95=1.025509, tick_ms_p99=1.537828, tick_ms_samples=1497, delivery_ms_p50=149.202182, delivery_ms_p95=149.724436, delivery_ms_p99=199.222753, delivery_ms_samples=67, sql_ms_p50=34.416831, sql_ms_p95=75.938969, sql_ms_p99=93.496718, sql_ms_samples=2048, db_transaction_ms_p50=5.471458, db_transaction_ms_p95=62.691339, db_transaction_ms_p99=84.830265, db_transaction_ms_samples=2048, db_connection_wait_ms_p50=0.005478, db_connection_wait_ms_p95=0.022043, db_connection_wait_ms_p99=0.064908, db_connection_wait_ms_samples=2048, db_transactions=12220, db_transaction_attempts=12221, db_statements=241171, db_deadlock_retries=0, db_active_connections=1, wal_writes=21469, wal_bytes=3259741, wal_identical_skipped=0, wal_barrier_ms_p50=1.106551, wal_barrier_ms_p95=3.346568, wal_barrier_ms_p99=5.858003, wal_barrier_ms_samples=2048, completion_admitted=2, ready_channels=2, ready_devices=497, closing_devices=0, mc_recorded_tick_ms_avg100=1.138172, mc_target_ticks_per_second=20.0}
",28436.884287472,28436.886490228,500,500,500,500,32784000,31365000,495.013679,9289,"BULK count=500 spawned=500 registered=500 bound=500 accepted=32784000 extracted=31365000 fixture_ms_total=495.013679 fixture_ticks=9289
",28436.886642066,28436.887650539,146.29,2795808,54,810115072,824623104,6579695616,782893056,27123712,274,,,31.992645610614197
144,2026-10-06T16:27:23.430224+00:00,288.0039254830008,6,ACTIVE_observed,False,1.9995449270027166,0.009425808999367291,,0,500,500,0,0,6075,0,0,0,0,0,34205,33104000,31664000,21595,23058,0,38342,2317,82103,6125,10909,257,0.001242,0.00682,0.011828,2048,0.068418,0.527062,1.147352,2048,34.485693,75.941553,94.445966,2048,31.472735,46.738766,49.382447,2048,0.600271,1.031528,1.489932,1537,149.202182,149.724436,199.222753,68,34.48346,75.938969,94.445376,2048,5.441948,62.96374,84.470014,2048,0.005488,0.023946,0.070265,2048,12348,12348,244096,0,0,21765,3303405,0,1.109836,3.346568,5.85586,2048,2,2,491,0,1.21401,20.0,"STATUS online tickets=0 {registered_loaded_endpoints=500, active_endpoints=500, worker_queue=0, actual_tickets=0, transactions=6075, errors=0, queue_rejected=0, quarantined=0, deferred_registry_decodes=0, dropped_wake_hints=0, local_exchange_calls=34205, local_input_units=33104000, local_output_units=31664000, batch_devices=21595, batch_records=23058, batch_payload_bytes=0, local_wakes=38342, remote_hint_wakes=2317, poll_fallback=82103, empty_batches=6125, allocation_misses=10909, local_credit_publications=257, local_ms_p50=0.001242, local_ms_p95=0.00682, local_ms_p99=0.011828, local_ms_samples=2048, queue_ms_p50=0.068418, queue_ms_p95=0.527062, queue_ms_p99=1.147352, queue_ms_samples=2048, execution_ms_p50=34.485693, execution_ms_p95=75.941553, execution_ms_p99=94.445966, execution_ms_samples=2048, apply_ms_p50=31.472735, apply_ms_p95=46.738766, apply_ms_p99=49.382447, apply_ms_samples=2048, tick_ms_p50=0.600271, tick_ms_p95=1.031528, tick_ms_p99=1.489932, tick_ms_samples=1537, delivery_ms_p50=149.202182, delivery_ms_p95=149.724436, delivery_ms_p99=199.222753, delivery_ms_samples=68, sql_ms_p50=34.48346, sql_ms_p95=75.938969, sql_ms_p99=94.445376, sql_ms_samples=2048, db_transaction_ms_p50=5.441948, db_transaction_ms_p95=62.96374, db_transaction_ms_p99=84.470014, db_transaction_ms_samples=2048, db_connection_wait_ms_p50=0.005488, db_connection_wait_ms_p95=0.023946, db_connection_wait_ms_p99=0.070265, db_connection_wait_ms_samples=2048, db_transactions=12348, db_transaction_attempts=12348, db_statements=244096, db_deadlock_retries=0, db_active_connections=0, wal_writes=21765, wal_bytes=3303405, wal_identical_skipped=0, wal_barrier_ms_p50=1.109836, wal_barrier_ms_p95=3.346568, wal_barrier_ms_p99=5.85586, wal_barrier_ms_samples=2048, completion_admitted=2, ready_channels=2, ready_devices=491, closing_devices=0, mc_recorded_tick_ms_avg100=1.21401, mc_target_ticks_per_second=20.0}
",28438.883893791,28438.889188268,500,500,500,500,33104000,31664000,497.621372,9329,"BULK count=500 spawned=500 registered=500 bound=500 accepted=33104000 extracted=31664000 fixture_ms_total=497.621372 fixture_ticks=9329
",28438.889377923,28438.892214872,147.15,2795808,53,810127360,824623104,6579695616,782905344,27123712,274,,,43.009786296181844
145,2026-10-06T16:27:25.430229+00:00,290.00393167999937,6,ACTIVE_observed,False,2.0000061969985836,0.00937931700173067,,0,500,500,0,0,6132,0,0,0,0,0,34537,33424000,32033000,21851,23322,0,38714,2344,82641,6125,11045,259,0.001251,0.00703,0.012499,2048,0.068698,0.533841,1.155669,2048,34.675736,76.167263,95.586217,2048,31.753643,46.738766,49.382447,2048,0.597817,1.031528,1.489932,1577,149.249653,149.724436,199.222753,70,34.673162,76.163868,95.585597,2048,5.398884,63.61108,85.486966,2048,0.005488,0.023214,0.06667,2048,12465,12467,246552,0,2,21994,3337410,0,1.109836,3.317189,5.607647,2048,2,2,482,0,1.146634,20.0,"STATUS online tickets=0 {registered_loaded_endpoints=500, active_endpoints=500, worker_queue=0, actual_tickets=0, transactions=6132, errors=0, queue_rejected=0, quarantined=0, deferred_registry_decodes=0, dropped_wake_hints=0, local_exchange_calls=34537, local_input_units=33424000, local_output_units=32033000, batch_devices=21851, batch_records=23322, batch_payload_bytes=0, local_wakes=38714, remote_hint_wakes=2344, poll_fallback=82641, empty_batches=6125, allocation_misses=11045, local_credit_publications=259, local_ms_p50=0.001251, local_ms_p95=0.00703, local_ms_p99=0.012499, local_ms_samples=2048, queue_ms_p50=0.068698, queue_ms_p95=0.533841, queue_ms_p99=1.155669, queue_ms_samples=2048, execution_ms_p50=34.675736, execution_ms_p95=76.167263, execution_ms_p99=95.586217, execution_ms_samples=2048, apply_ms_p50=31.753643, apply_ms_p95=46.738766, apply_ms_p99=49.382447, apply_ms_samples=2048, tick_ms_p50=0.597817, tick_ms_p95=1.031528, tick_ms_p99=1.489932, tick_ms_samples=1577, delivery_ms_p50=149.249653, delivery_ms_p95=149.724436, delivery_ms_p99=199.222753, delivery_ms_samples=70, sql_ms_p50=34.673162, sql_ms_p95=76.163868, sql_ms_p99=95.585597, sql_ms_samples=2048, db_transaction_ms_p50=5.398884, db_transaction_ms_p95=63.61108, db_transaction_ms_p99=85.486966, db_transaction_ms_samples=2048, db_connection_wait_ms_p50=0.005488, db_connection_wait_ms_p95=0.023214, db_connection_wait_ms_p99=0.06667, db_connection_wait_ms_samples=2048, db_transactions=12465, db_transaction_attempts=12467, db_statements=246552, db_deadlock_retries=0, db_active_connections=2, wal_writes=21994, wal_bytes=3337410, wal_identical_skipped=0, wal_barrier_ms_p50=1.109836, wal_barrier_ms_p95=3.317189, wal_barrier_ms_p99=5.607647, wal_barrier_ms_samples=2048, completion_admitted=2, ready_channels=2, ready_devices=482, closing_devices=0, mc_recorded_tick_ms_avg100=1.146634, mc_target_ticks_per_second=20.0}
",28440.883851546,28440.889408666,500,500,500,500,33424000,32033000,500.274165,9369,"BULK count=500 spawned=500 registered=500 bound=500 accepted=33424000 extracted=32033000 fixture_ms_total=500.274165 fixture_ticks=9369
",28440.889621716,28440.89214994,147.88,2795808,53,810196992,824623104,6579695616,782974976,27123712,274,,,36.49988690512576
146,2026-10-06T16:27:27.430335+00:00,292.0040360230014,6,ACTIVE_observed,False,2.000104343002022,0.3513598309982626,,0,500,500,0,0,6195,0,0,0,0,0,34866,33744000,32304000,22107,23583,0,39083,2371,83211,6125,11169,260,0.001142,0.00664,0.010996,2048,0.068943,0.514618,1.147352,2048,34.596289,76.436108,96.188548,2048,31.753643,46.745601,49.38196,2048,0.596165,1.025509,1.462635,1617,149.303623,149.724436,199.222753,71,34.595738,76.432282,96.187737,2048,5.471458,63.773496,85.486966,2048,0.005438,0.020411,0.064908,2048,12591,12592,249358,0,1,22278,3379462,0,1.116556,3.327495,5.560551,2048,2,2,477,0,1.075463,20.0,"STATUS online tickets=0 {registered_loaded_endpoints=500, active_endpoints=500, worker_queue=0, actual_tickets=0, transactions=6195, errors=0, queue_rejected=0, quarantined=0, deferred_registry_decodes=0, dropped_wake_hints=0, local_exchange_calls=34866, local_input_units=33744000, local_output_units=32304000, batch_devices=22107, batch_records=23583, batch_payload_bytes=0, local_wakes=39083, remote_hint_wakes=2371, poll_fallback=83211, empty_batches=6125, allocation_misses=11169, local_credit_publications=260, local_ms_p50=0.001142, local_ms_p95=0.00664, local_ms_p99=0.010996, local_ms_samples=2048, queue_ms_p50=0.068943, queue_ms_p95=0.514618, queue_ms_p99=1.147352, queue_ms_samples=2048, execution_ms_p50=34.596289, execution_ms_p95=76.436108, execution_ms_p99=96.188548, execution_ms_samples=2048, apply_ms_p50=31.753643, apply_ms_p95=46.745601, apply_ms_p99=49.38196, apply_ms_samples=2048, tick_ms_p50=0.596165, tick_ms_p95=1.025509, tick_ms_p99=1.462635, tick_ms_samples=1617, delivery_ms_p50=149.303623, delivery_ms_p95=149.724436, delivery_ms_p99=199.222753, delivery_ms_samples=71, sql_ms_p50=34.595738, sql_ms_p95=76.432282, sql_ms_p99=96.187737, sql_ms_samples=2048, db_transaction_ms_p50=5.471458, db_transaction_ms_p95=63.773496, db_transaction_ms_p99=85.486966, db_transaction_ms_samples=2048, db_connection_wait_ms_p50=0.005438, db_connection_wait_ms_p95=0.020411, db_connection_wait_ms_p99=0.064908, db_connection_wait_ms_samples=2048, db_transactions=12591, db_transaction_attempts=12592, db_statements=249358, db_deadlock_retries=0, db_active_connections=1, wal_writes=22278, wal_bytes=3379462, wal_identical_skipped=0, wal_barrier_ms_p50=1.116556, wal_barrier_ms_p95=3.327495, wal_barrier_ms_p99=5.560551, wal_barrier_ms_samples=2048, completion_admitted=2, ready_channels=2, ready_devices=477, closing_devices=0, mc_recorded_tick_ms_avg100=1.075463, mc_target_ticks_per_second=20.0}
",28442.884504802,28442.887035551,500,500,500,500,33744000,32304000,502.351303,9409,"BULK count=500 spawned=500 registered=500 bound=500 accepted=33744000 extracted=32304000 fixture_ms_total=502.351303 fixture_ticks=9409
",28442.887191375,28442.888336178,148.44,2795808,53,810278912,824623104,6579695616,783056896,27123712,274,395313152,310657433,27.998539274180068
147,2026-10-06T16:27:29.430225+00:00,294.0039276089992,6,ACTIVE_observed,False,1.9998915859978297,0.006565805000718683,,0,500,500,0,0,6260,0,0,0,0,0,35196,34064000,32556000,22387,23878,0,39453,2400,83773,6125,11319,263,0.001112,0.006559,0.010035,2048,0.068683,0.482464,1.026055,2048,34.767375,76.897614,96.188548,2048,31.84501,46.699975,49.38196,2048,0.599529,1.025509,1.462635,1657,149.303623,149.724436,199.222753,74,34.764861,76.897123,96.187737,2048,5.471458,63.231109,84.470014,2048,0.005418,0.02022,0.061863,2048,12713,12714,252180,0,1,22538,3418258,0,1.098899,3.276868,5.560551,2048,2,2,482,0,1.068878,20.0,"STATUS online tickets=0 {registered_loaded_endpoints=500, active_endpoints=500, worker_queue=0, actual_tickets=0, transactions=6260, errors=0, queue_rejected=0, quarantined=0, deferred_registry_decodes=0, dropped_wake_hints=0, local_exchange_calls=35196, local_input_units=34064000, local_output_units=32556000, batch_devices=22387, batch_records=23878, batch_payload_bytes=0, local_wakes=39453, remote_hint_wakes=2400, poll_fallback=83773, empty_batches=6125, allocation_misses=11319, local_credit_publications=263, local_ms_p50=0.001112, local_ms_p95=0.006559, local_ms_p99=0.010035, local_ms_samples=2048, queue_ms_p50=0.068683, queue_ms_p95=0.482464, queue_ms_p99=1.026055, queue_ms_samples=2048, execution_ms_p50=34.767375, execution_ms_p95=76.897614, execution_ms_p99=96.188548, execution_ms_samples=2048, apply_ms_p50=31.84501, apply_ms_p95=46.699975, apply_ms_p99=49.38196, apply_ms_samples=2048, tick_ms_p50=0.599529, tick_ms_p95=1.025509, tick_ms_p99=1.462635, tick_ms_samples=1657, delivery_ms_p50=149.303623, delivery_ms_p95=149.724436, delivery_ms_p99=199.222753, delivery_ms_samples=74, sql_ms_p50=34.764861, sql_ms_p95=76.897123, sql_ms_p99=96.187737, sql_ms_samples=2048, db_transaction_ms_p50=5.471458, db_transaction_ms_p95=63.231109, db_transaction_ms_p99=84.470014, db_transaction_ms_samples=2048, db_connection_wait_ms_p50=0.005418, db_connection_wait_ms_p95=0.02022, db_connection_wait_ms_p99=0.061863, db_connection_wait_ms_samples=2048, db_transactions=12713, db_transaction_attempts=12714, db_statements=252180, db_deadlock_retries=0, db_active_connections=1, wal_writes=22538, wal_bytes=3418258, wal_identical_skipped=0, wal_barrier_ms_p50=1.098899, wal_barrier_ms_p95=3.276868, wal_barrier_ms_p99=5.560551, wal_barrier_ms_samples=2048, completion_admitted=2, ready_channels=2, ready_devices=482, closing_devices=0, mc_recorded_tick_ms_avg100=1.068878, mc_target_ticks_per_second=20.0}
",28444.883842257,28444.887536492,500,500,500,500,34064000,32556000,504.58236,9449,"BULK count=500 spawned=500 registered=500 bound=500 accepted=34064000 extracted=32556000 fixture_ms_total=504.58236 fixture_ticks=9449
",28444.887697323,28444.889361371,149.02,2795808,53,810352640,824623104,6579695616,783130624,27123712,274,,,29.00157208825028
148,2026-10-06T16:27:31.430149+00:00,296.00385122399894,6,ACTIVE_observed,False,1.999923614999716,0.004619573999661952,,0,500,500,0,0,6330,0,0,0,0,0,35529,34384000,32961000,22683,24185,0,39826,2432,84376,6125,11453,265,0.001152,0.006469,0.009444,2048,0.068653,0.475384,1.026055,2048,34.675736,76.436108,95.988378,2048,31.84501,46.699975,49.38196,2048,0.597998,1.025079,1.462635,1697,149.249653,149.724436,199.222753,76,34.673162,76.432282,95.984563,2048,5.480026,63.231109,84.470014,2048,0.005298,0.01979,0.061863,2048,12846,12847,255356,0,1,22864,3466152,0,1.102254,3.276868,5.560551,2048,2,2,483,0,1.085174,20.0,"STATUS online tickets=0 {registered_loaded_endpoints=500, active_endpoints=500, worker_queue=0, actual_tickets=0, transactions=6330, errors=0, queue_rejected=0, quarantined=0, deferred_registry_decodes=0, dropped_wake_hints=0, local_exchange_calls=35529, local_input_units=34384000, local_output_units=32961000, batch_devices=22683, batch_records=24185, batch_payload_bytes=0, local_wakes=39826, remote_hint_wakes=2432, poll_fallback=84376, empty_batches=6125, allocation_misses=11453, local_credit_publications=265, local_ms_p50=0.001152, local_ms_p95=0.006469, local_ms_p99=0.009444, local_ms_samples=2048, queue_ms_p50=0.068653, queue_ms_p95=0.475384, queue_ms_p99=1.026055, queue_ms_samples=2048, execution_ms_p50=34.675736, execution_ms_p95=76.436108, execution_ms_p99=95.988378, execution_ms_samples=2048, apply_ms_p50=31.84501, apply_ms_p95=46.699975, apply_ms_p99=49.38196, apply_ms_samples=2048, tick_ms_p50=0.597998, tick_ms_p95=1.025079, tick_ms_p99=1.462635, tick_ms_samples=1697, delivery_ms_p50=149.249653, delivery_ms_p95=149.724436, delivery_ms_p99=199.222753, delivery_ms_samples=76, sql_ms_p50=34.673162, sql_ms_p95=76.432282, sql_ms_p99=95.984563, sql_ms_samples=2048, db_transaction_ms_p50=5.480026, db_transaction_ms_p95=63.231109, db_transaction_ms_p99=84.470014, db_transaction_ms_samples=2048, db_connection_wait_ms_p50=0.005298, db_connection_wait_ms_p95=0.01979, db_connection_wait_ms_p99=0.061863, db_connection_wait_ms_samples=2048, db_transactions=12846, db_transaction_attempts=12847, db_statements=255356, db_deadlock_retries=0, db_active_connections=1, wal_writes=22864, wal_bytes=3466152, wal_identical_skipped=0, wal_barrier_ms_p50=1.102254, wal_barrier_ms_p95=3.276868, wal_barrier_ms_p99=5.560551, wal_barrier_ms_samples=2048, completion_admitted=2, ready_channels=2, ready_devices=483, closing_devices=0, mc_recorded_tick_ms_avg100=1.085174, mc_target_ticks_per_second=20.0}
",28446.883849046,28446.886282719,500,500,500,500,34384000,32961000,507.381234,9489,"BULK count=500 spawned=500 registered=500 bound=500 accepted=34384000 extracted=32961000 fixture_ms_total=507.381234 fixture_ticks=9489
",28446.886438163,28446.887083551,149.66,2795808,53,810418176,824623104,6579695616,783196160,27123712,274,,,32.001222206682996
149,2026-10-06T16:27:33.430229+00:00,298.0039310690008,6,ACTIVE_observed,False,2.000079845001892,0.004882347999227932,,0,500,500,0,0,6400,0,0,0,0,0,35862,34704000,33326000,22987,24502,0,40199,2461,84933,6125,11616,268,0.001211,0.006359,0.009364,2048,0.068193,0.458187,1.026055,2048,34.596289,76.167263,95.988378,2048,31.873034,46.692686,49.38196,2048,0.597817,1.023596,1.373441,1737,149.249653,149.724436,199.222753,79,34.595738,76.163868,95.984563,2048,5.537041,62.627875,82.821527,2048,0.005208,0.019709,0.061863,2048,12967,12970,258314,0,3,23143,3508135,0,1.091689,3.32495,5.517862,2048,2,2,471,0,1.101548,20.0,"STATUS online tickets=0 {registered_loaded_endpoints=500, active_endpoints=500, worker_queue=0, actual_tickets=0, transactions=6400, errors=0, queue_rejected=0, quarantined=0, deferred_registry_decodes=0, dropped_wake_hints=0, local_exchange_calls=35862, local_input_units=34704000, local_output_units=33326000, batch_devices=22987, batch_records=24502, batch_payload_bytes=0, local_wakes=40199, remote_hint_wakes=2461, poll_fallback=84933, empty_batches=6125, allocation_misses=11616, local_credit_publications=268, local_ms_p50=0.001211, local_ms_p95=0.006359, local_ms_p99=0.009364, local_ms_samples=2048, queue_ms_p50=0.068193, queue_ms_p95=0.458187, queue_ms_p99=1.026055, queue_ms_samples=2048, execution_ms_p50=34.596289, execution_ms_p95=76.167263, execution_ms_p99=95.988378, execution_ms_samples=2048, apply_ms_p50=31.873034, apply_ms_p95=46.692686, apply_ms_p99=49.38196, apply_ms_samples=2048, tick_ms_p50=0.597817, tick_ms_p95=1.023596, tick_ms_p99=1.373441, tick_ms_samples=1737, delivery_ms_p50=149.249653, delivery_ms_p95=149.724436, delivery_ms_p99=199.222753, delivery_ms_samples=79, sql_ms_p50=34.595738, sql_ms_p95=76.163868, sql_ms_p99=95.984563, sql_ms_samples=2048, db_transaction_ms_p50=5.537041, db_transaction_ms_p95=62.627875, db_transaction_ms_p99=82.821527, db_transaction_ms_samples=2048, db_connection_wait_ms_p50=0.005208, db_connection_wait_ms_p95=0.019709, db_connection_wait_ms_p99=0.061863, db_connection_wait_ms_samples=2048, db_transactions=12967, db_transaction_attempts=12970, db_statements=258314, db_deadlock_retries=0, db_active_connections=3, wal_writes=23143, wal_bytes=3508135, wal_identical_skipped=0, wal_barrier_ms_p50=1.091689, wal_barrier_ms_p95=3.32495, wal_barrier_ms_p99=5.517862, wal_barrier_ms_samples=2048, completion_admitted=2, ready_channels=2, ready_devices=471, closing_devices=0, mc_recorded_tick_ms_avg100=1.101548, mc_target_ticks_per_second=20.0}
",28448.883837233,28448.886568303,500,500,500,500,34704000,33326000,509.63636,9529,"BULK count=500 spawned=500 registered=500 bound=500 accepted=34704000 extracted=33326000 fixture_ms_total=509.63636 fixture_ticks=9529
",28448.886700711,28448.887736025,150.26,2795808,53,810496000,824623104,6579695616,783273984,27123712,274,,,29.99880237278361
150,2026-10-06T16:27:35.430248+00:00,300.0039508769987,6,ACTIVE_observed,False,2.0000198079978873,0.004758412000228418,,0,500,500,0,0,6464,0,0,0,0,0,36191,35024000,33564000,23251,24777,0,40568,2480,85522,6125,11752,270,0.001141,0.006109,0.009364,2048,0.068163,0.448683,0.987337,2048,34.759641,76.6105,95.586217,2048,31.873034,46.692686,49.38196,2048,0.594222,1.025079,1.489932,1777,149.225118,149.675782,199.222753,81,34.759161,76.609479,95.585597,2048,5.64311,63.231109,83.010038,2048,0.005158,0.019459,0.061863,2048,13068,13069,261025,0,1,23416,3548592,0,1.070477,3.025121,5.088978,2048,2,2,496,0,1.052619,20.0,"STATUS online tickets=0 {registered_loaded_endpoints=500, active_endpoints=500, worker_queue=0, actual_tickets=0, transactions=6464, errors=0, queue_rejected=0, quarantined=0, deferred_registry_decodes=0, dropped_wake_hints=0, local_exchange_calls=36191, local_input_units=35024000, local_output_units=33564000, batch_devices=23251, batch_records=24777, batch_payload_bytes=0, local_wakes=40568, remote_hint_wakes=2480, poll_fallback=85522, empty_batches=6125, allocation_misses=11752, local_credit_publications=270, local_ms_p50=0.001141, local_ms_p95=0.006109, local_ms_p99=0.009364, local_ms_samples=2048, queue_ms_p50=0.068163, queue_ms_p95=0.448683, queue_ms_p99=0.987337, queue_ms_samples=2048, execution_ms_p50=34.759641, execution_ms_p95=76.6105, execution_ms_p99=95.586217, execution_ms_samples=2048, apply_ms_p50=31.873034, apply_ms_p95=46.692686, apply_ms_p99=49.38196, apply_ms_samples=2048, tick_ms_p50=0.594222, tick_ms_p95=1.025079, tick_ms_p99=1.489932, tick_ms_samples=1777, delivery_ms_p50=149.225118, delivery_ms_p95=149.675782, delivery_ms_p99=199.222753, delivery_ms_samples=81, sql_ms_p50=34.759161, sql_ms_p95=76.609479, sql_ms_p99=95.585597, sql_ms_samples=2048, db_transaction_ms_p50=5.64311, db_transaction_ms_p95=63.231109, db_transaction_ms_p99=83.010038, db_transaction_ms_samples=2048, db_connection_wait_ms_p50=0.005158, db_connection_wait_ms_p95=0.019459, db_connection_wait_ms_p99=0.061863, db_connection_wait_ms_samples=2048, db_transactions=13068, db_transaction_attempts=13069, db_statements=261025, db_deadlock_retries=0, db_active_connections=1, wal_writes=23416, wal_bytes=3548592, wal_identical_skipped=0, wal_barrier_ms_p50=1.070477, wal_barrier_ms_p95=3.025121, wal_barrier_ms_p99=5.088978, wal_barrier_ms_samples=2048, completion_admitted=2, ready_channels=2, ready_devices=496, closing_devices=0, mc_recorded_tick_ms_avg100=1.052619, mc_target_ticks_per_second=20.0}
",28450.883853266,28450.886646198,500,500,500,500,35024000,33564000,512.152089,9569,"BULK count=500 spawned=500 registered=500 bound=500 accepted=35024000 extracted=33564000 fixture_ms_total=512.152089 fixture_ticks=9569
",28450.88679399,28450.887619128,150.82,2795808,53,810561536,824623104,6579695616,783339520,27123712,274,,,27.999722690776164
151,2026-10-06T16:27:37.430242+00:00,302.0039433089987,6,ACTIVE_observed,False,1.999992431999999,0.007458735002728645,,0,500,500,0,0,6525,0,0,0,0,0,36525,35344000,34012000,23515,25053,0,40942,2508,86084,6125,11872,271,0.001092,0.00615,0.009184,2048,0.068428,0.458187,0.961889,2048,34.820396,76.897614,95.586217,2048,31.783353,46.796923,49.382447,2048,0.594132,1.025509,1.489932,1817,149.225118,149.675782,199.222753,82,34.819995,76.897123,95.585597,2048,5.658529,63.601195,83.010038,2048,0.005047,0.019229,0.055814,2048,13189,13190,263865,0,1,23707,3591691,0,1.056571,2.822837,4.908792,2048,2,2,476,0,1.057235,20.0,"STATUS online tickets=0 {registered_loaded_endpoints=500, active_endpoints=500, worker_queue=0, actual_tickets=0, transactions=6525, errors=0, queue_rejected=0, quarantined=0, deferred_registry_decodes=0, dropped_wake_hints=0, local_exchange_calls=36525, local_input_units=35344000, local_output_units=34012000, batch_devices=23515, batch_records=25053, batch_payload_bytes=0, local_wakes=40942, remote_hint_wakes=2508, poll_fallback=86084, empty_batches=6125, allocation_misses=11872, local_credit_publications=271, local_ms_p50=0.001092, local_ms_p95=0.00615, local_ms_p99=0.009184, local_ms_samples=2048, queue_ms_p50=0.068428, queue_ms_p95=0.458187, queue_ms_p99=0.961889, queue_ms_samples=2048, execution_ms_p50=34.820396, execution_ms_p95=76.897614, execution_ms_p99=95.586217, execution_ms_samples=2048, apply_ms_p50=31.783353, apply_ms_p95=46.796923, apply_ms_p99=49.382447, apply_ms_samples=2048, tick_ms_p50=0.594132, tick_ms_p95=1.025509, tick_ms_p99=1.489932, tick_ms_samples=1817, delivery_ms_p50=149.225118, delivery_ms_p95=149.675782, delivery_ms_p99=199.222753, delivery_ms_samples=82, sql_ms_p50=34.819995, sql_ms_p95=76.897123, sql_ms_p99=95.585597, sql_ms_samples=2048, db_transaction_ms_p50=5.658529, db_transaction_ms_p95=63.601195, db_transaction_ms_p99=83.010038, db_transaction_ms_samples=2048, db_connection_wait_ms_p50=0.005047, db_connection_wait_ms_p95=0.019229, db_connection_wait_ms_p99=0.055814, db_connection_wait_ms_samples=2048, db_transactions=13189, db_transaction_attempts=13190, db_statements=263865, db_deadlock_retries=0, db_active_connections=1, wal_writes=23707, wal_bytes=3591691, wal_identical_skipped=0, wal_barrier_ms_p50=1.056571, wal_barrier_ms_p95=2.822837, wal_barrier_ms_p99=4.908792, wal_barrier_ms_samples=2048, completion_admitted=2, ready_channels=2, ready_devices=476, closing_devices=0, mc_recorded_tick_ms_avg100=1.057235, mc_target_ticks_per_second=20.0}
",28452.883866329,28452.888739163,500,500,500,500,35344000,34012000,514.902361,9609,"BULK count=500 spawned=500 registered=500 bound=500 accepted=35344000 extracted=34012000 fixture_ms_total=514.902361 fixture_ticks=9609
",28452.888865012,28452.889821417,151.42,2795808,53,810618880,824623104,6579695616,783396864,27123712,274,,,30.000113520429288
152,2026-10-06T16:27:39.430220+00:00,304.00392173100045,6,ACTIVE_observed,False,1.9999784220017318,0.3596258069992473,,0,500,500,0,0,6586,0,0,0,0,0,36858,35664000,34368000,23787,25340,0,41315,2536,86652,6125,12033,273,0.001122,0.00642,0.009404,2048,0.068503,0.454182,0.947758,2048,34.992559,77.360508,95.988378,2048,31.783353,46.745601,49.448372,2048,0.592709,1.025079,1.489932,1857,149.225118,149.675782,199.222753,84,34.990716,77.359867,95.984563,2048,5.64311,63.81011,83.164125,2048,0.005028,0.019229,0.057997,2048,13307,13308,266521,0,1,23943,3626823,0,1.048985,2.84143,4.64368,2048,2,2,487,0,1.07507,20.0,"STATUS online tickets=0 {registered_loaded_endpoints=500, active_endpoints=500, worker_queue=0, actual_tickets=0, transactions=6586, errors=0, queue_rejected=0, quarantined=0, deferred_registry_decodes=0, dropped_wake_hints=0, local_exchange_calls=36858, local_input_units=35664000, local_output_units=34368000, batch_devices=23787, batch_records=25340, batch_payload_bytes=0, local_wakes=41315, remote_hint_wakes=2536, poll_fallback=86652, empty_batches=6125, allocation_misses=12033, local_credit_publications=273, local_ms_p50=0.001122, local_ms_p95=0.00642, local_ms_p99=0.009404, local_ms_samples=2048, queue_ms_p50=0.068503, queue_ms_p95=0.454182, queue_ms_p99=0.947758, queue_ms_samples=2048, execution_ms_p50=34.992559, execution_ms_p95=77.360508, execution_ms_p99=95.988378, execution_ms_samples=2048, apply_ms_p50=31.783353, apply_ms_p95=46.745601, apply_ms_p99=49.448372, apply_ms_samples=2048, tick_ms_p50=0.592709, tick_ms_p95=1.025079, tick_ms_p99=1.489932, tick_ms_samples=1857, delivery_ms_p50=149.225118, delivery_ms_p95=149.675782, delivery_ms_p99=199.222753, delivery_ms_samples=84, sql_ms_p50=34.990716, sql_ms_p95=77.359867, sql_ms_p99=95.984563, sql_ms_samples=2048, db_transaction_ms_p50=5.64311, db_transaction_ms_p95=63.81011, db_transaction_ms_p99=83.164125, db_transaction_ms_samples=2048, db_connection_wait_ms_p50=0.005028, db_connection_wait_ms_p95=0.019229, db_connection_wait_ms_p99=0.057997, db_connection_wait_ms_samples=2048, db_transactions=13307, db_transaction_attempts=13308, db_statements=266521, db_deadlock_retries=0, db_active_connections=1, wal_writes=23943, wal_bytes=3626823, wal_identical_skipped=0, wal_barrier_ms_p50=1.048985, wal_barrier_ms_p95=2.84143, wal_barrier_ms_p99=4.64368, wal_barrier_ms_samples=2048, completion_admitted=2, ready_channels=2, ready_devices=487, closing_devices=0, mc_recorded_tick_ms_avg100=1.07507, mc_target_ticks_per_second=20.0}
",28454.883878802,28454.886711554,500,500,500,500,35664000,34368000,517.215786,9649,"BULK count=500 spawned=500 registered=500 bound=500 accepted=35664000 extracted=34368000 fixture_ms_total=517.215786 fixture_ticks=9649
",28454.886870192,28454.887732416,151.96,2795808,53,810692608,824623104,6579695616,783470592,27123712,274,395313152,276510310,27.000291306120545
153,2026-10-06T16:27:41.430219+00:00,306.00392008999916,6,ACTIVE_observed,False,1.9999983589987096,0.0040703390004637185,,0,500,500,0,0,6648,0,0,0,0,0,37185,35984000,34592000,24043,25604,0,41682,2565,87206,6125,12155,274,0.001192,0.00673,0.009504,2048,0.068433,0.461031,0.987337,2048,34.957819,77.615448,97.516197,2048,31.873034,46.738766,49.448372,2048,0.591888,1.022014,1.489932,1897,149.249653,149.675782,199.222753,85,34.955065,77.613224,97.512161,2048,5.6166,64.368737,84.580698,2048,0.005048,0.019209,0.062544,2048,13432,13433,269242,0,1,24215,3667327,0,1.043106,2.988886,4.785889,2048,2,2,485,0,1.055382,20.0,"STATUS online tickets=0 {registered_loaded_endpoints=500, active_endpoints=500, worker_queue=0, actual_tickets=0, transactions=6648, errors=0, queue_rejected=0, quarantined=0, deferred_registry_decodes=0, dropped_wake_hints=0, local_exchange_calls=37185, local_input_units=35984000, local_output_units=34592000, batch_devices=24043, batch_records=25604, batch_payload_bytes=0, local_wakes=41682, remote_hint_wakes=2565, poll_fallback=87206, empty_batches=6125, allocation_misses=12155, local_credit_publications=274, local_ms_p50=0.001192, local_ms_p95=0.00673, local_ms_p99=0.009504, local_ms_samples=2048, queue_ms_p50=0.068433, queue_ms_p95=0.461031, queue_ms_p99=0.987337, queue_ms_samples=2048, execution_ms_p50=34.957819, execution_ms_p95=77.615448, execution_ms_p99=97.516197, execution_ms_samples=2048, apply_ms_p50=31.873034, apply_ms_p95=46.738766, apply_ms_p99=49.448372, apply_ms_samples=2048, tick_ms_p50=0.591888, tick_ms_p95=1.022014, tick_ms_p99=1.489932, tick_ms_samples=1897, delivery_ms_p50=149.249653, delivery_ms_p95=149.675782, delivery_ms_p99=199.222753, delivery_ms_samples=85, sql_ms_p50=34.955065, sql_ms_p95=77.613224, sql_ms_p99=97.512161, sql_ms_samples=2048, db_transaction_ms_p50=5.6166, db_transaction_ms_p95=64.368737, db_transaction_ms_p99=84.580698, db_transaction_ms_samples=2048, db_connection_wait_ms_p50=0.005048, db_connection_wait_ms_p95=0.019209, db_connection_wait_ms_p99=0.062544, db_connection_wait_ms_samples=2048, db_transactions=13432, db_transaction_attempts=13433, db_statements=269242, db_deadlock_retries=0, db_active_connections=1, wal_writes=24215, wal_bytes=3667327, wal_identical_skipped=0, wal_barrier_ms_p50=1.043106, wal_barrier_ms_p95=2.988886, wal_barrier_ms_p99=4.785889, wal_barrier_ms_samples=2048, completion_admitted=2, ready_channels=2, ready_devices=485, closing_devices=0, mc_recorded_tick_ms_avg100=1.055382, mc_target_ticks_per_second=20.0}
",28456.883814757,28456.885957844,500,500,500,500,35984000,34592000,519.895825,9689,"BULK count=500 spawned=500 registered=500 bound=500 accepted=35984000 extracted=34592000 fixture_ms_total=519.895825 fixture_ticks=9689
",28456.886347619,28456.886910063,152.59,2795808,53,810737664,824623104,6579695616,783515648,27123712,275,,,31.500025845791303
154,2026-10-06T16:27:43.430207+00:00,308.00390855599835,6,ACTIVE_observed,False,1.9999884659991949,0.004383359002531506,,0,500,500,0,0,6715,0,0,0,0,0,37515,36304000,34908000,24339,25905,0,42052,2595,87777,6125,12310,276,0.001262,0.00669,0.009664,2048,0.068133,0.452159,1.011097,2048,34.992559,77.604546,97.516197,2048,31.806178,46.684076,49.448372,2048,0.591377,1.022004,1.489932,1937,149.249653,149.675782,199.222753,87,34.990716,77.602042,97.512161,2048,5.597511,63.950281,84.160465,2048,0.004978,0.019209,0.062544,2048,13559,13560,272205,0,1,24502,3709798,0,1.046441,2.988886,5.092464,2048,2,2,484,0,1.05829,20.0,"STATUS online tickets=0 {registered_loaded_endpoints=500, active_endpoints=500, worker_queue=0, actual_tickets=0, transactions=6715, errors=0, queue_rejected=0, quarantined=0, deferred_registry_decodes=0, dropped_wake_hints=0, local_exchange_calls=37515, local_input_units=36304000, local_output_units=34908000, batch_devices=24339, batch_records=25905, batch_payload_bytes=0, local_wakes=42052, remote_hint_wakes=2595, poll_fallback=87777, empty_batches=6125, allocation_misses=12310, local_credit_publications=276, local_ms_p50=0.001262, local_ms_p95=0.00669, local_ms_p99=0.009664, local_ms_samples=2048, queue_ms_p50=0.068133, queue_ms_p95=0.452159, queue_ms_p99=1.011097, queue_ms_samples=2048, execution_ms_p50=34.992559, execution_ms_p95=77.604546, execution_ms_p99=97.516197, execution_ms_samples=2048, apply_ms_p50=31.806178, apply_ms_p95=46.684076, apply_ms_p99=49.448372, apply_ms_samples=2048, tick_ms_p50=0.591377, tick_ms_p95=1.022004, tick_ms_p99=1.489932, tick_ms_samples=1937, delivery_ms_p50=149.249653, delivery_ms_p95=149.675782, delivery_ms_p99=199.222753, delivery_ms_samples=87, sql_ms_p50=34.990716, sql_ms_p95=77.602042, sql_ms_p99=97.512161, sql_ms_samples=2048, db_transaction_ms_p50=5.597511, db_transaction_ms_p95=63.950281, db_transaction_ms_p99=84.160465, db_transaction_ms_samples=2048, db_connection_wait_ms_p50=0.004978, db_connection_wait_ms_p95=0.019209, db_connection_wait_ms_p99=0.062544, db_connection_wait_ms_samples=2048, db_transactions=13559, db_transaction_attempts=13560, db_statements=272205, db_deadlock_retries=0, db_active_connections=1, wal_writes=24502, wal_bytes=3709798, wal_identical_skipped=0, wal_barrier_ms_p50=1.046441, wal_barrier_ms_p95=2.988886, wal_barrier_ms_p99=5.092464, wal_barrier_ms_samples=2048, completion_admitted=2, ready_channels=2, ready_devices=484, closing_devices=0, mc_recorded_tick_ms_avg100=1.05829, mc_target_ticks_per_second=20.0}
",28458.883808562,28458.886120411,500,500,500,500,36304000,34908000,522.155151,9729,"BULK count=500 spawned=500 registered=500 bound=500 accepted=36304000 extracted=34908000 fixture_ms_total=522.155151 fixture_ticks=9729
",28458.886423456,28458.887187453,153.33,2795808,53,810872832,824623104,6579695616,783650816,27123712,274,,,37.00021338024591
155,2026-10-06T16:27:45.430223+00:00,310.00392435899994,6,ACTIVE_observed,False,2.000015803001588,0.007631143998878542,,0,500,500,0,0,6780,0,0,0,0,0,37848,36624000,35304000,24611,26193,0,42425,2626,88363,6125,12437,279,0.001142,0.006319,0.009183,2048,0.068438,0.460161,1.01225,2048,35.386347,77.818688,97.516197,2048,31.806178,46.692249,49.448372,2048,0.590016,1.022014,1.537828,1977,149.202182,149.675782,199.222753,90,35.384194,77.818327,97.512161,2048,5.692134,64.368737,84.160465,2048,0.004978,0.018899,0.062544,2048,13684,13685,275126,0,1,24792,3752928,0,1.064648,3.066873,5.359203,2048,2,2,484,0,1.078616,20.0,"STATUS online tickets=0 {registered_loaded_endpoints=500, active_endpoints=500, worker_queue=0, actual_tickets=0, transactions=6780, errors=0, queue_rejected=0, quarantined=0, deferred_registry_decodes=0, dropped_wake_hints=0, local_exchange_calls=37848, local_input_units=36624000, local_output_units=35304000, batch_devices=24611, batch_records=26193, batch_payload_bytes=0, local_wakes=42425, remote_hint_wakes=2626, poll_fallback=88363, empty_batches=6125, allocation_misses=12437, local_credit_publications=279, local_ms_p50=0.001142, local_ms_p95=0.006319, local_ms_p99=0.009183, local_ms_samples=2048, queue_ms_p50=0.068438, queue_ms_p95=0.460161, queue_ms_p99=1.01225, queue_ms_samples=2048, execution_ms_p50=35.386347, execution_ms_p95=77.818688, execution_ms_p99=97.516197, execution_ms_samples=2048, apply_ms_p50=31.806178, apply_ms_p95=46.692249, apply_ms_p99=49.448372, apply_ms_samples=2048, tick_ms_p50=0.590016, tick_ms_p95=1.022014, tick_ms_p99=1.537828, tick_ms_samples=1977, delivery_ms_p50=149.202182, delivery_ms_p95=149.675782, delivery_ms_p99=199.222753, delivery_ms_samples=90, sql_ms_p50=35.384194, sql_ms_p95=77.818327, sql_ms_p99=97.512161, sql_ms_samples=2048, db_transaction_ms_p50=5.692134, db_transaction_ms_p95=64.368737, db_transaction_ms_p99=84.160465, db_transaction_ms_samples=2048, db_connection_wait_ms_p50=0.004978, db_connection_wait_ms_p95=0.018899, db_connection_wait_ms_p99=0.062544, db_connection_wait_ms_samples=2048, db_transactions=13684, db_transaction_attempts=13685, db_statements=275126, db_deadlock_retries=0, db_active_connections=1, wal_writes=24792, wal_bytes=3752928, wal_identical_skipped=0, wal_barrier_ms_p50=1.064648, wal_barrier_ms_p95=3.066873, wal_barrier_ms_p99=5.359203, wal_barrier_ms_samples=2048, completion_admitted=2, ready_channels=2, ready_devices=484, closing_devices=0, mc_recorded_tick_ms_avg100=1.078616, mc_target_ticks_per_second=20.0}
",28460.883926007,28460.889301065,500,500,500,500,36624000,35304000,524.903532,9769,"BULK count=500 spawned=500 registered=500 bound=500 accepted=36624000 extracted=35304000 fixture_ms_total=524.903532 fixture_ticks=9769
",28460.889462597,28460.890246814,154.26,2795808,53,810950656,824623104,6579695616,783728640,27123712,274,,,46.499632583115144
156,2026-10-06T16:27:47.430247+00:00,312.00394873999903,6,ACTIVE_observed,False,2.0000243809990934,0.004517826000665082,,0,500,500,0,0,6849,0,0,0,0,0,38182,36944000,35682000,24899,26502,0,42799,2661,88942,6125,12572,282,0.001082,0.006039,0.008844,2048,0.068163,0.455964,1.030316,2048,35.383178,77.360508,96.188548,2048,31.430282,46.580363,49.382447,2048,0.590977,1.022014,1.489932,2017,149.185773,149.675782,199.222753,93,35.382537,77.359867,96.187737,2048,5.54276,63.231109,83.164125,2048,0.004887,0.018668,0.062544,2048,13816,13817,278257,0,1,25094,3798790,0,1.057818,3.042367,5.220566,2048,2,2,483,0,1.060409,20.0,"STATUS online tickets=0 {registered_loaded_endpoints=500, active_endpoints=500, worker_queue=0, actual_tickets=0, transactions=6849, errors=0, queue_rejected=0, quarantined=0, deferred_registry_decodes=0, dropped_wake_hints=0, local_exchange_calls=38182, local_input_units=36944000, local_output_units=35682000, batch_devices=24899, batch_records=26502, batch_payload_bytes=0, local_wakes=42799, remote_hint_wakes=2661, poll_fallback=88942, empty_batches=6125, allocation_misses=12572, local_credit_publications=282, local_ms_p50=0.001082, local_ms_p95=0.006039, local_ms_p99=0.008844, local_ms_samples=2048, queue_ms_p50=0.068163, queue_ms_p95=0.455964, queue_ms_p99=1.030316, queue_ms_samples=2048, execution_ms_p50=35.383178, execution_ms_p95=77.360508, execution_ms_p99=96.188548, execution_ms_samples=2048, apply_ms_p50=31.430282, apply_ms_p95=46.580363, apply_ms_p99=49.382447, apply_ms_samples=2048, tick_ms_p50=0.590977, tick_ms_p95=1.022014, tick_ms_p99=1.489932, tick_ms_samples=2017, delivery_ms_p50=149.185773, delivery_ms_p95=149.675782, delivery_ms_p99=199.222753, delivery_ms_samples=93, sql_ms_p50=35.382537, sql_ms_p95=77.359867, sql_ms_p99=96.187737, sql_ms_samples=2048, db_transaction_ms_p50=5.54276, db_transaction_ms_p95=63.231109, db_transaction_ms_p99=83.164125, db_transaction_ms_samples=2048, db_connection_wait_ms_p50=0.004887, db_connection_wait_ms_p95=0.018668, db_connection_wait_ms_p99=0.062544, db_connection_wait_ms_samples=2048, db_transactions=13816, db_transaction_attempts=13817, db_statements=278257, db_deadlock_retries=0, db_active_connections=1, wal_writes=25094, wal_bytes=3798790, wal_identical_skipped=0, wal_barrier_ms_p50=1.057818, wal_barrier_ms_p95=3.042367, wal_barrier_ms_p99=5.220566, wal_barrier_ms_samples=2048, completion_admitted=2, ready_channels=2, ready_devices=483, closing_devices=0, mc_recorded_tick_ms_avg100=1.060409, mc_target_ticks_per_second=20.0}
",28462.883860774,28462.886159404,500,500,500,500,36944000,35682000,527.379346,9809,"BULK count=500 spawned=500 registered=500 bound=500 accepted=36944000 extracted=35682000 fixture_ms_total=527.379346 fixture_ticks=9809
",28462.886279484,28462.887176976,154.84,2795808,53,810954752,824623104,6579695616,783732736,27123712,274,,,28.99964647982336
157,2026-10-06T16:27:49.430222+00:00,314.0039236599987,6,ACTIVE_observed,False,1.9999749199996586,0.34105753900075797,,0,500,500,0,0,6917,0,0,0,0,0,38512,37264000,35942000,25171,26779,0,43169,2693,89471,6125,12738,286,0.001112,0.006019,0.009314,2048,0.068433,0.46591,1.115384,2048,35.386347,77.567623,97.516197,2048,31.661501,46.617088,49.382447,2048,0.589375,1.022004,1.537828,2048,149.122946,149.675782,199.222753,97,35.384194,77.563527,97.512161,2048,5.527206,63.231109,83.927061,2048,0.004807,0.018558,0.061863,2048,13947,13947,280924,0,0,25322,3832738,0,1.059,2.897799,5.092464,2048,2,2,486,0,1.060104,20.0,"STATUS online tickets=0 {registered_loaded_endpoints=500, active_endpoints=500, worker_queue=0, actual_tickets=0, transactions=6917, errors=0, queue_rejected=0, quarantined=0, deferred_registry_decodes=0, dropped_wake_hints=0, local_exchange_calls=38512, local_input_units=37264000, local_output_units=35942000, batch_devices=25171, batch_records=26779, batch_payload_bytes=0, local_wakes=43169, remote_hint_wakes=2693, poll_fallback=89471, empty_batches=6125, allocation_misses=12738, local_credit_publications=286, local_ms_p50=0.001112, local_ms_p95=0.006019, local_ms_p99=0.009314, local_ms_samples=2048, queue_ms_p50=0.068433, queue_ms_p95=0.46591, queue_ms_p99=1.115384, queue_ms_samples=2048, execution_ms_p50=35.386347, execution_ms_p95=77.567623, execution_ms_p99=97.516197, execution_ms_samples=2048, apply_ms_p50=31.661501, apply_ms_p95=46.617088, apply_ms_p99=49.382447, apply_ms_samples=2048, tick_ms_p50=0.589375, tick_ms_p95=1.022004, tick_ms_p99=1.537828, tick_ms_samples=2048, delivery_ms_p50=149.122946, delivery_ms_p95=149.675782, delivery_ms_p99=199.222753, delivery_ms_samples=97, sql_ms_p50=35.384194, sql_ms_p95=77.563527, sql_ms_p99=97.512161, sql_ms_samples=2048, db_transaction_ms_p50=5.527206, db_transaction_ms_p95=63.231109, db_transaction_ms_p99=83.927061, db_transaction_ms_samples=2048, db_connection_wait_ms_p50=0.004807, db_connection_wait_ms_p95=0.018558, db_connection_wait_ms_p99=0.061863, db_connection_wait_ms_samples=2048, db_transactions=13947, db_transaction_attempts=13947, db_statements=280924, db_deadlock_retries=0, db_active_connections=0, wal_writes=25322, wal_bytes=3832738, wal_identical_skipped=0, wal_barrier_ms_p50=1.059, wal_barrier_ms_p95=2.897799, wal_barrier_ms_p99=5.092464, wal_barrier_ms_samples=2048, completion_admitted=2, ready_channels=2, ready_devices=486, closing_devices=0, mc_recorded_tick_ms_avg100=1.060104, mc_target_ticks_per_second=20.0}
",28464.883825058,28464.88595795,500,500,500,500,37264000,35942000,530.249873,9849,"BULK count=500 spawned=500 registered=500 bound=500 accepted=37264000 extracted=35942000 fixture_ms_total=530.249873 fixture_ticks=9849
",28464.88607144,28464.88677409,155.39,2795808,53,811098112,824623104,6579695616,783876096,27123712,274,395313152,347851980,27.50034485432831
158,2026-10-06T16:27:51.430222+00:00,316.0039150369994,6,ACTIVE_observed,False,1.999991377000697,0.004179793999355752,,0,500,500,0,0,6981,0,0,0,0,0,38843,37584000,36246000,25435,27063,0,43540,2723,90052,6125,12856,287,0.001222,0.006269,0.008723,2048,0.068167,0.46591,1.115384,2048,35.239222,77.818688,97.516197,2048,31.668796,46.617088,49.382447,2048,0.587812,1.022014,1.545661,2048,149.122946,149.675782,199.222753,98,35.238641,77.818327,97.512161,2048,5.480166,63.745,83.164125,2048,0.004687,0.017997,0.055192,2048,14072,14073,283860,0,1,25629,3878533,0,1.042475,2.741555,4.595042,2048,2,2,491,0,1.111324,20.0,"STATUS online tickets=0 {registered_loaded_endpoints=500, active_endpoints=500, worker_queue=0, actual_tickets=0, transactions=6981, errors=0, queue_rejected=0, quarantined=0, deferred_registry_decodes=0, dropped_wake_hints=0, local_exchange_calls=38843, local_input_units=37584000, local_output_units=36246000, batch_devices=25435, batch_records=27063, batch_payload_bytes=0, local_wakes=43540, remote_hint_wakes=2723, poll_fallback=90052, empty_batches=6125, allocation_misses=12856, local_credit_publications=287, local_ms_p50=0.001222, local_ms_p95=0.006269, local_ms_p99=0.008723, local_ms_samples=2048, queue_ms_p50=0.068167, queue_ms_p95=0.46591, queue_ms_p99=1.115384, queue_ms_samples=2048, execution_ms_p50=35.239222, execution_ms_p95=77.818688, execution_ms_p99=97.516197, execution_ms_samples=2048, apply_ms_p50=31.668796, apply_ms_p95=46.617088, apply_ms_p99=49.382447, apply_ms_samples=2048, tick_ms_p50=0.587812, tick_ms_p95=1.022014, tick_ms_p99=1.545661, tick_ms_samples=2048, delivery_ms_p50=149.122946, delivery_ms_p95=149.675782, delivery_ms_p99=199.222753, delivery_ms_samples=98, sql_ms_p50=35.238641, sql_ms_p95=77.818327, sql_ms_p99=97.512161, sql_ms_samples=2048, db_transaction_ms_p50=5.480166, db_transaction_ms_p95=63.745, db_transaction_ms_p99=83.164125, db_transaction_ms_samples=2048, db_connection_wait_ms_p50=0.004687, db_connection_wait_ms_p95=0.017997, db_connection_wait_ms_p99=0.055192, db_connection_wait_ms_samples=2048, db_transactions=14072, db_transaction_attempts=14073, db_statements=283860, db_deadlock_retries=0, db_active_connections=1, wal_writes=25629, wal_bytes=3878533, wal_identical_skipped=0, wal_barrier_ms_p50=1.042475, wal_barrier_ms_p95=2.741555, wal_barrier_ms_p99=4.595042, wal_barrier_ms_samples=2048, completion_admitted=2, ready_channels=2, ready_devices=491, closing_devices=0, mc_recorded_tick_ms_avg100=1.111324, mc_target_ticks_per_second=20.0}
",28466.883951678,28466.886303198,500,500,500,500,37584000,36246000,532.626571,9889,"BULK count=500 spawned=500 registered=500 bound=500 accepted=37584000 extracted=36246000 fixture_ms_total=532.626571 fixture_ticks=9889
",28466.886418521,28466.887005582,156.03,2795808,53,811159552,824623104,6579695616,783937536,27123712,274,,,32.00013796858444
159,2026-10-06T16:27:53.430238+00:00,318.00393936399996,6,ACTIVE_observed,False,2.000024327000574,0.004277150001144037,,0,500,500,0,0,7047,0,0,0,0,0,39172,37904000,36516000,25715,27355,0,43909,2752,90586,6125,13004,289,0.001252,0.006329,0.009153,2048,0.067932,0.454677,1.026055,2048,35.553244,77.818688,97.516197,2048,31.807781,46.667165,49.382447,2048,0.587562,1.017737,1.545661,2048,149.122946,149.675782,151.471111,100,35.552714,77.818327,97.512161,2048,5.395709,62.96374,82.662569,2048,0.004556,0.017416,0.052819,2048,14198,14198,286735,0,0,25902,3919342,0,1.049715,2.68495,4.595042,2048,2,2,482,0,1.110354,20.0,"STATUS online tickets=0 {registered_loaded_endpoints=500, active_endpoints=500, worker_queue=0, actual_tickets=0, transactions=7047, errors=0, queue_rejected=0, quarantined=0, deferred_registry_decodes=0, dropped_wake_hints=0, local_exchange_calls=39172, local_input_units=37904000, local_output_units=36516000, batch_devices=25715, batch_records=27355, batch_payload_bytes=0, local_wakes=43909, remote_hint_wakes=2752, poll_fallback=90586, empty_batches=6125, allocation_misses=13004, local_credit_publications=289, local_ms_p50=0.001252, local_ms_p95=0.006329, local_ms_p99=0.009153, local_ms_samples=2048, queue_ms_p50=0.067932, queue_ms_p95=0.454677, queue_ms_p99=1.026055, queue_ms_samples=2048, execution_ms_p50=35.553244, execution_ms_p95=77.818688, execution_ms_p99=97.516197, execution_ms_samples=2048, apply_ms_p50=31.807781, apply_ms_p95=46.667165, apply_ms_p99=49.382447, apply_ms_samples=2048, tick_ms_p50=0.587562, tick_ms_p95=1.017737, tick_ms_p99=1.545661, tick_ms_samples=2048, delivery_ms_p50=149.122946, delivery_ms_p95=149.675782, delivery_ms_p99=151.471111, delivery_ms_samples=100, sql_ms_p50=35.552714, sql_ms_p95=77.818327, sql_ms_p99=97.512161, sql_ms_samples=2048, db_transaction_ms_p50=5.395709, db_transaction_ms_p95=62.96374, db_transaction_ms_p99=82.662569, db_transaction_ms_samples=2048, db_connection_wait_ms_p50=0.004556, db_connection_wait_ms_p95=0.017416, db_connection_wait_ms_p99=0.052819, db_connection_wait_ms_samples=2048, db_transactions=14198, db_transaction_attempts=14198, db_statements=286735, db_deadlock_retries=0, db_active_connections=0, wal_writes=25902, wal_bytes=3919342, wal_identical_skipped=0, wal_barrier_ms_p50=1.049715, wal_barrier_ms_p95=2.68495, wal_barrier_ms_p99=4.595042, wal_barrier_ms_samples=2048, completion_admitted=2, ready_channels=2, ready_devices=482, closing_devices=0, mc_recorded_tick_ms_avg100=1.110354, mc_target_ticks_per_second=20.0}
",28468.883877376,28468.886290288,500,500,500,500,37904000,36516000,534.764649,9929,"BULK count=500 spawned=500 registered=500 bound=500 accepted=37904000 extracted=36516000 fixture_ms_total=534.764649 fixture_ticks=9929
",28468.886406613,28468.887096839,156.58,2795808,53,811241472,824623104,6579695616,784019456,27123712,274,,,27.499665507811272
160,2026-10-06T16:27:55.430677+00:00,320.0043789829979,6,ACTIVE_observed,False,2.000439618997916,0.004567481002595741,,0,500,500,0,0,7110,0,0,0,0,0,39505,38224000,36868000,25979,27636,0,44282,2783,91175,6125,13122,291,0.001172,0.00629,0.008723,2048,0.067942,0.44672,1.026055,2048,35.553244,78.082251,97.516197,2048,31.807781,46.617088,49.374882,2048,0.587552,1.017737,1.545661,2048,149.098654,149.675782,151.471111,102,35.552714,78.08183,97.512161,2048,5.359084,62.098496,82.821527,2048,0.004426,0.016434,0.052819,2048,14318,14319,289619,0,1,26192,3962800,0,1.051137,2.42524,4.546654,2048,2,2,480,0,1.032983,20.0,"STATUS online tickets=0 {registered_loaded_endpoints=500, active_endpoints=500, worker_queue=0, actual_tickets=0, transactions=7110, errors=0, queue_rejected=0, quarantined=0, deferred_registry_decodes=0, dropped_wake_hints=0, local_exchange_calls=39505, local_input_units=38224000, local_output_units=36868000, batch_devices=25979, batch_records=27636, batch_payload_bytes=0, local_wakes=44282, remote_hint_wakes=2783, poll_fallback=91175, empty_batches=6125, allocation_misses=13122, local_credit_publications=291, local_ms_p50=0.001172, local_ms_p95=0.00629, local_ms_p99=0.008723, local_ms_samples=2048, queue_ms_p50=0.067942, queue_ms_p95=0.44672, queue_ms_p99=1.026055, queue_ms_samples=2048, execution_ms_p50=35.553244, execution_ms_p95=78.082251, execution_ms_p99=97.516197, execution_ms_samples=2048, apply_ms_p50=31.807781, apply_ms_p95=46.617088, apply_ms_p99=49.374882, apply_ms_samples=2048, tick_ms_p50=0.587552, tick_ms_p95=1.017737, tick_ms_p99=1.545661, tick_ms_samples=2048, delivery_ms_p50=149.098654, delivery_ms_p95=149.675782, delivery_ms_p99=151.471111, delivery_ms_samples=102, sql_ms_p50=35.552714, sql_ms_p95=78.08183, sql_ms_p99=97.512161, sql_ms_samples=2048, db_transaction_ms_p50=5.359084, db_transaction_ms_p95=62.098496, db_transaction_ms_p99=82.821527, db_transaction_ms_samples=2048, db_connection_wait_ms_p50=0.004426, db_connection_wait_ms_p95=0.016434, db_connection_wait_ms_p99=0.052819, db_connection_wait_ms_samples=2048, db_transactions=14318, db_transaction_attempts=14319, db_statements=289619, db_deadlock_retries=0, db_active_connections=1, wal_writes=26192, wal_bytes=3962800, wal_identical_skipped=0, wal_barrier_ms_p50=1.051137, wal_barrier_ms_p95=2.42524, wal_barrier_ms_p99=4.546654, wal_barrier_ms_samples=2048, completion_admitted=2, ready_channels=2, ready_devices=480, closing_devices=0, mc_recorded_tick_ms_avg100=1.032983, mc_target_ticks_per_second=20.0}
",28470.884317667,28470.886797159,500,500,500,500,38224000,36868000,536.959597,9969,"BULK count=500 spawned=500 registered=500 bound=500 accepted=38224000 extracted=36868000 fixture_ms_total=536.959597 fixture_ticks=9969
",28470.886936608,28470.887702703,157.12,2795808,52,811233280,824623104,6579695616,784011264,27123712,274,,,26.994066447778874
161,2026-10-06T16:27:57.430233+00:00,322.00386450099904,6,ACTIVE_observed,False,1.9994855180011655,0.004345692999777384,,0,500,500,0,0,7170,0,0,0,0,0,39833,38544000,37124000,26243,27909,0,44650,2809,91714,6125,13263,293,0.001151,0.00634,0.009074,2048,0.067786,0.455964,1.026055,2048,35.645288,78.225067,97.516197,2048,31.807781,46.37939,49.352598,2048,0.583776,1.017107,1.545661,2048,149.122946,149.684766,151.471111,104,35.642373,78.224676,97.512161,2048,5.411952,62.382481,82.821527,2048,0.004437,0.016104,0.038498,2048,14433,14434,292216,0,1,26430,3998198,0,1.05278,2.430964,4.449919,2048,2,2,487,0,0.992948,20.0,"STATUS online tickets=0 {registered_loaded_endpoints=500, active_endpoints=500, worker_queue=0, actual_tickets=0, transactions=7170, errors=0, queue_rejected=0, quarantined=0, deferred_registry_decodes=0, dropped_wake_hints=0, local_exchange_calls=39833, local_input_units=38544000, local_output_units=37124000, batch_devices=26243, batch_records=27909, batch_payload_bytes=0, local_wakes=44650, remote_hint_wakes=2809, poll_fallback=91714, empty_batches=6125, allocation_misses=13263, local_credit_publications=293, local_ms_p50=0.001151, local_ms_p95=0.00634, local_ms_p99=0.009074, local_ms_samples=2048, queue_ms_p50=0.067786, queue_ms_p95=0.455964, queue_ms_p99=1.026055, queue_ms_samples=2048, execution_ms_p50=35.645288, execution_ms_p95=78.225067, execution_ms_p99=97.516197, execution_ms_samples=2048, apply_ms_p50=31.807781, apply_ms_p95=46.37939, apply_ms_p99=49.352598, apply_ms_samples=2048, tick_ms_p50=0.583776, tick_ms_p95=1.017107, tick_ms_p99=1.545661, tick_ms_samples=2048, delivery_ms_p50=149.122946, delivery_ms_p95=149.684766, delivery_ms_p99=151.471111, delivery_ms_samples=104, sql_ms_p50=35.642373, sql_ms_p95=78.224676, sql_ms_p99=97.512161, sql_ms_samples=2048, db_transaction_ms_p50=5.411952, db_transaction_ms_p95=62.382481, db_transaction_ms_p99=82.821527, db_transaction_ms_samples=2048, db_connection_wait_ms_p50=0.004437, db_connection_wait_ms_p95=0.016104, db_connection_wait_ms_p99=0.038498, db_connection_wait_ms_samples=2048, db_transactions=14433, db_transaction_attempts=14434, db_statements=292216, db_deadlock_retries=0, db_active_connections=1, wal_writes=26430, wal_bytes=3998198, wal_identical_skipped=0, wal_barrier_ms_p50=1.05278, wal_barrier_ms_p95=2.430964, wal_barrier_ms_p99=4.449919, wal_barrier_ms_samples=2048, completion_admitted=2, ready_channels=2, ready_devices=487, closing_devices=0, mc_recorded_tick_ms_avg100=0.992948, mc_target_ticks_per_second=20.0}
",28472.88384669,28472.886181564,500,500,500,500,38544000,37124000,538.98658,10009,"BULK count=500 spawned=500 registered=500 bound=500 accepted=38544000 extracted=37124000 fixture_ms_total=538.98658 fixture_ticks=10009
",28472.886319301,28472.887060454,157.67,2795808,52,811319296,824623104,6579695616,784097280,27123712,274,,,27.507075947706983
162,2026-10-06T16:27:59.430238+00:00,324.00394016299833,6,ACTIVE_observed,False,2.00007566199929,0.2920782370019879,,0,500,500,0,0,7237,0,0,0,0,0,40165,38864000,37503000,26523,28201,0,45022,2842,92306,6125,13402,296,0.001212,0.006399,0.009614,2048,0.067261,0.449129,1.026055,2048,35.555426,78.082251,96.188548,2048,31.818638,46.304921,49.352598,2048,0.58624,1.017737,1.545661,2048,149.137335,149.684766,151.471111,107,35.554765,78.08183,96.187737,2048,5.482509,61.865504,82.429151,2048,0.004397,0.016334,0.044156,2048,14560,14562,295095,0,2,26718,4040870,0,1.045389,2.430964,4.342904,2048,2,2,491,0,1.067492,20.0,"STATUS online tickets=0 {registered_loaded_endpoints=500, active_endpoints=500, worker_queue=0, actual_tickets=0, transactions=7237, errors=0, queue_rejected=0, quarantined=0, deferred_registry_decodes=0, dropped_wake_hints=0, local_exchange_calls=40165, local_input_units=38864000, local_output_units=37503000, batch_devices=26523, batch_records=28201, batch_payload_bytes=0, local_wakes=45022, remote_hint_wakes=2842, poll_fallback=92306, empty_batches=6125, allocation_misses=13402, local_credit_publications=296, local_ms_p50=0.001212, local_ms_p95=0.006399, local_ms_p99=0.009614, local_ms_samples=2048, queue_ms_p50=0.067261, queue_ms_p95=0.449129, queue_ms_p99=1.026055, queue_ms_samples=2048, execution_ms_p50=35.555426, execution_ms_p95=78.082251, execution_ms_p99=96.188548, execution_ms_samples=2048, apply_ms_p50=31.818638, apply_ms_p95=46.304921, apply_ms_p99=49.352598, apply_ms_samples=2048, tick_ms_p50=0.58624, tick_ms_p95=1.017737, tick_ms_p99=1.545661, tick_ms_samples=2048, delivery_ms_p50=149.137335, delivery_ms_p95=149.684766, delivery_ms_p99=151.471111, delivery_ms_samples=107, sql_ms_p50=35.554765, sql_ms_p95=78.08183, sql_ms_p99=96.187737, sql_ms_samples=2048, db_transaction_ms_p50=5.482509, db_transaction_ms_p95=61.865504, db_transaction_ms_p99=82.429151, db_transaction_ms_samples=2048, db_connection_wait_ms_p50=0.004397, db_connection_wait_ms_p95=0.016334, db_connection_wait_ms_p99=0.044156, db_connection_wait_ms_samples=2048, db_transactions=14560, db_transaction_attempts=14562, db_statements=295095, db_deadlock_retries=0, db_active_connections=2, wal_writes=26718, wal_bytes=4040870, wal_identical_skipped=0, wal_barrier_ms_p50=1.045389, wal_barrier_ms_p95=2.430964, wal_barrier_ms_p99=4.342904, wal_barrier_ms_samples=2048, completion_admitted=2, ready_channels=2, ready_devices=491, closing_devices=0, mc_recorded_tick_ms_avg100=1.067492, mc_target_ticks_per_second=20.0}
",28474.88384777,28474.88598617,500,500,500,500,38864000,37503000,541.444571,10049,"BULK count=500 spawned=500 registered=500 bound=500 accepted=38864000 extracted=37503000 fixture_ms_total=541.444571 fixture_ticks=10049
",28474.886186711,28474.887104449,158.28,2795808,52,811372544,824623104,6579830784,784150528,27123712,274,395313152,266720051,30.49884619816099
163,2026-10-06T16:28:01.430251+00:00,326.00395315700007,6,ACTIVE_observed,False,2.000012994001736,0.005494097000337206,,0,500,500,0,0,7299,0,0,0,0,0,40498,39184000,37872000,26779,28468,0,45395,2870,92861,6125,13533,299,0.001272,0.00678,0.010486,2048,0.067321,0.46591,1.115384,2048,35.553244,78.225067,96.188548,2048,31.818638,46.330382,49.352598,2048,0.58624,1.022014,1.545661,2048,149.137335,149.684766,151.471111,110,35.552714,78.224676,96.187737,2048,5.483791,62.205294,82.197223,2048,0.004397,0.016085,0.052819,2048,14679,14680,297858,0,1,26986,4080634,0,1.042915,2.528976,4.595042,2048,2,2,480,0,1.110277,20.0,"STATUS online tickets=0 {registered_loaded_endpoints=500, active_endpoints=500, worker_queue=0, actual_tickets=0, transactions=7299, errors=0, queue_rejected=0, quarantined=0, deferred_registry_decodes=0, dropped_wake_hints=0, local_exchange_calls=40498, local_input_units=39184000, local_output_units=37872000, batch_devices=26779, batch_records=28468, batch_payload_bytes=0, local_wakes=45395, remote_hint_wakes=2870, poll_fallback=92861, empty_batches=6125, allocation_misses=13533, local_credit_publications=299, local_ms_p50=0.001272, local_ms_p95=0.00678, local_ms_p99=0.010486, local_ms_samples=2048, queue_ms_p50=0.067321, queue_ms_p95=0.46591, queue_ms_p99=1.115384, queue_ms_samples=2048, execution_ms_p50=35.553244, execution_ms_p95=78.225067, execution_ms_p99=96.188548, execution_ms_samples=2048, apply_ms_p50=31.818638, apply_ms_p95=46.330382, apply_ms_p99=49.352598, apply_ms_samples=2048, tick_ms_p50=0.58624, tick_ms_p95=1.022014, tick_ms_p99=1.545661, tick_ms_samples=2048, delivery_ms_p50=149.137335, delivery_ms_p95=149.684766, delivery_ms_p99=151.471111, delivery_ms_samples=110, sql_ms_p50=35.552714, sql_ms_p95=78.224676, sql_ms_p99=96.187737, sql_ms_samples=2048, db_transaction_ms_p50=5.483791, db_transaction_ms_p95=62.205294, db_transaction_ms_p99=82.197223, db_transaction_ms_samples=2048, db_connection_wait_ms_p50=0.004397, db_connection_wait_ms_p95=0.016085, db_connection_wait_ms_p99=0.052819, db_connection_wait_ms_samples=2048, db_transactions=14679, db_transaction_attempts=14680, db_statements=297858, db_deadlock_retries=0, db_active_connections=1, wal_writes=26986, wal_bytes=4080634, wal_identical_skipped=0, wal_barrier_ms_p50=1.042915, wal_barrier_ms_p95=2.528976, wal_barrier_ms_p99=4.595042, wal_barrier_ms_samples=2048, completion_admitted=2, ready_channels=2, ready_devices=480, closing_devices=0, mc_recorded_tick_ms_avg100=1.110277, mc_target_ticks_per_second=20.0}
",28476.883855416,28476.887407958,500,500,500,500,39184000,37872000,543.586978,10089,"BULK count=500 spawned=500 registered=500 bound=500 accepted=39184000 extracted=37872000 fixture_ms_total=543.586978 fixture_ticks=10089
",28476.887528439,28476.88828207,158.87,2795808,52,811429888,824623104,6579814400,784207872,27123712,274,,,29.499808339719785
164,2026-10-06T16:28:03.430245+00:00,328.00394666300053,6,ACTIVE_observed,False,1.9999935060004645,0.005676725999364862,,0,500,500,0,0,7363,0,0,0,0,0,40830,39504000,38217000,27035,28731,0,45767,2902,93422,6125,13669,303,0.001221,0.00667,0.010125,2048,0.067422,0.46591,1.115384,2048,35.553244,78.495716,98.011813,2048,31.84501,46.684076,49.374882,2048,0.587552,1.022014,1.545661,2048,149.185773,149.684766,151.471111,114,35.552714,78.495096,98.011193,2048,5.480166,63.220853,84.149703,2048,0.004457,0.016085,0.053781,2048,14806,14807,300522,0,1,27233,4117193,0,1.048494,2.584229,4.595042,2048,2,2,481,0,1.191163,20.0,"STATUS online tickets=0 {registered_loaded_endpoints=500, active_endpoints=500, worker_queue=0, actual_tickets=0, transactions=7363, errors=0, queue_rejected=0, quarantined=0, deferred_registry_decodes=0, dropped_wake_hints=0, local_exchange_calls=40830, local_input_units=39504000, local_output_units=38217000, batch_devices=27035, batch_records=28731, batch_payload_bytes=0, local_wakes=45767, remote_hint_wakes=2902, poll_fallback=93422, empty_batches=6125, allocation_misses=13669, local_credit_publications=303, local_ms_p50=0.001221, local_ms_p95=0.00667, local_ms_p99=0.010125, local_ms_samples=2048, queue_ms_p50=0.067422, queue_ms_p95=0.46591, queue_ms_p99=1.115384, queue_ms_samples=2048, execution_ms_p50=35.553244, execution_ms_p95=78.495716, execution_ms_p99=98.011813, execution_ms_samples=2048, apply_ms_p50=31.84501, apply_ms_p95=46.684076, apply_ms_p99=49.374882, apply_ms_samples=2048, tick_ms_p50=0.587552, tick_ms_p95=1.022014, tick_ms_p99=1.545661, tick_ms_samples=2048, delivery_ms_p50=149.185773, delivery_ms_p95=149.684766, delivery_ms_p99=151.471111, delivery_ms_samples=114, sql_ms_p50=35.552714, sql_ms_p95=78.495096, sql_ms_p99=98.011193, sql_ms_samples=2048, db_transaction_ms_p50=5.480166, db_transaction_ms_p95=63.220853, db_transaction_ms_p99=84.149703, db_transaction_ms_samples=2048, db_connection_wait_ms_p50=0.004457, db_connection_wait_ms_p95=0.016085, db_connection_wait_ms_p99=0.053781, db_connection_wait_ms_samples=2048, db_transactions=14806, db_transaction_attempts=14807, db_statements=300522, db_deadlock_retries=0, db_active_connections=1, wal_writes=27233, wal_bytes=4117193, wal_identical_skipped=0, wal_barrier_ms_p50=1.048494, wal_barrier_ms_p95=2.584229, wal_barrier_ms_p99=4.595042, wal_barrier_ms_samples=2048, completion_admitted=2, ready_channels=2, ready_devices=481, closing_devices=0, mc_recorded_tick_ms_avg100=1.191163, mc_target_ticks_per_second=20.0}
",28478.884079849,28478.887244244,500,500,500,500,39504000,38217000,546.382375,10129,"BULK count=500 spawned=500 registered=500 bound=500 accepted=39504000 extracted=38217000 fixture_ms_total=546.382375 fixture_ticks=10129
",28478.887404224,28478.888185417,159.52,2795808,53,811597824,824623104,6579830784,784375808,27123712,274,,,32.50010552783538
165,2026-10-06T16:28:05.430231+00:00,330.0039330549989,6,ACTIVE_observed,False,1.999986391998391,0.007735552000667667,,0,500,500,0,0,7424,0,0,0,0,0,41165,39824000,38662000,27291,29001,0,46142,2932,94003,6125,13791,304,0.001131,0.00665,0.010997,2048,0.067681,0.468203,1.119381,2048,35.575208,78.082251,97.903041,2048,31.807781,46.580363,49.382447,2048,0.58597,1.018629,1.54584,2048,149.202182,149.724436,151.471111,115,35.574607,78.08183,97.90242,2048,5.47577,63.118806,84.149703,2048,0.004527,0.016505,0.071247,2048,14928,14929,303269,0,1,27504,4157336,0,1.051218,2.764569,5.135939,2048,2,2,491,0,1.177311,20.0,"STATUS online tickets=0 {registered_loaded_endpoints=500, active_endpoints=500, worker_queue=0, actual_tickets=0, transactions=7424, errors=0, queue_rejected=0, quarantined=0, deferred_registry_decodes=0, dropped_wake_hints=0, local_exchange_calls=41165, local_input_units=39824000, local_output_units=38662000, batch_devices=27291, batch_records=29001, batch_payload_bytes=0, local_wakes=46142, remote_hint_wakes=2932, poll_fallback=94003, empty_batches=6125, allocation_misses=13791, local_credit_publications=304, local_ms_p50=0.001131, local_ms_p95=0.00665, local_ms_p99=0.010997, local_ms_samples=2048, queue_ms_p50=0.067681, queue_ms_p95=0.468203, queue_ms_p99=1.119381, queue_ms_samples=2048, execution_ms_p50=35.575208, execution_ms_p95=78.082251, execution_ms_p99=97.903041, execution_ms_samples=2048, apply_ms_p50=31.807781, apply_ms_p95=46.580363, apply_ms_p99=49.382447, apply_ms_samples=2048, tick_ms_p50=0.58597, tick_ms_p95=1.018629, tick_ms_p99=1.54584, tick_ms_samples=2048, delivery_ms_p50=149.202182, delivery_ms_p95=149.724436, delivery_ms_p99=151.471111, delivery_ms_samples=115, sql_ms_p50=35.574607, sql_ms_p95=78.08183, sql_ms_p99=97.90242, sql_ms_samples=2048, db_transaction_ms_p50=5.47577, db_transaction_ms_p95=63.118806, db_transaction_ms_p99=84.149703, db_transaction_ms_samples=2048, db_connection_wait_ms_p50=0.004527, db_connection_wait_ms_p95=0.016505, db_connection_wait_ms_p99=0.071247, db_connection_wait_ms_samples=2048, db_transactions=14928, db_transaction_attempts=14929, db_statements=303269, db_deadlock_retries=0, db_active_connections=1, wal_writes=27504, wal_bytes=4157336, wal_identical_skipped=0, wal_barrier_ms_p50=1.051218, wal_barrier_ms_p95=2.764569, wal_barrier_ms_p99=5.135939, wal_barrier_ms_samples=2048, completion_admitted=2, ready_channels=2, ready_devices=491, closing_devices=0, mc_recorded_tick_ms_avg100=1.177311, mc_target_ticks_per_second=20.0}
",28480.883875103,28480.889072015,500,500,500,500,39824000,38662000,548.931563,10169,"BULK count=500 spawned=500 registered=500 bound=500 accepted=39824000 extracted=38662000 fixture_ms_total=548.931563 fixture_ticks=10169
",28480.889235761,28480.889990514,160.47,2795808,53,811782144,824623104,6579830784,784560128,27123712,274,,,47.50032319223665
166,2026-10-06T16:28:07.430245+00:00,332.0039456300001,7,setup_or_transition,False,2.000012575001165,0.004538903998763999,,0,568,0,0,0,7569,0,0,0,0,0,41356,40008000,38852000,27592,29309,0,46357,2948,94466,6125,13883,305,0.001081,0.006199,0.009785,2048,0.068868,0.8762,13.428248,2048,32.755322,77.818688,95.952991,2048,31.806178,46.093305,49.352598,2048,0.580922,1.018629,1.54584,2048,149.202182,149.724436,151.471111,116,32.754972,77.818327,95.95237,2048,5.422999,61.754171,83.164125,2048,0.004617,0.017065,0.07317,2048,15109,15109,305751,0,0,27789,4203605,0,1.074482,2.933524,5.270921,2048,6,2,296,0,1.212162,20.0,"STATUS online tickets=0 {registered_loaded_endpoints=568, active_endpoints=0, worker_queue=0, actual_tickets=0, transactions=7569, errors=0, queue_rejected=0, quarantined=0, deferred_registry_decodes=0, dropped_wake_hints=0, local_exchange_calls=41356, local_input_units=40008000, local_output_units=38852000, batch_devices=27592, batch_records=29309, batch_payload_bytes=0, local_wakes=46357, remote_hint_wakes=2948, poll_fallback=94466, empty_batches=6125, allocation_misses=13883, local_credit_publications=305, local_ms_p50=0.001081, local_ms_p95=0.006199, local_ms_p99=0.009785, local_ms_samples=2048, queue_ms_p50=0.068868, queue_ms_p95=0.8762, queue_ms_p99=13.428248, queue_ms_samples=2048, execution_ms_p50=32.755322, execution_ms_p95=77.818688, execution_ms_p99=95.952991, execution_ms_samples=2048, apply_ms_p50=31.806178, apply_ms_p95=46.093305, apply_ms_p99=49.352598, apply_ms_samples=2048, tick_ms_p50=0.580922, tick_ms_p95=1.018629, tick_ms_p99=1.54584, tick_ms_samples=2048, delivery_ms_p50=149.202182, delivery_ms_p95=149.724436, delivery_ms_p99=151.471111, delivery_ms_samples=116, sql_ms_p50=32.754972, sql_ms_p95=77.818327, sql_ms_p99=95.95237, sql_ms_samples=2048, db_transaction_ms_p50=5.422999, db_transaction_ms_p95=61.754171, db_transaction_ms_p99=83.164125, db_transaction_ms_samples=2048, db_connection_wait_ms_p50=0.004617, db_connection_wait_ms_p95=0.017065, db_connection_wait_ms_p99=0.07317, db_connection_wait_ms_samples=2048, db_transactions=15109, db_transaction_attempts=15109, db_statements=305751, db_deadlock_retries=0, db_active_connections=0, wal_writes=27789, wal_bytes=4203605, wal_identical_skipped=0, wal_barrier_ms_p50=1.074482, wal_barrier_ms_p95=2.933524, wal_barrier_ms_p99=5.270921, wal_barrier_ms_samples=2048, completion_admitted=6, ready_channels=2, ready_devices=296, closing_devices=0, mc_recorded_tick_ms_avg100=1.212162, mc_target_ticks_per_second=20.0}
",28482.883853227,28482.886235263,1000,568,564,508,40008000,38852000,573.204512,10209,"BULK count=1000 spawned=568 registered=564 bound=508 accepted=40008000 extracted=38852000 fixture_ms_total=573.204512 fixture_ticks=10209
",28482.886353491,28482.8870325,161.88,2795808,58,819404800,824623104,6579830784,792182784,27123712,274,,,70.4995567339958
167,2026-10-06T16:28:09.430231+00:00,334.00393320700096,7,setup_or_transition,False,1.9999875770008657,0.004312452998419758,,0,728,0,0,0,7836,0,0,0,0,0,41356,40008000,38852000,27666,29376,0,46357,2954,94772,6195,13883,305,0.001092,0.005238,0.009574,2048,0.074376,15.620734,54.030058,2048,21.004698,76.465462,94.445966,2048,32.671026,45.781554,49.207761,2048,0.575103,1.015314,1.489932,2048,149.202182,149.724436,151.471111,116,21.004057,76.464861,94.445376,2048,5.58283,55.939001,81.68543,2048,0.004627,0.018117,0.109835,2048,15383,15383,308177,0,0,27863,4216263,0,1.090828,2.990379,5.270921,2048,4,0,0,0,1.121054,20.0,"STATUS online tickets=0 {registered_loaded_endpoints=728, active_endpoints=0, worker_queue=0, actual_tickets=0, transactions=7836, errors=0, queue_rejected=0, quarantined=0, deferred_registry_decodes=0, dropped_wake_hints=0, local_exchange_calls=41356, local_input_units=40008000, local_output_units=38852000, batch_devices=27666, batch_records=29376, batch_payload_bytes=0, local_wakes=46357, remote_hint_wakes=2954, poll_fallback=94772, empty_batches=6195, allocation_misses=13883, local_credit_publications=305, local_ms_p50=0.001092, local_ms_p95=0.005238, local_ms_p99=0.009574, local_ms_samples=2048, queue_ms_p50=0.074376, queue_ms_p95=15.620734, queue_ms_p99=54.030058, queue_ms_samples=2048, execution_ms_p50=21.004698, execution_ms_p95=76.465462, execution_ms_p99=94.445966, execution_ms_samples=2048, apply_ms_p50=32.671026, apply_ms_p95=45.781554, apply_ms_p99=49.207761, apply_ms_samples=2048, tick_ms_p50=0.575103, tick_ms_p95=1.015314, tick_ms_p99=1.489932, tick_ms_samples=2048, delivery_ms_p50=149.202182, delivery_ms_p95=149.724436, delivery_ms_p99=151.471111, delivery_ms_samples=116, sql_ms_p50=21.004057, sql_ms_p95=76.464861, sql_ms_p99=94.445376, sql_ms_samples=2048, db_transaction_ms_p50=5.58283, db_transaction_ms_p95=55.939001, db_transaction_ms_p99=81.68543, db_transaction_ms_samples=2048, db_connection_wait_ms_p50=0.004627, db_connection_wait_ms_p95=0.018117, db_connection_wait_ms_p99=0.109835, db_connection_wait_ms_samples=2048, db_transactions=15383, db_transaction_attempts=15383, db_statements=308177, db_deadlock_retries=0, db_active_connections=0, wal_writes=27863, wal_bytes=4216263, wal_identical_skipped=0, wal_barrier_ms_p50=1.090828, wal_barrier_ms_p95=2.990379, wal_barrier_ms_p99=5.270921, wal_barrier_ms_samples=2048, completion_admitted=4, ready_channels=0, ready_devices=0, closing_devices=0, mc_recorded_tick_ms_avg100=1.121054, mc_target_ticks_per_second=20.0}
",28484.883854284,28484.886292053,1000,728,724,592,40008000,38852000,597.30389,10249,"BULK count=1000 spawned=728 registered=724 bound=592 accepted=40008000 extracted=38852000 fixture_ms_total=597.30389 fixture_ticks=10249
",28484.886465794,28484.887070612,162.86,2795808,57,822296576,824623104,6579830784,795074560,27123712,275,,,49.00030436537027
168,2026-10-06T16:28:11.430219+00:00,336.00392136499795,7,setup_or_transition,False,1.9999881579969951,0.4234277250034211,,0,888,0,0,0,8068,0,0,0,0,0,41356,40008000,38852000,27666,29376,0,46357,2963,95171,6279,13883,305,0.001142,0.005458,0.009173,2048,0.078087,31.956273,62.601405,2048,16.446243,73.290682,90.638231,2048,33.88098,45.446012,49.056304,2048,0.568533,1.014403,1.489932,2048,149.202182,149.724436,151.471111,116,16.446113,73.290201,90.63777,2048,5.52256,54.146904,79.597606,2048,0.004357,0.018678,0.11319,2048,15624,15624,310177,0,0,27863,4216263,0,1.090828,2.990379,5.270921,2048,4,0,0,0,0.917677,20.0,"STATUS online tickets=0 {registered_loaded_endpoints=888, active_endpoints=0, worker_queue=0, actual_tickets=0, transactions=8068, errors=0, queue_rejected=0, quarantined=0, deferred_registry_decodes=0, dropped_wake_hints=0, local_exchange_calls=41356, local_input_units=40008000, local_output_units=38852000, batch_devices=27666, batch_records=29376, batch_payload_bytes=0, local_wakes=46357, remote_hint_wakes=2963, poll_fallback=95171, empty_batches=6279, allocation_misses=13883, local_credit_publications=305, local_ms_p50=0.001142, local_ms_p95=0.005458, local_ms_p99=0.009173, local_ms_samples=2048, queue_ms_p50=0.078087, queue_ms_p95=31.956273, queue_ms_p99=62.601405, queue_ms_samples=2048, execution_ms_p50=16.446243, execution_ms_p95=73.290682, execution_ms_p99=90.638231, execution_ms_samples=2048, apply_ms_p50=33.88098, apply_ms_p95=45.446012, apply_ms_p99=49.056304, apply_ms_samples=2048, tick_ms_p50=0.568533, tick_ms_p95=1.014403, tick_ms_p99=1.489932, tick_ms_samples=2048, delivery_ms_p50=149.202182, delivery_ms_p95=149.724436, delivery_ms_p99=151.471111, delivery_ms_samples=116, sql_ms_p50=16.446113, sql_ms_p95=73.290201, sql_ms_p99=90.63777, sql_ms_samples=2048, db_transaction_ms_p50=5.52256, db_transaction_ms_p95=54.146904, db_transaction_ms_p99=79.597606, db_transaction_ms_samples=2048, db_connection_wait_ms_p50=0.004357, db_connection_wait_ms_p95=0.018678, db_connection_wait_ms_p99=0.11319, db_connection_wait_ms_samples=2048, db_transactions=15624, db_transaction_attempts=15624, db_statements=310177, db_deadlock_retries=0, db_active_connections=0, wal_writes=27863, wal_bytes=4216263, wal_identical_skipped=0, wal_barrier_ms_p50=1.090828, wal_barrier_ms_p95=2.990379, wal_barrier_ms_p99=5.270921, wal_barrier_ms_samples=2048, completion_admitted=4, ready_channels=0, ready_devices=0, closing_devices=0, mc_recorded_tick_ms_avg100=0.917677, mc_target_ticks_per_second=20.0}
",28486.883829132,28486.891067037,1000,888,884,664,40008000,38852000,612.04483,10289,"BULK count=1000 spawned=888 registered=884 bound=664 accepted=40008000 extracted=38852000 fixture_ms_total=612.04483 fixture_ticks=10289
",28486.891250832,28486.892676432,163.56,2795808,57,822423552,824623104,6579830784,795201536,27123712,274,395313152,239676006,35.00020723627906
169,2026-10-06T16:28:13.430216+00:00,338.0039196180005,7,setup_or_transition,False,1.999998253002559,0.004238973000610713,,0,1000,0,0,0,8244,0,0,0,0,0,41356,40008000,38852000,27666,29376,0,46357,2975,95492,6362,13883,305,0.001182,0.005738,0.009094,2048,0.083796,42.47386,78.408052,2048,14.633012,70.036584,88.149447,2048,34.382394,45.396036,48.976327,2048,0.561963,1.006621,1.462635,2048,149.202182,149.724436,151.471111,116,14.632772,70.035923,88.148656,2048,5.614818,53.283174,77.95257,2048,0.004197,0.019088,0.344177,2048,15809,15809,311777,0,0,27863,4216263,0,1.090828,2.990379,5.270921,2048,0,0,0,0,0.79464,20.0,"STATUS online tickets=0 {registered_loaded_endpoints=1000, active_endpoints=0, worker_queue=0, actual_tickets=0, transactions=8244, errors=0, queue_rejected=0, quarantined=0, deferred_registry_decodes=0, dropped_wake_hints=0, local_exchange_calls=41356, local_input_units=40008000, local_output_units=38852000, batch_devices=27666, batch_records=29376, batch_payload_bytes=0, local_wakes=46357, remote_hint_wakes=2975, poll_fallback=95492, empty_batches=6362, allocation_misses=13883, local_credit_publications=305, local_ms_p50=0.001182, local_ms_p95=0.005738, local_ms_p99=0.009094, local_ms_samples=2048, queue_ms_p50=0.083796, queue_ms_p95=42.47386, queue_ms_p99=78.408052, queue_ms_samples=2048, execution_ms_p50=14.633012, execution_ms_p95=70.036584, execution_ms_p99=88.149447, execution_ms_samples=2048, apply_ms_p50=34.382394, apply_ms_p95=45.396036, apply_ms_p99=48.976327, apply_ms_samples=2048, tick_ms_p50=0.561963, tick_ms_p95=1.006621, tick_ms_p99=1.462635, tick_ms_samples=2048, delivery_ms_p50=149.202182, delivery_ms_p95=149.724436, delivery_ms_p99=151.471111, delivery_ms_samples=116, sql_ms_p50=14.632772, sql_ms_p95=70.035923, sql_ms_p99=88.148656, sql_ms_samples=2048, db_transaction_ms_p50=5.614818, db_transaction_ms_p95=53.283174, db_transaction_ms_p99=77.95257, db_transaction_ms_samples=2048, db_connection_wait_ms_p50=0.004197, db_connection_wait_ms_p95=0.019088, db_connection_wait_ms_p99=0.344177, db_connection_wait_ms_samples=2048, db_transactions=15809, db_transaction_attempts=15809, db_statements=311777, db_deadlock_retries=0, db_active_connections=0, wal_writes=27863, wal_bytes=4216263, wal_identical_skipped=0, wal_barrier_ms_p50=1.090828, wal_barrier_ms_p95=2.990379, wal_barrier_ms_p99=5.270921, wal_barrier_ms_samples=2048, completion_admitted=0, ready_channels=0, ready_devices=0, closing_devices=0, mc_recorded_tick_ms_avg100=0.79464, mc_target_ticks_per_second=20.0}
",28488.883796979,28488.886216511,1000,1000,1000,728,40008000,38852000,621.169159,10329,"BULK count=1000 spawned=1000 registered=1000 bound=728 accepted=40008000 extracted=38852000 fixture_ms_total=621.169159 fixture_ticks=10329
",28488.886347958,28488.887019857,164.05,2795808,57,822558720,824623104,6579830784,795336704,27123712,274,,,24.5000214007378
170,2026-10-06T16:28:15.430214+00:00,340.0039155919985,7,setup_or_transition,False,1.9999959739980113,0.007213528002466774,,0,1000,0,5,0,8392,0,0,0,0,0,41356,40008000,38852000,27666,29376,0,46357,2978,95924,6451,13883,305,0.001231,0.00652,0.011277,2048,0.094967,48.320267,81.839691,2048,13.713975,68.61187,88.139437,2048,34.264704,45.391529,48.951808,2048,0.558799,0.995244,1.431589,2048,149.202182,149.724436,151.471111,116,13.713625,68.611269,88.138486,2048,6.136541,51.414082,77.697102,2048,0.004066,0.021573,2.425972,2048,15965,15968,313897,0,3,27863,4216263,0,1.090828,2.990379,5.270921,2048,16,0,0,0,0.773265,20.0,"STATUS online tickets=0 {registered_loaded_endpoints=1000, active_endpoints=0, worker_queue=5, actual_tickets=0, transactions=8392, errors=0, queue_rejected=0, quarantined=0, deferred_registry_decodes=0, dropped_wake_hints=0, local_exchange_calls=41356, local_input_units=40008000, local_output_units=38852000, batch_devices=27666, batch_records=29376, batch_payload_bytes=0, local_wakes=46357, remote_hint_wakes=2978, poll_fallback=95924, empty_batches=6451, allocation_misses=13883, local_credit_publications=305, local_ms_p50=0.001231, local_ms_p95=0.00652, local_ms_p99=0.011277, local_ms_samples=2048, queue_ms_p50=0.094967, queue_ms_p95=48.320267, queue_ms_p99=81.839691, queue_ms_samples=2048, execution_ms_p50=13.713975, execution_ms_p95=68.61187, execution_ms_p99=88.139437, execution_ms_samples=2048, apply_ms_p50=34.264704, apply_ms_p95=45.391529, apply_ms_p99=48.951808, apply_ms_samples=2048, tick_ms_p50=0.558799, tick_ms_p95=0.995244, tick_ms_p99=1.431589, tick_ms_samples=2048, delivery_ms_p50=149.202182, delivery_ms_p95=149.724436, delivery_ms_p99=151.471111, delivery_ms_samples=116, sql_ms_p50=13.713625, sql_ms_p95=68.611269, sql_ms_p99=88.138486, sql_ms_samples=2048, db_transaction_ms_p50=6.136541, db_transaction_ms_p95=51.414082, db_transaction_ms_p99=77.697102, db_transaction_ms_samples=2048, db_connection_wait_ms_p50=0.004066, db_connection_wait_ms_p95=0.021573, db_connection_wait_ms_p99=2.425972, db_connection_wait_ms_samples=2048, db_transactions=15965, db_transaction_attempts=15968, db_statements=313897, db_deadlock_retries=0, db_active_connections=3, wal_writes=27863, wal_bytes=4216263, wal_identical_skipped=0, wal_barrier_ms_p50=1.090828, wal_barrier_ms_p95=2.990379, wal_barrier_ms_p99=5.270921, wal_barrier_ms_samples=2048, completion_admitted=16, ready_channels=0, ready_devices=0, closing_devices=0, mc_recorded_tick_ms_avg100=0.773265, mc_target_ticks_per_second=20.0}
",28490.883816159,28490.886333988,1000,1000,1000,868,40008000,38852000,622.088191,10369,"BULK count=1000 spawned=1000 registered=1000 bound=868 accepted=40008000 extracted=38852000 fixture_ms_total=622.088191 fixture_ticks=10369
BULK count=1000 spawned=1000 registered=1000 bound=868 accepted=40008000 extracted=38852000 fixture_ms_total=622.088191 fixture_ticks=10369
",28490.886476262,28490.888094721,164.46,2795808,57,822685696,824623104,6579830784,795463680,27123712,274,,,20.500041266603283
171,2026-10-06T16:28:17.430260+00:00,342.0039623189987,7,setup_or_transition,False,2.0000467270001536,0.005405273001088062,,0,1000,0,0,0,8466,0,0,0,0,0,41356,40008000,38852000,27666,29376,0,46357,2990,96437,6557,13883,305,0.001232,0.007421,0.012509,2048,0.108483,51.751969,81.839691,2048,13.584712,67.624011,88.139437,2048,34.112839,45.411173,48.951808,2048,0.553591,0.976166,1.412685,2048,149.202182,149.724436,151.471111,116,13.58433,67.62321,88.138486,2048,6.414229,49.381433,77.482446,2048,0.003936,0.021582,2.425972,2048,16048,16048,314945,0,0,27863,4216263,0,1.090828,2.990379,5.270921,2048,0,2,32,0,0.76336,20.0,"STATUS online tickets=0 {registered_loaded_endpoints=1000, active_endpoints=0, worker_queue=0, actual_tickets=0, transactions=8466, errors=0, queue_rejected=0, quarantined=0, deferred_registry_decodes=0, dropped_wake_hints=0, local_exchange_calls=41356, local_input_units=40008000, local_output_units=38852000, batch_devices=27666, batch_records=29376, batch_payload_bytes=0, local_wakes=46357, remote_hint_wakes=2990, poll_fallback=96437, empty_batches=6557, allocation_misses=13883, local_credit_publications=305, local_ms_p50=0.001232, local_ms_p95=0.007421, local_ms_p99=0.012509, local_ms_samples=2048, queue_ms_p50=0.108483, queue_ms_p95=51.751969, queue_ms_p99=81.839691, queue_ms_samples=2048, execution_ms_p50=13.584712, execution_ms_p95=67.624011, execution_ms_p99=88.139437, execution_ms_samples=2048, apply_ms_p50=34.112839, apply_ms_p95=45.411173, apply_ms_p99=48.951808, apply_ms_samples=2048, tick_ms_p50=0.553591, tick_ms_p95=0.976166, tick_ms_p99=1.412685, tick_ms_samples=2048, delivery_ms_p50=149.202182, delivery_ms_p95=149.724436, delivery_ms_p99=151.471111, delivery_ms_samples=116, sql_ms_p50=13.58433, sql_ms_p95=67.62321, sql_ms_p99=88.138486, sql_ms_samples=2048, db_transaction_ms_p50=6.414229, db_transaction_ms_p95=49.381433, db_transaction_ms_p99=77.482446, db_transaction_ms_samples=2048, db_connection_wait_ms_p50=0.003936, db_connection_wait_ms_p95=0.021582, db_connection_wait_ms_p99=2.425972, db_connection_wait_ms_samples=2048, db_transactions=16048, db_transaction_attempts=16048, db_statements=314945, db_deadlock_retries=0, db_active_connections=0, wal_writes=27863, wal_bytes=4216263, wal_identical_skipped=0, wal_barrier_ms_p50=1.090828, wal_barrier_ms_p95=2.990379, wal_barrier_ms_p99=5.270921, wal_barrier_ms_samples=2048, completion_admitted=0, ready_channels=2, ready_devices=32, closing_devices=0, mc_recorded_tick_ms_avg100=0.76336, mc_target_ticks_per_second=20.0}
",28492.883887252,28492.886839883,1000,1000,1000,950,40008000,38852000,622.439903,10409,"BULK count=1000 spawned=1000 registered=1000 bound=950 accepted=40008000 extracted=38852000 fixture_ms_total=622.439903 fixture_ticks=10409
",28492.887159043,28492.888152414,164.8,2795808,57,822779904,824623104,6579830784,795557888,27123712,274,,,16.99960282977815
172,2026-10-06T16:28:19.430231+00:00,344.0039329789979,8,OFF_observed,False,1.999970659999235,0.004857602001720807,,0,1000,0,0,0,8516,0,0,0,0,0,41356,40008000,38852000,27666,29376,0,46357,3001,97036,6670,13883,305,0.001262,0.007742,0.01386,2048,0.120591,51.751969,81.839691,2048,13.51553,64.883465,88.082601,2048,34.056546,45.385791,48.931443,2048,0.550867,0.973381,1.412685,2048,149.202182,149.724436,151.471111,116,13.515389,64.882914,88.08211,2048,6.657303,48.904454,75.826854,2048,0.003906,0.025188,3.116027,2048,16107,16107,315677,0,0,27863,4216263,0,1.090828,2.990379,5.270921,2048,0,2,10,0,0.843596,20.0,"STATUS online tickets=0 {registered_loaded_endpoints=1000, active_endpoints=0, worker_queue=0, actual_tickets=0, transactions=8516, errors=0, queue_rejected=0, quarantined=0, deferred_registry_decodes=0, dropped_wake_hints=0, local_exchange_calls=41356, local_input_units=40008000, local_output_units=38852000, batch_devices=27666, batch_records=29376, batch_payload_bytes=0, local_wakes=46357, remote_hint_wakes=3001, poll_fallback=97036, empty_batches=6670, allocation_misses=13883, local_credit_publications=305, local_ms_p50=0.001262, local_ms_p95=0.007742, local_ms_p99=0.01386, local_ms_samples=2048, queue_ms_p50=0.120591, queue_ms_p95=51.751969, queue_ms_p99=81.839691, queue_ms_samples=2048, execution_ms_p50=13.51553, execution_ms_p95=64.883465, execution_ms_p99=88.082601, execution_ms_samples=2048, apply_ms_p50=34.056546, apply_ms_p95=45.385791, apply_ms_p99=48.931443, apply_ms_samples=2048, tick_ms_p50=0.550867, tick_ms_p95=0.973381, tick_ms_p99=1.412685, tick_ms_samples=2048, delivery_ms_p50=149.202182, delivery_ms_p95=149.724436, delivery_ms_p99=151.471111, delivery_ms_samples=116, sql_ms_p50=13.515389, sql_ms_p95=64.882914, sql_ms_p99=88.08211, sql_ms_samples=2048, db_transaction_ms_p50=6.657303, db_transaction_ms_p95=48.904454, db_transaction_ms_p99=75.826854, db_transaction_ms_samples=2048, db_connection_wait_ms_p50=0.003906, db_connection_wait_ms_p95=0.025188, db_connection_wait_ms_p99=3.116027, db_connection_wait_ms_samples=2048, db_transactions=16107, db_transaction_attempts=16107, db_statements=315677, db_deadlock_retries=0, db_active_connections=0, wal_writes=27863, wal_bytes=4216263, wal_identical_skipped=0, wal_barrier_ms_p50=1.090828, wal_barrier_ms_p95=2.990379, wal_barrier_ms_p99=5.270921, wal_barrier_ms_samples=2048, completion_admitted=0, ready_channels=2, ready_devices=10, closing_devices=0, mc_recorded_tick_ms_avg100=0.843596, mc_target_ticks_per_second=20.0}
",28494.88393642,28494.887025387,1000,1000,1000,1000,40008000,38852000,623.129679,10449,"BULK count=1000 spawned=1000 registered=1000 bound=1000 accepted=40008000 extracted=38852000 fixture_ms_total=623.129679 fixture_ticks=10449
",28494.88714094,28494.887725588,165.1,2795808,57,822829056,824623104,6579830784,795607040,27123712,274,,,15.000220053233065
173,2026-10-06T16:28:21.430336+00:00,346.00396689699846,8,OFF_observed,False,2.000033918000554,0.30681883600118454,,0,1000,0,0,0,8516,0,0,0,0,0,41356,40008000,38852000,27666,29376,0,46357,3003,97641,6785,13883,305,0.001272,0.008443,0.018988,2048,0.120591,51.751969,81.839691,2048,13.51553,64.883465,88.082601,2048,34.056546,45.385791,48.931443,2048,0.544858,0.970577,1.431589,2048,149.202182,149.724436,151.471111,116,13.515389,64.882914,88.08211,2048,6.626377,48.904454,75.826854,2048,0.003896,0.025338,3.116027,2048,16115,16115,315705,0,0,27863,4216263,0,1.090828,2.990379,5.270921,2048,0,1,2,0,0.915907,20.0,"STATUS online tickets=0 {registered_loaded_endpoints=1000, active_endpoints=0, worker_queue=0, actual_tickets=0, transactions=8516, errors=0, queue_rejected=0, quarantined=0, deferred_registry_decodes=0, dropped_wake_hints=0, local_exchange_calls=41356, local_input_units=40008000, local_output_units=38852000, batch_devices=27666, batch_records=29376, batch_payload_bytes=0, local_wakes=46357, remote_hint_wakes=3003, poll_fallback=97641, empty_batches=6785, allocation_misses=13883, local_credit_publications=305, local_ms_p50=0.001272, local_ms_p95=0.008443, local_ms_p99=0.018988, local_ms_samples=2048, queue_ms_p50=0.120591, queue_ms_p95=51.751969, queue_ms_p99=81.839691, queue_ms_samples=2048, execution_ms_p50=13.51553, execution_ms_p95=64.883465, execution_ms_p99=88.082601, execution_ms_samples=2048, apply_ms_p50=34.056546, apply_ms_p95=45.385791, apply_ms_p99=48.931443, apply_ms_samples=2048, tick_ms_p50=0.544858, tick_ms_p95=0.970577, tick_ms_p99=1.431589, tick_ms_samples=2048, delivery_ms_p50=149.202182, delivery_ms_p95=149.724436, delivery_ms_p99=151.471111, delivery_ms_samples=116, sql_ms_p50=13.515389, sql_ms_p95=64.882914, sql_ms_p99=88.08211, sql_ms_samples=2048, db_transaction_ms_p50=6.626377, db_transaction_ms_p95=48.904454, db_transaction_ms_p99=75.826854, db_transaction_ms_samples=2048, db_connection_wait_ms_p50=0.003896, db_connection_wait_ms_p95=0.025338, db_connection_wait_ms_p99=3.116027, db_connection_wait_ms_samples=2048, db_transactions=16115, db_transaction_attempts=16115, db_statements=315705, db_deadlock_retries=0, db_active_connections=0, wal_writes=27863, wal_bytes=4216263, wal_identical_skipped=0, wal_barrier_ms_p50=1.090828, wal_barrier_ms_p95=2.990379, wal_barrier_ms_p99=5.270921, wal_barrier_ms_samples=2048, completion_admitted=0, ready_channels=1, ready_devices=2, closing_devices=0, mc_recorded_tick_ms_avg100=0.915907, mc_target_ticks_per_second=20.0}
",28496.884082296,28496.887358654,1000,1000,1000,1000,40008000,38852000,623.203079,10489,"BULK count=1000 spawned=1000 registered=1000 bound=1000 accepted=40008000 extracted=38852000 fixture_ms_total=623.203079 fixture_ticks=10489
",28496.887490372,28496.888191109,165.38,2795808,57,822829056,824623104,6579830784,795607040,27123712,274,395313152,341387878,13.999762578022617
174,2026-10-06T16:28:23.430242+00:00,348.0039424389979,8,OFF_observed,False,1.9999755419994472,0.011983838001469849,,0,1000,0,0,0,8516,0,0,0,0,0,41356,40008000,38852000,27666,29376,0,46357,3003,98281,6905,13883,305,0.001292,0.008963,0.028473,2048,0.120591,51.751969,81.839691,2048,13.51553,64.883465,88.082601,2048,34.056546,45.385791,48.931443,2048,0.53973,0.970066,1.431589,2048,149.202182,149.724436,151.471111,116,13.515389,64.882914,88.08211,2048,6.620688,48.904454,75.826854,2048,0.003886,0.025509,3.116027,2048,16121,16121,315726,0,0,27863,4216263,0,1.090828,2.990379,5.270921,2048,0,0,0,0,0.928417,20.0,"STATUS online tickets=0 {registered_loaded_endpoints=1000, active_endpoints=0, worker_queue=0, actual_tickets=0, transactions=8516, errors=0, queue_rejected=0, quarantined=0, deferred_registry_decodes=0, dropped_wake_hints=0, local_exchange_calls=41356, local_input_units=40008000, local_output_units=38852000, batch_devices=27666, batch_records=29376, batch_payload_bytes=0, local_wakes=46357, remote_hint_wakes=3003, poll_fallback=98281, empty_batches=6905, allocation_misses=13883, local_credit_publications=305, local_ms_p50=0.001292, local_ms_p95=0.008963, local_ms_p99=0.028473, local_ms_samples=2048, queue_ms_p50=0.120591, queue_ms_p95=51.751969, queue_ms_p99=81.839691, queue_ms_samples=2048, execution_ms_p50=13.51553, execution_ms_p95=64.883465, execution_ms_p99=88.082601, execution_ms_samples=2048, apply_ms_p50=34.056546, apply_ms_p95=45.385791, apply_ms_p99=48.931443, apply_ms_samples=2048, tick_ms_p50=0.53973, tick_ms_p95=0.970066, tick_ms_p99=1.431589, tick_ms_samples=2048, delivery_ms_p50=149.202182, delivery_ms_p95=149.724436, delivery_ms_p99=151.471111, delivery_ms_samples=116, sql_ms_p50=13.515389, sql_ms_p95=64.882914, sql_ms_p99=88.08211, sql_ms_samples=2048, db_transaction_ms_p50=6.620688, db_transaction_ms_p95=48.904454, db_transaction_ms_p99=75.826854, db_transaction_ms_samples=2048, db_connection_wait_ms_p50=0.003886, db_connection_wait_ms_p95=0.025509, db_connection_wait_ms_p99=3.116027, db_connection_wait_ms_samples=2048, db_transactions=16121, db_transaction_attempts=16121, db_statements=315726, db_deadlock_retries=0, db_active_connections=0, wal_writes=27863, wal_bytes=4216263, wal_identical_skipped=0, wal_barrier_ms_p50=1.090828, wal_barrier_ms_p95=2.990379, wal_barrier_ms_p99=5.270921, wal_barrier_ms_samples=2048, completion_admitted=0, ready_channels=0, ready_devices=0, closing_devices=0, mc_recorded_tick_ms_avg100=0.928417, mc_target_ticks_per_second=20.0}
",28498.883875264,28498.890875727,1000,1000,1000,1000,40008000,38852000,623.441089,10529,"BULK count=1000 spawned=1000 registered=1000 bound=1000 accepted=40008000 extracted=38852000 fixture_ms_total=623.441089 fixture_ticks=10529
",28498.891118261,28498.894674133,165.63,2795808,57,822841344,824623104,6579830784,795619328,27123712,274,,,12.500152864372835
175,2026-10-06T16:28:25.430227+00:00,350.0039298240008,9,OFF_observed,True,1.9999873850028962,0.007210533000034047,,0,1000,0,0,0,8516,0,0,0,0,0,41356,40008000,38852000,27666,29376,0,46357,3003,98921,7023,13883,305,0.001242,0.009224,0.03288,2048,0.120591,51.751969,81.839691,2048,13.51553,64.883465,88.082601,2048,34.056546,45.385791,48.931443,2048,0.208503,0.520781,1.200142,27,0.0,0.0,0.0,0,0.0,0.0,0.0,0,6.606417,48.904454,75.826854,2048,0.003886,0.02697,3.116027,2048,16127,16127,315747,0,0,27863,4216263,0,1.090828,2.990379,5.270921,2048,0,0,0,0,0.871115,20.0,"STATUS online tickets=0 {registered_loaded_endpoints=1000, active_endpoints=0, worker_queue=0, actual_tickets=0, transactions=8516, errors=0, queue_rejected=0, quarantined=0, deferred_registry_decodes=0, dropped_wake_hints=0, local_exchange_calls=41356, local_input_units=40008000, local_output_units=38852000, batch_devices=27666, batch_records=29376, batch_payload_bytes=0, local_wakes=46357, remote_hint_wakes=3003, poll_fallback=98921, empty_batches=7023, allocation_misses=13883, local_credit_publications=305, local_ms_p50=0.001242, local_ms_p95=0.009224, local_ms_p99=0.03288, local_ms_samples=2048, queue_ms_p50=0.120591, queue_ms_p95=51.751969, queue_ms_p99=81.839691, queue_ms_samples=2048, execution_ms_p50=13.51553, execution_ms_p95=64.883465, execution_ms_p99=88.082601, execution_ms_samples=2048, apply_ms_p50=34.056546, apply_ms_p95=45.385791, apply_ms_p99=48.931443, apply_ms_samples=2048, tick_ms_p50=0.208503, tick_ms_p95=0.520781, tick_ms_p99=1.200142, tick_ms_samples=27, delivery_ms_p50=0.0, delivery_ms_p95=0.0, delivery_ms_p99=0.0, delivery_ms_samples=0, sql_ms_p50=0.0, sql_ms_p95=0.0, sql_ms_p99=0.0, sql_ms_samples=0, db_transaction_ms_p50=6.606417, db_transaction_ms_p95=48.904454, db_transaction_ms_p99=75.826854, db_transaction_ms_samples=2048, db_connection_wait_ms_p50=0.003886, db_connection_wait_ms_p95=0.02697, db_connection_wait_ms_p99=3.116027, db_connection_wait_ms_samples=2048, db_transactions=16127, db_transaction_attempts=16127, db_statements=315747, db_deadlock_retries=0, db_active_connections=0, wal_writes=27863, wal_bytes=4216263, wal_identical_skipped=0, wal_barrier_ms_p50=1.090828, wal_barrier_ms_p95=2.990379, wal_barrier_ms_p99=5.270921, wal_barrier_ms_samples=2048, completion_admitted=0, ready_channels=0, ready_devices=0, closing_devices=0, mc_recorded_tick_ms_avg100=0.871115, mc_target_ticks_per_second=20.0}
",28500.883840295,28500.888424592,1000,1000,1000,1000,40008000,38852000,623.552736,10569,"BULK count=1000 spawned=1000 registered=1000 bound=1000 accepted=40008000 extracted=38852000 fixture_ms_total=623.552736 fixture_ticks=10569
",28500.888618533,28500.889930657,165.85,2795808,57,822849536,824623104,6579830784,795627520,27123712,274,,,11.000069382921646
176,2026-10-06T16:28:27.430215+00:00,352.00391704700087,9,OFF_observed,False,1.999987223000062,0.004793545998836635,,0,1000,0,0,0,8516,0,0,0,0,0,41356,40008000,38852000,27666,29376,0,46357,3003,99561,7140,13883,305,0.001192,0.008693,0.017426,2048,0.120591,51.751969,81.839691,2048,13.51553,64.883465,88.082601,2048,34.056546,45.385791,48.931443,2048,0.211868,0.348192,1.200142,67,0.0,0.0,0.0,0,0.0,0.0,0.0,0,6.605246,48.904454,75.826854,2048,0.003886,0.028744,3.116027,2048,16133,16133,315768,0,0,27863,4216263,0,1.090828,2.990379,5.270921,2048,0,0,0,0,0.791917,20.0,"STATUS online tickets=0 {registered_loaded_endpoints=1000, active_endpoints=0, worker_queue=0, actual_tickets=0, transactions=8516, errors=0, queue_rejected=0, quarantined=0, deferred_registry_decodes=0, dropped_wake_hints=0, local_exchange_calls=41356, local_input_units=40008000, local_output_units=38852000, batch_devices=27666, batch_records=29376, batch_payload_bytes=0, local_wakes=46357, remote_hint_wakes=3003, poll_fallback=99561, empty_batches=7140, allocation_misses=13883, local_credit_publications=305, local_ms_p50=0.001192, local_ms_p95=0.008693, local_ms_p99=0.017426, local_ms_samples=2048, queue_ms_p50=0.120591, queue_ms_p95=51.751969, queue_ms_p99=81.839691, queue_ms_samples=2048, execution_ms_p50=13.51553, execution_ms_p95=64.883465, execution_ms_p99=88.082601, execution_ms_samples=2048, apply_ms_p50=34.056546, apply_ms_p95=45.385791, apply_ms_p99=48.931443, apply_ms_samples=2048, tick_ms_p50=0.211868, tick_ms_p95=0.348192, tick_ms_p99=1.200142, tick_ms_samples=67, delivery_ms_p50=0.0, delivery_ms_p95=0.0, delivery_ms_p99=0.0, delivery_ms_samples=0, sql_ms_p50=0.0, sql_ms_p95=0.0, sql_ms_p99=0.0, sql_ms_samples=0, db_transaction_ms_p50=6.605246, db_transaction_ms_p95=48.904454, db_transaction_ms_p99=75.826854, db_transaction_ms_samples=2048, db_connection_wait_ms_p50=0.003886, db_connection_wait_ms_p95=0.028744, db_connection_wait_ms_p99=3.116027, db_connection_wait_ms_samples=2048, db_transactions=16133, db_transaction_attempts=16133, db_statements=315768, db_deadlock_retries=0, db_active_connections=0, wal_writes=27863, wal_bytes=4216263, wal_identical_skipped=0, wal_barrier_ms_p50=1.090828, wal_barrier_ms_p95=2.990379, wal_barrier_ms_p99=5.270921, wal_barrier_ms_samples=2048, completion_admitted=0, ready_channels=0, ready_devices=0, closing_devices=0, mc_recorded_tick_ms_avg100=0.791917, mc_target_ticks_per_second=20.0}
",28502.883873458,28502.886770586,1000,1000,1000,1000,40008000,38852000,623.680119,10609,"BULK count=1000 spawned=1000 registered=1000 bound=1000 accepted=40008000 extracted=38852000 fixture_ms_total=623.680119 fixture_ticks=10609
",28502.886880782,28502.88761888,166.07,2795808,57,822882304,824623104,6579830784,795660288,27123712,274,,,11.000070273948548
177,2026-10-06T16:28:29.430231+00:00,354.003932085001,9,OFF_observed,False,2.0000150380001287,0.004711450998001965,,0,1000,0,0,0,8516,0,0,0,0,0,41356,40008000,38852000,27666,29376,0,46357,3003,100201,7259,13883,305,0.001152,0.008172,0.014392,2048,0.120591,51.751969,81.839691,2048,13.51553,64.883465,88.082601,2048,34.056546,45.385791,48.931443,2048,0.202594,0.323655,0.856946,107,0.0,0.0,0.0,0,0.0,0.0,0.0,0,6.565726,48.607483,75.826854,2048,0.003886,0.028843,3.116027,2048,16139,16139,315789,0,0,27863,4216263,0,1.090828,2.990379,5.270921,2048,0,0,0,0,0.680398,20.0,"STATUS online tickets=0 {registered_loaded_endpoints=1000, active_endpoints=0, worker_queue=0, actual_tickets=0, transactions=8516, errors=0, queue_rejected=0, quarantined=0, deferred_registry_decodes=0, dropped_wake_hints=0, local_exchange_calls=41356, local_input_units=40008000, local_output_units=38852000, batch_devices=27666, batch_records=29376, batch_payload_bytes=0, local_wakes=46357, remote_hint_wakes=3003, poll_fallback=100201, empty_batches=7259, allocation_misses=13883, local_credit_publications=305, local_ms_p50=0.001152, local_ms_p95=0.008172, local_ms_p99=0.014392, local_ms_samples=2048, queue_ms_p50=0.120591, queue_ms_p95=51.751969, queue_ms_p99=81.839691, queue_ms_samples=2048, execution_ms_p50=13.51553, execution_ms_p95=64.883465, execution_ms_p99=88.082601, execution_ms_samples=2048, apply_ms_p50=34.056546, apply_ms_p95=45.385791, apply_ms_p99=48.931443, apply_ms_samples=2048, tick_ms_p50=0.202594, tick_ms_p95=0.323655, tick_ms_p99=0.856946, tick_ms_samples=107, delivery_ms_p50=0.0, delivery_ms_p95=0.0, delivery_ms_p99=0.0, delivery_ms_samples=0, sql_ms_p50=0.0, sql_ms_p95=0.0, sql_ms_p99=0.0, sql_ms_samples=0, db_transaction_ms_p50=6.565726, db_transaction_ms_p95=48.607483, db_transaction_ms_p99=75.826854, db_transaction_ms_samples=2048, db_connection_wait_ms_p50=0.003886, db_connection_wait_ms_p95=0.028843, db_connection_wait_ms_p99=3.116027, db_connection_wait_ms_samples=2048, db_transactions=16139, db_transaction_attempts=16139, db_statements=315789, db_deadlock_retries=0, db_active_connections=0, wal_writes=27863, wal_bytes=4216263, wal_identical_skipped=0, wal_barrier_ms_p50=1.090828, wal_barrier_ms_p95=2.990379, wal_barrier_ms_p99=5.270921, wal_barrier_ms_samples=2048, completion_admitted=0, ready_channels=0, ready_devices=0, closing_devices=0, mc_recorded_tick_ms_avg100=0.680398, mc_target_ticks_per_second=20.0}
",28504.883856156,28504.886719344,1000,1000,1000,1000,40008000,38852000,623.756887,10649,"BULK count=1000 spawned=1000 registered=1000 bound=1000 accepted=40008000 extracted=38852000 fixture_ms_total=623.756887 fixture_ticks=10649
",28504.886832243,28504.887571312,166.29,2795808,57,822951936,824623104,6579830784,795729920,27123712,274,,,10.99991729162112
178,2026-10-06T16:28:31.430282+00:00,356.0039835409989,9,OFF_observed,False,2.000051455997891,0.2868445160020201,,0,1000,0,0,0,8516,0,0,0,0,0,41356,40008000,38852000,27666,29376,0,46357,3003,100841,7371,13883,305,0.001162,0.007932,0.013891,2048,0.120591,51.751969,81.839691,2048,13.51553,64.883465,88.082601,2048,34.056546,45.385791,48.931443,2048,0.196034,0.322123,0.856946,147,0.0,0.0,0.0,0,0.0,0.0,0.0,0,6.522651,48.589188,75.826854,2048,0.003876,0.029534,3.116027,2048,16145,16145,315810,0,0,27863,4216263,0,1.090828,2.990379,5.270921,2048,0,1,2,0,0.63838,20.0,"STATUS online tickets=0 {registered_loaded_endpoints=1000, active_endpoints=0, worker_queue=0, actual_tickets=0, transactions=8516, errors=0, queue_rejected=0, quarantined=0, deferred_registry_decodes=0, dropped_wake_hints=0, local_exchange_calls=41356, local_input_units=40008000, local_output_units=38852000, batch_devices=27666, batch_records=29376, batch_payload_bytes=0, local_wakes=46357, remote_hint_wakes=3003, poll_fallback=100841, empty_batches=7371, allocation_misses=13883, local_credit_publications=305, local_ms_p50=0.001162, local_ms_p95=0.007932, local_ms_p99=0.013891, local_ms_samples=2048, queue_ms_p50=0.120591, queue_ms_p95=51.751969, queue_ms_p99=81.839691, queue_ms_samples=2048, execution_ms_p50=13.51553, execution_ms_p95=64.883465, execution_ms_p99=88.082601, execution_ms_samples=2048, apply_ms_p50=34.056546, apply_ms_p95=45.385791, apply_ms_p99=48.931443, apply_ms_samples=2048, tick_ms_p50=0.196034, tick_ms_p95=0.322123, tick_ms_p99=0.856946, tick_ms_samples=147, delivery_ms_p50=0.0, delivery_ms_p95=0.0, delivery_ms_p99=0.0, delivery_ms_samples=0, sql_ms_p50=0.0, sql_ms_p95=0.0, sql_ms_p99=0.0, sql_ms_samples=0, db_transaction_ms_p50=6.522651, db_transaction_ms_p95=48.589188, db_transaction_ms_p99=75.826854, db_transaction_ms_samples=2048, db_connection_wait_ms_p50=0.003876, db_connection_wait_ms_p95=0.029534, db_connection_wait_ms_p99=3.116027, db_connection_wait_ms_samples=2048, db_transactions=16145, db_transaction_attempts=16145, db_statements=315810, db_deadlock_retries=0, db_active_connections=0, wal_writes=27863, wal_bytes=4216263, wal_identical_skipped=0, wal_barrier_ms_p50=1.090828, wal_barrier_ms_p95=2.990379, wal_barrier_ms_p99=5.270921, wal_barrier_ms_samples=2048, completion_admitted=0, ready_channels=1, ready_devices=2, closing_devices=0, mc_recorded_tick_ms_avg100=0.63838, mc_target_ticks_per_second=20.0}
",28506.883911959,28506.886803749,1000,1000,1000,1000,40008000,38852000,623.832619,10689,"BULK count=1000 spawned=1000 registered=1000 bound=1000 accepted=40008000 extracted=38852000 fixture_ms_total=623.832619 fixture_ticks=10689
",28506.886920214,28506.88781679,166.53,2795808,57,822956032,824623104,6579830784,795734016,27123712,274,395313152,227432243,11.999691271956063
179,2026-10-06T16:28:33.430267+00:00,358.00396910199925,9,OFF_observed,False,1.9999855610003578,0.005179214000236243,,0,1000,0,0,0,8516,0,0,0,0,0,41356,40008000,38852000,27666,29376,0,46357,3003,101481,7488,13883,305,0.001171,0.007832,0.01308,2048,0.120591,51.751969,81.839691,2048,13.51553,64.883465,88.082601,2048,34.056546,45.385791,48.931443,2048,0.193771,0.312769,0.856946,187,0.0,0.0,0.0,0,0.0,0.0,0.0,0,6.519505,48.589188,75.826854,2048,0.003876,0.029825,3.116027,2048,16151,16152,315837,0,1,27863,4216263,0,1.090828,2.990379,5.270921,2048,0,0,0,0,0.571645,20.0,"STATUS online tickets=0 {registered_loaded_endpoints=1000, active_endpoints=0, worker_queue=0, actual_tickets=0, transactions=8516, errors=0, queue_rejected=0, quarantined=0, deferred_registry_decodes=0, dropped_wake_hints=0, local_exchange_calls=41356, local_input_units=40008000, local_output_units=38852000, batch_devices=27666, batch_records=29376, batch_payload_bytes=0, local_wakes=46357, remote_hint_wakes=3003, poll_fallback=101481, empty_batches=7488, allocation_misses=13883, local_credit_publications=305, local_ms_p50=0.001171, local_ms_p95=0.007832, local_ms_p99=0.01308, local_ms_samples=2048, queue_ms_p50=0.120591, queue_ms_p95=51.751969, queue_ms_p99=81.839691, queue_ms_samples=2048, execution_ms_p50=13.51553, execution_ms_p95=64.883465, execution_ms_p99=88.082601, execution_ms_samples=2048, apply_ms_p50=34.056546, apply_ms_p95=45.385791, apply_ms_p99=48.931443, apply_ms_samples=2048, tick_ms_p50=0.193771, tick_ms_p95=0.312769, tick_ms_p99=0.856946, tick_ms_samples=187, delivery_ms_p50=0.0, delivery_ms_p95=0.0, delivery_ms_p99=0.0, delivery_ms_samples=0, sql_ms_p50=0.0, sql_ms_p95=0.0, sql_ms_p99=0.0, sql_ms_samples=0, db_transaction_ms_p50=6.519505, db_transaction_ms_p95=48.589188, db_transaction_ms_p99=75.826854, db_transaction_ms_samples=2048, db_connection_wait_ms_p50=0.003876, db_connection_wait_ms_p95=0.029825, db_connection_wait_ms_p99=3.116027, db_connection_wait_ms_samples=2048, db_transactions=16151, db_transaction_attempts=16152, db_statements=315837, db_deadlock_retries=0, db_active_connections=1, wal_writes=27863, wal_bytes=4216263, wal_identical_skipped=0, wal_barrier_ms_p50=1.090828, wal_barrier_ms_p95=2.990379, wal_barrier_ms_p99=5.270921, wal_barrier_ms_samples=2048, completion_admitted=0, ready_channels=0, ready_devices=0, closing_devices=0, mc_recorded_tick_ms_avg100=0.571645, mc_target_ticks_per_second=20.0}
",28508.883877089,28508.886803121,1000,1000,1000,1000,40008000,38852000,623.967574,10729,"BULK count=1000 spawned=1000 registered=1000 bound=1000 accepted=40008000 extracted=38852000 fixture_ms_total=623.967574 fixture_ticks=10729
",28508.886927628,28508.887899397,166.72,2795808,57,822890496,824623104,6579830784,795668480,27123712,274,,,9.500068585743342
180,2026-10-06T16:28:35.430277+00:00,360.00397852899914,9,OFF_observed,False,2.0000094269998954,0.0044772610017389525,,0,1000,0,0,0,8516,0,0,0,0,0,41356,40008000,38852000,27666,29376,0,46357,3003,102121,7602,13883,305,0.001162,0.007962,0.01337,2048,0.120591,51.751969,81.839691,2048,13.51553,64.883465,88.082601,2048,34.056546,45.385791,48.931443,2048,0.189664,0.310406,0.781223,227,0.0,0.0,0.0,0,0.0,0.0,0.0,0,6.504223,48.589188,77.247323,2048,0.003876,0.029825,3.116027,2048,16158,16158,315863,0,0,27863,4216263,0,1.090828,2.990379,5.270921,2048,0,0,0,0,0.575258,20.0,"STATUS online tickets=0 {registered_loaded_endpoints=1000, active_endpoints=0, worker_queue=0, actual_tickets=0, transactions=8516, errors=0, queue_rejected=0, quarantined=0, deferred_registry_decodes=0, dropped_wake_hints=0, local_exchange_calls=41356, local_input_units=40008000, local_output_units=38852000, batch_devices=27666, batch_records=29376, batch_payload_bytes=0, local_wakes=46357, remote_hint_wakes=3003, poll_fallback=102121, empty_batches=7602, allocation_misses=13883, local_credit_publications=305, local_ms_p50=0.001162, local_ms_p95=0.007962, local_ms_p99=0.01337, local_ms_samples=2048, queue_ms_p50=0.120591, queue_ms_p95=51.751969, queue_ms_p99=81.839691, queue_ms_samples=2048, execution_ms_p50=13.51553, execution_ms_p95=64.883465, execution_ms_p99=88.082601, execution_ms_samples=2048, apply_ms_p50=34.056546, apply_ms_p95=45.385791, apply_ms_p99=48.931443, apply_ms_samples=2048, tick_ms_p50=0.189664, tick_ms_p95=0.310406, tick_ms_p99=0.781223, tick_ms_samples=227, delivery_ms_p50=0.0, delivery_ms_p95=0.0, delivery_ms_p99=0.0, delivery_ms_samples=0, sql_ms_p50=0.0, sql_ms_p95=0.0, sql_ms_p99=0.0, sql_ms_samples=0, db_transaction_ms_p50=6.504223, db_transaction_ms_p95=48.589188, db_transaction_ms_p99=77.247323, db_transaction_ms_samples=2048, db_connection_wait_ms_p50=0.003876, db_connection_wait_ms_p95=0.029825, db_connection_wait_ms_p99=3.116027, db_connection_wait_ms_samples=2048, db_transactions=16158, db_transaction_attempts=16158, db_statements=315863, db_deadlock_retries=0, db_active_connections=0, wal_writes=27863, wal_bytes=4216263, wal_identical_skipped=0, wal_barrier_ms_p50=1.090828, wal_barrier_ms_p95=2.990379, wal_barrier_ms_p99=5.270921, wal_barrier_ms_samples=2048, completion_admitted=0, ready_channels=0, ready_devices=0, closing_devices=0, mc_recorded_tick_ms_avg100=0.575258, mc_target_ticks_per_second=20.0}
",28510.883939106,28510.886560741,1000,1000,1000,1000,40008000,38852000,624.045212,10769,"BULK count=1000 spawned=1000 registered=1000 bound=1000 accepted=40008000 extracted=38852000 fixture_ms_total=624.045212 fixture_ticks=10769
",28510.886674191,28510.887289455,166.91,2795808,57,822923264,824623104,6579830784,795701248,27123712,274,,,9.499955221961445
181,2026-10-06T16:28:37.430268+00:00,362.003969065001,9,OFF_observed,False,1.9999905360018602,0.00427263299934566,,0,1000,0,0,0,8516,0,0,0,0,0,41356,40008000,38852000,27666,29376,0,46357,3003,102761,7715,13883,305,0.001182,0.008072,0.013941,2048,0.120591,51.751969,81.839691,2048,13.51553,64.883465,88.082601,2048,34.056546,45.385791,48.931443,2048,0.189344,0.312769,0.781223,267,0.0,0.0,0.0,0,0.0,0.0,0.0,0,6.48552,48.472437,77.247323,2048,0.003886,0.029915,3.116027,2048,16164,16164,315884,0,0,27863,4216263,0,1.090828,2.990379,5.270921,2048,0,0,0,0,0.576704,20.0,"STATUS online tickets=0 {registered_loaded_endpoints=1000, active_endpoints=0, worker_queue=0, actual_tickets=0, transactions=8516, errors=0, queue_rejected=0, quarantined=0, deferred_registry_decodes=0, dropped_wake_hints=0, local_exchange_calls=41356, local_input_units=40008000, local_output_units=38852000, batch_devices=27666, batch_records=29376, batch_payload_bytes=0, local_wakes=46357, remote_hint_wakes=3003, poll_fallback=102761, empty_batches=7715, allocation_misses=13883, local_credit_publications=305, local_ms_p50=0.001182, local_ms_p95=0.008072, local_ms_p99=0.013941, local_ms_samples=2048, queue_ms_p50=0.120591, queue_ms_p95=51.751969, queue_ms_p99=81.839691, queue_ms_samples=2048, execution_ms_p50=13.51553, execution_ms_p95=64.883465, execution_ms_p99=88.082601, execution_ms_samples=2048, apply_ms_p50=34.056546, apply_ms_p95=45.385791, apply_ms_p99=48.931443, apply_ms_samples=2048, tick_ms_p50=0.189344, tick_ms_p95=0.312769, tick_ms_p99=0.781223, tick_ms_samples=267, delivery_ms_p50=0.0, delivery_ms_p95=0.0, delivery_ms_p99=0.0, delivery_ms_samples=0, sql_ms_p50=0.0, sql_ms_p95=0.0, sql_ms_p99=0.0, sql_ms_samples=0, db_transaction_ms_p50=6.48552, db_transaction_ms_p95=48.472437, db_transaction_ms_p99=77.247323, db_transaction_ms_samples=2048, db_connection_wait_ms_p50=0.003886, db_connection_wait_ms_p95=0.029915, db_connection_wait_ms_p99=3.116027, db_connection_wait_ms_samples=2048, db_transactions=16164, db_transaction_attempts=16164, db_statements=315884, db_deadlock_retries=0, db_active_connections=0, wal_writes=27863, wal_bytes=4216263, wal_identical_skipped=0, wal_barrier_ms_p50=1.090828, wal_barrier_ms_p95=2.990379, wal_barrier_ms_p99=5.270921, wal_barrier_ms_samples=2048, completion_admitted=0, ready_channels=0, ready_devices=0, closing_devices=0, mc_recorded_tick_ms_avg100=0.576704, mc_target_ticks_per_second=20.0}
",28512.883886737,28512.886369944,1000,1000,1000,1000,40008000,38852000,624.124623,10809,"BULK count=1000 spawned=1000 registered=1000 bound=1000 accepted=40008000 extracted=38852000 fixture_ms_total=624.124623 fixture_ticks=10809
",28512.886484226,28512.887157026,167.1,2795808,57,822943744,824623104,6579830784,795721728,27123712,274,,,9.500044954203773
182,2026-10-06T16:28:39.430251+00:00,364.0039522049992,9,OFF_observed,False,1.9999831399982213,0.004553684000711655,,0,1000,0,0,0,8516,0,0,0,0,0,41356,40008000,38852000,27666,29376,0,46357,3003,103401,7833,13883,305,0.001202,0.008112,0.013941,2048,0.120591,51.751969,81.839691,2048,13.51553,64.883465,88.082601,2048,34.056546,45.385791,48.931443,2048,0.188383,0.310406,0.594061,307,0.0,0.0,0.0,0,0.0,0.0,0.0,0,6.469542,48.472437,77.247323,2048,0.003886,0.031697,3.116027,2048,16170,16170,315905,0,0,27863,4216263,0,1.090828,2.990379,5.270921,2048,0,0,0,0,0.558863,20.0,"STATUS online tickets=0 {registered_loaded_endpoints=1000, active_endpoints=0, worker_queue=0, actual_tickets=0, transactions=8516, errors=0, queue_rejected=0, quarantined=0, deferred_registry_decodes=0, dropped_wake_hints=0, local_exchange_calls=41356, local_input_units=40008000, local_output_units=38852000, batch_devices=27666, batch_records=29376, batch_payload_bytes=0, local_wakes=46357, remote_hint_wakes=3003, poll_fallback=103401, empty_batches=7833, allocation_misses=13883, local_credit_publications=305, local_ms_p50=0.001202, local_ms_p95=0.008112, local_ms_p99=0.013941, local_ms_samples=2048, queue_ms_p50=0.120591, queue_ms_p95=51.751969, queue_ms_p99=81.839691, queue_ms_samples=2048, execution_ms_p50=13.51553, execution_ms_p95=64.883465, execution_ms_p99=88.082601, execution_ms_samples=2048, apply_ms_p50=34.056546, apply_ms_p95=45.385791, apply_ms_p99=48.931443, apply_ms_samples=2048, tick_ms_p50=0.188383, tick_ms_p95=0.310406, tick_ms_p99=0.594061, tick_ms_samples=307, delivery_ms_p50=0.0, delivery_ms_p95=0.0, delivery_ms_p99=0.0, delivery_ms_samples=0, sql_ms_p50=0.0, sql_ms_p95=0.0, sql_ms_p99=0.0, sql_ms_samples=0, db_transaction_ms_p50=6.469542, db_transaction_ms_p95=48.472437, db_transaction_ms_p99=77.247323, db_transaction_ms_samples=2048, db_connection_wait_ms_p50=0.003886, db_connection_wait_ms_p95=0.031697, db_connection_wait_ms_p99=3.116027, db_connection_wait_ms_samples=2048, db_transactions=16170, db_transaction_attempts=16170, db_statements=315905, db_deadlock_retries=0, db_active_connections=0, wal_writes=27863, wal_bytes=4216263, wal_identical_skipped=0, wal_barrier_ms_p50=1.090828, wal_barrier_ms_p95=2.990379, wal_barrier_ms_p99=5.270921, wal_barrier_ms_samples=2048, completion_admitted=0, ready_channels=0, ready_devices=0, closing_devices=0, mc_recorded_tick_ms_avg100=0.558863, mc_target_ticks_per_second=20.0}
",28514.883928244,28514.886342879,1000,1000,1000,1000,40008000,38852000,624.19945,10849,"BULK count=1000 spawned=1000 registered=1000 bound=1000 accepted=40008000 extracted=38852000 fixture_ms_total=624.19945 fixture_ticks=10849
",28514.886457,28514.887171252,167.28,2795808,57,822956032,824623104,6579830784,795734016,27123712,274,,,9.000075870647935
183,2026-10-06T16:28:41.430234+00:00,366.00393549399814,9,OFF_observed,False,1.9999832889989193,0.004657407000195235,,0,1000,0,0,0,8516,0,0,0,0,0,41356,40008000,38852000,27666,29376,0,46357,3003,104041,7948,13883,305,0.001222,0.008172,0.014071,2048,0.120591,51.751969,81.839691,2048,13.51553,64.883465,88.082601,2048,34.056546,45.385791,48.931443,2048,0.186951,0.310406,0.781223,347,0.0,0.0,0.0,0,0.0,0.0,0.0,0,6.458839,48.378241,77.247323,2048,0.003886,0.031798,3.116027,2048,16176,16176,315926,0,0,27863,4216263,0,1.090828,2.990379,5.270921,2048,0,0,0,0,0.56591,20.0,"STATUS online tickets=0 {registered_loaded_endpoints=1000, active_endpoints=0, worker_queue=0, actual_tickets=0, transactions=8516, errors=0, queue_rejected=0, quarantined=0, deferred_registry_decodes=0, dropped_wake_hints=0, local_exchange_calls=41356, local_input_units=40008000, local_output_units=38852000, batch_devices=27666, batch_records=29376, batch_payload_bytes=0, local_wakes=46357, remote_hint_wakes=3003, poll_fallback=104041, empty_batches=7948, allocation_misses=13883, local_credit_publications=305, local_ms_p50=0.001222, local_ms_p95=0.008172, local_ms_p99=0.014071, local_ms_samples=2048, queue_ms_p50=0.120591, queue_ms_p95=51.751969, queue_ms_p99=81.839691, queue_ms_samples=2048, execution_ms_p50=13.51553, execution_ms_p95=64.883465, execution_ms_p99=88.082601, execution_ms_samples=2048, apply_ms_p50=34.056546, apply_ms_p95=45.385791, apply_ms_p99=48.931443, apply_ms_samples=2048, tick_ms_p50=0.186951, tick_ms_p95=0.310406, tick_ms_p99=0.781223, tick_ms_samples=347, delivery_ms_p50=0.0, delivery_ms_p95=0.0, delivery_ms_p99=0.0, delivery_ms_samples=0, sql_ms_p50=0.0, sql_ms_p95=0.0, sql_ms_p99=0.0, sql_ms_samples=0, db_transaction_ms_p50=6.458839, db_transaction_ms_p95=48.378241, db_transaction_ms_p99=77.247323, db_transaction_ms_samples=2048, db_connection_wait_ms_p50=0.003886, db_connection_wait_ms_p95=0.031798, db_connection_wait_ms_p99=3.116027, db_connection_wait_ms_samples=2048, db_transactions=16176, db_transaction_attempts=16176, db_statements=315926, db_deadlock_retries=0, db_active_connections=0, wal_writes=27863, wal_bytes=4216263, wal_identical_skipped=0, wal_barrier_ms_p50=1.090828, wal_barrier_ms_p95=2.990379, wal_barrier_ms_p99=5.270921, wal_barrier_ms_samples=2048, completion_admitted=0, ready_channels=0, ready_devices=0, closing_devices=0, mc_recorded_tick_ms_avg100=0.56591, mc_target_ticks_per_second=20.0}
",28516.883879416,28516.886326218,1000,1000,1000,1000,40008000,38852000,624.277525,10889,"BULK count=1000 spawned=1000 registered=1000 bound=1000 accepted=40008000 extracted=38852000 fixture_ms_total=624.277525 fixture_ticks=10889
",28516.886441231,28516.887141618,167.52,2795808,57,822980608,824623104,6579830784,795758592,27123712,274,,,12.000100266844719
184,2026-10-06T16:28:43.430265+00:00,368.00396714700037,9,OFF_observed,False,2.0000316530022246,0.2860965270010638,,0,1000,0,0,0,8516,0,0,0,0,0,41356,40008000,38852000,27666,29376,0,46357,3003,104681,8060,13883,305,0.001201,0.008292,0.01372,2048,0.120591,51.751969,81.839691,2048,13.51553,64.883465,88.082601,2048,34.056546,45.385791,48.931443,2048,0.188163,0.310406,0.781223,387,0.0,0.0,0.0,0,0.0,0.0,0.0,0,6.445616,48.378241,77.247323,2048,0.003876,0.03272,3.116027,2048,16182,16182,315947,0,0,27863,4216263,0,1.090828,2.990379,5.270921,2048,0,1,3,0,0.576802,20.0,"STATUS online tickets=0 {registered_loaded_endpoints=1000, active_endpoints=0, worker_queue=0, actual_tickets=0, transactions=8516, errors=0, queue_rejected=0, quarantined=0, deferred_registry_decodes=0, dropped_wake_hints=0, local_exchange_calls=41356, local_input_units=40008000, local_output_units=38852000, batch_devices=27666, batch_records=29376, batch_payload_bytes=0, local_wakes=46357, remote_hint_wakes=3003, poll_fallback=104681, empty_batches=8060, allocation_misses=13883, local_credit_publications=305, local_ms_p50=0.001201, local_ms_p95=0.008292, local_ms_p99=0.01372, local_ms_samples=2048, queue_ms_p50=0.120591, queue_ms_p95=51.751969, queue_ms_p99=81.839691, queue_ms_samples=2048, execution_ms_p50=13.51553, execution_ms_p95=64.883465, execution_ms_p99=88.082601, execution_ms_samples=2048, apply_ms_p50=34.056546, apply_ms_p95=45.385791, apply_ms_p99=48.931443, apply_ms_samples=2048, tick_ms_p50=0.188163, tick_ms_p95=0.310406, tick_ms_p99=0.781223, tick_ms_samples=387, delivery_ms_p50=0.0, delivery_ms_p95=0.0, delivery_ms_p99=0.0, delivery_ms_samples=0, sql_ms_p50=0.0, sql_ms_p95=0.0, sql_ms_p99=0.0, sql_ms_samples=0, db_transaction_ms_p50=6.445616, db_transaction_ms_p95=48.378241, db_transaction_ms_p99=77.247323, db_transaction_ms_samples=2048, db_connection_wait_ms_p50=0.003876, db_connection_wait_ms_p95=0.03272, db_connection_wait_ms_p99=3.116027, db_connection_wait_ms_samples=2048, db_transactions=16182, db_transaction_attempts=16182, db_statements=315947, db_deadlock_retries=0, db_active_connections=0, wal_writes=27863, wal_bytes=4216263, wal_identical_skipped=0, wal_barrier_ms_p50=1.090828, wal_barrier_ms_p95=2.990379, wal_barrier_ms_p99=5.270921, wal_barrier_ms_samples=2048, completion_admitted=0, ready_channels=1, ready_devices=3, closing_devices=0, mc_recorded_tick_ms_avg100=0.576802, mc_target_ticks_per_second=20.0}
",28518.884157188,28518.886754837,1000,1000,1000,1000,40008000,38852000,624.359409,10929,"BULK count=1000 spawned=1000 registered=1000 bound=1000 accepted=40008000 extracted=38852000 fixture_ms_total=624.359409 fixture_ticks=10929
",28518.886863861,28518.88746324,168.0,2795808,57,827990016,827990016,6579830784,800768000,27123712,274,395313152,256792371,23.999620169984173
185,2026-10-06T16:28:45.430224+00:00,370.0039252210008,9,OFF_observed,False,1.9999580740004603,0.004611806998582324,,0,1000,0,0,0,8516,0,0,0,0,0,41356,40008000,38852000,27666,29376,0,46357,3003,105321,8175,13883,305,0.001202,0.008472,0.0136,2048,0.120591,51.751969,81.839691,2048,13.51553,64.883465,88.082601,2048,34.056546,45.385791,48.931443,2048,0.186199,0.30633,0.594162,427,0.0,0.0,0.0,0,0.0,0.0,0.0,0,6.413858,48.238231,77.247323,2048,0.003886,0.03314,3.116027,2048,16188,16188,315968,0,0,27863,4216263,0,1.090828,2.990379,5.270921,2048,0,0,0,0,0.603291,20.0,"STATUS online tickets=0 {registered_loaded_endpoints=1000, active_endpoints=0, worker_queue=0, actual_tickets=0, transactions=8516, errors=0, queue_rejected=0, quarantined=0, deferred_registry_decodes=0, dropped_wake_hints=0, local_exchange_calls=41356, local_input_units=40008000, local_output_units=38852000, batch_devices=27666, batch_records=29376, batch_payload_bytes=0, local_wakes=46357, remote_hint_wakes=3003, poll_fallback=105321, empty_batches=8175, allocation_misses=13883, local_credit_publications=305, local_ms_p50=0.001202, local_ms_p95=0.008472, local_ms_p99=0.0136, local_ms_samples=2048, queue_ms_p50=0.120591, queue_ms_p95=51.751969, queue_ms_p99=81.839691, queue_ms_samples=2048, execution_ms_p50=13.51553, execution_ms_p95=64.883465, execution_ms_p99=88.082601, execution_ms_samples=2048, apply_ms_p50=34.056546, apply_ms_p95=45.385791, apply_ms_p99=48.931443, apply_ms_samples=2048, tick_ms_p50=0.186199, tick_ms_p95=0.30633, tick_ms_p99=0.594162, tick_ms_samples=427, delivery_ms_p50=0.0, delivery_ms_p95=0.0, delivery_ms_p99=0.0, delivery_ms_samples=0, sql_ms_p50=0.0, sql_ms_p95=0.0, sql_ms_p99=0.0, sql_ms_samples=0, db_transaction_ms_p50=6.413858, db_transaction_ms_p95=48.238231, db_transaction_ms_p99=77.247323, db_transaction_ms_samples=2048, db_connection_wait_ms_p50=0.003886, db_connection_wait_ms_p95=0.03314, db_connection_wait_ms_p99=3.116027, db_connection_wait_ms_samples=2048, db_transactions=16188, db_transaction_attempts=16188, db_statements=315968, db_deadlock_retries=0, db_active_connections=0, wal_writes=27863, wal_bytes=4216263, wal_identical_skipped=0, wal_barrier_ms_p50=1.090828, wal_barrier_ms_p95=2.990379, wal_barrier_ms_p99=5.270921, wal_barrier_ms_samples=2048, completion_admitted=0, ready_channels=0, ready_devices=0, closing_devices=0, mc_recorded_tick_ms_avg100=0.603291, mc_target_ticks_per_second=20.0}
",28520.883839858,28520.886347742,1000,1000,1000,1000,40008000,38852000,624.435314,10969,"BULK count=1000 spawned=1000 registered=1000 bound=1000 accepted=40008000 extracted=38852000 fixture_ms_total=624.435314 fixture_ticks=10969
",28520.886467362,28520.887203011,168.19,2795808,57,827990016,827990016,6579830784,800768000,27123712,274,,,9.500199152672536
186,2026-10-06T16:28:47.430215+00:00,372.0039165579983,9,OFF_observed,False,1.999991336997482,0.00449080100224819,,0,1000,0,0,0,8516,0,0,0,0,0,41356,40008000,38852000,27666,29376,0,46357,3003,105961,8289,13883,305,0.001142,0.008022,0.0136,2048,0.120591,51.751969,81.839691,2048,13.51553,64.883465,88.082601,2048,34.056546,45.385791,48.931443,2048,0.185628,0.30633,0.781223,467,0.0,0.0,0.0,0,0.0,0.0,0.0,0,6.406726,48.238231,77.247323,2048,0.003876,0.034102,3.116027,2048,16194,16194,315989,0,0,27863,4216263,0,1.090828,2.990379,5.270921,2048,0,0,0,0,0.610642,20.0,"STATUS online tickets=0 {registered_loaded_endpoints=1000, active_endpoints=0, worker_queue=0, actual_tickets=0, transactions=8516, errors=0, queue_rejected=0, quarantined=0, deferred_registry_decodes=0, dropped_wake_hints=0, local_exchange_calls=41356, local_input_units=40008000, local_output_units=38852000, batch_devices=27666, batch_records=29376, batch_payload_bytes=0, local_wakes=46357, remote_hint_wakes=3003, poll_fallback=105961, empty_batches=8289, allocation_misses=13883, local_credit_publications=305, local_ms_p50=0.001142, local_ms_p95=0.008022, local_ms_p99=0.0136, local_ms_samples=2048, queue_ms_p50=0.120591, queue_ms_p95=51.751969, queue_ms_p99=81.839691, queue_ms_samples=2048, execution_ms_p50=13.51553, execution_ms_p95=64.883465, execution_ms_p99=88.082601, execution_ms_samples=2048, apply_ms_p50=34.056546, apply_ms_p95=45.385791, apply_ms_p99=48.931443, apply_ms_samples=2048, tick_ms_p50=0.185628, tick_ms_p95=0.30633, tick_ms_p99=0.781223, tick_ms_samples=467, delivery_ms_p50=0.0, delivery_ms_p95=0.0, delivery_ms_p99=0.0, delivery_ms_samples=0, sql_ms_p50=0.0, sql_ms_p95=0.0, sql_ms_p99=0.0, sql_ms_samples=0, db_transaction_ms_p50=6.406726, db_transaction_ms_p95=48.238231, db_transaction_ms_p99=77.247323, db_transaction_ms_samples=2048, db_connection_wait_ms_p50=0.003876, db_connection_wait_ms_p95=0.034102, db_connection_wait_ms_p99=3.116027, db_connection_wait_ms_samples=2048, db_transactions=16194, db_transaction_attempts=16194, db_statements=315989, db_deadlock_retries=0, db_active_connections=0, wal_writes=27863, wal_bytes=4216263, wal_identical_skipped=0, wal_barrier_ms_p50=1.090828, wal_barrier_ms_p95=2.990379, wal_barrier_ms_p99=5.270921, wal_barrier_ms_samples=2048, completion_admitted=0, ready_channels=0, ready_devices=0, closing_devices=0, mc_recorded_tick_ms_avg100=0.610642, mc_target_ticks_per_second=20.0}
",28522.883895673,28522.886380362,1000,1000,1000,1000,40008000,38852000,624.510585,11009,"BULK count=1000 spawned=1000 registered=1000 bound=1000 accepted=40008000 extracted=38852000 fixture_ms_total=624.510585 fixture_ticks=11009
",28522.886527393,28522.887173172,168.38,2795808,57,827990016,827990016,6579830784,800768000,27123712,274,,,9.500041149440086
187,2026-10-06T16:28:49.430233+00:00,374.00393553899994,9,OFF_observed,False,2.000018981001631,0.006493616998341167,,0,1000,0,0,0,8516,0,0,0,0,0,41356,40008000,38852000,27666,29376,0,46357,3003,106601,8399,13883,305,0.001182,0.007922,0.01333,2048,0.120591,51.751969,81.839691,2048,13.51553,64.883465,88.082601,2048,34.056546,45.385791,48.931443,2048,0.186059,0.301913,0.594162,507,0.0,0.0,0.0,0,0.0,0.0,0.0,0,6.398946,48.238231,77.247323,2048,0.003876,0.034882,3.116027,2048,16200,16200,316010,0,0,27863,4216263,0,1.090828,2.990379,5.270921,2048,0,0,0,0,0.585712,20.0,"STATUS online tickets=0 {registered_loaded_endpoints=1000, active_endpoints=0, worker_queue=0, actual_tickets=0, transactions=8516, errors=0, queue_rejected=0, quarantined=0, deferred_registry_decodes=0, dropped_wake_hints=0, local_exchange_calls=41356, local_input_units=40008000, local_output_units=38852000, batch_devices=27666, batch_records=29376, batch_payload_bytes=0, local_wakes=46357, remote_hint_wakes=3003, poll_fallback=106601, empty_batches=8399, allocation_misses=13883, local_credit_publications=305, local_ms_p50=0.001182, local_ms_p95=0.007922, local_ms_p99=0.01333, local_ms_samples=2048, queue_ms_p50=0.120591, queue_ms_p95=51.751969, queue_ms_p99=81.839691, queue_ms_samples=2048, execution_ms_p50=13.51553, execution_ms_p95=64.883465, execution_ms_p99=88.082601, execution_ms_samples=2048, apply_ms_p50=34.056546, apply_ms_p95=45.385791, apply_ms_p99=48.931443, apply_ms_samples=2048, tick_ms_p50=0.186059, tick_ms_p95=0.301913, tick_ms_p99=0.594162, tick_ms_samples=507, delivery_ms_p50=0.0, delivery_ms_p95=0.0, delivery_ms_p99=0.0, delivery_ms_samples=0, sql_ms_p50=0.0, sql_ms_p95=0.0, sql_ms_p99=0.0, sql_ms_samples=0, db_transaction_ms_p50=6.398946, db_transaction_ms_p95=48.238231, db_transaction_ms_p99=77.247323, db_transaction_ms_samples=2048, db_connection_wait_ms_p50=0.003876, db_connection_wait_ms_p95=0.034882, db_connection_wait_ms_p99=3.116027, db_connection_wait_ms_samples=2048, db_transactions=16200, db_transaction_attempts=16200, db_statements=316010, db_deadlock_retries=0, db_active_connections=0, wal_writes=27863, wal_bytes=4216263, wal_identical_skipped=0, wal_barrier_ms_p50=1.090828, wal_barrier_ms_p95=2.990379, wal_barrier_ms_p99=5.270921, wal_barrier_ms_samples=2048, completion_admitted=0, ready_channels=0, ready_devices=0, closing_devices=0, mc_recorded_tick_ms_avg100=0.585712, mc_target_ticks_per_second=20.0}
",28524.883871659,28524.888433075,1000,1000,1000,1000,40008000,38852000,624.585998,11049,"BULK count=1000 spawned=1000 registered=1000 bound=1000 accepted=40008000 extracted=38852000 fixture_ms_total=624.585998 fixture_ticks=11049
",28524.888567998,28524.889320888,168.56,2795808,57,828002304,828002304,6579830784,800780288,27123712,274,,,8.999914586303621
188,2026-10-06T16:28:51.430274+00:00,376.0039759409992,9,OFF_observed,False,2.0000404019992857,0.0044407349996617995,,0,1000,0,0,0,8516,0,0,0,0,0,41356,40008000,38852000,27666,29376,0,46357,3003,107241,8514,13883,305,0.001182,0.007961,0.012729,2048,0.120591,51.751969,81.839691,2048,13.51553,64.883465,88.082601,2048,34.056546,45.385791,48.931443,2048,0.186059,0.301913,0.594162,547,0.0,0.0,0.0,0,0.0,0.0,0.0,0,6.377854,47.719498,77.247323,2048,0.003876,0.036855,3.116027,2048,16206,16206,316031,0,0,27863,4216263,0,1.090828,2.990379,5.270921,2048,0,0,0,0,0.572261,20.0,"STATUS online tickets=0 {registered_loaded_endpoints=1000, active_endpoints=0, worker_queue=0, actual_tickets=0, transactions=8516, errors=0, queue_rejected=0, quarantined=0, deferred_registry_decodes=0, dropped_wake_hints=0, local_exchange_calls=41356, local_input_units=40008000, local_output_units=38852000, batch_devices=27666, batch_records=29376, batch_payload_bytes=0, local_wakes=46357, remote_hint_wakes=3003, poll_fallback=107241, empty_batches=8514, allocation_misses=13883, local_credit_publications=305, local_ms_p50=0.001182, local_ms_p95=0.007961, local_ms_p99=0.012729, local_ms_samples=2048, queue_ms_p50=0.120591, queue_ms_p95=51.751969, queue_ms_p99=81.839691, queue_ms_samples=2048, execution_ms_p50=13.51553, execution_ms_p95=64.883465, execution_ms_p99=88.082601, execution_ms_samples=2048, apply_ms_p50=34.056546, apply_ms_p95=45.385791, apply_ms_p99=48.931443, apply_ms_samples=2048, tick_ms_p50=0.186059, tick_ms_p95=0.301913, tick_ms_p99=0.594162, tick_ms_samples=547, delivery_ms_p50=0.0, delivery_ms_p95=0.0, delivery_ms_p99=0.0, delivery_ms_samples=0, sql_ms_p50=0.0, sql_ms_p95=0.0, sql_ms_p99=0.0, sql_ms_samples=0, db_transaction_ms_p50=6.377854, db_transaction_ms_p95=47.719498, db_transaction_ms_p99=77.247323, db_transaction_ms_samples=2048, db_connection_wait_ms_p50=0.003876, db_connection_wait_ms_p95=0.036855, db_connection_wait_ms_p99=3.116027, db_connection_wait_ms_samples=2048, db_transactions=16206, db_transaction_attempts=16206, db_statements=316031, db_deadlock_retries=0, db_active_connections=0, wal_writes=27863, wal_bytes=4216263, wal_identical_skipped=0, wal_barrier_ms_p50=1.090828, wal_barrier_ms_p95=2.990379, wal_barrier_ms_p99=5.270921, wal_barrier_ms_samples=2048, completion_admitted=0, ready_channels=0, ready_devices=0, closing_devices=0, mc_recorded_tick_ms_avg100=0.572261, mc_target_ticks_per_second=20.0}
",28526.883894855,28526.886484201,1000,1000,1000,1000,40008000,38852000,624.662459,11089,"BULK count=1000 spawned=1000 registered=1000 bound=1000 accepted=40008000 extracted=38852000 fixture_ms_total=624.662459 fixture_ticks=11089
",28526.88663033,28526.887183651,168.81,2795808,57,828010496,828010496,6579830784,800788480,27123712,275,,,12.499747492605366
189,2026-10-06T16:28:53.430274+00:00,378.00397463099944,9,OFF_observed,False,1.9999986900002114,0.27904294000109076,,0,1000,0,0,0,8516,0,0,0,0,0,41356,40008000,38852000,27666,29376,0,46357,3003,107881,8627,13883,305,0.001232,0.007912,0.01326,2048,0.120591,51.751969,81.839691,2048,13.51553,64.883465,88.082601,2048,34.056546,45.385791,48.931443,2048,0.185309,0.30029,0.594162,587,0.0,0.0,0.0,0,0.0,0.0,0.0,0,6.370092,47.68813,77.247323,2048,0.003866,0.037346,3.116027,2048,16212,16212,316052,0,0,27863,4216263,0,1.090828,2.990379,5.270921,2048,0,0,0,0,0.571022,20.0,"STATUS online tickets=0 {registered_loaded_endpoints=1000, active_endpoints=0, worker_queue=0, actual_tickets=0, transactions=8516, errors=0, queue_rejected=0, quarantined=0, deferred_registry_decodes=0, dropped_wake_hints=0, local_exchange_calls=41356, local_input_units=40008000, local_output_units=38852000, batch_devices=27666, batch_records=29376, batch_payload_bytes=0, local_wakes=46357, remote_hint_wakes=3003, poll_fallback=107881, empty_batches=8627, allocation_misses=13883, local_credit_publications=305, local_ms_p50=0.001232, local_ms_p95=0.007912, local_ms_p99=0.01326, local_ms_samples=2048, queue_ms_p50=0.120591, queue_ms_p95=51.751969, queue_ms_p99=81.839691, queue_ms_samples=2048, execution_ms_p50=13.51553, execution_ms_p95=64.883465, execution_ms_p99=88.082601, execution_ms_samples=2048, apply_ms_p50=34.056546, apply_ms_p95=45.385791, apply_ms_p99=48.931443, apply_ms_samples=2048, tick_ms_p50=0.185309, tick_ms_p95=0.30029, tick_ms_p99=0.594162, tick_ms_samples=587, delivery_ms_p50=0.0, delivery_ms_p95=0.0, delivery_ms_p99=0.0, delivery_ms_samples=0, sql_ms_p50=0.0, sql_ms_p95=0.0, sql_ms_p99=0.0, sql_ms_samples=0, db_transaction_ms_p50=6.370092, db_transaction_ms_p95=47.68813, db_transaction_ms_p99=77.247323, db_transaction_ms_samples=2048, db_connection_wait_ms_p50=0.003866, db_connection_wait_ms_p95=0.037346, db_connection_wait_ms_p99=3.116027, db_connection_wait_ms_samples=2048, db_transactions=16212, db_transaction_attempts=16212, db_statements=316052, db_deadlock_retries=0, db_active_connections=0, wal_writes=27863, wal_bytes=4216263, wal_identical_skipped=0, wal_barrier_ms_p50=1.090828, wal_barrier_ms_p95=2.990379, wal_barrier_ms_p99=5.270921, wal_barrier_ms_samples=2048, completion_admitted=0, ready_channels=0, ready_devices=0, closing_devices=0, mc_recorded_tick_ms_avg100=0.571022, mc_target_ticks_per_second=20.0}
",28528.8838974,28528.886346406,1000,1000,1000,1000,40008000,38852000,624.738745,11129,"BULK count=1000 spawned=1000 registered=1000 bound=1000 accepted=40008000 extracted=38852000 fixture_ms_total=624.738745 fixture_ticks=11129
",28528.88646239,28528.887952988,168.99,2795808,57,828043264,828043264,6579830784,800821248,27123712,274,395313152,281958195,9.000005895003252
190,2026-10-06T16:28:55.430253+00:00,380.0039548370005,9,OFF_observed,False,1.9999802060010552,0.004939612997986842,,0,1000,0,0,0,8516,0,0,0,0,0,41356,40008000,38852000,27666,29376,0,46357,3003,108521,8738,13883,305,0.001212,0.008192,0.014221,2048,0.120591,51.751969,81.839691,2048,13.51553,64.883465,88.082601,2048,34.056546,45.385791,48.931443,2048,0.185088,0.297807,0.594061,627,0.0,0.0,0.0,0,0.0,0.0,0.0,0,6.341159,47.007078,75.826854,2048,0.003866,0.037486,3.116027,2048,16218,16218,316073,0,0,27863,4216263,0,1.090828,2.990379,5.270921,2048,0,0,0,0,0.579634,20.0,"STATUS online tickets=0 {registered_loaded_endpoints=1000, active_endpoints=0, worker_queue=0, actual_tickets=0, transactions=8516, errors=0, queue_rejected=0, quarantined=0, deferred_registry_decodes=0, dropped_wake_hints=0, local_exchange_calls=41356, local_input_units=40008000, local_output_units=38852000, batch_devices=27666, batch_records=29376, batch_payload_bytes=0, local_wakes=46357, remote_hint_wakes=3003, poll_fallback=108521, empty_batches=8738, allocation_misses=13883, local_credit_publications=305, local_ms_p50=0.001212, local_ms_p95=0.008192, local_ms_p99=0.014221, local_ms_samples=2048, queue_ms_p50=0.120591, queue_ms_p95=51.751969, queue_ms_p99=81.839691, queue_ms_samples=2048, execution_ms_p50=13.51553, execution_ms_p95=64.883465, execution_ms_p99=88.082601, execution_ms_samples=2048, apply_ms_p50=34.056546, apply_ms_p95=45.385791, apply_ms_p99=48.931443, apply_ms_samples=2048, tick_ms_p50=0.185088, tick_ms_p95=0.297807, tick_ms_p99=0.594061, tick_ms_samples=627, delivery_ms_p50=0.0, delivery_ms_p95=0.0, delivery_ms_p99=0.0, delivery_ms_samples=0, sql_ms_p50=0.0, sql_ms_p95=0.0, sql_ms_p99=0.0, sql_ms_samples=0, db_transaction_ms_p50=6.341159, db_transaction_ms_p95=47.007078, db_transaction_ms_p99=75.826854, db_transaction_ms_samples=2048, db_connection_wait_ms_p50=0.003866, db_connection_wait_ms_p95=0.037486, db_connection_wait_ms_p99=3.116027, db_connection_wait_ms_samples=2048, db_transactions=16218, db_transaction_attempts=16218, db_statements=316073, db_deadlock_retries=0, db_active_connections=0, wal_writes=27863, wal_bytes=4216263, wal_identical_skipped=0, wal_barrier_ms_p50=1.090828, wal_barrier_ms_p95=2.990379, wal_barrier_ms_p99=5.270921, wal_barrier_ms_samples=2048, completion_admitted=0, ready_channels=0, ready_devices=0, closing_devices=0, mc_recorded_tick_ms_avg100=0.579634, mc_target_ticks_per_second=20.0}
",28530.883880481,28530.886817529,1000,1000,1000,1000,40008000,38852000,624.814075,11169,"BULK count=1000 spawned=1000 registered=1000 bound=1000 accepted=40008000 extracted=38852000 fixture_ms_total=624.814075 fixture_ticks=11169
",28530.886936277,28530.887774024,169.53,2795808,57,834478080,834478080,6579830784,807256064,27123712,274,,,27.000267221630047
191,2026-10-06T16:28:57.430243+00:00,382.0039441709996,9,OFF_observed,False,1.9999893339991104,0.005344771998352371,,0,1000,0,0,0,8516,0,0,0,0,0,41356,40008000,38852000,27666,29376,0,46357,3003,109161,8854,13883,305,0.001242,0.008463,0.014763,2048,0.120591,51.751969,81.839691,2048,13.51553,64.883465,88.082601,2048,34.056546,45.385791,48.931443,2048,0.185879,0.297807,0.594061,667,0.0,0.0,0.0,0,0.0,0.0,0.0,0,6.337557,46.647888,75.826854,2048,0.003875,0.037807,3.116027,2048,16224,16224,316094,0,0,27863,4216263,0,1.090828,2.990379,5.270921,2048,0,0,0,0,0.582955,20.0,"STATUS online tickets=0 {registered_loaded_endpoints=1000, active_endpoints=0, worker_queue=0, actual_tickets=0, transactions=8516, errors=0, queue_rejected=0, quarantined=0, deferred_registry_decodes=0, dropped_wake_hints=0, local_exchange_calls=41356, local_input_units=40008000, local_output_units=38852000, batch_devices=27666, batch_records=29376, batch_payload_bytes=0, local_wakes=46357, remote_hint_wakes=3003, poll_fallback=109161, empty_batches=8854, allocation_misses=13883, local_credit_publications=305, local_ms_p50=0.001242, local_ms_p95=0.008463, local_ms_p99=0.014763, local_ms_samples=2048, queue_ms_p50=0.120591, queue_ms_p95=51.751969, queue_ms_p99=81.839691, queue_ms_samples=2048, execution_ms_p50=13.51553, execution_ms_p95=64.883465, execution_ms_p99=88.082601, execution_ms_samples=2048, apply_ms_p50=34.056546, apply_ms_p95=45.385791, apply_ms_p99=48.931443, apply_ms_samples=2048, tick_ms_p50=0.185879, tick_ms_p95=0.297807, tick_ms_p99=0.594061, tick_ms_samples=667, delivery_ms_p50=0.0, delivery_ms_p95=0.0, delivery_ms_p99=0.0, delivery_ms_samples=0, sql_ms_p50=0.0, sql_ms_p95=0.0, sql_ms_p99=0.0, sql_ms_samples=0, db_transaction_ms_p50=6.337557, db_transaction_ms_p95=46.647888, db_transaction_ms_p99=75.826854, db_transaction_ms_samples=2048, db_connection_wait_ms_p50=0.003875, db_connection_wait_ms_p95=0.037807, db_connection_wait_ms_p99=3.116027, db_connection_wait_ms_samples=2048, db_transactions=16224, db_transaction_attempts=16224, db_statements=316094, db_deadlock_retries=0, db_active_connections=0, wal_writes=27863, wal_bytes=4216263, wal_identical_skipped=0, wal_barrier_ms_p50=1.090828, wal_barrier_ms_p95=2.990379, wal_barrier_ms_p99=5.270921, wal_barrier_ms_samples=2048, completion_admitted=0, ready_channels=0, ready_devices=0, closing_devices=0, mc_recorded_tick_ms_avg100=0.582955, mc_target_ticks_per_second=20.0}
",28532.883969785,28532.886921576,1000,1000,1000,1000,40008000,38852000,624.89216,11209,"BULK count=1000 spawned=1000 registered=1000 bound=1000 accepted=40008000 extracted=38852000 fixture_ms_total=624.89216 fixture_ticks=11209
",28532.887040825,28532.887891702,169.73,2795808,57,834482176,834482176,6579830784,807260160,27123712,274,,,10.00005333028829
192,2026-10-06T16:28:59.430234+00:00,384.00393559499935,9,OFF_observed,False,1.9999914239997452,0.004386224001791561,,0,1000,0,0,0,8516,0,0,0,0,0,41356,40008000,38852000,27666,29376,0,46357,3003,109801,8962,13883,305,0.001272,0.008542,0.015003,2048,0.120591,51.751969,81.839691,2048,13.51553,64.883465,88.082601,2048,34.056546,45.385791,48.931443,2048,0.186931,0.297016,0.594061,707,0.0,0.0,0.0,0,0.0,0.0,0.0,0,6.319752,46.647628,75.826854,2048,0.003866,0.04034,3.116027,2048,16230,16230,316115,0,0,27863,4216263,0,1.090828,2.990379,5.270921,2048,0,0,0,0,0.596294,20.0,"STATUS online tickets=0 {registered_loaded_endpoints=1000, active_endpoints=0, worker_queue=0, actual_tickets=0, transactions=8516, errors=0, queue_rejected=0, quarantined=0, deferred_registry_decodes=0, dropped_wake_hints=0, local_exchange_calls=41356, local_input_units=40008000, local_output_units=38852000, batch_devices=27666, batch_records=29376, batch_payload_bytes=0, local_wakes=46357, remote_hint_wakes=3003, poll_fallback=109801, empty_batches=8962, allocation_misses=13883, local_credit_publications=305, local_ms_p50=0.001272, local_ms_p95=0.008542, local_ms_p99=0.015003, local_ms_samples=2048, queue_ms_p50=0.120591, queue_ms_p95=51.751969, queue_ms_p99=81.839691, queue_ms_samples=2048, execution_ms_p50=13.51553, execution_ms_p95=64.883465, execution_ms_p99=88.082601, execution_ms_samples=2048, apply_ms_p50=34.056546, apply_ms_p95=45.385791, apply_ms_p99=48.931443, apply_ms_samples=2048, tick_ms_p50=0.186931, tick_ms_p95=0.297016, tick_ms_p99=0.594061, tick_ms_samples=707, delivery_ms_p50=0.0, delivery_ms_p95=0.0, delivery_ms_p99=0.0, delivery_ms_samples=0, sql_ms_p50=0.0, sql_ms_p95=0.0, sql_ms_p99=0.0, sql_ms_samples=0, db_transaction_ms_p50=6.319752, db_transaction_ms_p95=46.647628, db_transaction_ms_p99=75.826854, db_transaction_ms_samples=2048, db_connection_wait_ms_p50=0.003866, db_connection_wait_ms_p95=0.04034, db_connection_wait_ms_p99=3.116027, db_connection_wait_ms_samples=2048, db_transactions=16230, db_transaction_attempts=16230, db_statements=316115, db_deadlock_retries=0, db_active_connections=0, wal_writes=27863, wal_bytes=4216263, wal_identical_skipped=0, wal_barrier_ms_p50=1.090828, wal_barrier_ms_p95=2.990379, wal_barrier_ms_p99=5.270921, wal_barrier_ms_samples=2048, completion_admitted=0, ready_channels=0, ready_devices=0, closing_devices=0, mc_recorded_tick_ms_avg100=0.596294, mc_target_ticks_per_second=20.0}
",28534.883869091,28534.886344707,1000,1000,1000,1000,40008000,38852000,625.274363,11249,"BULK count=1000 spawned=1000 registered=1000 bound=1000 accepted=40008000 extracted=38852000 fixture_ms_total=625.274363 fixture_ticks=11249
",28534.886469835,28534.887260281,169.93,2795808,57,826990592,834068480,6579830784,799768576,27123712,274,,,10.000042880185998
193,2026-10-06T16:29:01.430218+00:00,386.0039192410004,9,OFF_observed,False,1.9999836460010556,0.004662102997826878,,0,1000,0,0,0,8516,0,0,0,0,0,41356,40008000,38852000,27666,29376,0,46357,3003,110441,9074,13883,305,0.001282,0.008582,0.015112,2048,0.120591,51.751969,81.839691,2048,13.51553,64.883465,88.082601,2048,34.056546,45.385791,48.931443,2048,0.187211,0.297166,0.603265,747,0.0,0.0,0.0,0,0.0,0.0,0.0,0,6.314468,46.610342,75.826854,2048,0.003866,0.042794,3.116027,2048,16236,16236,316136,0,0,27863,4216263,0,1.090828,2.990379,5.270921,2048,0,0,0,0,0.673178,20.0,"STATUS online tickets=0 {registered_loaded_endpoints=1000, active_endpoints=0, worker_queue=0, actual_tickets=0, transactions=8516, errors=0, queue_rejected=0, quarantined=0, deferred_registry_decodes=0, dropped_wake_hints=0, local_exchange_calls=41356, local_input_units=40008000, local_output_units=38852000, batch_devices=27666, batch_records=29376, batch_payload_bytes=0, local_wakes=46357, remote_hint_wakes=3003, poll_fallback=110441, empty_batches=9074, allocation_misses=13883, local_credit_publications=305, local_ms_p50=0.001282, local_ms_p95=0.008582, local_ms_p99=0.015112, local_ms_samples=2048, queue_ms_p50=0.120591, queue_ms_p95=51.751969, queue_ms_p99=81.839691, queue_ms_samples=2048, execution_ms_p50=13.51553, execution_ms_p95=64.883465, execution_ms_p99=88.082601, execution_ms_samples=2048, apply_ms_p50=34.056546, apply_ms_p95=45.385791, apply_ms_p99=48.931443, apply_ms_samples=2048, tick_ms_p50=0.187211, tick_ms_p95=0.297166, tick_ms_p99=0.603265, tick_ms_samples=747, delivery_ms_p50=0.0, delivery_ms_p95=0.0, delivery_ms_p99=0.0, delivery_ms_samples=0, sql_ms_p50=0.0, sql_ms_p95=0.0, sql_ms_p99=0.0, sql_ms_samples=0, db_transaction_ms_p50=6.314468, db_transaction_ms_p95=46.610342, db_transaction_ms_p99=75.826854, db_transaction_ms_samples=2048, db_connection_wait_ms_p50=0.003866, db_connection_wait_ms_p95=0.042794, db_connection_wait_ms_p99=3.116027, db_connection_wait_ms_samples=2048, db_transactions=16236, db_transaction_attempts=16236, db_statements=316136, db_deadlock_retries=0, db_active_connections=0, wal_writes=27863, wal_bytes=4216263, wal_identical_skipped=0, wal_barrier_ms_p50=1.090828, wal_barrier_ms_p95=2.990379, wal_barrier_ms_p99=5.270921, wal_barrier_ms_samples=2048, completion_admitted=0, ready_channels=0, ready_devices=0, closing_devices=0, mc_recorded_tick_ms_avg100=0.673178, mc_target_ticks_per_second=20.0}
",28536.883870764,28536.886571338,1000,1000,1000,1000,40008000,38852000,625.370116,11289,"BULK count=1000 spawned=1000 registered=1000 bound=1000 accepted=40008000 extracted=38852000 fixture_ms_total=625.370116 fixture_ticks=11289
",28536.886688133,28536.88742209,170.21,2795808,57,827002880,834068480,6579830784,799780864,27123712,274,,,14.000114478928763
194,2026-10-06T16:29:03.430213+00:00,388.00391449699964,9,OFF_observed,False,1.999995255999238,0.004372391998913372,,0,1000,0,0,0,8516,0,0,0,0,0,41356,40008000,38852000,27666,29376,0,46357,3003,111081,9188,13883,305,0.001272,0.008543,0.015203,2048,0.120591,51.751969,81.839691,2048,13.51553,64.883465,88.082601,2048,34.056546,45.385791,48.931443,2048,0.187992,0.297807,0.638749,787,0.0,0.0,0.0,0,0.0,0.0,0.0,0,6.253828,46.610342,75.826854,2048,0.003866,0.04682,3.116027,2048,16242,16242,316157,0,0,27863,4216263,0,1.090828,2.990379,5.270921,2048,0,0,0,0,0.66678,20.0,"STATUS online tickets=0 {registered_loaded_endpoints=1000, active_endpoints=0, worker_queue=0, actual_tickets=0, transactions=8516, errors=0, queue_rejected=0, quarantined=0, deferred_registry_decodes=0, dropped_wake_hints=0, local_exchange_calls=41356, local_input_units=40008000, local_output_units=38852000, batch_devices=27666, batch_records=29376, batch_payload_bytes=0, local_wakes=46357, remote_hint_wakes=3003, poll_fallback=111081, empty_batches=9188, allocation_misses=13883, local_credit_publications=305, local_ms_p50=0.001272, local_ms_p95=0.008543, local_ms_p99=0.015203, local_ms_samples=2048, queue_ms_p50=0.120591, queue_ms_p95=51.751969, queue_ms_p99=81.839691, queue_ms_samples=2048, execution_ms_p50=13.51553, execution_ms_p95=64.883465, execution_ms_p99=88.082601, execution_ms_samples=2048, apply_ms_p50=34.056546, apply_ms_p95=45.385791, apply_ms_p99=48.931443, apply_ms_samples=2048, tick_ms_p50=0.187992, tick_ms_p95=0.297807, tick_ms_p99=0.638749, tick_ms_samples=787, delivery_ms_p50=0.0, delivery_ms_p95=0.0, delivery_ms_p99=0.0, delivery_ms_samples=0, sql_ms_p50=0.0, sql_ms_p95=0.0, sql_ms_p99=0.0, sql_ms_samples=0, db_transaction_ms_p50=6.253828, db_transaction_ms_p95=46.610342, db_transaction_ms_p99=75.826854, db_transaction_ms_samples=2048, db_connection_wait_ms_p50=0.003866, db_connection_wait_ms_p95=0.04682, db_connection_wait_ms_p99=3.116027, db_connection_wait_ms_samples=2048, db_transactions=16242, db_transaction_attempts=16242, db_statements=316157, db_deadlock_retries=0, db_active_connections=0, wal_writes=27863, wal_bytes=4216263, wal_identical_skipped=0, wal_barrier_ms_p50=1.090828, wal_barrier_ms_p95=2.990379, wal_barrier_ms_p99=5.270921, wal_barrier_ms_samples=2048, completion_admitted=0, ready_channels=0, ready_devices=0, closing_devices=0, mc_recorded_tick_ms_avg100=0.66678, mc_target_ticks_per_second=20.0}
",28538.883834052,28538.886401245,1000,1000,1000,1000,40008000,38852000,625.45054,11329,"BULK count=1000 spawned=1000 registered=1000 bound=1000 accepted=40008000 extracted=38852000 fixture_ms_total=625.45054 fixture_ticks=11329
",28538.886564389,28538.887153443,170.42,2795808,57,826990592,834068480,6579830784,799768576,27123712,274,,,10.500024906062054
195,2026-10-06T16:29:05.430254+00:00,390.00395571699846,9,OFF_observed,False,2.0000412199988205,0.2966455220011994,,0,1000,0,0,0,8516,0,0,0,0,0,41356,40008000,38852000,27666,29376,0,46357,3003,111721,9296,13883,305,0.001242,0.008623,0.014872,2048,0.120591,51.751969,81.839691,2048,13.51553,64.883465,88.082601,2048,34.056546,45.385791,48.931443,2048,0.188372,0.30633,0.610567,827,0.0,0.0,0.0,0,0.0,0.0,0.0,0,6.222812,46.159311,75.826854,2048,0.003856,0.04687,3.116027,2048,16248,16248,316178,0,0,27863,4216263,0,1.090828,2.990379,5.270921,2048,0,0,0,0,0.682885,20.0,"STATUS online tickets=0 {registered_loaded_endpoints=1000, active_endpoints=0, worker_queue=0, actual_tickets=0, transactions=8516, errors=0, queue_rejected=0, quarantined=0, deferred_registry_decodes=0, dropped_wake_hints=0, local_exchange_calls=41356, local_input_units=40008000, local_output_units=38852000, batch_devices=27666, batch_records=29376, batch_payload_bytes=0, local_wakes=46357, remote_hint_wakes=3003, poll_fallback=111721, empty_batches=9296, allocation_misses=13883, local_credit_publications=305, local_ms_p50=0.001242, local_ms_p95=0.008623, local_ms_p99=0.014872, local_ms_samples=2048, queue_ms_p50=0.120591, queue_ms_p95=51.751969, queue_ms_p99=81.839691, queue_ms_samples=2048, execution_ms_p50=13.51553, execution_ms_p95=64.883465, execution_ms_p99=88.082601, execution_ms_samples=2048, apply_ms_p50=34.056546, apply_ms_p95=45.385791, apply_ms_p99=48.931443, apply_ms_samples=2048, tick_ms_p50=0.188372, tick_ms_p95=0.30633, tick_ms_p99=0.610567, tick_ms_samples=827, delivery_ms_p50=0.0, delivery_ms_p95=0.0, delivery_ms_p99=0.0, delivery_ms_samples=0, sql_ms_p50=0.0, sql_ms_p95=0.0, sql_ms_p99=0.0, sql_ms_samples=0, db_transaction_ms_p50=6.222812, db_transaction_ms_p95=46.159311, db_transaction_ms_p99=75.826854, db_transaction_ms_samples=2048, db_connection_wait_ms_p50=0.003856, db_connection_wait_ms_p95=0.04687, db_connection_wait_ms_p99=3.116027, db_connection_wait_ms_samples=2048, db_transactions=16248, db_transaction_attempts=16248, db_statements=316178, db_deadlock_retries=0, db_active_connections=0, wal_writes=27863, wal_bytes=4216263, wal_identical_skipped=0, wal_barrier_ms_p50=1.090828, wal_barrier_ms_p95=2.990379, wal_barrier_ms_p99=5.270921, wal_barrier_ms_samples=2048, completion_admitted=0, ready_channels=0, ready_devices=0, closing_devices=0, mc_recorded_tick_ms_avg100=0.682885, mc_target_ticks_per_second=20.0}
",28540.883887009,28540.886616226,1000,1000,1000,1000,40008000,38852000,625.533375,11369,"BULK count=1000 spawned=1000 registered=1000 bound=1000 accepted=40008000 extracted=38852000 fixture_ms_total=625.533375 fixture_ticks=11369
",28540.886737538,28540.887376928,170.64,2795808,57,827002880,834068480,6579830784,799780864,27123712,274,395313152,312366899,10.999773294678828
196,2026-10-06T16:29:07.430242+00:00,392.00394399200013,9,OFF_observed,False,1.9999882750016695,0.0051340159989194945,,0,1000,0,0,0,8516,0,0,0,0,0,41356,40008000,38852000,27666,29376,0,46357,3003,112361,9408,13883,305,0.001272,0.008693,0.014422,2048,0.120591,51.751969,81.839691,2048,13.51553,64.883465,88.082601,2048,34.056546,45.385791,48.931443,2048,0.188543,0.30633,0.610567,867,0.0,0.0,0.0,0,0.0,0.0,0.0,0,6.218113,46.051093,74.653098,2048,0.003856,0.047521,3.116027,2048,16254,16254,316199,0,0,27863,4216263,0,1.090828,2.990379,5.270921,2048,0,0,0,0,0.639179,20.0,"STATUS online tickets=0 {registered_loaded_endpoints=1000, active_endpoints=0, worker_queue=0, actual_tickets=0, transactions=8516, errors=0, queue_rejected=0, quarantined=0, deferred_registry_decodes=0, dropped_wake_hints=0, local_exchange_calls=41356, local_input_units=40008000, local_output_units=38852000, batch_devices=27666, batch_records=29376, batch_payload_bytes=0, local_wakes=46357, remote_hint_wakes=3003, poll_fallback=112361, empty_batches=9408, allocation_misses=13883, local_credit_publications=305, local_ms_p50=0.001272, local_ms_p95=0.008693, local_ms_p99=0.014422, local_ms_samples=2048, queue_ms_p50=0.120591, queue_ms_p95=51.751969, queue_ms_p99=81.839691, queue_ms_samples=2048, execution_ms_p50=13.51553, execution_ms_p95=64.883465, execution_ms_p99=88.082601, execution_ms_samples=2048, apply_ms_p50=34.056546, apply_ms_p95=45.385791, apply_ms_p99=48.931443, apply_ms_samples=2048, tick_ms_p50=0.188543, tick_ms_p95=0.30633, tick_ms_p99=0.610567, tick_ms_samples=867, delivery_ms_p50=0.0, delivery_ms_p95=0.0, delivery_ms_p99=0.0, delivery_ms_samples=0, sql_ms_p50=0.0, sql_ms_p95=0.0, sql_ms_p99=0.0, sql_ms_samples=0, db_transaction_ms_p50=6.218113, db_transaction_ms_p95=46.051093, db_transaction_ms_p99=74.653098, db_transaction_ms_samples=2048, db_connection_wait_ms_p50=0.003856, db_connection_wait_ms_p95=0.047521, db_connection_wait_ms_p99=3.116027, db_connection_wait_ms_samples=2048, db_transactions=16254, db_transaction_attempts=16254, db_statements=316199, db_deadlock_retries=0, db_active_connections=0, wal_writes=27863, wal_bytes=4216263, wal_identical_skipped=0, wal_barrier_ms_p50=1.090828, wal_barrier_ms_p95=2.990379, wal_barrier_ms_p99=5.270921, wal_barrier_ms_samples=2048, completion_admitted=0, ready_channels=0, ready_devices=0, closing_devices=0, mc_recorded_tick_ms_avg100=0.639179, mc_target_ticks_per_second=20.0}
",28542.883904669,28542.886805132,1000,1000,1000,1000,40008000,38852000,625.646494,11409,"BULK count=1000 spawned=1000 registered=1000 bound=1000 accepted=40008000 extracted=38852000 fixture_ms_total=625.646494 fixture_ticks=11409
",28542.886970069,28542.887729069,170.85,2795808,57,827006976,834068480,6579830784,799784960,27123712,274,,,10.500061556602509
197,2026-10-06T16:29:09.430218+00:00,394.00392001100045,9,OFF_observed,False,1.9999760190003144,0.00453003000075114,,0,1000,0,0,0,8516,0,0,0,0,0,41356,40008000,38852000,27666,29376,0,46357,3003,113001,9522,13883,305,0.001271,0.008653,0.013791,2048,0.120591,51.751969,81.839691,2048,13.51553,64.883465,88.082601,2048,34.056546,45.385791,48.931443,2048,0.188793,0.310406,0.610567,907,0.0,0.0,0.0,0,0.0,0.0,0.0,0,6.207234,46.051093,74.653098,2048,0.003866,0.051037,3.116027,2048,16260,16260,316220,0,0,27863,4216263,0,1.090828,2.990379,5.270921,2048,0,0,0,0,0.631138,20.0,"STATUS online tickets=0 {registered_loaded_endpoints=1000, active_endpoints=0, worker_queue=0, actual_tickets=0, transactions=8516, errors=0, queue_rejected=0, quarantined=0, deferred_registry_decodes=0, dropped_wake_hints=0, local_exchange_calls=41356, local_input_units=40008000, local_output_units=38852000, batch_devices=27666, batch_records=29376, batch_payload_bytes=0, local_wakes=46357, remote_hint_wakes=3003, poll_fallback=113001, empty_batches=9522, allocation_misses=13883, local_credit_publications=305, local_ms_p50=0.001271, local_ms_p95=0.008653, local_ms_p99=0.013791, local_ms_samples=2048, queue_ms_p50=0.120591, queue_ms_p95=51.751969, queue_ms_p99=81.839691, queue_ms_samples=2048, execution_ms_p50=13.51553, execution_ms_p95=64.883465, execution_ms_p99=88.082601, execution_ms_samples=2048, apply_ms_p50=34.056546, apply_ms_p95=45.385791, apply_ms_p99=48.931443, apply_ms_samples=2048, tick_ms_p50=0.188793, tick_ms_p95=0.310406, tick_ms_p99=0.610567, tick_ms_samples=907, delivery_ms_p50=0.0, delivery_ms_p95=0.0, delivery_ms_p99=0.0, delivery_ms_samples=0, sql_ms_p50=0.0, sql_ms_p95=0.0, sql_ms_p99=0.0, sql_ms_samples=0, db_transaction_ms_p50=6.207234, db_transaction_ms_p95=46.051093, db_transaction_ms_p99=74.653098, db_transaction_ms_samples=2048, db_connection_wait_ms_p50=0.003866, db_connection_wait_ms_p95=0.051037, db_connection_wait_ms_p99=3.116027, db_connection_wait_ms_samples=2048, db_transactions=16260, db_transaction_attempts=16260, db_statements=316220, db_deadlock_retries=0, db_active_connections=0, wal_writes=27863, wal_bytes=4216263, wal_identical_skipped=0, wal_barrier_ms_p50=1.090828, wal_barrier_ms_p95=2.990379, wal_barrier_ms_p99=5.270921, wal_barrier_ms_samples=2048, completion_admitted=0, ready_channels=0, ready_devices=0, closing_devices=0, mc_recorded_tick_ms_avg100=0.631138, mc_target_ticks_per_second=20.0}
",28544.883851424,28544.886522974,1000,1000,1000,1000,40008000,38852000,625.731266,11449,"BULK count=1000 spawned=1000 registered=1000 bound=1000 accepted=40008000 extracted=38852000 fixture_ms_total=625.731266 fixture_ticks=11449
",28544.8866736,28544.887324988,171.07,2795808,57,827023360,834068480,6579830784,799801344,27123712,274,,,11.000131897079726
198,2026-10-06T16:29:11.430233+00:00,396.00393372300096,9,OFF_observed,False,2.0000137120005093,0.0052328439996927045,,0,1000,0,0,0,8516,0,0,0,0,0,41356,40008000,38852000,27666,29376,0,46357,3003,113641,9630,13883,305,0.001272,0.008503,0.01357,2048,0.120591,51.751969,81.839691,2048,13.51553,64.883465,88.082601,2048,34.056546,45.385791,48.931443,2048,0.188593,0.30633,0.610567,947,0.0,0.0,0.0,0,0.0,0.0,0.0,0,6.183242,46.045284,74.134525,2048,0.003856,0.051968,3.116027,2048,16266,16266,316241,0,0,27863,4216263,0,1.090828,2.990379,5.270921,2048,0,0,0,0,0.598621,20.0,"STATUS online tickets=0 {registered_loaded_endpoints=1000, active_endpoints=0, worker_queue=0, actual_tickets=0, transactions=8516, errors=0, queue_rejected=0, quarantined=0, deferred_registry_decodes=0, dropped_wake_hints=0, local_exchange_calls=41356, local_input_units=40008000, local_output_units=38852000, batch_devices=27666, batch_records=29376, batch_payload_bytes=0, local_wakes=46357, remote_hint_wakes=3003, poll_fallback=113641, empty_batches=9630, allocation_misses=13883, local_credit_publications=305, local_ms_p50=0.001272, local_ms_p95=0.008503, local_ms_p99=0.01357, local_ms_samples=2048, queue_ms_p50=0.120591, queue_ms_p95=51.751969, queue_ms_p99=81.839691, queue_ms_samples=2048, execution_ms_p50=13.51553, execution_ms_p95=64.883465, execution_ms_p99=88.082601, execution_ms_samples=2048, apply_ms_p50=34.056546, apply_ms_p95=45.385791, apply_ms_p99=48.931443, apply_ms_samples=2048, tick_ms_p50=0.188593, tick_ms_p95=0.30633, tick_ms_p99=0.610567, tick_ms_samples=947, delivery_ms_p50=0.0, delivery_ms_p95=0.0, delivery_ms_p99=0.0, delivery_ms_samples=0, sql_ms_p50=0.0, sql_ms_p95=0.0, sql_ms_p99=0.0, sql_ms_samples=0, db_transaction_ms_p50=6.183242, db_transaction_ms_p95=46.045284, db_transaction_ms_p99=74.134525, db_transaction_ms_samples=2048, db_connection_wait_ms_p50=0.003856, db_connection_wait_ms_p95=0.051968, db_connection_wait_ms_p99=3.116027, db_connection_wait_ms_samples=2048, db_transactions=16266, db_transaction_attempts=16266, db_statements=316241, db_deadlock_retries=0, db_active_connections=0, wal_writes=27863, wal_bytes=4216263, wal_identical_skipped=0, wal_barrier_ms_p50=1.090828, wal_barrier_ms_p95=2.990379, wal_barrier_ms_p99=5.270921, wal_barrier_ms_samples=2048, completion_admitted=0, ready_channels=0, ready_devices=0, closing_devices=0, mc_recorded_tick_ms_avg100=0.598621, mc_target_ticks_per_second=20.0}
",28546.883903273,28546.886914112,1000,1000,1000,1000,40008000,38852000,625.808112,11489,"BULK count=1000 spawned=1000 registered=1000 bound=1000 accepted=40008000 extracted=38852000 fixture_ms_total=625.808112 fixture_ticks=11489
",28546.887074543,28546.887828214,171.31,2795808,57,827031552,834068480,6579830784,799809536,27123712,274,,,11.999917728561451
199,2026-10-06T16:29:13.430227+00:00,398.00392739900053,9,OFF_observed,False,1.9999936759995762,0.004523208997852635,,0,1000,0,0,0,8516,0,0,0,0,0,41356,40008000,38852000,27666,29376,0,46357,3003,114281,9743,13883,305,0.001232,0.008382,0.014201,2048,0.120591,51.751969,81.839691,2048,13.51553,64.883465,88.082601,2048,34.056546,45.385791,48.931443,2048,0.188793,0.30633,0.638749,987,0.0,0.0,0.0,0,0.0,0.0,0.0,0,6.179876,45.65886,74.134525,2048,0.003856,0.053781,3.116027,2048,16272,16272,316262,0,0,27863,4216263,0,1.090828,2.990379,5.270921,2048,0,0,0,0,0.594024,20.0,"STATUS online tickets=0 {registered_loaded_endpoints=1000, active_endpoints=0, worker_queue=0, actual_tickets=0, transactions=8516, errors=0, queue_rejected=0, quarantined=0, deferred_registry_decodes=0, dropped_wake_hints=0, local_exchange_calls=41356, local_input_units=40008000, local_output_units=38852000, batch_devices=27666, batch_records=29376, batch_payload_bytes=0, local_wakes=46357, remote_hint_wakes=3003, poll_fallback=114281, empty_batches=9743, allocation_misses=13883, local_credit_publications=305, local_ms_p50=0.001232, local_ms_p95=0.008382, local_ms_p99=0.014201, local_ms_samples=2048, queue_ms_p50=0.120591, queue_ms_p95=51.751969, queue_ms_p99=81.839691, queue_ms_samples=2048, execution_ms_p50=13.51553, execution_ms_p95=64.883465, execution_ms_p99=88.082601, execution_ms_samples=2048, apply_ms_p50=34.056546, apply_ms_p95=45.385791, apply_ms_p99=48.931443, apply_ms_samples=2048, tick_ms_p50=0.188793, tick_ms_p95=0.30633, tick_ms_p99=0.638749, tick_ms_samples=987, delivery_ms_p50=0.0, delivery_ms_p95=0.0, delivery_ms_p99=0.0, delivery_ms_samples=0, sql_ms_p50=0.0, sql_ms_p95=0.0, sql_ms_p99=0.0, sql_ms_samples=0, db_transaction_ms_p50=6.179876, db_transaction_ms_p95=45.65886, db_transaction_ms_p99=74.134525, db_transaction_ms_samples=2048, db_connection_wait_ms_p50=0.003856, db_connection_wait_ms_p95=0.053781, db_connection_wait_ms_p99=3.116027, db_connection_wait_ms_samples=2048, db_transactions=16272, db_transaction_attempts=16272, db_statements=316262, db_deadlock_retries=0, db_active_connections=0, wal_writes=27863, wal_bytes=4216263, wal_identical_skipped=0, wal_barrier_ms_p50=1.090828, wal_barrier_ms_p95=2.990379, wal_barrier_ms_p99=5.270921, wal_barrier_ms_samples=2048, completion_admitted=0, ready_channels=0, ready_devices=0, closing_devices=0, mc_recorded_tick_ms_avg100=0.594024, mc_target_ticks_per_second=20.0}
",28548.883865522,28548.88653584,1000,1000,1000,1000,40008000,38852000,625.887352,11529,"BULK count=1000 spawned=1000 registered=1000 bound=1000 accepted=40008000 extracted=38852000 fixture_ms_total=625.887352 fixture_ticks=11529
",28548.886737232,28548.887297473,171.51,2795808,56,826966016,834068480,6579830784,799744000,27123712,274,,,10.000031620101533
200,2026-10-06T16:29:15.430273+00:00,400.00397578200136,9,OFF_observed,False,2.0000483830008307,0.2944121759974223,,0,1000,0,0,0,8516,0,0,0,0,0,41356,40008000,38852000,27666,29376,0,46357,3003,114921,9856,13883,305,0.001242,0.008403,0.014521,2048,0.120591,51.751969,81.839691,2048,13.51553,64.883465,88.082601,2048,34.056546,45.385791,48.931443,2048,0.188914,0.30633,0.610567,1027,0.0,0.0,0.0,0,0.0,0.0,0.0,0,6.153968,45.587867,74.134525,2048,0.003855,0.054151,3.116027,2048,16278,16278,316283,0,0,27863,4216263,0,1.090828,2.990379,5.270921,2048,0,0,0,0,0.580341,20.0,"STATUS online tickets=0 {registered_loaded_endpoints=1000, active_endpoints=0, worker_queue=0, actual_tickets=0, transactions=8516, errors=0, queue_rejected=0, quarantined=0, deferred_registry_decodes=0, dropped_wake_hints=0, local_exchange_calls=41356, local_input_units=40008000, local_output_units=38852000, batch_devices=27666, batch_records=29376, batch_payload_bytes=0, local_wakes=46357, remote_hint_wakes=3003, poll_fallback=114921, empty_batches=9856, allocation_misses=13883, local_credit_publications=305, local_ms_p50=0.001242, local_ms_p95=0.008403, local_ms_p99=0.014521, local_ms_samples=2048, queue_ms_p50=0.120591, queue_ms_p95=51.751969, queue_ms_p99=81.839691, queue_ms_samples=2048, execution_ms_p50=13.51553, execution_ms_p95=64.883465, execution_ms_p99=88.082601, execution_ms_samples=2048, apply_ms_p50=34.056546, apply_ms_p95=45.385791, apply_ms_p99=48.931443, apply_ms_samples=2048, tick_ms_p50=0.188914, tick_ms_p95=0.30633, tick_ms_p99=0.610567, tick_ms_samples=1027, delivery_ms_p50=0.0, delivery_ms_p95=0.0, delivery_ms_p99=0.0, delivery_ms_samples=0, sql_ms_p50=0.0, sql_ms_p95=0.0, sql_ms_p99=0.0, sql_ms_samples=0, db_transaction_ms_p50=6.153968, db_transaction_ms_p95=45.587867, db_transaction_ms_p99=74.134525, db_transaction_ms_samples=2048, db_connection_wait_ms_p50=0.003855, db_connection_wait_ms_p95=0.054151, db_connection_wait_ms_p99=3.116027, db_connection_wait_ms_samples=2048, db_transactions=16278, db_transaction_attempts=16278, db_statements=316283, db_deadlock_retries=0, db_active_connections=0, wal_writes=27863, wal_bytes=4216263, wal_identical_skipped=0, wal_barrier_ms_p50=1.090828, wal_barrier_ms_p95=2.990379, wal_barrier_ms_p99=5.270921, wal_barrier_ms_samples=2048, completion_admitted=0, ready_channels=0, ready_devices=0, closing_devices=0, mc_recorded_tick_ms_avg100=0.580341, mc_target_ticks_per_second=20.0}
",28550.883891511,28550.886327608,1000,1000,1000,1000,40008000,38852000,625.966371,11569,"BULK count=1000 spawned=1000 registered=1000 bound=1000 accepted=40008000 extracted=38852000 fixture_ms_total=625.966371 fixture_ticks=11569
",28550.886447287,28550.887348189,171.71,2795808,56,826978304,834068480,6579830784,799756288,27123712,274,395313152,336484147,9.999758090848845
201,2026-10-06T16:29:17.430269+00:00,402.0039706210009,9,OFF_observed,False,1.9999948389995552,0.0052561800002877135,,0,1000,0,0,0,8516,0,0,0,0,0,41356,40008000,38852000,27666,29376,0,46357,3003,115561,9966,13883,305,0.001271,0.008844,0.015112,2048,0.120591,51.751969,81.839691,2048,13.51553,64.883465,88.082601,2048,34.056546,45.385791,48.931443,2048,0.189184,0.310406,0.638749,1067,0.0,0.0,0.0,0,0.0,0.0,0.0,0,6.139004,45.383306,74.134525,2048,0.003846,0.054151,3.116027,2048,16284,16284,316304,0,0,27863,4216263,0,1.090828,2.990379,5.270921,2048,0,0,0,0,0.602483,20.0,"STATUS online tickets=0 {registered_loaded_endpoints=1000, active_endpoints=0, worker_queue=0, actual_tickets=0, transactions=8516, errors=0, queue_rejected=0, quarantined=0, deferred_registry_decodes=0, dropped_wake_hints=0, local_exchange_calls=41356, local_input_units=40008000, local_output_units=38852000, batch_devices=27666, batch_records=29376, batch_payload_bytes=0, local_wakes=46357, remote_hint_wakes=3003, poll_fallback=115561, empty_batches=9966, allocation_misses=13883, local_credit_publications=305, local_ms_p50=0.001271, local_ms_p95=0.008844, local_ms_p99=0.015112, local_ms_samples=2048, queue_ms_p50=0.120591, queue_ms_p95=51.751969, queue_ms_p99=81.839691, queue_ms_samples=2048, execution_ms_p50=13.51553, execution_ms_p95=64.883465, execution_ms_p99=88.082601, execution_ms_samples=2048, apply_ms_p50=34.056546, apply_ms_p95=45.385791, apply_ms_p99=48.931443, apply_ms_samples=2048, tick_ms_p50=0.189184, tick_ms_p95=0.310406, tick_ms_p99=0.638749, tick_ms_samples=1067, delivery_ms_p50=0.0, delivery_ms_p95=0.0, delivery_ms_p99=0.0, delivery_ms_samples=0, sql_ms_p50=0.0, sql_ms_p95=0.0, sql_ms_p99=0.0, sql_ms_samples=0, db_transaction_ms_p50=6.139004, db_transaction_ms_p95=45.383306, db_transaction_ms_p99=74.134525, db_transaction_ms_samples=2048, db_connection_wait_ms_p50=0.003846, db_connection_wait_ms_p95=0.054151, db_connection_wait_ms_p99=3.116027, db_connection_wait_ms_samples=2048, db_transactions=16284, db_transaction_attempts=16284, db_statements=316304, db_deadlock_retries=0, db_active_connections=0, wal_writes=27863, wal_bytes=4216263, wal_identical_skipped=0, wal_barrier_ms_p50=1.090828, wal_barrier_ms_p95=2.990379, wal_barrier_ms_p99=5.270921, wal_barrier_ms_samples=2048, completion_admitted=0, ready_channels=0, ready_devices=0, closing_devices=0, mc_recorded_tick_ms_avg100=0.602483, mc_target_ticks_per_second=20.0}
",28552.883899099,28552.886650459,1000,1000,1000,1000,40008000,38852000,626.051777,11609,"BULK count=1000 spawned=1000 registered=1000 bound=1000 accepted=40008000 extracted=38852000 fixture_ms_total=626.051777 fixture_ticks=11609
",28552.88677775,28552.887775808,171.9,2795808,55,826916864,834068480,6579830784,799694848,27123712,274,,,9.50002451481526
202,2026-10-06T16:29:19.430239+00:00,404.00394079200123,9,OFF_observed,False,1.9999701710003137,0.007319486998312641,,0,1000,0,0,0,8516,0,0,0,0,0,41356,40008000,38852000,27666,29376,0,46357,3003,116201,10081,13883,305,0.001302,0.008954,0.015493,2048,0.120591,51.751969,81.839691,2048,13.51553,64.883465,88.082601,2048,34.056546,45.385791,48.931443,2048,0.189204,0.311057,0.610567,1107,0.0,0.0,0.0,0,0.0,0.0,0.0,0,6.134249,45.383306,74.134525,2048,0.003846,0.055563,3.116027,2048,16290,16290,316325,0,0,27863,4216263,0,1.090828,2.990379,5.270921,2048,0,0,0,0,0.604856,20.0,"STATUS online tickets=0 {registered_loaded_endpoints=1000, active_endpoints=0, worker_queue=0, actual_tickets=0, transactions=8516, errors=0, queue_rejected=0, quarantined=0, deferred_registry_decodes=0, dropped_wake_hints=0, local_exchange_calls=41356, local_input_units=40008000, local_output_units=38852000, batch_devices=27666, batch_records=29376, batch_payload_bytes=0, local_wakes=46357, remote_hint_wakes=3003, poll_fallback=116201, empty_batches=10081, allocation_misses=13883, local_credit_publications=305, local_ms_p50=0.001302, local_ms_p95=0.008954, local_ms_p99=0.015493, local_ms_samples=2048, queue_ms_p50=0.120591, queue_ms_p95=51.751969, queue_ms_p99=81.839691, queue_ms_samples=2048, execution_ms_p50=13.51553, execution_ms_p95=64.883465, execution_ms_p99=88.082601, execution_ms_samples=2048, apply_ms_p50=34.056546, apply_ms_p95=45.385791, apply_ms_p99=48.931443, apply_ms_samples=2048, tick_ms_p50=0.189204, tick_ms_p95=0.311057, tick_ms_p99=0.610567, tick_ms_samples=1107, delivery_ms_p50=0.0, delivery_ms_p95=0.0, delivery_ms_p99=0.0, delivery_ms_samples=0, sql_ms_p50=0.0, sql_ms_p95=0.0, sql_ms_p99=0.0, sql_ms_samples=0, db_transaction_ms_p50=6.134249, db_transaction_ms_p95=45.383306, db_transaction_ms_p99=74.134525, db_transaction_ms_samples=2048, db_connection_wait_ms_p50=0.003846, db_connection_wait_ms_p95=0.055563, db_connection_wait_ms_p99=3.116027, db_connection_wait_ms_samples=2048, db_transactions=16290, db_transaction_attempts=16290, db_statements=316325, db_deadlock_retries=0, db_active_connections=0, wal_writes=27863, wal_bytes=4216263, wal_identical_skipped=0, wal_barrier_ms_p50=1.090828, wal_barrier_ms_p95=2.990379, wal_barrier_ms_p99=5.270921, wal_barrier_ms_samples=2048, completion_admitted=0, ready_channels=0, ready_devices=0, closing_devices=0, mc_recorded_tick_ms_avg100=0.604856, mc_target_ticks_per_second=20.0}
",28554.883868679,28554.88769309,1000,1000,1000,1000,40008000,38852000,626.13119,11649,"BULK count=1000 spawned=1000 registered=1000 bound=1000 accepted=40008000 extracted=38852000 fixture_ms_total=626.13119 fixture_ticks=11649
",28554.887809285,28554.889816678,172.11,2795808,55,826941440,834068480,6579830784,799719424,27123712,274,,,10.500156604584431
203,2026-10-06T16:29:21.430236+00:00,406.0039369119986,9,OFF_observed,False,1.9999961199973768,0.004773464999743737,,0,1000,0,0,0,8516,0,0,0,0,0,41356,40008000,38852000,27666,29376,0,46357,3003,116841,10190,13883,305,0.001272,0.008603,0.015333,2048,0.120591,51.751969,81.839691,2048,13.51553,64.883465,88.082601,2048,34.056546,45.385791,48.931443,2048,0.189204,0.311057,0.638749,1147,0.0,0.0,0.0,0,0.0,0.0,0.0,0,6.12873,45.30634,74.134525,2048,0.003846,0.057316,3.116027,2048,16296,16296,316346,0,0,27863,4216263,0,1.090828,2.990379,5.270921,2048,0,1,2,0,0.599231,20.0,"STATUS online tickets=0 {registered_loaded_endpoints=1000, active_endpoints=0, worker_queue=0, actual_tickets=0, transactions=8516, errors=0, queue_rejected=0, quarantined=0, deferred_registry_decodes=0, dropped_wake_hints=0, local_exchange_calls=41356, local_input_units=40008000, local_output_units=38852000, batch_devices=27666, batch_records=29376, batch_payload_bytes=0, local_wakes=46357, remote_hint_wakes=3003, poll_fallback=116841, empty_batches=10190, allocation_misses=13883, local_credit_publications=305, local_ms_p50=0.001272, local_ms_p95=0.008603, local_ms_p99=0.015333, local_ms_samples=2048, queue_ms_p50=0.120591, queue_ms_p95=51.751969, queue_ms_p99=81.839691, queue_ms_samples=2048, execution_ms_p50=13.51553, execution_ms_p95=64.883465, execution_ms_p99=88.082601, execution_ms_samples=2048, apply_ms_p50=34.056546, apply_ms_p95=45.385791, apply_ms_p99=48.931443, apply_ms_samples=2048, tick_ms_p50=0.189204, tick_ms_p95=0.311057, tick_ms_p99=0.638749, tick_ms_samples=1147, delivery_ms_p50=0.0, delivery_ms_p95=0.0, delivery_ms_p99=0.0, delivery_ms_samples=0, sql_ms_p50=0.0, sql_ms_p95=0.0, sql_ms_p99=0.0, sql_ms_samples=0, db_transaction_ms_p50=6.12873, db_transaction_ms_p95=45.30634, db_transaction_ms_p99=74.134525, db_transaction_ms_samples=2048, db_connection_wait_ms_p50=0.003846, db_connection_wait_ms_p95=0.057316, db_connection_wait_ms_p99=3.116027, db_connection_wait_ms_samples=2048, db_transactions=16296, db_transaction_attempts=16296, db_statements=316346, db_deadlock_retries=0, db_active_connections=0, wal_writes=27863, wal_bytes=4216263, wal_identical_skipped=0, wal_barrier_ms_p50=1.090828, wal_barrier_ms_p95=2.990379, wal_barrier_ms_p99=5.270921, wal_barrier_ms_samples=2048, completion_admitted=0, ready_channels=1, ready_devices=2, closing_devices=0, mc_recorded_tick_ms_avg100=0.599231, mc_target_ticks_per_second=20.0}
",28556.883912401,28556.886618793,1000,1000,1000,1000,40008000,38852000,626.244807,11689,"BULK count=1000 spawned=1000 registered=1000 bound=1000 accepted=40008000 extracted=38852000 fixture_ms_total=626.244807 fixture_ticks=11689
",28556.886773646,28556.887392314,172.37,2795808,55,826953728,834068480,6579830784,799731712,27123712,275,,,13.000025220065522
204,2026-10-06T16:29:23.430207+00:00,408.0039086299985,9,OFF_observed,False,1.9999717179998697,0.006625745001656469,,0,1000,0,0,0,8516,0,0,0,0,0,41356,40008000,38852000,27666,29376,0,46357,3003,117481,10303,13883,305,0.001252,0.008453,0.015373,2048,0.120591,51.751969,81.839691,2048,13.51553,64.883465,88.082601,2048,34.056546,45.385791,48.931443,2048,0.189344,0.310926,0.638749,1187,0.0,0.0,0.0,0,0.0,0.0,0.0,0,6.125645,45.059639,74.134525,2048,0.003846,0.061852,3.116027,2048,16302,16302,316367,0,0,27863,4216263,0,1.090828,2.990379,5.270921,2048,0,0,0,0,0.62726,20.0,"STATUS online tickets=0 {registered_loaded_endpoints=1000, active_endpoints=0, worker_queue=0, actual_tickets=0, transactions=8516, errors=0, queue_rejected=0, quarantined=0, deferred_registry_decodes=0, dropped_wake_hints=0, local_exchange_calls=41356, local_input_units=40008000, local_output_units=38852000, batch_devices=27666, batch_records=29376, batch_payload_bytes=0, local_wakes=46357, remote_hint_wakes=3003, poll_fallback=117481, empty_batches=10303, allocation_misses=13883, local_credit_publications=305, local_ms_p50=0.001252, local_ms_p95=0.008453, local_ms_p99=0.015373, local_ms_samples=2048, queue_ms_p50=0.120591, queue_ms_p95=51.751969, queue_ms_p99=81.839691, queue_ms_samples=2048, execution_ms_p50=13.51553, execution_ms_p95=64.883465, execution_ms_p99=88.082601, execution_ms_samples=2048, apply_ms_p50=34.056546, apply_ms_p95=45.385791, apply_ms_p99=48.931443, apply_ms_samples=2048, tick_ms_p50=0.189344, tick_ms_p95=0.310926, tick_ms_p99=0.638749, tick_ms_samples=1187, delivery_ms_p50=0.0, delivery_ms_p95=0.0, delivery_ms_p99=0.0, delivery_ms_samples=0, sql_ms_p50=0.0, sql_ms_p95=0.0, sql_ms_p99=0.0, sql_ms_samples=0, db_transaction_ms_p50=6.125645, db_transaction_ms_p95=45.059639, db_transaction_ms_p99=74.134525, db_transaction_ms_samples=2048, db_connection_wait_ms_p50=0.003846, db_connection_wait_ms_p95=0.061852, db_connection_wait_ms_p99=3.116027, db_connection_wait_ms_samples=2048, db_transactions=16302, db_transaction_attempts=16302, db_statements=316367, db_deadlock_retries=0, db_active_connections=0, wal_writes=27863, wal_bytes=4216263, wal_identical_skipped=0, wal_barrier_ms_p50=1.090828, wal_barrier_ms_p95=2.990379, wal_barrier_ms_p99=5.270921, wal_barrier_ms_samples=2048, completion_admitted=0, ready_channels=0, ready_devices=0, closing_devices=0, mc_recorded_tick_ms_avg100=0.62726, mc_target_ticks_per_second=20.0}
",28558.883832862,28558.888558465,1000,1000,1000,1000,40008000,38852000,626.326939,11729,"BULK count=1000 spawned=1000 registered=1000 bound=1000 accepted=40008000 extracted=38852000 fixture_ms_total=626.326939 fixture_ticks=11729
",28558.888683172,28558.889445026,172.59,2795808,55,826945536,834068480,6579830784,799723520,27123712,274,,,11.000155553200337
205,2026-10-06T16:29:25.430227+00:00,410.0039286760002,9,OFF_observed,False,2.0000200460017368,0.004556038998998702,,0,1000,0,0,0,8516,0,0,0,0,0,41356,40008000,38852000,27666,29376,0,46357,3003,118121,10417,13883,305,0.001242,0.008402,0.012699,2048,0.120591,51.751969,81.839691,2048,13.51553,64.883465,88.082601,2048,34.056546,45.385791,48.931443,2048,0.189505,0.310926,0.610567,1227,0.0,0.0,0.0,0,0.0,0.0,0.0,0,6.1226,45.059639,74.134525,2048,0.003846,0.072098,3.116027,2048,16308,16308,316388,0,0,27863,4216263,0,1.090828,2.990379,5.270921,2048,0,0,0,0,0.653143,20.0,"STATUS online tickets=0 {registered_loaded_endpoints=1000, active_endpoints=0, worker_queue=0, actual_tickets=0, transactions=8516, errors=0, queue_rejected=0, quarantined=0, deferred_registry_decodes=0, dropped_wake_hints=0, local_exchange_calls=41356, local_input_units=40008000, local_output_units=38852000, batch_devices=27666, batch_records=29376, batch_payload_bytes=0, local_wakes=46357, remote_hint_wakes=3003, poll_fallback=118121, empty_batches=10417, allocation_misses=13883, local_credit_publications=305, local_ms_p50=0.001242, local_ms_p95=0.008402, local_ms_p99=0.012699, local_ms_samples=2048, queue_ms_p50=0.120591, queue_ms_p95=51.751969, queue_ms_p99=81.839691, queue_ms_samples=2048, execution_ms_p50=13.51553, execution_ms_p95=64.883465, execution_ms_p99=88.082601, execution_ms_samples=2048, apply_ms_p50=34.056546, apply_ms_p95=45.385791, apply_ms_p99=48.931443, apply_ms_samples=2048, tick_ms_p50=0.189505, tick_ms_p95=0.310926, tick_ms_p99=0.610567, tick_ms_samples=1227, delivery_ms_p50=0.0, delivery_ms_p95=0.0, delivery_ms_p99=0.0, delivery_ms_samples=0, sql_ms_p50=0.0, sql_ms_p95=0.0, sql_ms_p99=0.0, sql_ms_samples=0, db_transaction_ms_p50=6.1226, db_transaction_ms_p95=45.059639, db_transaction_ms_p99=74.134525, db_transaction_ms_samples=2048, db_connection_wait_ms_p50=0.003846, db_connection_wait_ms_p95=0.072098, db_connection_wait_ms_p99=3.116027, db_connection_wait_ms_samples=2048, db_transactions=16308, db_transaction_attempts=16308, db_statements=316388, db_deadlock_retries=0, db_active_connections=0, wal_writes=27863, wal_bytes=4216263, wal_identical_skipped=0, wal_barrier_ms_p50=1.090828, wal_barrier_ms_p95=2.990379, wal_barrier_ms_p99=5.270921, wal_barrier_ms_samples=2048, completion_admitted=0, ready_channels=0, ready_devices=0, closing_devices=0, mc_recorded_tick_ms_avg100=0.653143, mc_target_ticks_per_second=20.0}
",28560.883850675,28560.886522205,1000,1000,1000,1000,40008000,38852000,626.424527,11769,"BULK count=1000 spawned=1000 registered=1000 bound=1000 accepted=40008000 extracted=38852000 fixture_ms_total=626.424527 fixture_ticks=11769
",28560.886654534,28560.887394304,172.8,2795808,55,826953728,834068480,6579830784,799731712,27123712,274,,,10.499894759546105
206,2026-10-06T16:29:27.430231+00:00,412.00393174499914,9,OFF_observed,False,2.0000030689989217,0.3030351060006069,,0,1000,0,0,0,8516,0,0,0,0,0,41356,40008000,38852000,27666,29376,0,46357,3003,118761,10524,13883,305,0.001252,0.008523,0.014011,2048,0.120591,51.751969,81.839691,2048,13.51553,64.883465,88.082601,2048,34.056546,45.385791,48.931443,2048,0.189665,0.312769,0.638749,1267,0.0,0.0,0.0,0,0.0,0.0,0.0,0,6.116261,44.981425,74.134525,2048,0.003846,0.076285,3.116027,2048,16314,16314,316409,0,0,27863,4216263,0,1.090828,2.990379,5.270921,2048,0,0,0,0,0.670205,20.0,"STATUS online tickets=0 {registered_loaded_endpoints=1000, active_endpoints=0, worker_queue=0, actual_tickets=0, transactions=8516, errors=0, queue_rejected=0, quarantined=0, deferred_registry_decodes=0, dropped_wake_hints=0, local_exchange_calls=41356, local_input_units=40008000, local_output_units=38852000, batch_devices=27666, batch_records=29376, batch_payload_bytes=0, local_wakes=46357, remote_hint_wakes=3003, poll_fallback=118761, empty_batches=10524, allocation_misses=13883, local_credit_publications=305, local_ms_p50=0.001252, local_ms_p95=0.008523, local_ms_p99=0.014011, local_ms_samples=2048, queue_ms_p50=0.120591, queue_ms_p95=51.751969, queue_ms_p99=81.839691, queue_ms_samples=2048, execution_ms_p50=13.51553, execution_ms_p95=64.883465, execution_ms_p99=88.082601, execution_ms_samples=2048, apply_ms_p50=34.056546, apply_ms_p95=45.385791, apply_ms_p99=48.931443, apply_ms_samples=2048, tick_ms_p50=0.189665, tick_ms_p95=0.312769, tick_ms_p99=0.638749, tick_ms_samples=1267, delivery_ms_p50=0.0, delivery_ms_p95=0.0, delivery_ms_p99=0.0, delivery_ms_samples=0, sql_ms_p50=0.0, sql_ms_p95=0.0, sql_ms_p99=0.0, sql_ms_samples=0, db_transaction_ms_p50=6.116261, db_transaction_ms_p95=44.981425, db_transaction_ms_p99=74.134525, db_transaction_ms_samples=2048, db_connection_wait_ms_p50=0.003846, db_connection_wait_ms_p95=0.076285, db_connection_wait_ms_p99=3.116027, db_connection_wait_ms_samples=2048, db_transactions=16314, db_transaction_attempts=16314, db_statements=316409, db_deadlock_retries=0, db_active_connections=0, wal_writes=27863, wal_bytes=4216263, wal_identical_skipped=0, wal_barrier_ms_p50=1.090828, wal_barrier_ms_p95=2.990379, wal_barrier_ms_p99=5.270921, wal_barrier_ms_samples=2048, completion_admitted=0, ready_channels=0, ready_devices=0, closing_devices=0, mc_recorded_tick_ms_avg100=0.670205, mc_target_ticks_per_second=20.0}
",28562.883856007,28562.886729525,1000,1000,1000,1000,40008000,38852000,626.504476,11809,"BULK count=1000 spawned=1000 registered=1000 bound=1000 accepted=40008000 extracted=38852000 fixture_ms_total=626.504476 fixture_ticks=11809
",28562.886843246,28562.887498505,173.01,2795808,53,826822656,834068480,6579830784,799600640,27123712,274,395313152,366892851,10.499983887779363
207,2026-10-06T16:29:29.430232+00:00,414.00393352099854,9,OFF_observed,False,2.000001775999408,0.008904165999410907,,0,1000,0,0,0,8516,0,0,0,0,0,41356,40008000,38852000,27666,29376,0,46357,3003,119401,10637,13883,305,0.001262,0.008603,0.014962,2048,0.120591,51.751969,81.839691,2048,13.51553,64.883465,88.082601,2048,34.056546,45.385791,48.931443,2048,0.189925,0.31307,0.638749,1307,0.0,0.0,0.0,0,0.0,0.0,0.0,0,6.105764,44.981425,74.134525,2048,0.003846,0.076285,3.116027,2048,16320,16320,316430,0,0,27863,4216263,0,1.090828,2.990379,5.270921,2048,0,0,0,0,0.657406,20.0,"STATUS online tickets=0 {registered_loaded_endpoints=1000, active_endpoints=0, worker_queue=0, actual_tickets=0, transactions=8516, errors=0, queue_rejected=0, quarantined=0, deferred_registry_decodes=0, dropped_wake_hints=0, local_exchange_calls=41356, local_input_units=40008000, local_output_units=38852000, batch_devices=27666, batch_records=29376, batch_payload_bytes=0, local_wakes=46357, remote_hint_wakes=3003, poll_fallback=119401, empty_batches=10637, allocation_misses=13883, local_credit_publications=305, local_ms_p50=0.001262, local_ms_p95=0.008603, local_ms_p99=0.014962, local_ms_samples=2048, queue_ms_p50=0.120591, queue_ms_p95=51.751969, queue_ms_p99=81.839691, queue_ms_samples=2048, execution_ms_p50=13.51553, execution_ms_p95=64.883465, execution_ms_p99=88.082601, execution_ms_samples=2048, apply_ms_p50=34.056546, apply_ms_p95=45.385791, apply_ms_p99=48.931443, apply_ms_samples=2048, tick_ms_p50=0.189925, tick_ms_p95=0.31307, tick_ms_p99=0.638749, tick_ms_samples=1307, delivery_ms_p50=0.0, delivery_ms_p95=0.0, delivery_ms_p99=0.0, delivery_ms_samples=0, sql_ms_p50=0.0, sql_ms_p95=0.0, sql_ms_p99=0.0, sql_ms_samples=0, db_transaction_ms_p50=6.105764, db_transaction_ms_p95=44.981425, db_transaction_ms_p99=74.134525, db_transaction_ms_samples=2048, db_connection_wait_ms_p50=0.003846, db_connection_wait_ms_p95=0.076285, db_connection_wait_ms_p99=3.116027, db_connection_wait_ms_samples=2048, db_transactions=16320, db_transaction_attempts=16320, db_statements=316430, db_deadlock_retries=0, db_active_connections=0, wal_writes=27863, wal_bytes=4216263, wal_identical_skipped=0, wal_barrier_ms_p50=1.090828, wal_barrier_ms_p95=2.990379, wal_barrier_ms_p99=5.270921, wal_barrier_ms_samples=2048, completion_admitted=0, ready_channels=0, ready_devices=0, closing_devices=0, mc_recorded_tick_ms_avg100=0.657406, mc_target_ticks_per_second=20.0}
",28564.883865965,28564.89022465,1000,1000,1000,1000,40008000,38852000,626.583742,11849,"BULK count=1000 spawned=1000 registered=1000 bound=1000 accepted=40008000 extracted=38852000 fixture_ms_total=626.583742 fixture_ticks=11849
",28564.890378271,28564.891471782,173.33,2795808,53,826818560,834068480,6579830784,799596544,27123712,274,,,15.999985792018434
208,2026-10-06T16:29:31.430226+00:00,416.0039276589996,9,OFF_observed,False,1.9999941380010569,0.006323149998934241,,0,1000,0,0,0,8516,0,0,0,0,0,41356,40008000,38852000,27666,29376,0,46357,3003,120041,10751,13883,305,0.001262,0.008703,0.015684,2048,0.120591,51.751969,81.839691,2048,13.51553,64.883465,88.082601,2048,34.056546,45.385791,48.931443,2048,0.190165,0.322123,0.684307,1347,0.0,0.0,0.0,0,0.0,0.0,0.0,0,6.105764,44.50071,74.134525,2048,0.003856,0.08005,3.116027,2048,16326,16326,316451,0,0,27863,4216263,0,1.090828,2.990379,5.270921,2048,0,0,0,0,0.657653,20.0,"STATUS online tickets=0 {registered_loaded_endpoints=1000, active_endpoints=0, worker_queue=0, actual_tickets=0, transactions=8516, errors=0, queue_rejected=0, quarantined=0, deferred_registry_decodes=0, dropped_wake_hints=0, local_exchange_calls=41356, local_input_units=40008000, local_output_units=38852000, batch_devices=27666, batch_records=29376, batch_payload_bytes=0, local_wakes=46357, remote_hint_wakes=3003, poll_fallback=120041, empty_batches=10751, allocation_misses=13883, local_credit_publications=305, local_ms_p50=0.001262, local_ms_p95=0.008703, local_ms_p99=0.015684, local_ms_samples=2048, queue_ms_p50=0.120591, queue_ms_p95=51.751969, queue_ms_p99=81.839691, queue_ms_samples=2048, execution_ms_p50=13.51553, execution_ms_p95=64.883465, execution_ms_p99=88.082601, execution_ms_samples=2048, apply_ms_p50=34.056546, apply_ms_p95=45.385791, apply_ms_p99=48.931443, apply_ms_samples=2048, tick_ms_p50=0.190165, tick_ms_p95=0.322123, tick_ms_p99=0.684307, tick_ms_samples=1347, delivery_ms_p50=0.0, delivery_ms_p95=0.0, delivery_ms_p99=0.0, delivery_ms_samples=0, sql_ms_p50=0.0, sql_ms_p95=0.0, sql_ms_p99=0.0, sql_ms_samples=0, db_transaction_ms_p50=6.105764, db_transaction_ms_p95=44.50071, db_transaction_ms_p99=74.134525, db_transaction_ms_samples=2048, db_connection_wait_ms_p50=0.003856, db_connection_wait_ms_p95=0.08005, db_connection_wait_ms_p99=3.116027, db_connection_wait_ms_samples=2048, db_transactions=16326, db_transaction_attempts=16326, db_statements=316451, db_deadlock_retries=0, db_active_connections=0, wal_writes=27863, wal_bytes=4216263, wal_identical_skipped=0, wal_barrier_ms_p50=1.090828, wal_barrier_ms_p95=2.990379, wal_barrier_ms_p99=5.270921, wal_barrier_ms_samples=2048, completion_admitted=0, ready_channels=0, ready_devices=0, closing_devices=0, mc_recorded_tick_ms_avg100=0.657653, mc_target_ticks_per_second=20.0}
",28566.883833513,28566.888309121,1000,1000,1000,1000,40008000,38852000,626.66633,11889,"BULK count=1000 spawned=1000 registered=1000 bound=1000 accepted=40008000 extracted=38852000 fixture_ms_total=626.66633 fixture_ticks=11889
",28566.88842164,28566.889151084,173.91,2795808,53,826826752,834068480,6579830784,799604736,27123712,274,,,29.00008499923301
209,2026-10-06T16:29:33.430233+00:00,418.003934968001,9,OFF_observed,False,2.0000073090013757,0.005061292999016587,,0,1000,0,0,0,8516,0,0,0,0,0,41356,40008000,38852000,27666,29376,0,46357,3003,120681,10857,13883,305,0.001282,0.008874,0.017116,2048,0.120591,51.751969,81.839691,2048,13.51553,64.883465,88.082601,2048,34.056546,45.385791,48.931443,2048,0.190566,0.323655,0.700742,1387,0.0,0.0,0.0,0,0.0,0.0,0.0,0,6.087338,44.50071,74.134525,2048,0.003846,0.085238,3.116027,2048,16332,16333,316478,0,1,27863,4216263,0,1.090828,2.990379,5.270921,2048,0,1,3,0,0.71459,20.0,"STATUS online tickets=0 {registered_loaded_endpoints=1000, active_endpoints=0, worker_queue=0, actual_tickets=0, transactions=8516, errors=0, queue_rejected=0, quarantined=0, deferred_registry_decodes=0, dropped_wake_hints=0, local_exchange_calls=41356, local_input_units=40008000, local_output_units=38852000, batch_devices=27666, batch_records=29376, batch_payload_bytes=0, local_wakes=46357, remote_hint_wakes=3003, poll_fallback=120681, empty_batches=10857, allocation_misses=13883, local_credit_publications=305, local_ms_p50=0.001282, local_ms_p95=0.008874, local_ms_p99=0.017116, local_ms_samples=2048, queue_ms_p50=0.120591, queue_ms_p95=51.751969, queue_ms_p99=81.839691, queue_ms_samples=2048, execution_ms_p50=13.51553, execution_ms_p95=64.883465, execution_ms_p99=88.082601, execution_ms_samples=2048, apply_ms_p50=34.056546, apply_ms_p95=45.385791, apply_ms_p99=48.931443, apply_ms_samples=2048, tick_ms_p50=0.190566, tick_ms_p95=0.323655, tick_ms_p99=0.700742, tick_ms_samples=1387, delivery_ms_p50=0.0, delivery_ms_p95=0.0, delivery_ms_p99=0.0, delivery_ms_samples=0, sql_ms_p50=0.0, sql_ms_p95=0.0, sql_ms_p99=0.0, sql_ms_samples=0, db_transaction_ms_p50=6.087338, db_transaction_ms_p95=44.50071, db_transaction_ms_p99=74.134525, db_transaction_ms_samples=2048, db_connection_wait_ms_p50=0.003846, db_connection_wait_ms_p95=0.085238, db_connection_wait_ms_p99=3.116027, db_connection_wait_ms_samples=2048, db_transactions=16332, db_transaction_attempts=16333, db_statements=316478, db_deadlock_retries=0, db_active_connections=1, wal_writes=27863, wal_bytes=4216263, wal_identical_skipped=0, wal_barrier_ms_p50=1.090828, wal_barrier_ms_p95=2.990379, wal_barrier_ms_p99=5.270921, wal_barrier_ms_samples=2048, completion_admitted=0, ready_channels=1, ready_devices=3, closing_devices=0, mc_recorded_tick_ms_avg100=0.71459, mc_target_ticks_per_second=20.0}
",28568.883921553,28568.886589909,1000,1000,1000,1000,40008000,38852000,626.746537,11929,"BULK count=1000 spawned=1000 registered=1000 bound=1000 accepted=40008000 extracted=38852000 fixture_ms_total=626.746537 fixture_ticks=11929
",28568.886749519,28568.887669114,174.13,2795808,53,826830848,834068480,6579830784,799608832,27123712,274,,,10.999959800639285
210,2026-10-06T16:29:35.430275+00:00,420.00397378699927,9,OFF_observed,False,2.0000388189982914,0.0047541980020469055,,0,1000,0,0,0,8516,0,0,0,0,0,41356,40008000,38852000,27666,29376,0,46357,3003,121321,10970,13883,305,0.001252,0.008863,0.016244,2048,0.120591,51.751969,81.839691,2048,13.51553,64.883465,88.082601,2048,34.056546,45.385791,48.931443,2048,0.190396,0.323655,0.684307,1427,0.0,0.0,0.0,0,0.0,0.0,0.0,0,6.055811,44.50071,74.653098,2048,0.003856,0.085238,3.116027,2048,16339,16339,316504,0,0,27863,4216263,0,1.090828,2.990379,5.270921,2048,0,0,0,0,0.83491,20.0,"STATUS online tickets=0 {registered_loaded_endpoints=1000, active_endpoints=0, worker_queue=0, actual_tickets=0, transactions=8516, errors=0, queue_rejected=0, quarantined=0, deferred_registry_decodes=0, dropped_wake_hints=0, local_exchange_calls=41356, local_input_units=40008000, local_output_units=38852000, batch_devices=27666, batch_records=29376, batch_payload_bytes=0, local_wakes=46357, remote_hint_wakes=3003, poll_fallback=121321, empty_batches=10970, allocation_misses=13883, local_credit_publications=305, local_ms_p50=0.001252, local_ms_p95=0.008863, local_ms_p99=0.016244, local_ms_samples=2048, queue_ms_p50=0.120591, queue_ms_p95=51.751969, queue_ms_p99=81.839691, queue_ms_samples=2048, execution_ms_p50=13.51553, execution_ms_p95=64.883465, execution_ms_p99=88.082601, execution_ms_samples=2048, apply_ms_p50=34.056546, apply_ms_p95=45.385791, apply_ms_p99=48.931443, apply_ms_samples=2048, tick_ms_p50=0.190396, tick_ms_p95=0.323655, tick_ms_p99=0.684307, tick_ms_samples=1427, delivery_ms_p50=0.0, delivery_ms_p95=0.0, delivery_ms_p99=0.0, delivery_ms_samples=0, sql_ms_p50=0.0, sql_ms_p95=0.0, sql_ms_p99=0.0, sql_ms_samples=0, db_transaction_ms_p50=6.055811, db_transaction_ms_p95=44.50071, db_transaction_ms_p99=74.653098, db_transaction_ms_samples=2048, db_connection_wait_ms_p50=0.003856, db_connection_wait_ms_p95=0.085238, db_connection_wait_ms_p99=3.116027, db_connection_wait_ms_samples=2048, db_transactions=16339, db_transaction_attempts=16339, db_statements=316504, db_deadlock_retries=0, db_active_connections=0, wal_writes=27863, wal_bytes=4216263, wal_identical_skipped=0, wal_barrier_ms_p50=1.090828, wal_barrier_ms_p95=2.990379, wal_barrier_ms_p99=5.270921, wal_barrier_ms_samples=2048, completion_admitted=0, ready_channels=0, ready_devices=0, closing_devices=0, mc_recorded_tick_ms_avg100=0.83491, mc_target_ticks_per_second=20.0}
",28570.883991689,28570.886804643,1000,1000,1000,1000,40008000,38852000,626.828863,11969,"BULK count=1000 spawned=1000 registered=1000 bound=1000 accepted=40008000 extracted=38852000 fixture_ms_total=626.828863 fixture_ticks=11969
",28570.886928118,28570.887629912,174.39,2795808,55,827281408,834068480,6579830784,800059392,27123712,274,,,12.999747681408028
211,2026-10-06T16:29:37.430278+00:00,422.00396666699817,9,OFF_observed,False,1.9999928799988993,0.31032713100285036,,0,1000,0,0,0,8516,0,0,0,0,0,41356,40008000,38852000,27666,29376,0,46357,3003,121961,11084,13883,305,0.001262,0.008743,0.015173,2048,0.120591,51.751969,81.839691,2048,13.51553,64.883465,88.082601,2048,34.056546,45.385791,48.931443,2048,0.191016,0.336955,0.684307,1467,0.0,0.0,0.0,0,0.0,0.0,0.0,0,6.032035,44.50071,74.653098,2048,0.003845,0.091738,3.116027,2048,16345,16345,316525,0,0,27863,4216263,0,1.090828,2.990379,5.270921,2048,0,0,0,0,0.842331,20.0,"STATUS online tickets=0 {registered_loaded_endpoints=1000, active_endpoints=0, worker_queue=0, actual_tickets=0, transactions=8516, errors=0, queue_rejected=0, quarantined=0, deferred_registry_decodes=0, dropped_wake_hints=0, local_exchange_calls=41356, local_input_units=40008000, local_output_units=38852000, batch_devices=27666, batch_records=29376, batch_payload_bytes=0, local_wakes=46357, remote_hint_wakes=3003, poll_fallback=121961, empty_batches=11084, allocation_misses=13883, local_credit_publications=305, local_ms_p50=0.001262, local_ms_p95=0.008743, local_ms_p99=0.015173, local_ms_samples=2048, queue_ms_p50=0.120591, queue_ms_p95=51.751969, queue_ms_p99=81.839691, queue_ms_samples=2048, execution_ms_p50=13.51553, execution_ms_p95=64.883465, execution_ms_p99=88.082601, execution_ms_samples=2048, apply_ms_p50=34.056546, apply_ms_p95=45.385791, apply_ms_p99=48.931443, apply_ms_samples=2048, tick_ms_p50=0.191016, tick_ms_p95=0.336955, tick_ms_p99=0.684307, tick_ms_samples=1467, delivery_ms_p50=0.0, delivery_ms_p95=0.0, delivery_ms_p99=0.0, delivery_ms_samples=0, sql_ms_p50=0.0, sql_ms_p95=0.0, sql_ms_p99=0.0, sql_ms_samples=0, db_transaction_ms_p50=6.032035, db_transaction_ms_p95=44.50071, db_transaction_ms_p99=74.653098, db_transaction_ms_samples=2048, db_connection_wait_ms_p50=0.003845, db_connection_wait_ms_p95=0.091738, db_connection_wait_ms_p99=3.116027, db_connection_wait_ms_samples=2048, db_transactions=16345, db_transaction_attempts=16345, db_statements=316525, db_deadlock_retries=0, db_active_connections=0, wal_writes=27863, wal_bytes=4216263, wal_identical_skipped=0, wal_barrier_ms_p50=1.090828, wal_barrier_ms_p95=2.990379, wal_barrier_ms_p99=5.270921, wal_barrier_ms_samples=2048, completion_admitted=0, ready_channels=0, ready_devices=0, closing_devices=0, mc_recorded_tick_ms_avg100=0.842331, mc_target_ticks_per_second=20.0}
",28572.883943408,28572.886686105,1000,1000,1000,1000,40008000,38852000,626.910183,12009,"BULK count=1000 spawned=1000 registered=1000 bound=1000 accepted=40008000 extracted=38852000 fixture_ms_total=626.910183 fixture_ticks=12009
",28572.886834488,28572.887670312,174.59,2795808,55,827281408,834068480,6579830784,800059392,27123712,274,395313152,245257216,10.000035600133092
212,2026-10-06T16:29:39.430211+00:00,424.00391197000135,9,OFF_observed,False,1.9999453030031873,0.00499824199869181,,0,1000,0,0,0,8516,0,0,0,0,0,41356,40008000,38852000,27666,29376,0,46357,3003,122601,11191,13883,305,0.001252,0.008272,0.014842,2048,0.120591,51.751969,81.839691,2048,13.51553,64.883465,88.082601,2048,34.056546,45.385791,48.931443,2048,0.191057,0.336955,0.684307,1507,0.0,0.0,0.0,0,0.0,0.0,0.0,0,6.010001,44.237995,74.653098,2048,0.003826,0.095884,3.116027,2048,16351,16351,316546,0,0,27863,4216263,0,1.090828,2.990379,5.270921,2048,0,0,0,0,0.682505,20.0,"STATUS online tickets=0 {registered_loaded_endpoints=1000, active_endpoints=0, worker_queue=0, actual_tickets=0, transactions=8516, errors=0, queue_rejected=0, quarantined=0, deferred_registry_decodes=0, dropped_wake_hints=0, local_exchange_calls=41356, local_input_units=40008000, local_output_units=38852000, batch_devices=27666, batch_records=29376, batch_payload_bytes=0, local_wakes=46357, remote_hint_wakes=3003, poll_fallback=122601, empty_batches=11191, allocation_misses=13883, local_credit_publications=305, local_ms_p50=0.001252, local_ms_p95=0.008272, local_ms_p99=0.014842, local_ms_samples=2048, queue_ms_p50=0.120591, queue_ms_p95=51.751969, queue_ms_p99=81.839691, queue_ms_samples=2048, execution_ms_p50=13.51553, execution_ms_p95=64.883465, execution_ms_p99=88.082601, execution_ms_samples=2048, apply_ms_p50=34.056546, apply_ms_p95=45.385791, apply_ms_p99=48.931443, apply_ms_samples=2048, tick_ms_p50=0.191057, tick_ms_p95=0.336955, tick_ms_p99=0.684307, tick_ms_samples=1507, delivery_ms_p50=0.0, delivery_ms_p95=0.0, delivery_ms_p99=0.0, delivery_ms_samples=0, sql_ms_p50=0.0, sql_ms_p95=0.0, sql_ms_p99=0.0, sql_ms_samples=0, db_transaction_ms_p50=6.010001, db_transaction_ms_p95=44.237995, db_transaction_ms_p99=74.653098, db_transaction_ms_samples=2048, db_connection_wait_ms_p50=0.003826, db_connection_wait_ms_p95=0.095884, db_connection_wait_ms_p99=3.116027, db_connection_wait_ms_samples=2048, db_transactions=16351, db_transaction_attempts=16351, db_statements=316546, db_deadlock_retries=0, db_active_connections=0, wal_writes=27863, wal_bytes=4216263, wal_identical_skipped=0, wal_barrier_ms_p50=1.090828, wal_barrier_ms_p95=2.990379, wal_barrier_ms_p99=5.270921, wal_barrier_ms_samples=2048, completion_admitted=0, ready_channels=0, ready_devices=0, closing_devices=0, mc_recorded_tick_ms_avg100=0.682505, mc_target_ticks_per_second=20.0}
",28574.883856132,28574.886669424,1000,1000,1000,1000,40008000,38852000,626.993904,12049,"BULK count=1000 spawned=1000 registered=1000 bound=1000 accepted=40008000 extracted=38852000 fixture_ms_total=626.993904 fixture_ticks=12049
",28574.886841693,28574.887618849,174.8,2795808,55,827285504,834068480,6579830784,800063488,27123712,274,,,10.500287167087254
213,2026-10-06T16:29:41.430275+00:00,426.0039758460007,9,OFF_observed,False,2.0000638759993308,0.006171991997689474,,0,1000,0,0,0,8516,0,0,0,0,0,41356,40008000,38852000,27666,29376,0,46357,3003,123241,11306,13883,305,0.001252,0.008272,0.014432,2048,0.120591,51.751969,81.839691,2048,13.51553,64.883465,88.082601,2048,34.056546,45.385791,48.931443,2048,0.190907,0.336955,0.684307,1547,0.0,0.0,0.0,0,0.0,0.0,0.0,0,5.975459,44.125127,73.326661,2048,0.003816,0.104257,3.116027,2048,16357,16357,316567,0,0,27863,4216263,0,1.090828,2.990379,5.270921,2048,0,0,0,0,0.641137,20.0,"STATUS online tickets=0 {registered_loaded_endpoints=1000, active_endpoints=0, worker_queue=0, actual_tickets=0, transactions=8516, errors=0, queue_rejected=0, quarantined=0, deferred_registry_decodes=0, dropped_wake_hints=0, local_exchange_calls=41356, local_input_units=40008000, local_output_units=38852000, batch_devices=27666, batch_records=29376, batch_payload_bytes=0, local_wakes=46357, remote_hint_wakes=3003, poll_fallback=123241, empty_batches=11306, allocation_misses=13883, local_credit_publications=305, local_ms_p50=0.001252, local_ms_p95=0.008272, local_ms_p99=0.014432, local_ms_samples=2048, queue_ms_p50=0.120591, queue_ms_p95=51.751969, queue_ms_p99=81.839691, queue_ms_samples=2048, execution_ms_p50=13.51553, execution_ms_p95=64.883465, execution_ms_p99=88.082601, execution_ms_samples=2048, apply_ms_p50=34.056546, apply_ms_p95=45.385791, apply_ms_p99=48.931443, apply_ms_samples=2048, tick_ms_p50=0.190907, tick_ms_p95=0.336955, tick_ms_p99=0.684307, tick_ms_samples=1547, delivery_ms_p50=0.0, delivery_ms_p95=0.0, delivery_ms_p99=0.0, delivery_ms_samples=0, sql_ms_p50=0.0, sql_ms_p95=0.0, sql_ms_p99=0.0, sql_ms_samples=0, db_transaction_ms_p50=5.975459, db_transaction_ms_p95=44.125127, db_transaction_ms_p99=73.326661, db_transaction_ms_samples=2048, db_connection_wait_ms_p50=0.003816, db_connection_wait_ms_p95=0.104257, db_connection_wait_ms_p99=3.116027, db_connection_wait_ms_samples=2048, db_transactions=16357, db_transaction_attempts=16357, db_statements=316567, db_deadlock_retries=0, db_active_connections=0, wal_writes=27863, wal_bytes=4216263, wal_identical_skipped=0, wal_barrier_ms_p50=1.090828, wal_barrier_ms_p95=2.990379, wal_barrier_ms_p99=5.270921, wal_barrier_ms_samples=2048, completion_admitted=0, ready_channels=0, ready_devices=0, closing_devices=0, mc_recorded_tick_ms_avg100=0.641137, mc_target_ticks_per_second=20.0}
",28576.884335882,28576.886999251,1000,1000,1000,1000,40008000,38852000,627.124802,12089,"BULK count=1000 spawned=1000 registered=1000 bound=1000 accepted=40008000 extracted=38852000 fixture_ms_total=627.124802 fixture_ticks=12089
",28576.887115656,28576.888972849,175.04,2795808,55,827289600,834068480,6579830784,800067584,27123712,274,,,11.999616756243087
214,2026-10-06T16:29:43.430239+00:00,428.00394062600026,9,OFF_observed,False,1.9999647799995728,0.005501137999090133,,0,1000,0,0,0,8516,0,0,0,0,0,41356,40008000,38852000,27666,29376,0,46357,3003,123881,11417,13883,305,0.001152,0.008083,0.014021,2048,0.120591,51.751969,81.839691,2048,13.51553,64.883465,88.082601,2048,34.056546,45.385791,48.931443,2048,0.190587,0.336955,0.684307,1587,0.0,0.0,0.0,0,0.0,0.0,0.0,0,5.961399,43.977815,72.291948,2048,0.003816,0.109835,3.116027,2048,16363,16363,316588,0,0,27863,4216263,0,1.090828,2.990379,5.270921,2048,0,0,0,0,0.598736,20.0,"STATUS online tickets=0 {registered_loaded_endpoints=1000, active_endpoints=0, worker_queue=0, actual_tickets=0, transactions=8516, errors=0, queue_rejected=0, quarantined=0, deferred_registry_decodes=0, dropped_wake_hints=0, local_exchange_calls=41356, local_input_units=40008000, local_output_units=38852000, batch_devices=27666, batch_records=29376, batch_payload_bytes=0, local_wakes=46357, remote_hint_wakes=3003, poll_fallback=123881, empty_batches=11417, allocation_misses=13883, local_credit_publications=305, local_ms_p50=0.001152, local_ms_p95=0.008083, local_ms_p99=0.014021, local_ms_samples=2048, queue_ms_p50=0.120591, queue_ms_p95=51.751969, queue_ms_p99=81.839691, queue_ms_samples=2048, execution_ms_p50=13.51553, execution_ms_p95=64.883465, execution_ms_p99=88.082601, execution_ms_samples=2048, apply_ms_p50=34.056546, apply_ms_p95=45.385791, apply_ms_p99=48.931443, apply_ms_samples=2048, tick_ms_p50=0.190587, tick_ms_p95=0.336955, tick_ms_p99=0.684307, tick_ms_samples=1587, delivery_ms_p50=0.0, delivery_ms_p95=0.0, delivery_ms_p99=0.0, delivery_ms_samples=0, sql_ms_p50=0.0, sql_ms_p95=0.0, sql_ms_p99=0.0, sql_ms_samples=0, db_transaction_ms_p50=5.961399, db_transaction_ms_p95=43.977815, db_transaction_ms_p99=72.291948, db_transaction_ms_samples=2048, db_connection_wait_ms_p50=0.003816, db_connection_wait_ms_p95=0.109835, db_connection_wait_ms_p99=3.116027, db_connection_wait_ms_samples=2048, db_transactions=16363, db_transaction_attempts=16363, db_statements=316588, db_deadlock_retries=0, db_active_connections=0, wal_writes=27863, wal_bytes=4216263, wal_identical_skipped=0, wal_barrier_ms_p50=1.090828, wal_barrier_ms_p95=2.990379, wal_barrier_ms_p99=5.270921, wal_barrier_ms_samples=2048, completion_admitted=0, ready_channels=0, ready_devices=0, closing_devices=0, mc_recorded_tick_ms_avg100=0.598736, mc_target_ticks_per_second=20.0}
",28578.883872379,28578.886558051,1000,1000,1000,1000,40008000,38852000,627.20314,12129,"BULK count=1000 spawned=1000 registered=1000 bound=1000 accepted=40008000 extracted=38852000 fixture_ms_total=627.20314 fixture_ticks=12129
",28578.886686293,28578.887715058,175.22,2795808,55,827301888,834068480,6579830784,800079872,27123712,274,,,9.000158492793322
215,2026-10-06T16:29:45.430256+00:00,430.0039573649992,9,OFF_observed,False,2.0000167389989656,0.004748108000057982,,0,1000,0,0,0,8516,0,0,0,0,0,41356,40008000,38852000,27666,29376,0,46357,3003,124521,11527,13883,305,0.001171,0.007992,0.01344,2048,0.120591,51.751969,81.839691,2048,13.51553,64.883465,88.082601,2048,34.056546,45.385791,48.931443,2048,0.190476,0.336955,0.680131,1627,0.0,0.0,0.0,0,0.0,0.0,0.0,0,5.940045,43.977815,72.291948,2048,0.003816,0.112419,3.116027,2048,16369,16369,316609,0,0,27863,4216263,0,1.090828,2.990379,5.270921,2048,0,0,0,0,0.598974,20.0,"STATUS online tickets=0 {registered_loaded_endpoints=1000, active_endpoints=0, worker_queue=0, actual_tickets=0, transactions=8516, errors=0, queue_rejected=0, quarantined=0, deferred_registry_decodes=0, dropped_wake_hints=0, local_exchange_calls=41356, local_input_units=40008000, local_output_units=38852000, batch_devices=27666, batch_records=29376, batch_payload_bytes=0, local_wakes=46357, remote_hint_wakes=3003, poll_fallback=124521, empty_batches=11527, allocation_misses=13883, local_credit_publications=305, local_ms_p50=0.001171, local_ms_p95=0.007992, local_ms_p99=0.01344, local_ms_samples=2048, queue_ms_p50=0.120591, queue_ms_p95=51.751969, queue_ms_p99=81.839691, queue_ms_samples=2048, execution_ms_p50=13.51553, execution_ms_p95=64.883465, execution_ms_p99=88.082601, execution_ms_samples=2048, apply_ms_p50=34.056546, apply_ms_p95=45.385791, apply_ms_p99=48.931443, apply_ms_samples=2048, tick_ms_p50=0.190476, tick_ms_p95=0.336955, tick_ms_p99=0.680131, tick_ms_samples=1627, delivery_ms_p50=0.0, delivery_ms_p95=0.0, delivery_ms_p99=0.0, delivery_ms_samples=0, sql_ms_p50=0.0, sql_ms_p95=0.0, sql_ms_p99=0.0, sql_ms_samples=0, db_transaction_ms_p50=5.940045, db_transaction_ms_p95=43.977815, db_transaction_ms_p99=72.291948, db_transaction_ms_samples=2048, db_connection_wait_ms_p50=0.003816, db_connection_wait_ms_p95=0.112419, db_connection_wait_ms_p99=3.116027, db_connection_wait_ms_samples=2048, db_transactions=16369, db_transaction_attempts=16369, db_statements=316609, db_deadlock_retries=0, db_active_connections=0, wal_writes=27863, wal_bytes=4216263, wal_identical_skipped=0, wal_barrier_ms_p50=1.090828, wal_barrier_ms_p95=2.990379, wal_barrier_ms_p99=5.270921, wal_barrier_ms_samples=2048, completion_admitted=0, ready_channels=0, ready_devices=0, closing_devices=0, mc_recorded_tick_ms_avg100=0.598974, mc_target_ticks_per_second=20.0}
",28580.883896059,28580.886625436,1000,1000,1000,1000,40008000,38852000,627.28235,12169,"BULK count=1000 spawned=1000 registered=1000 bound=1000 accepted=40008000 extracted=38852000 fixture_ms_total=627.28235 fixture_ticks=12169
",28580.886775882,28580.887498817,175.42,2795808,55,827305984,834068480,6579830784,800083968,27123712,274,,,9.999916305705083
216,2026-10-06T16:29:47.430309+00:00,432.00400924800124,9,OFF_observed,False,2.0000518830020155,0.2803004259985755,,0,1000,0,0,0,8516,0,0,0,0,0,41356,40008000,38852000,27666,29376,0,46357,3003,125161,11643,13883,305,0.001162,0.008042,0.014021,2048,0.120591,51.751969,81.839691,2048,13.51553,64.883465,88.082601,2048,34.056546,45.385791,48.931443,2048,0.190296,0.328373,0.680131,1667,0.0,0.0,0.0,0,0.0,0.0,0.0,0,5.924128,43.955342,72.291948,2048,0.003815,0.11319,3.116027,2048,16375,16375,316630,0,0,27863,4216263,0,1.090828,2.990379,5.270921,2048,0,0,0,0,0.608997,20.0,"STATUS online tickets=0 {registered_loaded_endpoints=1000, active_endpoints=0, worker_queue=0, actual_tickets=0, transactions=8516, errors=0, queue_rejected=0, quarantined=0, deferred_registry_decodes=0, dropped_wake_hints=0, local_exchange_calls=41356, local_input_units=40008000, local_output_units=38852000, batch_devices=27666, batch_records=29376, batch_payload_bytes=0, local_wakes=46357, remote_hint_wakes=3003, poll_fallback=125161, empty_batches=11643, allocation_misses=13883, local_credit_publications=305, local_ms_p50=0.001162, local_ms_p95=0.008042, local_ms_p99=0.014021, local_ms_samples=2048, queue_ms_p50=0.120591, queue_ms_p95=51.751969, queue_ms_p99=81.839691, queue_ms_samples=2048, execution_ms_p50=13.51553, execution_ms_p95=64.883465, execution_ms_p99=88.082601, execution_ms_samples=2048, apply_ms_p50=34.056546, apply_ms_p95=45.385791, apply_ms_p99=48.931443, apply_ms_samples=2048, tick_ms_p50=0.190296, tick_ms_p95=0.328373, tick_ms_p99=0.680131, tick_ms_samples=1667, delivery_ms_p50=0.0, delivery_ms_p95=0.0, delivery_ms_p99=0.0, delivery_ms_samples=0, sql_ms_p50=0.0, sql_ms_p95=0.0, sql_ms_p99=0.0, sql_ms_samples=0, db_transaction_ms_p50=5.924128, db_transaction_ms_p95=43.955342, db_transaction_ms_p99=72.291948, db_transaction_ms_samples=2048, db_connection_wait_ms_p50=0.003815, db_connection_wait_ms_p95=0.11319, db_connection_wait_ms_p99=3.116027, db_connection_wait_ms_samples=2048, db_transactions=16375, db_transaction_attempts=16375, db_statements=316630, db_deadlock_retries=0, db_active_connections=0, wal_writes=27863, wal_bytes=4216263, wal_identical_skipped=0, wal_barrier_ms_p50=1.090828, wal_barrier_ms_p95=2.990379, wal_barrier_ms_p99=5.270921, wal_barrier_ms_samples=2048, completion_admitted=0, ready_channels=0, ready_devices=0, closing_devices=0, mc_recorded_tick_ms_avg100=0.608997, mc_target_ticks_per_second=20.0}
",28582.883936184,28582.886673192,1000,1000,1000,1000,40008000,38852000,627.35624,12209,"BULK count=1000 spawned=1000 registered=1000 bound=1000 accepted=40008000 extracted=38852000 fixture_ms_total=627.35624 fixture_ticks=12209
",28582.887947184,28582.891943784,175.62,2795808,55,827310080,834068480,6579830784,800088064,27123712,274,395313152,270423040,9.999740591720215
217,2026-10-06T16:29:49.430236+00:00,434.0039380950002,9,OFF_observed,False,1.9999288469989551,0.004340968000178691,,0,1000,0,0,0,8516,0,0,0,0,0,41356,40008000,38852000,27666,29376,0,46357,3003,125801,11750,13883,305,0.001192,0.008052,0.014331,2048,0.120591,51.751969,81.839691,2048,13.51553,64.883465,88.082601,2048,34.056546,45.385791,48.931443,2048,0.190036,0.32666,0.638749,1707,0.0,0.0,0.0,0,0.0,0.0,0.0,0,5.90923,43.787965,72.291948,2048,0.003806,0.119729,3.116027,2048,16381,16381,316651,0,0,27863,4216263,0,1.090828,2.990379,5.270921,2048,0,0,0,0,0.619404,20.0,"STATUS online tickets=0 {registered_loaded_endpoints=1000, active_endpoints=0, worker_queue=0, actual_tickets=0, transactions=8516, errors=0, queue_rejected=0, quarantined=0, deferred_registry_decodes=0, dropped_wake_hints=0, local_exchange_calls=41356, local_input_units=40008000, local_output_units=38852000, batch_devices=27666, batch_records=29376, batch_payload_bytes=0, local_wakes=46357, remote_hint_wakes=3003, poll_fallback=125801, empty_batches=11750, allocation_misses=13883, local_credit_publications=305, local_ms_p50=0.001192, local_ms_p95=0.008052, local_ms_p99=0.014331, local_ms_samples=2048, queue_ms_p50=0.120591, queue_ms_p95=51.751969, queue_ms_p99=81.839691, queue_ms_samples=2048, execution_ms_p50=13.51553, execution_ms_p95=64.883465, execution_ms_p99=88.082601, execution_ms_samples=2048, apply_ms_p50=34.056546, apply_ms_p95=45.385791, apply_ms_p99=48.931443, apply_ms_samples=2048, tick_ms_p50=0.190036, tick_ms_p95=0.32666, tick_ms_p99=0.638749, tick_ms_samples=1707, delivery_ms_p50=0.0, delivery_ms_p95=0.0, delivery_ms_p99=0.0, delivery_ms_samples=0, sql_ms_p50=0.0, sql_ms_p95=0.0, sql_ms_p99=0.0, sql_ms_samples=0, db_transaction_ms_p50=5.90923, db_transaction_ms_p95=43.787965, db_transaction_ms_p99=72.291948, db_transaction_ms_samples=2048, db_connection_wait_ms_p50=0.003806, db_connection_wait_ms_p95=0.119729, db_connection_wait_ms_p99=3.116027, db_connection_wait_ms_samples=2048, db_transactions=16381, db_transaction_attempts=16381, db_statements=316651, db_deadlock_retries=0, db_active_connections=0, wal_writes=27863, wal_bytes=4216263, wal_identical_skipped=0, wal_barrier_ms_p50=1.090828, wal_barrier_ms_p95=2.990379, wal_barrier_ms_p99=5.270921, wal_barrier_ms_samples=2048, completion_admitted=0, ready_channels=0, ready_devices=0, closing_devices=0, mc_recorded_tick_ms_avg100=0.619404, mc_target_ticks_per_second=20.0}
",28584.883856579,28584.886345806,1000,1000,1000,1000,40008000,38852000,627.43141,12249,"BULK count=1000 spawned=1000 registered=1000 bound=1000 accepted=40008000 extracted=38852000 fixture_ms_total=627.43141 fixture_ticks=12249
",28584.886464805,28584.887176543,175.81,2795808,55,827318272,834068480,6579830784,800096256,27123712,274,,,9.500337988779307
218,2026-10-06T16:29:51.430213+00:00,436.0039136759988,9,OFF_observed,False,1.99997558099858,0.004013726000266615,,0,1000,0,0,0,8516,0,0,0,0,0,41356,40008000,38852000,27666,29376,0,46357,3003,126441,11862,13883,305,0.001182,0.008002,0.013931,2048,0.120591,51.751969,81.839691,2048,13.51553,64.883465,88.082601,2048,34.056546,45.385791,48.931443,2048,0.189965,0.328373,0.638749,1747,0.0,0.0,0.0,0,0.0,0.0,0.0,0,5.885314,43.584868,72.291948,2048,0.003806,0.141172,3.116027,2048,16387,16387,316672,0,0,27863,4216263,0,1.090828,2.990379,5.270921,2048,0,0,0,0,0.609546,20.0,"STATUS online tickets=0 {registered_loaded_endpoints=1000, active_endpoints=0, worker_queue=0, actual_tickets=0, transactions=8516, errors=0, queue_rejected=0, quarantined=0, deferred_registry_decodes=0, dropped_wake_hints=0, local_exchange_calls=41356, local_input_units=40008000, local_output_units=38852000, batch_devices=27666, batch_records=29376, batch_payload_bytes=0, local_wakes=46357, remote_hint_wakes=3003, poll_fallback=126441, empty_batches=11862, allocation_misses=13883, local_credit_publications=305, local_ms_p50=0.001182, local_ms_p95=0.008002, local_ms_p99=0.013931, local_ms_samples=2048, queue_ms_p50=0.120591, queue_ms_p95=51.751969, queue_ms_p99=81.839691, queue_ms_samples=2048, execution_ms_p50=13.51553, execution_ms_p95=64.883465, execution_ms_p99=88.082601, execution_ms_samples=2048, apply_ms_p50=34.056546, apply_ms_p95=45.385791, apply_ms_p99=48.931443, apply_ms_samples=2048, tick_ms_p50=0.189965, tick_ms_p95=0.328373, tick_ms_p99=0.638749, tick_ms_samples=1747, delivery_ms_p50=0.0, delivery_ms_p95=0.0, delivery_ms_p99=0.0, delivery_ms_samples=0, sql_ms_p50=0.0, sql_ms_p95=0.0, sql_ms_p99=0.0, sql_ms_samples=0, db_transaction_ms_p50=5.885314, db_transaction_ms_p95=43.584868, db_transaction_ms_p99=72.291948, db_transaction_ms_samples=2048, db_connection_wait_ms_p50=0.003806, db_connection_wait_ms_p95=0.141172, db_connection_wait_ms_p99=3.116027, db_connection_wait_ms_samples=2048, db_transactions=16387, db_transaction_attempts=16387, db_statements=316672, db_deadlock_retries=0, db_active_connections=0, wal_writes=27863, wal_bytes=4216263, wal_identical_skipped=0, wal_barrier_ms_p50=1.090828, wal_barrier_ms_p95=2.990379, wal_barrier_ms_p99=5.270921, wal_barrier_ms_samples=2048, completion_admitted=0, ready_channels=0, ready_devices=0, closing_devices=0, mc_recorded_tick_ms_avg100=0.609546, mc_target_ticks_per_second=20.0}
",28586.883830827,28586.886198843,1000,1000,1000,1000,40008000,38852000,627.541929,12289,"BULK count=1000 spawned=1000 registered=1000 bound=1000 accepted=40008000 extracted=38852000 fixture_ms_total=627.541929 fixture_ticks=12289
",28586.88633034,28586.886857822,176.05,2795808,55,827326464,834068480,6579830784,800104448,27123712,274,,,12.000146515797859
219,2026-10-06T16:29:53.430254+00:00,438.0039553450006,9,OFF_observed,False,2.000041669001803,0.0054194549993553665,,0,1000,0,0,0,8516,0,0,0,0,0,41356,40008000,38852000,27666,29376,0,46357,3003,127081,11976,13883,305,0.001202,0.008002,0.014091,2048,0.120591,51.751969,81.839691,2048,13.51553,64.883465,88.082601,2048,34.056546,45.385791,48.931443,2048,0.190115,0.328373,0.638749,1787,0.0,0.0,0.0,0,0.0,0.0,0.0,0,5.871078,43.493939,72.291948,2048,0.003785,0.15971,3.116027,2048,16393,16393,316693,0,0,27863,4216263,0,1.090828,2.990379,5.270921,2048,0,0,0,0,0.638631,20.0,"STATUS online tickets=0 {registered_loaded_endpoints=1000, active_endpoints=0, worker_queue=0, actual_tickets=0, transactions=8516, errors=0, queue_rejected=0, quarantined=0, deferred_registry_decodes=0, dropped_wake_hints=0, local_exchange_calls=41356, local_input_units=40008000, local_output_units=38852000, batch_devices=27666, batch_records=29376, batch_payload_bytes=0, local_wakes=46357, remote_hint_wakes=3003, poll_fallback=127081, empty_batches=11976, allocation_misses=13883, local_credit_publications=305, local_ms_p50=0.001202, local_ms_p95=0.008002, local_ms_p99=0.014091, local_ms_samples=2048, queue_ms_p50=0.120591, queue_ms_p95=51.751969, queue_ms_p99=81.839691, queue_ms_samples=2048, execution_ms_p50=13.51553, execution_ms_p95=64.883465, execution_ms_p99=88.082601, execution_ms_samples=2048, apply_ms_p50=34.056546, apply_ms_p95=45.385791, apply_ms_p99=48.931443, apply_ms_samples=2048, tick_ms_p50=0.190115, tick_ms_p95=0.328373, tick_ms_p99=0.638749, tick_ms_samples=1787, delivery_ms_p50=0.0, delivery_ms_p95=0.0, delivery_ms_p99=0.0, delivery_ms_samples=0, sql_ms_p50=0.0, sql_ms_p95=0.0, sql_ms_p99=0.0, sql_ms_samples=0, db_transaction_ms_p50=5.871078, db_transaction_ms_p95=43.493939, db_transaction_ms_p99=72.291948, db_transaction_ms_samples=2048, db_connection_wait_ms_p50=0.003785, db_connection_wait_ms_p95=0.15971, db_connection_wait_ms_p99=3.116027, db_connection_wait_ms_samples=2048, db_transactions=16393, db_transaction_attempts=16393, db_statements=316693, db_deadlock_retries=0, db_active_connections=0, wal_writes=27863, wal_bytes=4216263, wal_identical_skipped=0, wal_barrier_ms_p50=1.090828, wal_barrier_ms_p95=2.990379, wal_barrier_ms_p99=5.270921, wal_barrier_ms_samples=2048, completion_admitted=0, ready_channels=0, ready_devices=0, closing_devices=0, mc_recorded_tick_ms_avg100=0.638631, mc_target_ticks_per_second=20.0}
",28588.883897814,28588.886780001,1000,1000,1000,1000,40008000,38852000,627.620934,12329,"BULK count=1000 spawned=1000 registered=1000 bound=1000 accepted=40008000 extracted=38852000 fixture_ms_total=627.620934 fixture_ticks=12329
",28588.886900091,28588.888194915,176.25,2795808,55,827355136,834068480,6579830784,800133120,27123712,274,,,9.999791659331091
220,2026-10-06T16:29:55.430221+00:00,440.0039224639986,9,OFF_observed,False,1.999967118998029,0.005160732001968427,,0,1000,0,0,0,8516,0,0,0,0,0,41356,40008000,38852000,27666,29376,0,46357,3003,127721,12083,13883,305,0.001222,0.008062,0.013931,2048,0.120591,51.751969,81.839691,2048,13.51553,64.883465,88.082601,2048,34.056546,45.385791,48.931443,2048,0.189965,0.336955,0.680131,1827,0.0,0.0,0.0,0,0.0,0.0,0.0,0,5.854018,43.394108,72.291948,2048,0.003785,0.164257,3.116027,2048,16399,16399,316714,0,0,27863,4216263,0,1.090828,2.990379,5.270921,2048,0,0,0,0,0.67959,20.0,"STATUS online tickets=0 {registered_loaded_endpoints=1000, active_endpoints=0, worker_queue=0, actual_tickets=0, transactions=8516, errors=0, queue_rejected=0, quarantined=0, deferred_registry_decodes=0, dropped_wake_hints=0, local_exchange_calls=41356, local_input_units=40008000, local_output_units=38852000, batch_devices=27666, batch_records=29376, batch_payload_bytes=0, local_wakes=46357, remote_hint_wakes=3003, poll_fallback=127721, empty_batches=12083, allocation_misses=13883, local_credit_publications=305, local_ms_p50=0.001222, local_ms_p95=0.008062, local_ms_p99=0.013931, local_ms_samples=2048, queue_ms_p50=0.120591, queue_ms_p95=51.751969, queue_ms_p99=81.839691, queue_ms_samples=2048, execution_ms_p50=13.51553, execution_ms_p95=64.883465, execution_ms_p99=88.082601, execution_ms_samples=2048, apply_ms_p50=34.056546, apply_ms_p95=45.385791, apply_ms_p99=48.931443, apply_ms_samples=2048, tick_ms_p50=0.189965, tick_ms_p95=0.336955, tick_ms_p99=0.680131, tick_ms_samples=1827, delivery_ms_p50=0.0, delivery_ms_p95=0.0, delivery_ms_p99=0.0, delivery_ms_samples=0, sql_ms_p50=0.0, sql_ms_p95=0.0, sql_ms_p99=0.0, sql_ms_samples=0, db_transaction_ms_p50=5.854018, db_transaction_ms_p95=43.394108, db_transaction_ms_p99=72.291948, db_transaction_ms_samples=2048, db_connection_wait_ms_p50=0.003785, db_connection_wait_ms_p95=0.164257, db_connection_wait_ms_p99=3.116027, db_connection_wait_ms_samples=2048, db_transactions=16399, db_transaction_attempts=16399, db_statements=316714, db_deadlock_retries=0, db_active_connections=0, wal_writes=27863, wal_bytes=4216263, wal_identical_skipped=0, wal_barrier_ms_p50=1.090828, wal_barrier_ms_p95=2.990379, wal_barrier_ms_p99=5.270921, wal_barrier_ms_samples=2048, completion_admitted=0, ready_channels=0, ready_devices=0, closing_devices=0, mc_recorded_tick_ms_avg100=0.67959, mc_target_ticks_per_second=20.0}
",28590.883842019,28590.886821487,1000,1000,1000,1000,40008000,38852000,627.69926,12369,"BULK count=1000 spawned=1000 registered=1000 bound=1000 accepted=40008000 extracted=38852000 fixture_ms_total=627.69926 fixture_ticks=12369
",28590.886980095,28590.887750621,176.45,2795808,55,827338752,834068480,6579830784,800116736,27123712,274,,,10.00016440771223
221,2026-10-06T16:29:57.430225+00:00,442.00392605600064,9,OFF_observed,False,2.000003592002031,0.00415039699873887,,0,1000,0,0,0,8516,0,0,0,0,0,41356,40008000,38852000,27666,29376,0,46357,3003,128361,12195,13883,305,0.001221,0.008113,0.014411,2048,0.120591,51.751969,81.839691,2048,13.51553,64.883465,88.082601,2048,34.056546,45.385791,48.931443,2048,0.189815,0.336955,0.680131,1867,0.0,0.0,0.0,0,0.0,0.0,0.0,0,5.84226,43.129152,72.291948,2048,0.003785,0.209996,3.116027,2048,16405,16405,316735,0,0,27863,4216263,0,1.090828,2.990379,5.270921,2048,0,0,0,0,0.656249,20.0,"STATUS online tickets=0 {registered_loaded_endpoints=1000, active_endpoints=0, worker_queue=0, actual_tickets=0, transactions=8516, errors=0, queue_rejected=0, quarantined=0, deferred_registry_decodes=0, dropped_wake_hints=0, local_exchange_calls=41356, local_input_units=40008000, local_output_units=38852000, batch_devices=27666, batch_records=29376, batch_payload_bytes=0, local_wakes=46357, remote_hint_wakes=3003, poll_fallback=128361, empty_batches=12195, allocation_misses=13883, local_credit_publications=305, local_ms_p50=0.001221, local_ms_p95=0.008113, local_ms_p99=0.014411, local_ms_samples=2048, queue_ms_p50=0.120591, queue_ms_p95=51.751969, queue_ms_p99=81.839691, queue_ms_samples=2048, execution_ms_p50=13.51553, execution_ms_p95=64.883465, execution_ms_p99=88.082601, execution_ms_samples=2048, apply_ms_p50=34.056546, apply_ms_p95=45.385791, apply_ms_p99=48.931443, apply_ms_samples=2048, tick_ms_p50=0.189815, tick_ms_p95=0.336955, tick_ms_p99=0.680131, tick_ms_samples=1867, delivery_ms_p50=0.0, delivery_ms_p95=0.0, delivery_ms_p99=0.0, delivery_ms_samples=0, sql_ms_p50=0.0, sql_ms_p95=0.0, sql_ms_p99=0.0, sql_ms_samples=0, db_transaction_ms_p50=5.84226, db_transaction_ms_p95=43.129152, db_transaction_ms_p99=72.291948, db_transaction_ms_samples=2048, db_connection_wait_ms_p50=0.003785, db_connection_wait_ms_p95=0.209996, db_connection_wait_ms_p99=3.116027, db_connection_wait_ms_samples=2048, db_transactions=16405, db_transaction_attempts=16405, db_statements=316735, db_deadlock_retries=0, db_active_connections=0, wal_writes=27863, wal_bytes=4216263, wal_identical_skipped=0, wal_barrier_ms_p50=1.090828, wal_barrier_ms_p95=2.990379, wal_barrier_ms_p99=5.270921, wal_barrier_ms_samples=2048, completion_admitted=0, ready_channels=0, ready_devices=0, closing_devices=0, mc_recorded_tick_ms_avg100=0.656249, mc_target_ticks_per_second=20.0}
",28592.883866452,28592.886306662,1000,1000,1000,1000,40008000,38852000,627.777023,12409,"BULK count=1000 spawned=1000 registered=1000 bound=1000 accepted=40008000 extracted=38852000 fixture_ms_total=627.777023 fixture_ticks=12409
",28592.886415225,28592.886989647,176.64,2795808,55,827342848,834068480,6579830784,800120832,27123712,274,,,9.499982938020883
222,2026-10-06T16:29:59.430215+00:00,444.0039165369999,9,OFF_observed,False,1.9999904809992586,0.30914360499809845,,0,1000,0,0,0,8516,0,0,0,0,0,41356,40008000,38852000,27666,29376,0,46357,3003,129001,12309,13883,305,0.001191,0.008052,0.01345,2048,0.120591,51.751969,81.839691,2048,13.51553,64.883465,88.082601,2048,34.056546,45.385791,48.931443,2048,0.189665,0.328373,0.638749,1907,0.0,0.0,0.0,0,0.0,0.0,0.0,0,5.82188,42.524824,72.220963,2048,0.003766,0.21986,3.116027,2048,16411,16411,316756,0,0,27863,4216263,0,1.090828,2.990379,5.270921,2048,0,0,0,0,0.560711,20.0,"STATUS online tickets=0 {registered_loaded_endpoints=1000, active_endpoints=0, worker_queue=0, actual_tickets=0, transactions=8516, errors=0, queue_rejected=0, quarantined=0, deferred_registry_decodes=0, dropped_wake_hints=0, local_exchange_calls=41356, local_input_units=40008000, local_output_units=38852000, batch_devices=27666, batch_records=29376, batch_payload_bytes=0, local_wakes=46357, remote_hint_wakes=3003, poll_fallback=129001, empty_batches=12309, allocation_misses=13883, local_credit_publications=305, local_ms_p50=0.001191, local_ms_p95=0.008052, local_ms_p99=0.01345, local_ms_samples=2048, queue_ms_p50=0.120591, queue_ms_p95=51.751969, queue_ms_p99=81.839691, queue_ms_samples=2048, execution_ms_p50=13.51553, execution_ms_p95=64.883465, execution_ms_p99=88.082601, execution_ms_samples=2048, apply_ms_p50=34.056546, apply_ms_p95=45.385791, apply_ms_p99=48.931443, apply_ms_samples=2048, tick_ms_p50=0.189665, tick_ms_p95=0.328373, tick_ms_p99=0.638749, tick_ms_samples=1907, delivery_ms_p50=0.0, delivery_ms_p95=0.0, delivery_ms_p99=0.0, delivery_ms_samples=0, sql_ms_p50=0.0, sql_ms_p95=0.0, sql_ms_p99=0.0, sql_ms_samples=0, db_transaction_ms_p50=5.82188, db_transaction_ms_p95=42.524824, db_transaction_ms_p99=72.220963, db_transaction_ms_samples=2048, db_connection_wait_ms_p50=0.003766, db_connection_wait_ms_p95=0.21986, db_connection_wait_ms_p99=3.116027, db_connection_wait_ms_samples=2048, db_transactions=16411, db_transaction_attempts=16411, db_statements=316756, db_deadlock_retries=0, db_active_connections=0, wal_writes=27863, wal_bytes=4216263, wal_identical_skipped=0, wal_barrier_ms_p50=1.090828, wal_barrier_ms_p95=2.990379, wal_barrier_ms_p99=5.270921, wal_barrier_ms_samples=2048, completion_admitted=0, ready_channels=0, ready_devices=0, closing_devices=0, mc_recorded_tick_ms_avg100=0.560711, mc_target_ticks_per_second=20.0}
",28594.883833098,28594.886209116,1000,1000,1000,1000,40008000,38852000,627.854593,12449,"BULK count=1000 spawned=1000 registered=1000 bound=1000 accepted=40008000 extracted=38852000 fixture_ms_total=627.854593 fixture_ticks=12449
",28594.88632462,28594.887119974,176.82,2795808,55,827346944,834068480,6579830784,800124928,27123712,274,395313152,299783168,9.000042835707553
223,2026-10-06T16:30:01.430207+00:00,446.0039080210008,9,OFF_observed,False,1.9999914840009296,0.004611811997165205,,0,1000,0,0,0,8516,0,0,0,0,0,41356,40008000,38852000,27666,29376,0,46357,3003,129641,12416,13883,305,0.001142,0.008072,0.01338,2048,0.120591,51.751969,81.839691,2048,13.51553,64.883465,88.082601,2048,34.056546,45.385791,48.931443,2048,0.189665,0.32666,0.680131,1947,0.0,0.0,0.0,0,0.0,0.0,0.0,0,5.80034,42.419637,72.220963,2048,0.003756,0.222524,3.116027,2048,16417,16417,316777,0,0,27863,4216263,0,1.090828,2.990379,5.270921,2048,0,0,0,0,0.607907,20.0,"STATUS online tickets=0 {registered_loaded_endpoints=1000, active_endpoints=0, worker_queue=0, actual_tickets=0, transactions=8516, errors=0, queue_rejected=0, quarantined=0, deferred_registry_decodes=0, dropped_wake_hints=0, local_exchange_calls=41356, local_input_units=40008000, local_output_units=38852000, batch_devices=27666, batch_records=29376, batch_payload_bytes=0, local_wakes=46357, remote_hint_wakes=3003, poll_fallback=129641, empty_batches=12416, allocation_misses=13883, local_credit_publications=305, local_ms_p50=0.001142, local_ms_p95=0.008072, local_ms_p99=0.01338, local_ms_samples=2048, queue_ms_p50=0.120591, queue_ms_p95=51.751969, queue_ms_p99=81.839691, queue_ms_samples=2048, execution_ms_p50=13.51553, execution_ms_p95=64.883465, execution_ms_p99=88.082601, execution_ms_samples=2048, apply_ms_p50=34.056546, apply_ms_p95=45.385791, apply_ms_p99=48.931443, apply_ms_samples=2048, tick_ms_p50=0.189665, tick_ms_p95=0.32666, tick_ms_p99=0.680131, tick_ms_samples=1947, delivery_ms_p50=0.0, delivery_ms_p95=0.0, delivery_ms_p99=0.0, delivery_ms_samples=0, sql_ms_p50=0.0, sql_ms_p95=0.0, sql_ms_p99=0.0, sql_ms_samples=0, db_transaction_ms_p50=5.80034, db_transaction_ms_p95=42.419637, db_transaction_ms_p99=72.220963, db_transaction_ms_samples=2048, db_connection_wait_ms_p50=0.003756, db_connection_wait_ms_p95=0.222524, db_connection_wait_ms_p99=3.116027, db_connection_wait_ms_samples=2048, db_transactions=16417, db_transaction_attempts=16417, db_statements=316777, db_deadlock_retries=0, db_active_connections=0, wal_writes=27863, wal_bytes=4216263, wal_identical_skipped=0, wal_barrier_ms_p50=1.090828, wal_barrier_ms_p95=2.990379, wal_barrier_ms_p99=5.270921, wal_barrier_ms_samples=2048, completion_admitted=0, ready_channels=0, ready_devices=0, closing_devices=0, mc_recorded_tick_ms_avg100=0.607907, mc_target_ticks_per_second=20.0}
",28596.883827546,28596.886544504,1000,1000,1000,1000,40008000,38852000,627.934191,12489,"BULK count=1000 spawned=1000 registered=1000 bound=1000 accepted=40008000 extracted=38852000 fixture_ms_total=627.934191 fixture_ticks=12489
",28596.886689121,28596.88735467,177.06,2795808,55,827342848,834068480,6579830784,800120832,27123712,274,,,12.000051096212443
224,2026-10-06T16:30:03.430204+00:00,448.00390580100066,9,OFF_observed,False,1.9999977799998305,0.004376469998533139,,0,1000,0,0,0,8516,0,0,0,0,0,41356,40008000,38852000,27666,29376,0,46357,3003,130281,12530,13883,305,0.001142,0.008072,0.01335,2048,0.120591,51.751969,81.839691,2048,13.51553,64.883465,88.082601,2048,34.056546,45.385791,48.931443,2048,0.189665,0.323655,0.680131,1987,0.0,0.0,0.0,0,0.0,0.0,0.0,0,5.787778,42.419637,72.220963,2048,0.003755,0.223776,3.116027,2048,16423,16423,316798,0,0,27863,4216263,0,1.090828,2.990379,5.270921,2048,0,0,0,0,0.625093,20.0,"STATUS online tickets=0 {registered_loaded_endpoints=1000, active_endpoints=0, worker_queue=0, actual_tickets=0, transactions=8516, errors=0, queue_rejected=0, quarantined=0, deferred_registry_decodes=0, dropped_wake_hints=0, local_exchange_calls=41356, local_input_units=40008000, local_output_units=38852000, batch_devices=27666, batch_records=29376, batch_payload_bytes=0, local_wakes=46357, remote_hint_wakes=3003, poll_fallback=130281, empty_batches=12530, allocation_misses=13883, local_credit_publications=305, local_ms_p50=0.001142, local_ms_p95=0.008072, local_ms_p99=0.01335, local_ms_samples=2048, queue_ms_p50=0.120591, queue_ms_p95=51.751969, queue_ms_p99=81.839691, queue_ms_samples=2048, execution_ms_p50=13.51553, execution_ms_p95=64.883465, execution_ms_p99=88.082601, execution_ms_samples=2048, apply_ms_p50=34.056546, apply_ms_p95=45.385791, apply_ms_p99=48.931443, apply_ms_samples=2048, tick_ms_p50=0.189665, tick_ms_p95=0.323655, tick_ms_p99=0.680131, tick_ms_samples=1987, delivery_ms_p50=0.0, delivery_ms_p95=0.0, delivery_ms_p99=0.0, delivery_ms_samples=0, sql_ms_p50=0.0, sql_ms_p95=0.0, sql_ms_p99=0.0, sql_ms_samples=0, db_transaction_ms_p50=5.787778, db_transaction_ms_p95=42.419637, db_transaction_ms_p99=72.220963, db_transaction_ms_samples=2048, db_connection_wait_ms_p50=0.003755, db_connection_wait_ms_p95=0.223776, db_connection_wait_ms_p99=3.116027, db_connection_wait_ms_samples=2048, db_transactions=16423, db_transaction_attempts=16423, db_statements=316798, db_deadlock_retries=0, db_active_connections=0, wal_writes=27863, wal_bytes=4216263, wal_identical_skipped=0, wal_barrier_ms_p50=1.090828, wal_barrier_ms_p95=2.990379, wal_barrier_ms_p99=5.270921, wal_barrier_ms_samples=2048, completion_admitted=0, ready_channels=0, ready_devices=0, closing_devices=0, mc_recorded_tick_ms_avg100=0.625093, mc_target_ticks_per_second=20.0}
",28598.883848521,28598.886362856,1000,1000,1000,1000,40008000,38852000,628.018185,12529,"BULK count=1000 spawned=1000 registered=1000 bound=1000 accepted=40008000 extracted=38852000 fixture_ms_total=628.018185 fixture_ticks=12529
",28598.886502986,28598.88713864,177.25,2795808,55,827355136,834068480,6579830784,800133120,27123712,274,,,9.500010545012398
225,2026-10-06T16:30:05.430207+00:00,450.00390817899824,9,OFF_observed,False,2.000002377997589,0.004366806002508383,,0,1000,0,0,0,8516,0,0,0,0,0,41356,40008000,38852000,27666,29376,0,46357,3003,130921,12642,13883,305,0.001142,0.008303,0.01349,2048,0.120591,51.751969,81.839691,2048,13.51553,64.883465,88.082601,2048,34.056546,45.385791,48.931443,2048,0.189685,0.32666,0.680131,2027,0.0,0.0,0.0,0,0.0,0.0,0.0,0,5.780968,41.461088,71.244616,2048,0.003755,0.225399,3.116027,2048,16429,16429,316819,0,0,27863,4216263,0,1.090828,2.990379,5.270921,2048,0,0,0,0,0.628743,20.0,"STATUS online tickets=0 {registered_loaded_endpoints=1000, active_endpoints=0, worker_queue=0, actual_tickets=0, transactions=8516, errors=0, queue_rejected=0, quarantined=0, deferred_registry_decodes=0, dropped_wake_hints=0, local_exchange_calls=41356, local_input_units=40008000, local_output_units=38852000, batch_devices=27666, batch_records=29376, batch_payload_bytes=0, local_wakes=46357, remote_hint_wakes=3003, poll_fallback=130921, empty_batches=12642, allocation_misses=13883, local_credit_publications=305, local_ms_p50=0.001142, local_ms_p95=0.008303, local_ms_p99=0.01349, local_ms_samples=2048, queue_ms_p50=0.120591, queue_ms_p95=51.751969, queue_ms_p99=81.839691, queue_ms_samples=2048, execution_ms_p50=13.51553, execution_ms_p95=64.883465, execution_ms_p99=88.082601, execution_ms_samples=2048, apply_ms_p50=34.056546, apply_ms_p95=45.385791, apply_ms_p99=48.931443, apply_ms_samples=2048, tick_ms_p50=0.189685, tick_ms_p95=0.32666, tick_ms_p99=0.680131, tick_ms_samples=2027, delivery_ms_p50=0.0, delivery_ms_p95=0.0, delivery_ms_p99=0.0, delivery_ms_samples=0, sql_ms_p50=0.0, sql_ms_p95=0.0, sql_ms_p99=0.0, sql_ms_samples=0, db_transaction_ms_p50=5.780968, db_transaction_ms_p95=41.461088, db_transaction_ms_p99=71.244616, db_transaction_ms_samples=2048, db_connection_wait_ms_p50=0.003755, db_connection_wait_ms_p95=0.225399, db_connection_wait_ms_p99=3.116027, db_connection_wait_ms_samples=2048, db_transactions=16429, db_transaction_attempts=16429, db_statements=316819, db_deadlock_retries=0, db_active_connections=0, wal_writes=27863, wal_bytes=4216263, wal_identical_skipped=0, wal_barrier_ms_p50=1.090828, wal_barrier_ms_p95=2.990379, wal_barrier_ms_p99=5.270921, wal_barrier_ms_samples=2048, completion_admitted=0, ready_channels=0, ready_devices=0, closing_devices=0, mc_recorded_tick_ms_avg100=0.628743, mc_target_ticks_per_second=20.0}
",28600.883828104,28600.886225624,1000,1000,1000,1000,40008000,38852000,628.095689,12569,"BULK count=1000 spawned=1000 registered=1000 bound=1000 accepted=40008000 extracted=38852000 fixture_ms_total=628.095689 fixture_ticks=12569
",28600.886357091,28600.886926096,177.46,2795808,55,827351040,834068480,6579830784,800129024,27123712,274,,,10.499987515527899
226,2026-10-06T16:30:07.430250+00:00,452.0039512740004,9,OFF_observed,False,2.0000430950021837,0.01819436699952348,,0,1000,0,0,0,8516,0,0,0,0,0,41356,40008000,38852000,27666,29376,0,46357,3003,131561,12751,13883,305,0.001172,0.008403,0.014462,2048,0.120591,51.751969,81.839691,2048,13.51553,64.883465,88.082601,2048,34.056546,45.385791,48.931443,2048,0.189815,0.323655,0.638749,2048,0.0,0.0,0.0,0,0.0,0.0,0.0,0,5.763411,41.027497,71.244616,2048,0.003755,0.2268,3.116027,2048,16435,16435,316840,0,0,27863,4216263,0,1.090828,2.990379,5.270921,2048,0,0,0,0,0.682887,20.0,"STATUS online tickets=0 {registered_loaded_endpoints=1000, active_endpoints=0, worker_queue=0, actual_tickets=0, transactions=8516, errors=0, queue_rejected=0, quarantined=0, deferred_registry_decodes=0, dropped_wake_hints=0, local_exchange_calls=41356, local_input_units=40008000, local_output_units=38852000, batch_devices=27666, batch_records=29376, batch_payload_bytes=0, local_wakes=46357, remote_hint_wakes=3003, poll_fallback=131561, empty_batches=12751, allocation_misses=13883, local_credit_publications=305, local_ms_p50=0.001172, local_ms_p95=0.008403, local_ms_p99=0.014462, local_ms_samples=2048, queue_ms_p50=0.120591, queue_ms_p95=51.751969, queue_ms_p99=81.839691, queue_ms_samples=2048, execution_ms_p50=13.51553, execution_ms_p95=64.883465, execution_ms_p99=88.082601, execution_ms_samples=2048, apply_ms_p50=34.056546, apply_ms_p95=45.385791, apply_ms_p99=48.931443, apply_ms_samples=2048, tick_ms_p50=0.189815, tick_ms_p95=0.323655, tick_ms_p99=0.638749, tick_ms_samples=2048, delivery_ms_p50=0.0, delivery_ms_p95=0.0, delivery_ms_p99=0.0, delivery_ms_samples=0, sql_ms_p50=0.0, sql_ms_p95=0.0, sql_ms_p99=0.0, sql_ms_samples=0, db_transaction_ms_p50=5.763411, db_transaction_ms_p95=41.027497, db_transaction_ms_p99=71.244616, db_transaction_ms_samples=2048, db_connection_wait_ms_p50=0.003755, db_connection_wait_ms_p95=0.2268, db_connection_wait_ms_p99=3.116027, db_connection_wait_ms_samples=2048, db_transactions=16435, db_transaction_attempts=16435, db_statements=316840, db_deadlock_retries=0, db_active_connections=0, wal_writes=27863, wal_bytes=4216263, wal_identical_skipped=0, wal_barrier_ms_p50=1.090828, wal_barrier_ms_p95=2.990379, wal_barrier_ms_p99=5.270921, wal_barrier_ms_samples=2048, completion_admitted=0, ready_channels=0, ready_devices=0, closing_devices=0, mc_recorded_tick_ms_avg100=0.682887, mc_target_ticks_per_second=20.0}
",28602.884046673,28602.896643336,1000,1000,1000,1000,40008000,38852000,628.177842,12610,"BULK count=1000 spawned=1000 registered=1000 bound=1000 accepted=40008000 extracted=38852000 fixture_ms_total=628.177842 fixture_ticks=12610
",28602.896787352,28602.900798925,177.65,2795808,55,827359232,834068480,6579965952,800137216,27123712,274,,,9.49979530315022
227,2026-10-06T16:30:09.430235+00:00,454.00393680900015,9,OFF_observed,False,1.9999855349997233,0.2947615709999809,,0,1000,0,0,0,8516,0,0,0,0,0,41356,40008000,38852000,27666,29376,0,46357,3003,132201,12866,13883,305,0.001152,0.008142,0.014511,2048,0.120591,51.751969,81.839691,2048,13.51553,64.883465,88.082601,2048,34.056546,45.385791,48.931443,2048,0.189365,0.323655,0.638749,2048,0.0,0.0,0.0,0,0.0,0.0,0.0,0,5.738499,41.027497,71.244616,2048,0.003755,0.229134,3.116027,2048,16441,16441,316861,0,0,27863,4216263,0,1.090828,2.990379,5.270921,2048,0,0,0,0,0.655642,20.0,"STATUS online tickets=0 {registered_loaded_endpoints=1000, active_endpoints=0, worker_queue=0, actual_tickets=0, transactions=8516, errors=0, queue_rejected=0, quarantined=0, deferred_registry_decodes=0, dropped_wake_hints=0, local_exchange_calls=41356, local_input_units=40008000, local_output_units=38852000, batch_devices=27666, batch_records=29376, batch_payload_bytes=0, local_wakes=46357, remote_hint_wakes=3003, poll_fallback=132201, empty_batches=12866, allocation_misses=13883, local_credit_publications=305, local_ms_p50=0.001152, local_ms_p95=0.008142, local_ms_p99=0.014511, local_ms_samples=2048, queue_ms_p50=0.120591, queue_ms_p95=51.751969, queue_ms_p99=81.839691, queue_ms_samples=2048, execution_ms_p50=13.51553, execution_ms_p95=64.883465, execution_ms_p99=88.082601, execution_ms_samples=2048, apply_ms_p50=34.056546, apply_ms_p95=45.385791, apply_ms_p99=48.931443, apply_ms_samples=2048, tick_ms_p50=0.189365, tick_ms_p95=0.323655, tick_ms_p99=0.638749, tick_ms_samples=2048, delivery_ms_p50=0.0, delivery_ms_p95=0.0, delivery_ms_p99=0.0, delivery_ms_samples=0, sql_ms_p50=0.0, sql_ms_p95=0.0, sql_ms_p99=0.0, sql_ms_samples=0, db_transaction_ms_p50=5.738499, db_transaction_ms_p95=41.027497, db_transaction_ms_p99=71.244616, db_transaction_ms_samples=2048, db_connection_wait_ms_p50=0.003755, db_connection_wait_ms_p95=0.229134, db_connection_wait_ms_p99=3.116027, db_connection_wait_ms_samples=2048, db_transactions=16441, db_transaction_attempts=16441, db_statements=316861, db_deadlock_retries=0, db_active_connections=0, wal_writes=27863, wal_bytes=4216263, wal_identical_skipped=0, wal_barrier_ms_p50=1.090828, wal_barrier_ms_p95=2.990379, wal_barrier_ms_p99=5.270921, wal_barrier_ms_samples=2048, completion_admitted=0, ready_channels=0, ready_devices=0, closing_devices=0, mc_recorded_tick_ms_avg100=0.655642, mc_target_ticks_per_second=20.0}
",28604.883850234,28604.887369648,1000,1000,1000,1000,40008000,38852000,628.253514,12649,"BULK count=1000 spawned=1000 registered=1000 bound=1000 accepted=40008000 extracted=38852000 fixture_ms_total=628.253514 fixture_ticks=12649
",28604.887488106,28604.888456305,177.85,2795808,55,827387904,834068480,6579965952,800165888,27123712,274,395313152,324948992,10.00007232552391
228,2026-10-06T16:30:11.430184+00:00,456.0038855220009,9,OFF_observed,False,1.9999487130007765,0.0061849859994254075,,0,1000,0,0,0,8516,0,0,0,0,0,41356,40008000,38852000,27666,29376,0,46357,3003,132841,12975,13883,305,0.001191,0.007972,0.014582,2048,0.120591,51.751969,81.839691,2048,13.51553,64.883465,88.082601,2048,34.056546,45.385791,48.931443,2048,0.189244,0.317466,0.636556,2048,0.0,0.0,0.0,0,0.0,0.0,0.0,0,5.706546,40.902219,71.244616,2048,0.003736,0.230296,3.116027,2048,16447,16447,316882,0,0,27863,4216263,0,1.090828,2.990379,5.270921,2048,0,1,2,0,0.696916,20.0,"STATUS online tickets=0 {registered_loaded_endpoints=1000, active_endpoints=0, worker_queue=0, actual_tickets=0, transactions=8516, errors=0, queue_rejected=0, quarantined=0, deferred_registry_decodes=0, dropped_wake_hints=0, local_exchange_calls=41356, local_input_units=40008000, local_output_units=38852000, batch_devices=27666, batch_records=29376, batch_payload_bytes=0, local_wakes=46357, remote_hint_wakes=3003, poll_fallback=132841, empty_batches=12975, allocation_misses=13883, local_credit_publications=305, local_ms_p50=0.001191, local_ms_p95=0.007972, local_ms_p99=0.014582, local_ms_samples=2048, queue_ms_p50=0.120591, queue_ms_p95=51.751969, queue_ms_p99=81.839691, queue_ms_samples=2048, execution_ms_p50=13.51553, execution_ms_p95=64.883465, execution_ms_p99=88.082601, execution_ms_samples=2048, apply_ms_p50=34.056546, apply_ms_p95=45.385791, apply_ms_p99=48.931443, apply_ms_samples=2048, tick_ms_p50=0.189244, tick_ms_p95=0.317466, tick_ms_p99=0.636556, tick_ms_samples=2048, delivery_ms_p50=0.0, delivery_ms_p95=0.0, delivery_ms_p99=0.0, delivery_ms_samples=0, sql_ms_p50=0.0, sql_ms_p95=0.0, sql_ms_p99=0.0, sql_ms_samples=0, db_transaction_ms_p50=5.706546, db_transaction_ms_p95=40.902219, db_transaction_ms_p99=71.244616, db_transaction_ms_samples=2048, db_connection_wait_ms_p50=0.003736, db_connection_wait_ms_p95=0.230296, db_connection_wait_ms_p99=3.116027, db_connection_wait_ms_samples=2048, db_transactions=16447, db_transaction_attempts=16447, db_statements=316882, db_deadlock_retries=0, db_active_connections=0, wal_writes=27863, wal_bytes=4216263, wal_identical_skipped=0, wal_barrier_ms_p50=1.090828, wal_barrier_ms_p95=2.990379, wal_barrier_ms_p99=5.270921, wal_barrier_ms_samples=2048, completion_admitted=0, ready_channels=1, ready_devices=2, closing_devices=0, mc_recorded_tick_ms_avg100=0.696916, mc_target_ticks_per_second=20.0}
",28606.883809704,28606.887593565,1000,1000,1000,1000,40008000,38852000,628.332923,12689,"BULK count=1000 spawned=1000 registered=1000 bound=1000 accepted=40008000 extracted=38852000 fixture_ms_total=628.332923 fixture_ticks=12689
",28606.887771482,28606.8888024,178.1,2795808,55,827392000,834068480,6579965952,800169984,27123712,274,,,12.500320551965222
229,2026-10-06T16:30:13.430360+00:00,458.0040614729987,9,OFF_observed,False,2.0001759509978,0.004836211999645457,,0,1000,0,0,0,8516,0,0,0,0,0,41356,40008000,38852000,27666,29376,0,46357,3003,133481,13087,13883,305,0.001202,0.008122,0.014402,2048,0.120591,51.751969,81.839691,2048,13.51553,64.883465,88.082601,2048,34.056546,45.385791,48.931443,2048,0.189344,0.32666,0.638749,2048,0.0,0.0,0.0,0,0.0,0.0,0.0,0,5.677242,40.58123,71.244616,2048,0.003735,0.238528,3.116027,2048,16453,16453,316903,0,0,27863,4216263,0,1.090828,2.990379,5.270921,2048,0,0,0,0,0.739812,20.0,"STATUS online tickets=0 {registered_loaded_endpoints=1000, active_endpoints=0, worker_queue=0, actual_tickets=0, transactions=8516, errors=0, queue_rejected=0, quarantined=0, deferred_registry_decodes=0, dropped_wake_hints=0, local_exchange_calls=41356, local_input_units=40008000, local_output_units=38852000, batch_devices=27666, batch_records=29376, batch_payload_bytes=0, local_wakes=46357, remote_hint_wakes=3003, poll_fallback=133481, empty_batches=13087, allocation_misses=13883, local_credit_publications=305, local_ms_p50=0.001202, local_ms_p95=0.008122, local_ms_p99=0.014402, local_ms_samples=2048, queue_ms_p50=0.120591, queue_ms_p95=51.751969, queue_ms_p99=81.839691, queue_ms_samples=2048, execution_ms_p50=13.51553, execution_ms_p95=64.883465, execution_ms_p99=88.082601, execution_ms_samples=2048, apply_ms_p50=34.056546, apply_ms_p95=45.385791, apply_ms_p99=48.931443, apply_ms_samples=2048, tick_ms_p50=0.189344, tick_ms_p95=0.32666, tick_ms_p99=0.638749, tick_ms_samples=2048, delivery_ms_p50=0.0, delivery_ms_p95=0.0, delivery_ms_p99=0.0, delivery_ms_samples=0, sql_ms_p50=0.0, sql_ms_p95=0.0, sql_ms_p99=0.0, sql_ms_samples=0, db_transaction_ms_p50=5.677242, db_transaction_ms_p95=40.58123, db_transaction_ms_p99=71.244616, db_transaction_ms_samples=2048, db_connection_wait_ms_p50=0.003735, db_connection_wait_ms_p95=0.238528, db_connection_wait_ms_p99=3.116027, db_connection_wait_ms_samples=2048, db_transactions=16453, db_transaction_attempts=16453, db_statements=316903, db_deadlock_retries=0, db_active_connections=0, wal_writes=27863, wal_bytes=4216263, wal_identical_skipped=0, wal_barrier_ms_p50=1.090828, wal_barrier_ms_p95=2.990379, wal_barrier_ms_p99=5.270921, wal_barrier_ms_samples=2048, completion_admitted=0, ready_channels=0, ready_devices=0, closing_devices=0, mc_recorded_tick_ms_avg100=0.739812, mc_target_ticks_per_second=20.0}
",28608.883993147,28608.886806932,1000,1000,1000,1000,40008000,38852000,628.413533,12729,"BULK count=1000 spawned=1000 registered=1000 bound=1000 accepted=40008000 extracted=38852000 fixture_ms_total=628.413533 fixture_ticks=12729
",28608.886963116,28608.887706232,178.34,2795808,54,827326464,834068480,6579965952,800104448,27123712,274,,,11.998944386881744
230,2026-10-06T16:30:15.430251+00:00,460.0039524290005,9,OFF_observed,False,1.9998909560017637,0.005740525000874186,,0,1000,0,0,0,8516,0,0,0,0,0,41356,40008000,38852000,27666,29376,0,46357,3003,134121,13201,13883,305,0.001242,0.008443,0.014602,2048,0.120591,51.751969,81.839691,2048,13.51553,64.883465,88.082601,2048,34.056546,45.385791,48.931443,2048,0.189665,0.32666,0.680131,2048,0.0,0.0,0.0,0,0.0,0.0,0.0,0,5.675829,40.180057,70.322492,2048,0.003726,0.240291,3.116027,2048,16459,16459,316924,0,0,27863,4216263,0,1.090828,2.990379,5.270921,2048,0,0,0,0,0.761789,20.0,"STATUS online tickets=0 {registered_loaded_endpoints=1000, active_endpoints=0, worker_queue=0, actual_tickets=0, transactions=8516, errors=0, queue_rejected=0, quarantined=0, deferred_registry_decodes=0, dropped_wake_hints=0, local_exchange_calls=41356, local_input_units=40008000, local_output_units=38852000, batch_devices=27666, batch_records=29376, batch_payload_bytes=0, local_wakes=46357, remote_hint_wakes=3003, poll_fallback=134121, empty_batches=13201, allocation_misses=13883, local_credit_publications=305, local_ms_p50=0.001242, local_ms_p95=0.008443, local_ms_p99=0.014602, local_ms_samples=2048, queue_ms_p50=0.120591, queue_ms_p95=51.751969, queue_ms_p99=81.839691, queue_ms_samples=2048, execution_ms_p50=13.51553, execution_ms_p95=64.883465, execution_ms_p99=88.082601, execution_ms_samples=2048, apply_ms_p50=34.056546, apply_ms_p95=45.385791, apply_ms_p99=48.931443, apply_ms_samples=2048, tick_ms_p50=0.189665, tick_ms_p95=0.32666, tick_ms_p99=0.680131, tick_ms_samples=2048, delivery_ms_p50=0.0, delivery_ms_p95=0.0, delivery_ms_p99=0.0, delivery_ms_samples=0, sql_ms_p50=0.0, sql_ms_p95=0.0, sql_ms_p99=0.0, sql_ms_samples=0, db_transaction_ms_p50=5.675829, db_transaction_ms_p95=40.180057, db_transaction_ms_p99=70.322492, db_transaction_ms_samples=2048, db_connection_wait_ms_p50=0.003726, db_connection_wait_ms_p95=0.240291, db_connection_wait_ms_p99=3.116027, db_connection_wait_ms_samples=2048, db_transactions=16459, db_transaction_attempts=16459, db_statements=316924, db_deadlock_retries=0, db_active_connections=0, wal_writes=27863, wal_bytes=4216263, wal_identical_skipped=0, wal_barrier_ms_p50=1.090828, wal_barrier_ms_p95=2.990379, wal_barrier_ms_p99=5.270921, wal_barrier_ms_samples=2048, completion_admitted=0, ready_channels=0, ready_devices=0, closing_devices=0, mc_recorded_tick_ms_avg100=0.761789, mc_target_ticks_per_second=20.0}
",28610.883967287,28610.886885639,1000,1000,1000,1000,40008000,38852000,628.491059,12769,"BULK count=1000 spawned=1000 registered=1000 bound=1000 accepted=40008000 extracted=38852000 fixture_ms_total=628.491059 fixture_ticks=12769
",28610.887015224,28610.888202762,178.57,2795808,54,827318272,834068480,6579965952,800096256,27123712,274,,,11.500627037176669
231,2026-10-06T16:30:17.430223+00:00,462.00392441299846,9,OFF_observed,False,1.9999719839979662,0.00476000700291479,,0,1000,0,0,0,8516,0,0,0,0,0,41356,40008000,38852000,27666,29376,0,46357,3003,134761,13308,13883,305,0.001192,0.008302,0.014602,2048,0.120591,51.751969,81.839691,2048,13.51553,64.883465,88.082601,2048,34.056546,45.385791,48.931443,2048,0.189665,0.32666,0.680131,2048,0.0,0.0,0.0,0,0.0,0.0,0.0,0,5.66208,40.180057,70.322492,2048,0.003725,0.245979,3.116027,2048,16465,16465,316945,0,0,27863,4216263,0,1.090828,2.990379,5.270921,2048,0,0,0,0,0.723377,20.0,"STATUS online tickets=0 {registered_loaded_endpoints=1000, active_endpoints=0, worker_queue=0, actual_tickets=0, transactions=8516, errors=0, queue_rejected=0, quarantined=0, deferred_registry_decodes=0, dropped_wake_hints=0, local_exchange_calls=41356, local_input_units=40008000, local_output_units=38852000, batch_devices=27666, batch_records=29376, batch_payload_bytes=0, local_wakes=46357, remote_hint_wakes=3003, poll_fallback=134761, empty_batches=13308, allocation_misses=13883, local_credit_publications=305, local_ms_p50=0.001192, local_ms_p95=0.008302, local_ms_p99=0.014602, local_ms_samples=2048, queue_ms_p50=0.120591, queue_ms_p95=51.751969, queue_ms_p99=81.839691, queue_ms_samples=2048, execution_ms_p50=13.51553, execution_ms_p95=64.883465, execution_ms_p99=88.082601, execution_ms_samples=2048, apply_ms_p50=34.056546, apply_ms_p95=45.385791, apply_ms_p99=48.931443, apply_ms_samples=2048, tick_ms_p50=0.189665, tick_ms_p95=0.32666, tick_ms_p99=0.680131, tick_ms_samples=2048, delivery_ms_p50=0.0, delivery_ms_p95=0.0, delivery_ms_p99=0.0, delivery_ms_samples=0, sql_ms_p50=0.0, sql_ms_p95=0.0, sql_ms_p99=0.0, sql_ms_samples=0, db_transaction_ms_p50=5.66208, db_transaction_ms_p95=40.180057, db_transaction_ms_p99=70.322492, db_transaction_ms_samples=2048, db_connection_wait_ms_p50=0.003725, db_connection_wait_ms_p95=0.245979, db_connection_wait_ms_p99=3.116027, db_connection_wait_ms_samples=2048, db_transactions=16465, db_transaction_attempts=16465, db_statements=316945, db_deadlock_retries=0, db_active_connections=0, wal_writes=27863, wal_bytes=4216263, wal_identical_skipped=0, wal_barrier_ms_p50=1.090828, wal_barrier_ms_p95=2.990379, wal_barrier_ms_p99=5.270921, wal_barrier_ms_samples=2048, completion_admitted=0, ready_channels=0, ready_devices=0, closing_devices=0, mc_recorded_tick_ms_avg100=0.723377, mc_target_ticks_per_second=20.0}
",28612.883861374,28612.886611173,1000,1000,1000,1000,40008000,38852000,628.636695,12809,"BULK count=1000 spawned=1000 registered=1000 bound=1000 accepted=40008000 extracted=38852000 fixture_ms_total=628.636695 fixture_ticks=12809
",28612.886766045,28612.887578745,178.78,2795808,54,827326464,834068480,6579965952,800104448,27123712,274,,,10.500147086071458
232,2026-10-06T16:30:19.430251+00:00,464.0039507270012,9,OFF_observed,False,2.0000263140027528,0.3134378349968756,,0,1000,0,0,0,8516,0,0,0,0,0,41356,40008000,38852000,27666,29376,0,46357,3003,135401,13420,13883,305,0.001202,0.008443,0.014591,2048,0.120591,51.751969,81.839691,2048,13.51553,64.883465,88.082601,2048,34.056546,45.385791,48.931443,2048,0.189755,0.328373,0.680131,2048,0.0,0.0,0.0,0,0.0,0.0,0.0,0,5.660017,40.100436,70.322492,2048,0.003716,0.248443,3.116027,2048,16471,16471,316966,0,0,27863,4216263,0,1.090828,2.990379,5.270921,2048,0,0,0,0,0.635603,20.0,"STATUS online tickets=0 {registered_loaded_endpoints=1000, active_endpoints=0, worker_queue=0, actual_tickets=0, transactions=8516, errors=0, queue_rejected=0, quarantined=0, deferred_registry_decodes=0, dropped_wake_hints=0, local_exchange_calls=41356, local_input_units=40008000, local_output_units=38852000, batch_devices=27666, batch_records=29376, batch_payload_bytes=0, local_wakes=46357, remote_hint_wakes=3003, poll_fallback=135401, empty_batches=13420, allocation_misses=13883, local_credit_publications=305, local_ms_p50=0.001202, local_ms_p95=0.008443, local_ms_p99=0.014591, local_ms_samples=2048, queue_ms_p50=0.120591, queue_ms_p95=51.751969, queue_ms_p99=81.839691, queue_ms_samples=2048, execution_ms_p50=13.51553, execution_ms_p95=64.883465, execution_ms_p99=88.082601, execution_ms_samples=2048, apply_ms_p50=34.056546, apply_ms_p95=45.385791, apply_ms_p99=48.931443, apply_ms_samples=2048, tick_ms_p50=0.189755, tick_ms_p95=0.328373, tick_ms_p99=0.680131, tick_ms_samples=2048, delivery_ms_p50=0.0, delivery_ms_p95=0.0, delivery_ms_p99=0.0, delivery_ms_samples=0, sql_ms_p50=0.0, sql_ms_p95=0.0, sql_ms_p99=0.0, sql_ms_samples=0, db_transaction_ms_p50=5.660017, db_transaction_ms_p95=40.100436, db_transaction_ms_p99=70.322492, db_transaction_ms_samples=2048, db_connection_wait_ms_p50=0.003716, db_connection_wait_ms_p95=0.248443, db_connection_wait_ms_p99=3.116027, db_connection_wait_ms_samples=2048, db_transactions=16471, db_transaction_attempts=16471, db_statements=316966, db_deadlock_retries=0, db_active_connections=0, wal_writes=27863, wal_bytes=4216263, wal_identical_skipped=0, wal_barrier_ms_p50=1.090828, wal_barrier_ms_p95=2.990379, wal_barrier_ms_p99=5.270921, wal_barrier_ms_samples=2048, completion_admitted=0, ready_channels=0, ready_devices=0, closing_devices=0, mc_recorded_tick_ms_avg100=0.635603, mc_target_ticks_per_second=20.0}
",28614.883924553,28614.886810707,1000,1000,1000,1000,40008000,38852000,628.71368,12849,"BULK count=1000 spawned=1000 registered=1000 bound=1000 accepted=40008000 extracted=38852000 fixture_ms_total=628.71368 fixture_ticks=12849
",28614.886930076,28614.887861044,179.01,2795808,54,827330560,834068480,6579965952,800108544,27123712,274,395313152,350114816,11.499848696474361
233,2026-10-06T16:30:21.430237+00:00,466.00393841999903,9,OFF_observed,False,1.99998769299782,0.004213146999973105,,0,1000,0,0,0,8516,0,0,0,0,0,41356,40008000,38852000,27666,29376,0,46357,3003,136041,13534,13883,305,0.001152,0.008122,0.013931,2048,0.120591,51.751969,81.839691,2048,13.51553,64.883465,88.082601,2048,34.056546,45.385791,48.931443,2048,0.189885,0.339099,0.684307,2048,0.0,0.0,0.0,0,0.0,0.0,0.0,0,5.641257,39.548617,70.322492,2048,0.003716,0.257086,3.116027,2048,16477,16477,316987,0,0,27863,4216263,0,1.090828,2.990379,5.270921,2048,0,0,0,0,0.66154,20.0,"STATUS online tickets=0 {registered_loaded_endpoints=1000, active_endpoints=0, worker_queue=0, actual_tickets=0, transactions=8516, errors=0, queue_rejected=0, quarantined=0, deferred_registry_decodes=0, dropped_wake_hints=0, local_exchange_calls=41356, local_input_units=40008000, local_output_units=38852000, batch_devices=27666, batch_records=29376, batch_payload_bytes=0, local_wakes=46357, remote_hint_wakes=3003, poll_fallback=136041, empty_batches=13534, allocation_misses=13883, local_credit_publications=305, local_ms_p50=0.001152, local_ms_p95=0.008122, local_ms_p99=0.013931, local_ms_samples=2048, queue_ms_p50=0.120591, queue_ms_p95=51.751969, queue_ms_p99=81.839691, queue_ms_samples=2048, execution_ms_p50=13.51553, execution_ms_p95=64.883465, execution_ms_p99=88.082601, execution_ms_samples=2048, apply_ms_p50=34.056546, apply_ms_p95=45.385791, apply_ms_p99=48.931443, apply_ms_samples=2048, tick_ms_p50=0.189885, tick_ms_p95=0.339099, tick_ms_p99=0.684307, tick_ms_samples=2048, delivery_ms_p50=0.0, delivery_ms_p95=0.0, delivery_ms_p99=0.0, delivery_ms_samples=0, sql_ms_p50=0.0, sql_ms_p95=0.0, sql_ms_p99=0.0, sql_ms_samples=0, db_transaction_ms_p50=5.641257, db_transaction_ms_p95=39.548617, db_transaction_ms_p99=70.322492, db_transaction_ms_samples=2048, db_connection_wait_ms_p50=0.003716, db_connection_wait_ms_p95=0.257086, db_connection_wait_ms_p99=3.116027, db_connection_wait_ms_samples=2048, db_transactions=16477, db_transaction_attempts=16477, db_statements=316987, db_deadlock_retries=0, db_active_connections=0, wal_writes=27863, wal_bytes=4216263, wal_identical_skipped=0, wal_barrier_ms_p50=1.090828, wal_barrier_ms_p95=2.990379, wal_barrier_ms_p99=5.270921, wal_barrier_ms_samples=2048, completion_admitted=0, ready_channels=0, ready_devices=0, closing_devices=0, mc_recorded_tick_ms_avg100=0.66154, mc_target_ticks_per_second=20.0}
",28616.883853919,28616.886246172,1000,1000,1000,1000,40008000,38852000,628.792801,12889,"BULK count=1000 spawned=1000 registered=1000 bound=1000 accepted=40008000 extracted=38852000 fixture_ms_total=628.792801 fixture_ticks=12889
",28616.886360583,28616.88701074,179.28,2795808,54,827334656,834068480,6579965952,800112640,27123712,274,,,13.500083072776414
234,2026-10-06T16:30:23.430265+00:00,468.0039671359991,9,OFF_observed,False,2.000028716000088,0.004974690000381088,,0,1000,0,0,0,8516,0,0,0,0,0,41356,40008000,38852000,27666,29376,0,46357,3003,136681,13641,13883,305,0.001182,0.008143,0.014101,2048,0.120591,51.751969,81.839691,2048,13.51553,64.883465,88.082601,2048,34.056546,45.385791,48.931443,2048,0.190036,0.340421,0.684307,2048,0.0,0.0,0.0,0,0.0,0.0,0.0,0,5.625995,39.092011,70.322492,2048,0.003716,0.261924,3.116027,2048,16483,16483,317008,0,0,27863,4216263,0,1.090828,2.990379,5.270921,2048,0,1,3,0,0.669448,20.0,"STATUS online tickets=0 {registered_loaded_endpoints=1000, active_endpoints=0, worker_queue=0, actual_tickets=0, transactions=8516, errors=0, queue_rejected=0, quarantined=0, deferred_registry_decodes=0, dropped_wake_hints=0, local_exchange_calls=41356, local_input_units=40008000, local_output_units=38852000, batch_devices=27666, batch_records=29376, batch_payload_bytes=0, local_wakes=46357, remote_hint_wakes=3003, poll_fallback=136681, empty_batches=13641, allocation_misses=13883, local_credit_publications=305, local_ms_p50=0.001182, local_ms_p95=0.008143, local_ms_p99=0.014101, local_ms_samples=2048, queue_ms_p50=0.120591, queue_ms_p95=51.751969, queue_ms_p99=81.839691, queue_ms_samples=2048, execution_ms_p50=13.51553, execution_ms_p95=64.883465, execution_ms_p99=88.082601, execution_ms_samples=2048, apply_ms_p50=34.056546, apply_ms_p95=45.385791, apply_ms_p99=48.931443, apply_ms_samples=2048, tick_ms_p50=0.190036, tick_ms_p95=0.340421, tick_ms_p99=0.684307, tick_ms_samples=2048, delivery_ms_p50=0.0, delivery_ms_p95=0.0, delivery_ms_p99=0.0, delivery_ms_samples=0, sql_ms_p50=0.0, sql_ms_p95=0.0, sql_ms_p99=0.0, sql_ms_samples=0, db_transaction_ms_p50=5.625995, db_transaction_ms_p95=39.092011, db_transaction_ms_p99=70.322492, db_transaction_ms_samples=2048, db_connection_wait_ms_p50=0.003716, db_connection_wait_ms_p95=0.261924, db_connection_wait_ms_p99=3.116027, db_connection_wait_ms_samples=2048, db_transactions=16483, db_transaction_attempts=16483, db_statements=317008, db_deadlock_retries=0, db_active_connections=0, wal_writes=27863, wal_bytes=4216263, wal_identical_skipped=0, wal_barrier_ms_p50=1.090828, wal_barrier_ms_p95=2.990379, wal_barrier_ms_p99=5.270921, wal_barrier_ms_samples=2048, completion_admitted=0, ready_channels=1, ready_devices=3, closing_devices=0, mc_recorded_tick_ms_avg100=0.669448, mc_target_ticks_per_second=20.0}
",28618.883887482,28618.886475864,1000,1000,1000,1000,40008000,38852000,628.867816,12929,"BULK count=1000 spawned=1000 registered=1000 bound=1000 accepted=40008000 extracted=38852000 fixture_ms_total=628.867816 fixture_ticks=12929
",28618.886799279,28618.887483723,179.5,2795808,54,827334656,834068480,6579965952,800112640,27123712,275,,,10.9998420642671
235,2026-10-06T16:30:25.430228+00:00,470.0039304339989,10,ACTIVE_observed,False,1.9999632979997841,0.00577624500147067,,0,1000,1000,0,0,8587,0,0,0,0,0,41580,40224000,39083000,28052,29773,0,46607,3007,137321,13682,14233,308,0.001192,0.009044,0.079079,2048,0.126865,51.751969,81.839691,2048,13.584712,64.478209,88.082601,2048,33.729652,45.23112,48.793682,2048,0.190295,0.443155,0.820412,2048,99.486507,149.043695,149.043695,3,35.717662,69.600578,96.759982,71,5.854018,43.503819,68.338347,2048,0.003666,0.284848,3.682797,2048,16571,16573,319153,0,2,27894,4221494,0,1.100682,3.15751,5.742558,2048,4,4,430,0,1.110293,20.0,"STATUS online tickets=0 {registered_loaded_endpoints=1000, active_endpoints=1000, worker_queue=0, actual_tickets=0, transactions=8587, errors=0, queue_rejected=0, quarantined=0, deferred_registry_decodes=0, dropped_wake_hints=0, local_exchange_calls=41580, local_input_units=40224000, local_output_units=39083000, batch_devices=28052, batch_records=29773, batch_payload_bytes=0, local_wakes=46607, remote_hint_wakes=3007, poll_fallback=137321, empty_batches=13682, allocation_misses=14233, local_credit_publications=308, local_ms_p50=0.001192, local_ms_p95=0.009044, local_ms_p99=0.079079, local_ms_samples=2048, queue_ms_p50=0.126865, queue_ms_p95=51.751969, queue_ms_p99=81.839691, queue_ms_samples=2048, execution_ms_p50=13.584712, execution_ms_p95=64.478209, execution_ms_p99=88.082601, execution_ms_samples=2048, apply_ms_p50=33.729652, apply_ms_p95=45.23112, apply_ms_p99=48.793682, apply_ms_samples=2048, tick_ms_p50=0.190295, tick_ms_p95=0.443155, tick_ms_p99=0.820412, tick_ms_samples=2048, delivery_ms_p50=99.486507, delivery_ms_p95=149.043695, delivery_ms_p99=149.043695, delivery_ms_samples=3, sql_ms_p50=35.717662, sql_ms_p95=69.600578, sql_ms_p99=96.759982, sql_ms_samples=71, db_transaction_ms_p50=5.854018, db_transaction_ms_p95=43.503819, db_transaction_ms_p99=68.338347, db_transaction_ms_samples=2048, db_connection_wait_ms_p50=0.003666, db_connection_wait_ms_p95=0.284848, db_connection_wait_ms_p99=3.682797, db_connection_wait_ms_samples=2048, db_transactions=16571, db_transaction_attempts=16573, db_statements=319153, db_deadlock_retries=0, db_active_connections=2, wal_writes=27894, wal_bytes=4221494, wal_identical_skipped=0, wal_barrier_ms_p50=1.100682, wal_barrier_ms_p95=3.15751, wal_barrier_ms_p99=5.742558, wal_barrier_ms_samples=2048, completion_admitted=4, ready_channels=4, ready_devices=430, closing_devices=0, mc_recorded_tick_ms_avg100=1.110293, mc_target_ticks_per_second=20.0}
",28620.88387721,28620.886990025,1000,1000,1000,1000,40224000,39083000,633.030214,12969,"BULK count=1000 spawned=1000 registered=1000 bound=1000 accepted=40224000 extracted=39083000 fixture_ms_total=633.030214 fixture_ticks=12969
",28620.887181162,28620.88837862,180.25,2795808,56,827506688,834068480,6579965952,800284672,27123712,274,,,37.50068817513275
236,2026-10-06T16:30:27.430216+00:00,472.00391789399873,10,ACTIVE_observed,False,1.9999874599998293,0.004905346002487931,,0,1000,1000,0,0,8691,0,0,0,0,0,41902,40544000,39125000,28620,30438,0,46969,3035,137961,13683,14640,310,0.001212,0.012529,0.082094,2048,0.13687,51.751969,81.839691,2048,13.719234,64.883465,87.611353,2048,33.500754,45.189731,48.821323,2048,0.190986,0.571708,1.097989,2048,99.486507,149.043695,149.043695,5,38.358382,79.476784,96.759982,175,6.199889,45.350972,71.244616,2048,0.003716,0.463957,6.333532,2048,16731,16733,324269,0,2,28226,4275898,0,1.140472,3.506829,5.901943,2048,4,4,860,0,1.479576,20.0,"STATUS online tickets=0 {registered_loaded_endpoints=1000, active_endpoints=1000, worker_queue=0, actual_tickets=0, transactions=8691, errors=0, queue_rejected=0, quarantined=0, deferred_registry_decodes=0, dropped_wake_hints=0, local_exchange_calls=41902, local_input_units=40544000, local_output_units=39125000, batch_devices=28620, batch_records=30438, batch_payload_bytes=0, local_wakes=46969, remote_hint_wakes=3035, poll_fallback=137961, empty_batches=13683, allocation_misses=14640, local_credit_publications=310, local_ms_p50=0.001212, local_ms_p95=0.012529, local_ms_p99=0.082094, local_ms_samples=2048, queue_ms_p50=0.13687, queue_ms_p95=51.751969, queue_ms_p99=81.839691, queue_ms_samples=2048, execution_ms_p50=13.719234, execution_ms_p95=64.883465, execution_ms_p99=87.611353, execution_ms_samples=2048, apply_ms_p50=33.500754, apply_ms_p95=45.189731, apply_ms_p99=48.821323, apply_ms_samples=2048, tick_ms_p50=0.190986, tick_ms_p95=0.571708, tick_ms_p99=1.097989, tick_ms_samples=2048, delivery_ms_p50=99.486507, delivery_ms_p95=149.043695, delivery_ms_p99=149.043695, delivery_ms_samples=5, sql_ms_p50=38.358382, sql_ms_p95=79.476784, sql_ms_p99=96.759982, sql_ms_samples=175, db_transaction_ms_p50=6.199889, db_transaction_ms_p95=45.350972, db_transaction_ms_p99=71.244616, db_transaction_ms_samples=2048, db_connection_wait_ms_p50=0.003716, db_connection_wait_ms_p95=0.463957, db_connection_wait_ms_p99=6.333532, db_connection_wait_ms_samples=2048, db_transactions=16731, db_transaction_attempts=16733, db_statements=324269, db_deadlock_retries=0, db_active_connections=2, wal_writes=28226, wal_bytes=4275898, wal_identical_skipped=0, wal_barrier_ms_p50=1.140472, wal_barrier_ms_p95=3.506829, wal_barrier_ms_p99=5.901943, wal_barrier_ms_samples=2048, completion_admitted=4, ready_channels=4, ready_devices=860, closing_devices=0, mc_recorded_tick_ms_avg100=1.479576, mc_target_ticks_per_second=20.0}
",28622.883854054,28622.886696262,1000,1000,1000,1000,40544000,39125000,636.464536,13009,"BULK count=1000 spawned=1000 registered=1000 bound=1000 accepted=40544000 extracted=39125000 fixture_ms_total=636.464536 fixture_ticks=13009
",28622.886858185,28622.887590625,181.2,2795808,56,827715584,834068480,6579965952,800493568,27123712,274,,,47.500297826870856
237,2026-10-06T16:30:29.430673+00:00,474.00437516799866,11,ACTIVE_observed,True,2.0004572739999276,0.38629657800265704,,0,1000,1000,0,0,8786,0,0,0,0,0,42229,40864000,39319000,29052,30940,0,47336,3073,138601,13683,14839,310,0.001282,0.020331,0.083796,2048,0.164972,51.956371,81.839691,2048,13.835742,70.463532,89.816886,2048,33.215587,45.207217,48.745431,2048,0.928614,1.966212,1.966212,7,0.0,0.0,0.0,0,55.170045,104.247286,104.247286,17,6.681449,51.910106,76.833409,2048,0.003776,1.417117,10.443793,2048,16889,16890,329116,0,1,28686,4347558,0,1.176066,3.914944,6.640288,2048,4,4,815,0,1.461403,20.0,"STATUS online tickets=0 {registered_loaded_endpoints=1000, active_endpoints=1000, worker_queue=0, actual_tickets=0, transactions=8786, errors=0, queue_rejected=0, quarantined=0, deferred_registry_decodes=0, dropped_wake_hints=0, local_exchange_calls=42229, local_input_units=40864000, local_output_units=39319000, batch_devices=29052, batch_records=30940, batch_payload_bytes=0, local_wakes=47336, remote_hint_wakes=3073, poll_fallback=138601, empty_batches=13683, allocation_misses=14839, local_credit_publications=310, local_ms_p50=0.001282, local_ms_p95=0.020331, local_ms_p99=0.083796, local_ms_samples=2048, queue_ms_p50=0.164972, queue_ms_p95=51.956371, queue_ms_p99=81.839691, queue_ms_samples=2048, execution_ms_p50=13.835742, execution_ms_p95=70.463532, execution_ms_p99=89.816886, execution_ms_samples=2048, apply_ms_p50=33.215587, apply_ms_p95=45.207217, apply_ms_p99=48.745431, apply_ms_samples=2048, tick_ms_p50=0.928614, tick_ms_p95=1.966212, tick_ms_p99=1.966212, tick_ms_samples=7, delivery_ms_p50=0.0, delivery_ms_p95=0.0, delivery_ms_p99=0.0, delivery_ms_samples=0, sql_ms_p50=55.170045, sql_ms_p95=104.247286, sql_ms_p99=104.247286, sql_ms_samples=17, db_transaction_ms_p50=6.681449, db_transaction_ms_p95=51.910106, db_transaction_ms_p99=76.833409, db_transaction_ms_samples=2048, db_connection_wait_ms_p50=0.003776, db_connection_wait_ms_p95=1.417117, db_connection_wait_ms_p99=10.443793, db_connection_wait_ms_samples=2048, db_transactions=16889, db_transaction_attempts=16890, db_statements=329116, db_deadlock_retries=0, db_active_connections=1, wal_writes=28686, wal_bytes=4347558, wal_identical_skipped=0, wal_barrier_ms_p50=1.176066, wal_barrier_ms_p95=3.914944, wal_barrier_ms_p99=6.640288, wal_barrier_ms_samples=2048, completion_admitted=4, ready_channels=4, ready_devices=815, closing_devices=0, mc_recorded_tick_ms_avg100=1.461403, mc_target_ticks_per_second=20.0}
",28624.884269255,28624.88699695,1000,1000,1000,1000,40864000,39319000,639.186723,13049,"BULK count=1000 spawned=1000 registered=1000 bound=1000 accepted=40864000 extracted=39319000 fixture_ms_total=639.186723 fixture_ticks=13049
",28624.887127306,28624.887714067,182.12,2795808,56,827899904,834068480,6579965952,800677888,27123712,274,395313152,274468864,45.98948510209717
238,2026-10-06T16:30:31.430196+00:00,476.00389829100095,11,ACTIVE_observed,False,1.999523123002291,0.005665084998327075,,0,1000,1000,0,0,8886,0,0,0,0,0,42556,41184000,39490000,29572,31514,0,47703,3111,139241,13683,15164,314,0.001393,0.018858,0.045559,2048,0.198262,51.956371,81.839691,2048,14.147385,74.567314,96.676075,2048,32.859231,45.097965,48.745431,2048,0.820862,1.735251,1.966212,47,149.466353,249.105982,249.105982,4,42.914107,104.247286,115.789035,117,7.31149,56.856406,83.89325,2048,0.003716,2.819021,13.425507,2048,17054,17057,333949,0,3,29087,4409983,0,1.213918,4.192194,6.944296,2048,4,4,883,0,1.4765,20.0,"STATUS online tickets=0 {registered_loaded_endpoints=1000, active_endpoints=1000, worker_queue=0, actual_tickets=0, transactions=8886, errors=0, queue_rejected=0, quarantined=0, deferred_registry_decodes=0, dropped_wake_hints=0, local_exchange_calls=42556, local_input_units=41184000, local_output_units=39490000, batch_devices=29572, batch_records=31514, batch_payload_bytes=0, local_wakes=47703, remote_hint_wakes=3111, poll_fallback=139241, empty_batches=13683, allocation_misses=15164, local_credit_publications=314, local_ms_p50=0.001393, local_ms_p95=0.018858, local_ms_p99=0.045559, local_ms_samples=2048, queue_ms_p50=0.198262, queue_ms_p95=51.956371, queue_ms_p99=81.839691, queue_ms_samples=2048, execution_ms_p50=14.147385, execution_ms_p95=74.567314, execution_ms_p99=96.676075, execution_ms_samples=2048, apply_ms_p50=32.859231, apply_ms_p95=45.097965, apply_ms_p99=48.745431, apply_ms_samples=2048, tick_ms_p50=0.820862, tick_ms_p95=1.735251, tick_ms_p99=1.966212, tick_ms_samples=47, delivery_ms_p50=149.466353, delivery_ms_p95=249.105982, delivery_ms_p99=249.105982, delivery_ms_samples=4, sql_ms_p50=42.914107, sql_ms_p95=104.247286, sql_ms_p99=115.789035, sql_ms_samples=117, db_transaction_ms_p50=7.31149, db_transaction_ms_p95=56.856406, db_transaction_ms_p99=83.89325, db_transaction_ms_samples=2048, db_connection_wait_ms_p50=0.003716, db_connection_wait_ms_p95=2.819021, db_connection_wait_ms_p99=13.425507, db_connection_wait_ms_samples=2048, db_transactions=17054, db_transaction_attempts=17057, db_statements=333949, db_deadlock_retries=0, db_active_connections=3, wal_writes=29087, wal_bytes=4409983, wal_identical_skipped=0, wal_barrier_ms_p50=1.213918, wal_barrier_ms_p95=4.192194, wal_barrier_ms_p99=6.944296, wal_barrier_ms_samples=2048, completion_admitted=4, ready_channels=4, ready_devices=883, closing_devices=0, mc_recorded_tick_ms_avg100=1.4765, mc_target_ticks_per_second=20.0}
",28626.883852508,28626.88669809,1000,1000,1000,1000,41184000,39490000,642.042608,13089,"BULK count=1000 spawned=1000 registered=1000 bound=1000 accepted=41184000 extracted=39490000 fixture_ms_total=642.042608 fixture_ticks=13089
",28626.887173724,28626.888210811,183.04,2795808,56,828018688,834068480,6579965952,800796672,27123712,274,,,46.01097078680462
239,2026-10-06T16:30:33.430232+00:00,478.00393371099926,11,ACTIVE_observed,False,2.000035419998312,0.016153033000591677,,0,1000,1000,0,0,8987,0,0,0,0,0,42880,41504000,39618000,30020,31983,0,48067,3153,139881,13683,15352,314,0.001562,0.017767,0.033019,2048,0.219629,51.956371,81.839691,2048,14.413747,75.450264,96.760572,2048,32.520968,45.108024,48.976327,2048,0.84604,1.66473,1.966212,87,149.466353,249.105982,249.105982,4,45.744342,97.103765,112.307347,218,7.954706,61.236818,85.23076,2048,0.003715,3.678073,16.644591,2048,17214,17216,338809,0,2,29621,4488933,0,1.262275,4.726933,7.154076,2048,4,4,901,0,1.417791,20.0,"STATUS online tickets=0 {registered_loaded_endpoints=1000, active_endpoints=1000, worker_queue=0, actual_tickets=0, transactions=8987, errors=0, queue_rejected=0, quarantined=0, deferred_registry_decodes=0, dropped_wake_hints=0, local_exchange_calls=42880, local_input_units=41504000, local_output_units=39618000, batch_devices=30020, batch_records=31983, batch_payload_bytes=0, local_wakes=48067, remote_hint_wakes=3153, poll_fallback=139881, empty_batches=13683, allocation_misses=15352, local_credit_publications=314, local_ms_p50=0.001562, local_ms_p95=0.017767, local_ms_p99=0.033019, local_ms_samples=2048, queue_ms_p50=0.219629, queue_ms_p95=51.956371, queue_ms_p99=81.839691, queue_ms_samples=2048, execution_ms_p50=14.413747, execution_ms_p95=75.450264, execution_ms_p99=96.760572, execution_ms_samples=2048, apply_ms_p50=32.520968, apply_ms_p95=45.108024, apply_ms_p99=48.976327, apply_ms_samples=2048, tick_ms_p50=0.84604, tick_ms_p95=1.66473, tick_ms_p99=1.966212, tick_ms_samples=87, delivery_ms_p50=149.466353, delivery_ms_p95=249.105982, delivery_ms_p99=249.105982, delivery_ms_samples=4, sql_ms_p50=45.744342, sql_ms_p95=97.103765, sql_ms_p99=112.307347, sql_ms_samples=218, db_transaction_ms_p50=7.954706, db_transaction_ms_p95=61.236818, db_transaction_ms_p99=85.23076, db_transaction_ms_samples=2048, db_connection_wait_ms_p50=0.003715, db_connection_wait_ms_p95=3.678073, db_connection_wait_ms_p99=16.644591, db_connection_wait_ms_samples=2048, db_transactions=17214, db_transaction_attempts=17216, db_statements=338809, db_deadlock_retries=0, db_active_connections=2, wal_writes=29621, wal_bytes=4488933, wal_identical_skipped=0, wal_barrier_ms_p50=1.262275, wal_barrier_ms_p95=4.726933, wal_barrier_ms_p99=7.154076, wal_barrier_ms_samples=2048, completion_admitted=4, ready_channels=4, ready_devices=901, closing_devices=0, mc_recorded_tick_ms_avg100=1.417791, mc_target_ticks_per_second=20.0}
",28628.88387618,28628.892938157,1000,1000,1000,1000,41504000,39618000,644.888972,13129,"BULK count=1000 spawned=1000 registered=1000 bound=1000 accepted=41504000 extracted=39618000 fixture_ms_total=644.888972 fixture_ticks=13129
",28628.893123875,28628.89438546,184.33,2795808,56,828133376,834068480,6579965952,800911360,27123712,274,,,64.49885772528515
240,2026-10-06T16:30:35.430212+00:00,480.0039127079981,11,ACTIVE_observed,False,1.9999789969988342,0.004665675001888303,,0,1000,1000,0,0,9084,0,0,0,0,0,43207,41824000,39818000,30532,32510,0,48434,3175,140521,13683,15680,320,0.001532,0.017246,0.031968,2048,0.318483,51.960063,81.839691,2048,14.741227,76.897593,97.710175,2048,32.35098,45.189731,48.793682,2048,0.824733,1.514835,1.774038,127,149.466353,249.165285,249.165285,10,46.427016,95.938891,115.555194,315,9.307185,66.468729,89.532157,2048,0.003686,4.585083,24.078678,2048,17341,17342,343080,0,1,29988,4543548,0,1.224338,4.585725,7.109034,2048,4,4,933,0,1.626332,20.0,"STATUS online tickets=0 {registered_loaded_endpoints=1000, active_endpoints=1000, worker_queue=0, actual_tickets=0, transactions=9084, errors=0, queue_rejected=0, quarantined=0, deferred_registry_decodes=0, dropped_wake_hints=0, local_exchange_calls=43207, local_input_units=41824000, local_output_units=39818000, batch_devices=30532, batch_records=32510, batch_payload_bytes=0, local_wakes=48434, remote_hint_wakes=3175, poll_fallback=140521, empty_batches=13683, allocation_misses=15680, local_credit_publications=320, local_ms_p50=0.001532, local_ms_p95=0.017246, local_ms_p99=0.031968, local_ms_samples=2048, queue_ms_p50=0.318483, queue_ms_p95=51.960063, queue_ms_p99=81.839691, queue_ms_samples=2048, execution_ms_p50=14.741227, execution_ms_p95=76.897593, execution_ms_p99=97.710175, execution_ms_samples=2048, apply_ms_p50=32.35098, apply_ms_p95=45.189731, apply_ms_p99=48.793682, apply_ms_samples=2048, tick_ms_p50=0.824733, tick_ms_p95=1.514835, tick_ms_p99=1.774038, tick_ms_samples=127, delivery_ms_p50=149.466353, delivery_ms_p95=249.165285, delivery_ms_p99=249.165285, delivery_ms_samples=10, sql_ms_p50=46.427016, sql_ms_p95=95.938891, sql_ms_p99=115.555194, sql_ms_samples=315, db_transaction_ms_p50=9.307185, db_transaction_ms_p95=66.468729, db_transaction_ms_p99=89.532157, db_transaction_ms_samples=2048, db_connection_wait_ms_p50=0.003686, db_connection_wait_ms_p95=4.585083, db_connection_wait_ms_p99=24.078678, db_connection_wait_ms_samples=2048, db_transactions=17341, db_transaction_attempts=17342, db_statements=343080, db_deadlock_retries=0, db_active_connections=1, wal_writes=29988, wal_bytes=4543548, wal_identical_skipped=0, wal_barrier_ms_p50=1.224338, wal_barrier_ms_p95=4.585725, wal_barrier_ms_p99=7.109034, wal_barrier_ms_samples=2048, completion_admitted=4, ready_channels=4, ready_devices=933, closing_devices=0, mc_recorded_tick_ms_avg100=1.626332, mc_target_ticks_per_second=20.0}
",28630.883977331,28630.886307189,1000,1000,1000,1000,41824000,39818000,648.521299,13169,"BULK count=1000 spawned=1000 registered=1000 bound=1000 accepted=41824000 extracted=39818000 fixture_ms_total=648.521299 fixture_ticks=13169
",28630.886449372,28630.887183525,185.21,2795808,56,828469248,834068480,6579965952,801247232,27123712,274,,,44.00046207087786
241,2026-10-06T16:30:37.430214+00:00,482.0039154219994,11,ACTIVE_observed,False,2.0000027140013117,0.0066772770005627535,,0,1000,1000,0,0,9191,0,0,0,0,0,43536,42144000,40078000,31004,32997,0,48803,3225,141161,13683,15848,324,0.001452,0.009334,0.028102,2048,0.455654,51.960063,81.839691,2048,15.006202,76.624692,97.710175,2048,31.630022,45.034127,48.678176,2048,0.829886,1.59812,1.780203,167,149.239899,249.165285,249.165285,14,45.261506,92.969242,112.307347,422,9.680621,67.730802,89.532157,2048,0.003725,4.729382,24.078678,2048,17513,17516,348346,0,3,30587,4631475,0,1.207323,4.270564,6.526579,2048,4,4,885,0,1.640466,20.0,"STATUS online tickets=0 {registered_loaded_endpoints=1000, active_endpoints=1000, worker_queue=0, actual_tickets=0, transactions=9191, errors=0, queue_rejected=0, quarantined=0, deferred_registry_decodes=0, dropped_wake_hints=0, local_exchange_calls=43536, local_input_units=42144000, local_output_units=40078000, batch_devices=31004, batch_records=32997, batch_payload_bytes=0, local_wakes=48803, remote_hint_wakes=3225, poll_fallback=141161, empty_batches=13683, allocation_misses=15848, local_credit_publications=324, local_ms_p50=0.001452, local_ms_p95=0.009334, local_ms_p99=0.028102, local_ms_samples=2048, queue_ms_p50=0.455654, queue_ms_p95=51.960063, queue_ms_p99=81.839691, queue_ms_samples=2048, execution_ms_p50=15.006202, execution_ms_p95=76.624692, execution_ms_p99=97.710175, execution_ms_samples=2048, apply_ms_p50=31.630022, apply_ms_p95=45.034127, apply_ms_p99=48.678176, apply_ms_samples=2048, tick_ms_p50=0.829886, tick_ms_p95=1.59812, tick_ms_p99=1.780203, tick_ms_samples=167, delivery_ms_p50=149.239899, delivery_ms_p95=249.165285, delivery_ms_p99=249.165285, delivery_ms_samples=14, sql_ms_p50=45.261506, sql_ms_p95=92.969242, sql_ms_p99=112.307347, sql_ms_samples=422, db_transaction_ms_p50=9.680621, db_transaction_ms_p95=67.730802, db_transaction_ms_p99=89.532157, db_transaction_ms_samples=2048, db_connection_wait_ms_p50=0.003725, db_connection_wait_ms_p95=4.729382, db_connection_wait_ms_p99=24.078678, db_connection_wait_ms_samples=2048, db_transactions=17513, db_transaction_attempts=17516, db_statements=348346, db_deadlock_retries=0, db_active_connections=3, wal_writes=30587, wal_bytes=4631475, wal_identical_skipped=0, wal_barrier_ms_p50=1.207323, wal_barrier_ms_p95=4.270564, wal_barrier_ms_p99=6.526579, wal_barrier_ms_samples=2048, completion_admitted=4, ready_channels=4, ready_devices=885, closing_devices=0, mc_recorded_tick_ms_avg100=1.640466, mc_target_ticks_per_second=20.0}
",28632.884198452,28632.887780963,1000,1000,1000,1000,42144000,40078000,651.161313,13209,"BULK count=1000 spawned=1000 registered=1000 bound=1000 accepted=42144000 extracted=40078000 fixture_ms_total=651.161313 fixture_ticks=13209
",28632.88797214,28632.888915006,186.14,2795808,56,828563456,834068480,6579965952,801341440,27123712,274,,,46.49993689955405
242,2026-10-06T16:30:39.430230+00:00,484.0039318099989,11,ACTIVE_observed,False,2.0000163879994943,0.00901373099986813,,0,1000,1000,0,0,9291,0,0,0,0,0,43866,42464000,40398000,31532,33541,0,49173,3255,141801,13683,16179,327,0.001192,0.006941,0.023015,2048,0.612459,51.960063,81.839691,2048,15.309016,77.797196,99.555108,2048,31.216181,45.098734,48.674712,2048,0.820862,1.59812,1.799522,207,149.239899,249.165285,249.165285,17,46.190036,92.969242,111.338198,522,10.723071,69.856292,94.817662,2048,0.003996,4.964334,25.050772,2048,17669,17671,352876,0,2,30997,4692741,0,1.197689,4.035148,6.306789,2048,4,4,859,0,1.449903,20.0,"STATUS online tickets=0 {registered_loaded_endpoints=1000, active_endpoints=1000, worker_queue=0, actual_tickets=0, transactions=9291, errors=0, queue_rejected=0, quarantined=0, deferred_registry_decodes=0, dropped_wake_hints=0, local_exchange_calls=43866, local_input_units=42464000, local_output_units=40398000, batch_devices=31532, batch_records=33541, batch_payload_bytes=0, local_wakes=49173, remote_hint_wakes=3255, poll_fallback=141801, empty_batches=13683, allocation_misses=16179, local_credit_publications=327, local_ms_p50=0.001192, local_ms_p95=0.006941, local_ms_p99=0.023015, local_ms_samples=2048, queue_ms_p50=0.612459, queue_ms_p95=51.960063, queue_ms_p99=81.839691, queue_ms_samples=2048, execution_ms_p50=15.309016, execution_ms_p95=77.797196, execution_ms_p99=99.555108, execution_ms_samples=2048, apply_ms_p50=31.216181, apply_ms_p95=45.098734, apply_ms_p99=48.674712, apply_ms_samples=2048, tick_ms_p50=0.820862, tick_ms_p95=1.59812, tick_ms_p99=1.799522, tick_ms_samples=207, delivery_ms_p50=149.239899, delivery_ms_p95=249.165285, delivery_ms_p99=249.165285, delivery_ms_samples=17, sql_ms_p50=46.190036, sql_ms_p95=92.969242, sql_ms_p99=111.338198, sql_ms_samples=522, db_transaction_ms_p50=10.723071, db_transaction_ms_p95=69.856292, db_transaction_ms_p99=94.817662, db_transaction_ms_samples=2048, db_connection_wait_ms_p50=0.003996, db_connection_wait_ms_p95=4.964334, db_connection_wait_ms_p99=25.050772, db_connection_wait_ms_samples=2048, db_transactions=17669, db_transaction_attempts=17671, db_statements=352876, db_deadlock_retries=0, db_active_connections=2, wal_writes=30997, wal_bytes=4692741, wal_identical_skipped=0, wal_barrier_ms_p50=1.197689, wal_barrier_ms_p95=4.035148, wal_barrier_ms_p99=6.306789, wal_barrier_ms_samples=2048, completion_admitted=4, ready_channels=4, ready_devices=859, closing_devices=0, mc_recorded_tick_ms_avg100=1.449903, mc_target_ticks_per_second=20.0}
",28634.883937164,28634.887915698,1000,1000,1000,1000,42464000,40398000,654.636314,13249,"BULK count=1000 spawned=1000 registered=1000 bound=1000 accepted=42464000 extracted=40398000 fixture_ms_total=654.636314 fixture_ticks=13249
",28634.888162248,28634.891375308,187.03,2795808,55,828596224,834068480,6580101120,801374208,27123712,274,,,44.499635369999766
243,2026-10-06T16:30:41.430232+00:00,486.00393380899914,11,ACTIVE_observed,False,2.000001999000233,0.35255250499903923,,0,1000,1000,1,0,9398,0,0,0,0,0,44199,42784000,40746000,32004,34022,0,49546,3306,142441,13683,16399,330,0.001192,0.006941,0.022654,2048,1.015018,51.960063,81.839691,2048,15.489407,77.344543,97.329429,2048,31.003683,44.921358,48.402508,2048,0.824733,1.628967,1.966212,247,149.231961,249.105982,249.165285,20,44.890414,91.165935,109.049285,629,11.237228,70.904639,94.817662,2048,0.004306,5.086996,25.050772,2048,17837,17841,357669,0,3,31503,4766975,0,1.15207,3.649129,5.589242,2048,4,4,878,0,1.422732,20.0,"STATUS online tickets=0 {registered_loaded_endpoints=1000, active_endpoints=1000, worker_queue=1, actual_tickets=0, transactions=9398, errors=0, queue_rejected=0, quarantined=0, deferred_registry_decodes=0, dropped_wake_hints=0, local_exchange_calls=44199, local_input_units=42784000, local_output_units=40746000, batch_devices=32004, batch_records=34022, batch_payload_bytes=0, local_wakes=49546, remote_hint_wakes=3306, poll_fallback=142441, empty_batches=13683, allocation_misses=16399, local_credit_publications=330, local_ms_p50=0.001192, local_ms_p95=0.006941, local_ms_p99=0.022654, local_ms_samples=2048, queue_ms_p50=1.015018, queue_ms_p95=51.960063, queue_ms_p99=81.839691, queue_ms_samples=2048, execution_ms_p50=15.489407, execution_ms_p95=77.344543, execution_ms_p99=97.329429, execution_ms_samples=2048, apply_ms_p50=31.003683, apply_ms_p95=44.921358, apply_ms_p99=48.402508, apply_ms_samples=2048, tick_ms_p50=0.824733, tick_ms_p95=1.628967, tick_ms_p99=1.966212, tick_ms_samples=247, delivery_ms_p50=149.231961, delivery_ms_p95=249.105982, delivery_ms_p99=249.165285, delivery_ms_samples=20, sql_ms_p50=44.890414, sql_ms_p95=91.165935, sql_ms_p99=109.049285, sql_ms_samples=629, db_transaction_ms_p50=11.237228, db_transaction_ms_p95=70.904639, db_transaction_ms_p99=94.817662, db_transaction_ms_samples=2048, db_connection_wait_ms_p50=0.004306, db_connection_wait_ms_p95=5.086996, db_connection_wait_ms_p99=25.050772, db_connection_wait_ms_samples=2048, db_transactions=17837, db_transaction_attempts=17841, db_statements=357669, db_deadlock_retries=0, db_active_connections=3, wal_writes=31503, wal_bytes=4766975, wal_identical_skipped=0, wal_barrier_ms_p50=1.15207, wal_barrier_ms_p95=3.649129, wal_barrier_ms_p99=5.589242, wal_barrier_ms_samples=2048, completion_admitted=4, ready_channels=4, ready_devices=878, closing_devices=0, mc_recorded_tick_ms_avg100=1.422732, mc_target_ticks_per_second=20.0}
",28636.88387066,28636.886588733,1000,1000,1000,1000,42784000,40746000,657.842995,13289,"BULK count=1000 spawned=1000 registered=1000 bound=1000 accepted=42784000 extracted=40746000 fixture_ms_total=657.842995 fixture_ticks=13289
",28636.886704937,28636.887281974,188.1,2795808,55,828948480,834068480,6580101120,801726464,27123712,274,395313152,269351321,53.49994652679687
244,2026-10-06T16:30:43.430225+00:00,488.00392768799793,11,ACTIVE_observed,False,1.9999938789987937,0.00532547700277064,,0,1000,1000,0,0,9489,0,0,0,0,0,44532,43104000,41121000,32412,34451,0,49919,3342,143081,13683,16631,335,0.001192,0.007481,0.022995,2048,1.602802,52.048178,86.87781,2048,15.664528,80.056066,102.75166,2048,30.95312,44.921358,48.262264,2048,0.827772,1.664029,2.080975,287,149.239899,249.165285,548.544768,25,44.073011,91.326631,112.307347,720,10.595027,74.224108,97.62001,2048,0.004617,5.059696,25.186806,2048,17985,17986,361585,0,1,31859,4819931,0,1.152051,3.489139,5.341579,2048,4,4,881,0,1.482096,20.0,"STATUS online tickets=0 {registered_loaded_endpoints=1000, active_endpoints=1000, worker_queue=0, actual_tickets=0, transactions=9489, errors=0, queue_rejected=0, quarantined=0, deferred_registry_decodes=0, dropped_wake_hints=0, local_exchange_calls=44532, local_input_units=43104000, local_output_units=41121000, batch_devices=32412, batch_records=34451, batch_payload_bytes=0, local_wakes=49919, remote_hint_wakes=3342, poll_fallback=143081, empty_batches=13683, allocation_misses=16631, local_credit_publications=335, local_ms_p50=0.001192, local_ms_p95=0.007481, local_ms_p99=0.022995, local_ms_samples=2048, queue_ms_p50=1.602802, queue_ms_p95=52.048178, queue_ms_p99=86.87781, queue_ms_samples=2048, execution_ms_p50=15.664528, execution_ms_p95=80.056066, execution_ms_p99=102.75166, execution_ms_samples=2048, apply_ms_p50=30.95312, apply_ms_p95=44.921358, apply_ms_p99=48.262264, apply_ms_samples=2048, tick_ms_p50=0.827772, tick_ms_p95=1.664029, tick_ms_p99=2.080975, tick_ms_samples=287, delivery_ms_p50=149.239899, delivery_ms_p95=249.165285, delivery_ms_p99=548.544768, delivery_ms_samples=25, sql_ms_p50=44.073011, sql_ms_p95=91.326631, sql_ms_p99=112.307347, sql_ms_samples=720, db_transaction_ms_p50=10.595027, db_transaction_ms_p95=74.224108, db_transaction_ms_p99=97.62001, db_transaction_ms_samples=2048, db_connection_wait_ms_p50=0.004617, db_connection_wait_ms_p95=5.059696, db_connection_wait_ms_p99=25.186806, db_connection_wait_ms_samples=2048, db_transactions=17985, db_transaction_attempts=17986, db_statements=361585, db_deadlock_retries=0, db_active_connections=1, wal_writes=31859, wal_bytes=4819931, wal_identical_skipped=0, wal_barrier_ms_p50=1.152051, wal_barrier_ms_p95=3.489139, wal_barrier_ms_p99=5.341579, wal_barrier_ms_samples=2048, completion_admitted=4, ready_channels=4, ready_devices=881, closing_devices=0, mc_recorded_tick_ms_avg100=1.482096, mc_target_ticks_per_second=20.0}
",28638.883834344,28638.886262881,1000,1000,1000,1000,43104000,41121000,661.236741,13329,"BULK count=1000 spawned=1000 registered=1000 bound=1000 accepted=43104000 extracted=41121000 fixture_ms_total=661.236741 fixture_ticks=13329
",28638.886377603,28638.887717345,188.84,2795808,55,828997632,834068480,6580101120,801775616,27123712,274,,,37.00011323886934
245,2026-10-06T16:30:45.430289+00:00,490.00399081700016,11,ACTIVE_observed,False,2.0000631290022284,0.008431876998656662,,0,1000,1000,0,0,9591,0,0,0,0,0,44868,43424000,41535000,32900,34960,0,50295,3382,143721,13683,16921,341,0.001271,0.007482,0.025018,2048,1.413781,52.048178,86.87781,2048,16.465012,81.003272,104.247727,2048,30.629466,45.072969,48.396556,2048,0.827772,1.68419,2.067205,327,149.231961,249.165285,548.544768,31,44.438712,91.326631,115.555194,822,9.562888,75.631852,100.246814,2048,0.004948,5.571697,25.186806,2048,18152,18153,366198,0,1,32287,4883999,0,1.181058,3.415459,5.24695,2048,4,4,900,0,1.601567,20.0,"STATUS online tickets=0 {registered_loaded_endpoints=1000, active_endpoints=1000, worker_queue=0, actual_tickets=0, transactions=9591, errors=0, queue_rejected=0, quarantined=0, deferred_registry_decodes=0, dropped_wake_hints=0, local_exchange_calls=44868, local_input_units=43424000, local_output_units=41535000, batch_devices=32900, batch_records=34960, batch_payload_bytes=0, local_wakes=50295, remote_hint_wakes=3382, poll_fallback=143721, empty_batches=13683, allocation_misses=16921, local_credit_publications=341, local_ms_p50=0.001271, local_ms_p95=0.007482, local_ms_p99=0.025018, local_ms_samples=2048, queue_ms_p50=1.413781, queue_ms_p95=52.048178, queue_ms_p99=86.87781, queue_ms_samples=2048, execution_ms_p50=16.465012, execution_ms_p95=81.003272, execution_ms_p99=104.247727, execution_ms_samples=2048, apply_ms_p50=30.629466, apply_ms_p95=45.072969, apply_ms_p99=48.396556, apply_ms_samples=2048, tick_ms_p50=0.827772, tick_ms_p95=1.68419, tick_ms_p99=2.067205, tick_ms_samples=327, delivery_ms_p50=149.231961, delivery_ms_p95=249.165285, delivery_ms_p99=548.544768, delivery_ms_samples=31, sql_ms_p50=44.438712, sql_ms_p95=91.326631, sql_ms_p99=115.555194, sql_ms_samples=822, db_transaction_ms_p50=9.562888, db_transaction_ms_p95=75.631852, db_transaction_ms_p99=100.246814, db_transaction_ms_samples=2048, db_connection_wait_ms_p50=0.004948, db_connection_wait_ms_p95=5.571697, db_connection_wait_ms_p99=25.186806, db_connection_wait_ms_samples=2048, db_transactions=18152, db_transaction_attempts=18153, db_statements=366198, db_deadlock_retries=0, db_active_connections=1, wal_writes=32287, wal_bytes=4883999, wal_identical_skipped=0, wal_barrier_ms_p50=1.181058, wal_barrier_ms_p95=3.415459, wal_barrier_ms_p99=5.24695, wal_barrier_ms_samples=2048, completion_admitted=4, ready_channels=4, ready_devices=900, closing_devices=0, mc_recorded_tick_ms_avg100=1.601567, mc_target_ticks_per_second=20.0}
",28640.883892965,28640.889974023,1000,1000,1000,1000,43424000,41535000,665.576207,13369,"BULK count=1000 spawned=1000 registered=1000 bound=1000 accepted=43424000 extracted=41535000 fixture_ms_total=665.576207 fixture_ticks=13369
",28640.890144819,28640.891043344,190.16,2795808,55,829173760,834068480,6580101120,801951744,27123712,274,,,65.99791680868101
246,2026-10-06T16:30:47.430254+00:00,492.0039561859994,11,ACTIVE_observed,False,1.9999653689992556,0.004615017001924571,,0,1000,1000,0,0,9695,0,0,0,0,0,45201,43744000,41920000,33388,35465,0,50668,3429,144361,13683,17189,346,0.001232,0.00704,0.027541,2048,0.865304,50.366088,86.87781,2048,18.451366,81.81431,105.085049,2048,30.377453,45.098734,48.394128,2048,0.833558,1.68469,2.080975,367,149.191286,249.165285,548.544768,36,44.073011,91.067036,115.789035,926,10.900921,76.036048,100.540285,2048,0.005068,6.19882,26.681362,2048,18315,18318,370682,0,3,32731,4949299,0,1.164408,3.131323,5.154737,2048,4,4,937,0,1.674012,20.0,"STATUS online tickets=0 {registered_loaded_endpoints=1000, active_endpoints=1000, worker_queue=0, actual_tickets=0, transactions=9695, errors=0, queue_rejected=0, quarantined=0, deferred_registry_decodes=0, dropped_wake_hints=0, local_exchange_calls=45201, local_input_units=43744000, local_output_units=41920000, batch_devices=33388, batch_records=35465, batch_payload_bytes=0, local_wakes=50668, remote_hint_wakes=3429, poll_fallback=144361, empty_batches=13683, allocation_misses=17189, local_credit_publications=346, local_ms_p50=0.001232, local_ms_p95=0.00704, local_ms_p99=0.027541, local_ms_samples=2048, queue_ms_p50=0.865304, queue_ms_p95=50.366088, queue_ms_p99=86.87781, queue_ms_samples=2048, execution_ms_p50=18.451366, execution_ms_p95=81.81431, execution_ms_p99=105.085049, execution_ms_samples=2048, apply_ms_p50=30.377453, apply_ms_p95=45.098734, apply_ms_p99=48.394128, apply_ms_samples=2048, tick_ms_p50=0.833558, tick_ms_p95=1.68469, tick_ms_p99=2.080975, tick_ms_samples=367, delivery_ms_p50=149.191286, delivery_ms_p95=249.165285, delivery_ms_p99=548.544768, delivery_ms_samples=36, sql_ms_p50=44.073011, sql_ms_p95=91.067036, sql_ms_p99=115.789035, sql_ms_samples=926, db_transaction_ms_p50=10.900921, db_transaction_ms_p95=76.036048, db_transaction_ms_p99=100.540285, db_transaction_ms_samples=2048, db_connection_wait_ms_p50=0.005068, db_connection_wait_ms_p95=6.19882, db_connection_wait_ms_p99=26.681362, db_connection_wait_ms_samples=2048, db_transactions=18315, db_transaction_attempts=18318, db_statements=370682, db_deadlock_retries=0, db_active_connections=3, wal_writes=32731, wal_bytes=4949299, wal_identical_skipped=0, wal_barrier_ms_p50=1.164408, wal_barrier_ms_p95=3.131323, wal_barrier_ms_p99=5.154737, wal_barrier_ms_samples=2048, completion_admitted=4, ready_channels=4, ready_devices=937, closing_devices=0, mc_recorded_tick_ms_avg100=1.674012, mc_target_ticks_per_second=20.0}
",28642.88387524,28642.8863468,1000,1000,1000,1000,43744000,41920000,668.480011,13409,"BULK count=1000 spawned=1000 registered=1000 bound=1000 accepted=43744000 extracted=41920000 fixture_ms_total=668.480011 fixture_ticks=13409
",28642.8864596,28642.887355414,190.97,2795808,55,829263872,834068480,6580101120,802041856,27123712,274,,,40.50070128990838
247,2026-10-06T16:30:49.430243+00:00,494.0039442519992,11,ACTIVE_observed,False,1.999988065999787,0.009823084001254756,,0,1000,1000,0,0,9803,0,0,0,0,0,45534,44064000,42272000,33884,35979,0,51041,3476,145001,13683,17452,348,0.001252,0.00654,0.010636,2048,0.743552,48.320267,86.87781,2048,21.145473,82.86408,105.671889,2048,29.626135,45.207217,48.402508,2048,0.829886,1.68419,2.067205,407,149.191286,249.165285,548.544768,38,43.780914,91.020521,115.789035,1034,12.389011,76.833409,100.540285,2048,0.005158,7.151469,27.468221,2048,18485,18489,375410,0,3,33184,5015832,0,1.171293,3.16482,5.073599,2048,4,4,885,0,1.422345,20.0,"STATUS online tickets=0 {registered_loaded_endpoints=1000, active_endpoints=1000, worker_queue=0, actual_tickets=0, transactions=9803, errors=0, queue_rejected=0, quarantined=0, deferred_registry_decodes=0, dropped_wake_hints=0, local_exchange_calls=45534, local_input_units=44064000, local_output_units=42272000, batch_devices=33884, batch_records=35979, batch_payload_bytes=0, local_wakes=51041, remote_hint_wakes=3476, poll_fallback=145001, empty_batches=13683, allocation_misses=17452, local_credit_publications=348, local_ms_p50=0.001252, local_ms_p95=0.00654, local_ms_p99=0.010636, local_ms_samples=2048, queue_ms_p50=0.743552, queue_ms_p95=48.320267, queue_ms_p99=86.87781, queue_ms_samples=2048, execution_ms_p50=21.145473, execution_ms_p95=82.86408, execution_ms_p99=105.671889, execution_ms_samples=2048, apply_ms_p50=29.626135, apply_ms_p95=45.207217, apply_ms_p99=48.402508, apply_ms_samples=2048, tick_ms_p50=0.829886, tick_ms_p95=1.68419, tick_ms_p99=2.067205, tick_ms_samples=407, delivery_ms_p50=149.191286, delivery_ms_p95=249.165285, delivery_ms_p99=548.544768, delivery_ms_samples=38, sql_ms_p50=43.780914, sql_ms_p95=91.020521, sql_ms_p99=115.789035, sql_ms_samples=1034, db_transaction_ms_p50=12.389011, db_transaction_ms_p95=76.833409, db_transaction_ms_p99=100.540285, db_transaction_ms_samples=2048, db_connection_wait_ms_p50=0.005158, db_connection_wait_ms_p95=7.151469, db_connection_wait_ms_p99=27.468221, db_connection_wait_ms_samples=2048, db_transactions=18485, db_transaction_attempts=18489, db_statements=375410, db_deadlock_retries=0, db_active_connections=3, wal_writes=33184, wal_bytes=5015832, wal_identical_skipped=0, wal_barrier_ms_p50=1.171293, wal_barrier_ms_p95=3.16482, wal_barrier_ms_p99=5.073599, wal_barrier_ms_samples=2048, completion_admitted=4, ready_channels=4, ready_devices=885, closing_devices=0, mc_recorded_tick_ms_avg100=1.422345, mc_target_ticks_per_second=20.0}
",28644.883911218,28644.891617355,1000,1000,1000,1000,44064000,42272000,670.996818,13449,"BULK count=1000 spawned=1000 registered=1000 bound=1000 accepted=44064000 extracted=42272000 fixture_ms_total=670.996818 fixture_ticks=13449
",28644.891779568,28644.892622083,191.79,2795808,55,829276160,834068480,6580101120,802054144,27123712,274,,,41.00024464846384
248,2026-10-06T16:30:51.430297+00:00,496.0039982909984,11,ACTIVE_observed,False,2.000054038999224,0.3615285350024351,,0,1000,1000,0,0,9905,0,0,0,0,0,45870,44384000,42760000,34324,36430,0,51417,3521,145641,13683,17666,350,0.001292,0.00667,0.010376,2048,0.591055,46.347396,86.87781,2048,23.958454,85.040962,109.049686,2048,29.317779,45.250852,48.402508,2048,0.833558,1.66473,2.067205,447,149.191286,249.105982,548.544768,40,44.073011,91.034172,115.789035,1136,12.092292,78.808487,104.591035,2048,0.005448,7.696042,27.627299,2048,18655,18657,379959,0,2,33668,5086948,0,1.222881,3.461542,5.520135,2048,4,4,898,0,1.391085,20.0,"STATUS online tickets=0 {registered_loaded_endpoints=1000, active_endpoints=1000, worker_queue=0, actual_tickets=0, transactions=9905, errors=0, queue_rejected=0, quarantined=0, deferred_registry_decodes=0, dropped_wake_hints=0, local_exchange_calls=45870, local_input_units=44384000, local_output_units=42760000, batch_devices=34324, batch_records=36430, batch_payload_bytes=0, local_wakes=51417, remote_hint_wakes=3521, poll_fallback=145641, empty_batches=13683, allocation_misses=17666, local_credit_publications=350, local_ms_p50=0.001292, local_ms_p95=0.00667, local_ms_p99=0.010376, local_ms_samples=2048, queue_ms_p50=0.591055, queue_ms_p95=46.347396, queue_ms_p99=86.87781, queue_ms_samples=2048, execution_ms_p50=23.958454, execution_ms_p95=85.040962, execution_ms_p99=109.049686, execution_ms_samples=2048, apply_ms_p50=29.317779, apply_ms_p95=45.250852, apply_ms_p99=48.402508, apply_ms_samples=2048, tick_ms_p50=0.833558, tick_ms_p95=1.66473, tick_ms_p99=2.067205, tick_ms_samples=447, delivery_ms_p50=149.191286, delivery_ms_p95=249.105982, delivery_ms_p99=548.544768, delivery_ms_samples=40, sql_ms_p50=44.073011, sql_ms_p95=91.034172, sql_ms_p99=115.789035, sql_ms_samples=1136, db_transaction_ms_p50=12.092292, db_transaction_ms_p95=78.808487, db_transaction_ms_p99=104.591035, db_transaction_ms_samples=2048, db_connection_wait_ms_p50=0.005448, db_connection_wait_ms_p95=7.696042, db_connection_wait_ms_p99=27.627299, db_connection_wait_ms_samples=2048, db_transactions=18655, db_transaction_attempts=18657, db_statements=379959, db_deadlock_retries=0, db_active_connections=2, wal_writes=33668, wal_bytes=5086948, wal_identical_skipped=0, wal_barrier_ms_p50=1.222881, wal_barrier_ms_p95=3.461542, wal_barrier_ms_p99=5.520135, wal_barrier_ms_samples=2048, completion_admitted=4, ready_channels=4, ready_devices=898, closing_devices=0, mc_recorded_tick_ms_avg100=1.391085, mc_target_ticks_per_second=20.0}
",28646.883889994,28646.88891116,1000,1000,1000,1000,44384000,42760000,674.068138,13489,"BULK count=1000 spawned=1000 registered=1000 bound=1000 accepted=44384000 extracted=42760000 fixture_ms_total=674.068138 fixture_ticks=13489
",28646.889066143,28646.8897906,192.7,2795808,55,829435904,834068480,6580101120,802213888,27123712,274,395313152,331530649,45.49877064598402
249,2026-10-06T16:30:53.430417+00:00,498.00410965300034,11,ACTIVE_observed,False,2.000111362001917,0.006948629998078104,,0,1000,1000,0,0,10003,0,0,0,0,0,46203,44704000,43130000,34796,36917,0,51790,3560,146281,13683,17969,355,0.001372,0.0069,0.010556,2048,0.527838,43.263019,86.87781,2048,26.598389,86.29872,114.002531,2048,29.09179,45.398775,48.542565,2048,0.83271,1.633803,2.067205,487,149.199432,249.105982,548.544768,45,44.217948,91.330462,119.878129,1234,11.708743,79.578373,110.892374,2048,0.005238,6.610748,27.627299,2048,18818,18820,384035,0,2,34014,5138838,0,1.236526,3.549398,5.803263,2048,4,4,953,0,1.400881,20.0,"STATUS online tickets=0 {registered_loaded_endpoints=1000, active_endpoints=1000, worker_queue=0, actual_tickets=0, transactions=10003, errors=0, queue_rejected=0, quarantined=0, deferred_registry_decodes=0, dropped_wake_hints=0, local_exchange_calls=46203, local_input_units=44704000, local_output_units=43130000, batch_devices=34796, batch_records=36917, batch_payload_bytes=0, local_wakes=51790, remote_hint_wakes=3560, poll_fallback=146281, empty_batches=13683, allocation_misses=17969, local_credit_publications=355, local_ms_p50=0.001372, local_ms_p95=0.0069, local_ms_p99=0.010556, local_ms_samples=2048, queue_ms_p50=0.527838, queue_ms_p95=43.263019, queue_ms_p99=86.87781, queue_ms_samples=2048, execution_ms_p50=26.598389, execution_ms_p95=86.29872, execution_ms_p99=114.002531, execution_ms_samples=2048, apply_ms_p50=29.09179, apply_ms_p95=45.398775, apply_ms_p99=48.542565, apply_ms_samples=2048, tick_ms_p50=0.83271, tick_ms_p95=1.633803, tick_ms_p99=2.067205, tick_ms_samples=487, delivery_ms_p50=149.199432, delivery_ms_p95=249.105982, delivery_ms_p99=548.544768, delivery_ms_samples=45, sql_ms_p50=44.217948, sql_ms_p95=91.330462, sql_ms_p99=119.878129, sql_ms_samples=1234, db_transaction_ms_p50=11.708743, db_transaction_ms_p95=79.578373, db_transaction_ms_p99=110.892374, db_transaction_ms_samples=2048, db_connection_wait_ms_p50=0.005238, db_connection_wait_ms_p95=6.610748, db_connection_wait_ms_p99=27.627299, db_connection_wait_ms_samples=2048, db_transactions=18818, db_transaction_attempts=18820, db_statements=384035, db_deadlock_retries=0, db_active_connections=2, wal_writes=34014, wal_bytes=5138838, wal_identical_skipped=0, wal_barrier_ms_p50=1.236526, wal_barrier_ms_p95=3.549398, wal_barrier_ms_p99=5.803263, wal_barrier_ms_samples=2048, completion_admitted=4, ready_channels=4, ready_devices=953, closing_devices=0, mc_recorded_tick_ms_avg100=1.400881, mc_target_ticks_per_second=20.0}
",28648.884304492,28648.887765847,1000,1000,1000,1000,44704000,43130000,676.465831,13529,"BULK count=1000 spawned=1000 registered=1000 bound=1000 accepted=44704000 extracted=43130000 fixture_ms_total=676.465831 fixture_ticks=13529
",28648.888262622,28648.889754021,193.52,2795808,55,829521920,834068480,6580101120,802299904,27123712,274,,,40.997717206070035
250,2026-10-06T16:30:55.430236+00:00,500.0039373569998,11,ACTIVE_observed,False,1.9998277039994719,0.00515886300127022,,0,1000,1000,0,0,10112,0,0,0,0,0,46534,45024000,43398000,35252,37392,0,52161,3611,146921,13683,18170,359,0.001302,0.00665,0.010476,2048,0.463385,40.292882,86.87781,2048,29.566923,87.477682,114.002531,2048,28.681854,45.492474,48.558549,2048,0.83271,1.664029,1.966212,527,149.199432,249.105982,548.544768,49,43.892982,91.034172,117.744302,1343,11.163071,76.40302,105.610472,2048,0.005178,5.795675,26.887895,2048,18992,18994,388934,0,2,34538,5215634,0,1.197197,3.450244,5.803263,2048,4,4,883,0,1.613282,20.0,"STATUS online tickets=0 {registered_loaded_endpoints=1000, active_endpoints=1000, worker_queue=0, actual_tickets=0, transactions=10112, errors=0, queue_rejected=0, quarantined=0, deferred_registry_decodes=0, dropped_wake_hints=0, local_exchange_calls=46534, local_input_units=45024000, local_output_units=43398000, batch_devices=35252, batch_records=37392, batch_payload_bytes=0, local_wakes=52161, remote_hint_wakes=3611, poll_fallback=146921, empty_batches=13683, allocation_misses=18170, local_credit_publications=359, local_ms_p50=0.001302, local_ms_p95=0.00665, local_ms_p99=0.010476, local_ms_samples=2048, queue_ms_p50=0.463385, queue_ms_p95=40.292882, queue_ms_p99=86.87781, queue_ms_samples=2048, execution_ms_p50=29.566923, execution_ms_p95=87.477682, execution_ms_p99=114.002531, execution_ms_samples=2048, apply_ms_p50=28.681854, apply_ms_p95=45.492474, apply_ms_p99=48.558549, apply_ms_samples=2048, tick_ms_p50=0.83271, tick_ms_p95=1.664029, tick_ms_p99=1.966212, tick_ms_samples=527, delivery_ms_p50=149.199432, delivery_ms_p95=249.105982, delivery_ms_p99=548.544768, delivery_ms_samples=49, sql_ms_p50=43.892982, sql_ms_p95=91.034172, sql_ms_p99=117.744302, sql_ms_samples=1343, db_transaction_ms_p50=11.163071, db_transaction_ms_p95=76.40302, db_transaction_ms_p99=105.610472, db_transaction_ms_samples=2048, db_connection_wait_ms_p50=0.005178, db_connection_wait_ms_p95=5.795675, db_connection_wait_ms_p99=26.887895, db_connection_wait_ms_samples=2048, db_transactions=18992, db_transaction_attempts=18994, db_statements=388934, db_deadlock_retries=0, db_active_connections=2, wal_writes=34538, wal_bytes=5215634, wal_identical_skipped=0, wal_barrier_ms_p50=1.197197, wal_barrier_ms_p95=3.450244, wal_barrier_ms_p99=5.803263, wal_barrier_ms_samples=2048, completion_admitted=4, ready_channels=4, ready_devices=883, closing_devices=0, mc_recorded_tick_ms_avg100=1.613282, mc_target_ticks_per_second=20.0}
",28650.88384227,28650.886888282,1000,1000,1000,1000,45024000,43398000,679.390511,13569,"BULK count=1000 spawned=1000 registered=1000 bound=1000 accepted=45024000 extracted=43398000 fixture_ms_total=679.390511 fixture_ticks=13569
",28650.887100681,28650.887980111,194.4,2795808,55,829644800,834068480,6580101120,802422784,27123712,274,,,44.00379083858456
251,2026-10-06T16:30:57.430219+00:00,502.00391857199793,11,ACTIVE_observed,False,1.9999812149981153,0.009190243003104115,,0,1000,1000,0,0,10211,0,0,0,0,0,46867,45344000,43784000,35708,37867,0,52534,3652,147561,13683,18449,363,0.001242,0.006369,0.013149,2048,0.32328,31.889977,56.373501,2048,33.085485,88.826315,117.279224,2048,28.597813,45.735193,48.558549,2048,0.833558,1.664029,2.054683,567,149.199432,249.105982,548.544768,53,44.073011,91.326631,120.840693,1442,10.935783,78.738301,111.629349,2048,0.005258,5.174917,26.887895,2048,19156,19157,393175,0,1,34918,5272398,0,1.177567,3.420083,5.605003,2048,4,4,936,0,1.604624,20.0,"STATUS online tickets=0 {registered_loaded_endpoints=1000, active_endpoints=1000, worker_queue=0, actual_tickets=0, transactions=10211, errors=0, queue_rejected=0, quarantined=0, deferred_registry_decodes=0, dropped_wake_hints=0, local_exchange_calls=46867, local_input_units=45344000, local_output_units=43784000, batch_devices=35708, batch_records=37867, batch_payload_bytes=0, local_wakes=52534, remote_hint_wakes=3652, poll_fallback=147561, empty_batches=13683, allocation_misses=18449, local_credit_publications=363, local_ms_p50=0.001242, local_ms_p95=0.006369, local_ms_p99=0.013149, local_ms_samples=2048, queue_ms_p50=0.32328, queue_ms_p95=31.889977, queue_ms_p99=56.373501, queue_ms_samples=2048, execution_ms_p50=33.085485, execution_ms_p95=88.826315, execution_ms_p99=117.279224, execution_ms_samples=2048, apply_ms_p50=28.597813, apply_ms_p95=45.735193, apply_ms_p99=48.558549, apply_ms_samples=2048, tick_ms_p50=0.833558, tick_ms_p95=1.664029, tick_ms_p99=2.054683, tick_ms_samples=567, delivery_ms_p50=149.199432, delivery_ms_p95=249.105982, delivery_ms_p99=548.544768, delivery_ms_samples=53, sql_ms_p50=44.073011, sql_ms_p95=91.326631, sql_ms_p99=120.840693, sql_ms_samples=1442, db_transaction_ms_p50=10.935783, db_transaction_ms_p95=78.738301, db_transaction_ms_p99=111.629349, db_transaction_ms_samples=2048, db_connection_wait_ms_p50=0.005258, db_connection_wait_ms_p95=5.174917, db_connection_wait_ms_p99=26.887895, db_connection_wait_ms_samples=2048, db_transactions=19156, db_transaction_attempts=19157, db_statements=393175, db_deadlock_retries=0, db_active_connections=1, wal_writes=34918, wal_bytes=5272398, wal_identical_skipped=0, wal_barrier_ms_p50=1.177567, wal_barrier_ms_p95=3.420083, wal_barrier_ms_p99=5.605003, wal_barrier_ms_samples=2048, completion_admitted=4, ready_channels=4, ready_devices=936, closing_devices=0, mc_recorded_tick_ms_avg100=1.604624, mc_target_ticks_per_second=20.0}
",28652.883892168,28652.890891373,1000,1000,1000,1000,45344000,43784000,682.092827,13609,"BULK count=1000 spawned=1000 registered=1000 bound=1000 accepted=45344000 extracted=43784000 fixture_ms_total=682.092827 fixture_ticks=13609
",28652.89107638,28652.891921249,195.61,2795808,55,829673472,834068480,6580101120,802451456,27123712,274,,,60.500568251644715
252,2026-10-06T16:30:59.430255+00:00,504.00392953499977,11,ACTIVE_observed,False,2.0000109630018414,0.006259104000491789,,0,1000,1000,0,0,10311,0,0,0,0,0,47199,45664000,44093000,36140,38310,0,52906,3700,148201,13683,18669,365,0.001162,0.006179,0.010085,2048,0.255779,31.390029,56.373501,2048,37.467794,90.356013,117.310704,2048,28.455606,45.735193,48.567471,2048,0.833558,1.664029,2.054683,607,149.231961,249.105982,548.544768,55,43.780914,92.969242,120.840693,1542,10.12808,76.720576,110.892374,2048,0.005128,3.232839,15.462519,2048,19320,19323,397403,0,3,35335,5333359,0,1.16629,3.4745,5.818303,2048,4,4,863,0,1.454177,20.0,"STATUS online tickets=0 {registered_loaded_endpoints=1000, active_endpoints=1000, worker_queue=0, actual_tickets=0, transactions=10311, errors=0, queue_rejected=0, quarantined=0, deferred_registry_decodes=0, dropped_wake_hints=0, local_exchange_calls=47199, local_input_units=45664000, local_output_units=44093000, batch_devices=36140, batch_records=38310, batch_payload_bytes=0, local_wakes=52906, remote_hint_wakes=3700, poll_fallback=148201, empty_batches=13683, allocation_misses=18669, local_credit_publications=365, local_ms_p50=0.001162, local_ms_p95=0.006179, local_ms_p99=0.010085, local_ms_samples=2048, queue_ms_p50=0.255779, queue_ms_p95=31.390029, queue_ms_p99=56.373501, queue_ms_samples=2048, execution_ms_p50=37.467794, execution_ms_p95=90.356013, execution_ms_p99=117.310704, execution_ms_samples=2048, apply_ms_p50=28.455606, apply_ms_p95=45.735193, apply_ms_p99=48.567471, apply_ms_samples=2048, tick_ms_p50=0.833558, tick_ms_p95=1.664029, tick_ms_p99=2.054683, tick_ms_samples=607, delivery_ms_p50=149.231961, delivery_ms_p95=249.105982, delivery_ms_p99=548.544768, delivery_ms_samples=55, sql_ms_p50=43.780914, sql_ms_p95=92.969242, sql_ms_p99=120.840693, sql_ms_samples=1542, db_transaction_ms_p50=10.12808, db_transaction_ms_p95=76.720576, db_transaction_ms_p99=110.892374, db_transaction_ms_samples=2048, db_connection_wait_ms_p50=0.005128, db_connection_wait_ms_p95=3.232839, db_connection_wait_ms_p99=15.462519, db_connection_wait_ms_samples=2048, db_transactions=19320, db_transaction_attempts=19323, db_statements=397403, db_deadlock_retries=0, db_active_connections=3, wal_writes=35335, wal_bytes=5333359, wal_identical_skipped=0, wal_barrier_ms_p50=1.16629, wal_barrier_ms_p95=3.4745, wal_barrier_ms_p99=5.818303, wal_barrier_ms_samples=2048, completion_admitted=4, ready_channels=4, ready_devices=863, closing_devices=0, mc_recorded_tick_ms_avg100=1.454177, mc_target_ticks_per_second=20.0}
",28654.884057923,28654.887659048,1000,1000,1000,1000,45664000,44093000,684.699642,13649,"BULK count=1000 spawned=1000 registered=1000 bound=1000 accepted=45664000 extracted=44093000 fixture_ms_total=684.699642 fixture_ticks=13649
",28654.887850546,28654.888774743,196.61,2795808,55,829743104,834068480,6580101120,802521088,27123712,274,,,49.9997259264563
253,2026-10-06T16:31:01.430231+00:00,506.0039331150001,11,ACTIVE_observed,False,2.000003580000339,0.005254753999906825,,0,1000,1000,0,0,10415,0,0,0,0,0,47533,45984000,44465000,36628,38819,0,53280,3744,148841,13683,18925,371,0.001212,0.006279,0.010876,2048,0.201833,27.171771,50.614456,2048,40.141735,91.020822,119.87881,2048,28.522933,45.83742,48.678176,2048,0.835294,1.664029,2.067205,647,149.199432,199.742266,548.544768,61,43.644827,92.969242,121.366439,1646,9.885705,79.245703,112.841836,2048,0.005058,3.21727,15.475275,2048,19487,19491,402084,0,3,35796,5401596,0,1.127843,3.401155,5.554495,2048,4,4,878,0,1.481523,20.0,"STATUS online tickets=0 {registered_loaded_endpoints=1000, active_endpoints=1000, worker_queue=0, actual_tickets=0, transactions=10415, errors=0, queue_rejected=0, quarantined=0, deferred_registry_decodes=0, dropped_wake_hints=0, local_exchange_calls=47533, local_input_units=45984000, local_output_units=44465000, batch_devices=36628, batch_records=38819, batch_payload_bytes=0, local_wakes=53280, remote_hint_wakes=3744, poll_fallback=148841, empty_batches=13683, allocation_misses=18925, local_credit_publications=371, local_ms_p50=0.001212, local_ms_p95=0.006279, local_ms_p99=0.010876, local_ms_samples=2048, queue_ms_p50=0.201833, queue_ms_p95=27.171771, queue_ms_p99=50.614456, queue_ms_samples=2048, execution_ms_p50=40.141735, execution_ms_p95=91.020822, execution_ms_p99=119.87881, execution_ms_samples=2048, apply_ms_p50=28.522933, apply_ms_p95=45.83742, apply_ms_p99=48.678176, apply_ms_samples=2048, tick_ms_p50=0.835294, tick_ms_p95=1.664029, tick_ms_p99=2.067205, tick_ms_samples=647, delivery_ms_p50=149.199432, delivery_ms_p95=199.742266, delivery_ms_p99=548.544768, delivery_ms_samples=61, sql_ms_p50=43.644827, sql_ms_p95=92.969242, sql_ms_p99=121.366439, sql_ms_samples=1646, db_transaction_ms_p50=9.885705, db_transaction_ms_p95=79.245703, db_transaction_ms_p99=112.841836, db_transaction_ms_samples=2048, db_connection_wait_ms_p50=0.005058, db_connection_wait_ms_p95=3.21727, db_connection_wait_ms_p99=15.475275, db_connection_wait_ms_samples=2048, db_transactions=19487, db_transaction_attempts=19491, db_statements=402084, db_deadlock_retries=0, db_active_connections=3, wal_writes=35796, wal_bytes=5401596, wal_identical_skipped=0, wal_barrier_ms_p50=1.127843, wal_barrier_ms_p95=3.401155, wal_barrier_ms_p99=5.554495, wal_barrier_ms_samples=2048, completion_admitted=4, ready_channels=4, ready_devices=878, closing_devices=0, mc_recorded_tick_ms_avg100=1.481523, mc_target_ticks_per_second=20.0}
",28656.883832781,28656.887197492,1000,1000,1000,1000,45984000,44465000,688.754917,13689,"BULK count=1000 spawned=1000 registered=1000 bound=1000 accepted=45984000 extracted=44465000 fixture_ms_total=688.754917 fixture_ticks=13689
",28656.887320076,28656.888103044,197.53,2795808,55,829841408,834068480,6580101120,802619392,27123712,274,,,45.99991766013897
254,2026-10-06T16:31:03.430234+00:00,508.00393567300125,11,ACTIVE_observed,False,2.0000025580011425,0.40435659699869575,,0,1000,1000,0,0,10520,0,0,0,0,0,47865,46304000,44825000,37084,39291,0,53652,3788,149481,13683,19211,374,0.001232,0.006329,0.009203,2048,0.13002,21.30329,29.679209,2048,42.1328,91.331294,119.87881,2048,28.74243,45.775661,48.809651,2048,0.841764,1.633803,2.067205,687,149.199432,199.742266,548.544768,64,43.644827,93.162269,120.840693,1751,9.572968,79.578373,112.841836,2048,0.005068,3.348002,15.475275,2048,19657,19660,406307,0,3,36171,5457083,0,1.109886,3.414655,5.688498,2048,4,4,908,0,1.475273,20.0,"STATUS online tickets=0 {registered_loaded_endpoints=1000, active_endpoints=1000, worker_queue=0, actual_tickets=0, transactions=10520, errors=0, queue_rejected=0, quarantined=0, deferred_registry_decodes=0, dropped_wake_hints=0, local_exchange_calls=47865, local_input_units=46304000, local_output_units=44825000, batch_devices=37084, batch_records=39291, batch_payload_bytes=0, local_wakes=53652, remote_hint_wakes=3788, poll_fallback=149481, empty_batches=13683, allocation_misses=19211, local_credit_publications=374, local_ms_p50=0.001232, local_ms_p95=0.006329, local_ms_p99=0.009203, local_ms_samples=2048, queue_ms_p50=0.13002, queue_ms_p95=21.30329, queue_ms_p99=29.679209, queue_ms_samples=2048, execution_ms_p50=42.1328, execution_ms_p95=91.331294, execution_ms_p99=119.87881, execution_ms_samples=2048, apply_ms_p50=28.74243, apply_ms_p95=45.775661, apply_ms_p99=48.809651, apply_ms_samples=2048, tick_ms_p50=0.841764, tick_ms_p95=1.633803, tick_ms_p99=2.067205, tick_ms_samples=687, delivery_ms_p50=149.199432, delivery_ms_p95=199.742266, delivery_ms_p99=548.544768, delivery_ms_samples=64, sql_ms_p50=43.644827, sql_ms_p95=93.162269, sql_ms_p99=120.840693, sql_ms_samples=1751, db_transaction_ms_p50=9.572968, db_transaction_ms_p95=79.578373, db_transaction_ms_p99=112.841836, db_transaction_ms_samples=2048, db_connection_wait_ms_p50=0.005068, db_connection_wait_ms_p95=3.348002, db_connection_wait_ms_p99=15.475275, db_connection_wait_ms_samples=2048, db_transactions=19657, db_transaction_attempts=19660, db_statements=406307, db_deadlock_retries=0, db_active_connections=3, wal_writes=36171, wal_bytes=5457083, wal_identical_skipped=0, wal_barrier_ms_p50=1.109886, wal_barrier_ms_p95=3.414655, wal_barrier_ms_p99=5.688498, wal_barrier_ms_samples=2048, completion_admitted=4, ready_channels=4, ready_devices=908, closing_devices=0, mc_recorded_tick_ms_avg100=1.475273, mc_target_ticks_per_second=20.0}
",28658.88393629,28658.887825898,1000,1000,1000,1000,46304000,44825000,691.37786,13729,"BULK count=1000 spawned=1000 registered=1000 bound=1000 accepted=46304000 extracted=44825000 fixture_ms_total=691.37786 fixture_ticks=13729
",28658.888031656,28658.889674703,198.28,2795808,56,830009344,834068480,6580101120,802787328,27123712,274,395313152,308252057,37.49995203753993
255,2026-10-06T16:31:05.430260+00:00,510.00396053499935,11,ACTIVE_observed,False,2.0000248619980994,0.005942650001088623,,0,1000,1000,0,0,10608,0,0,0,0,0,48199,46624000,45188000,37468,39687,0,54026,3828,150121,13683,19380,378,0.001261,0.006469,0.010495,2048,0.128207,21.979475,29.961816,2048,43.620904,93.944604,122.061079,2048,28.816276,45.918353,48.898569,2048,0.844698,1.664029,2.067205,727,149.231961,199.742266,548.544768,68,43.780914,95.160868,124.049487,1839,9.601025,81.207156,116.408142,2048,0.005067,3.21727,15.861503,2048,19810,19811,410299,0,1,36601,5520185,0,1.156596,3.77036,5.818303,2048,4,4,883,0,1.648956,20.0,"STATUS online tickets=0 {registered_loaded_endpoints=1000, active_endpoints=1000, worker_queue=0, actual_tickets=0, transactions=10608, errors=0, queue_rejected=0, quarantined=0, deferred_registry_decodes=0, dropped_wake_hints=0, local_exchange_calls=48199, local_input_units=46624000, local_output_units=45188000, batch_devices=37468, batch_records=39687, batch_payload_bytes=0, local_wakes=54026, remote_hint_wakes=3828, poll_fallback=150121, empty_batches=13683, allocation_misses=19380, local_credit_publications=378, local_ms_p50=0.001261, local_ms_p95=0.006469, local_ms_p99=0.010495, local_ms_samples=2048, queue_ms_p50=0.128207, queue_ms_p95=21.979475, queue_ms_p99=29.961816, queue_ms_samples=2048, execution_ms_p50=43.620904, execution_ms_p95=93.944604, execution_ms_p99=122.061079, execution_ms_samples=2048, apply_ms_p50=28.816276, apply_ms_p95=45.918353, apply_ms_p99=48.898569, apply_ms_samples=2048, tick_ms_p50=0.844698, tick_ms_p95=1.664029, tick_ms_p99=2.067205, tick_ms_samples=727, delivery_ms_p50=149.231961, delivery_ms_p95=199.742266, delivery_ms_p99=548.544768, delivery_ms_samples=68, sql_ms_p50=43.780914, sql_ms_p95=95.160868, sql_ms_p99=124.049487, sql_ms_samples=1839, db_transaction_ms_p50=9.601025, db_transaction_ms_p95=81.207156, db_transaction_ms_p99=116.408142, db_transaction_ms_samples=2048, db_connection_wait_ms_p50=0.005067, db_connection_wait_ms_p95=3.21727, db_connection_wait_ms_p99=15.861503, db_connection_wait_ms_samples=2048, db_transactions=19810, db_transaction_attempts=19811, db_statements=410299, db_deadlock_retries=0, db_active_connections=1, wal_writes=36601, wal_bytes=5520185, wal_identical_skipped=0, wal_barrier_ms_p50=1.156596, wal_barrier_ms_p95=3.77036, wal_barrier_ms_p99=5.818303, wal_barrier_ms_samples=2048, completion_admitted=4, ready_channels=4, ready_devices=883, closing_devices=0, mc_recorded_tick_ms_avg100=1.648956, mc_target_ticks_per_second=20.0}
",28660.883934181,28660.887181701,1000,1000,1000,1000,46624000,45188000,699.770991,13769,"BULK count=1000 spawned=1000 registered=1000 bound=1000 accepted=46624000 extracted=45188000 fixture_ms_total=699.770991 fixture_ticks=13769
",28660.887303734,28660.888320415,199.19,2795808,56,830111744,834068480,6580236288,802889728,27123712,274,,,45.49943439657408
256,2026-10-06T16:31:07.430415+00:00,512.0039798649996,11,ACTIVE_observed,False,2.000019330000214,0.0054921679984545335,,0,1000,1000,1,0,10693,0,0,0,0,0,48528,46944000,45420000,37868,40101,0,54395,3867,150761,13683,19588,380,0.001302,0.0068,0.01287,2048,0.14363,22.299433,30.695095,2048,44.218609,97.059093,124.192202,2048,28.894313,45.918353,48.827199,2048,0.84545,1.664029,2.080975,767,149.239899,199.742266,548.544768,70,44.217948,97.103765,124.734092,1924,9.572968,83.465685,114.67767,2048,0.005068,3.348002,15.702666,2048,19960,19963,414165,0,3,36973,5574845,0,1.19893,3.874345,6.603201,2048,4,4,916,0,1.737361,20.0,"STATUS online tickets=0 {registered_loaded_endpoints=1000, active_endpoints=1000, worker_queue=1, actual_tickets=0, transactions=10693, errors=0, queue_rejected=0, quarantined=0, deferred_registry_decodes=0, dropped_wake_hints=0, local_exchange_calls=48528, local_input_units=46944000, local_output_units=45420000, batch_devices=37868, batch_records=40101, batch_payload_bytes=0, local_wakes=54395, remote_hint_wakes=3867, poll_fallback=150761, empty_batches=13683, allocation_misses=19588, local_credit_publications=380, local_ms_p50=0.001302, local_ms_p95=0.0068, local_ms_p99=0.01287, local_ms_samples=2048, queue_ms_p50=0.14363, queue_ms_p95=22.299433, queue_ms_p99=30.695095, queue_ms_samples=2048, execution_ms_p50=44.218609, execution_ms_p95=97.059093, execution_ms_p99=124.192202, execution_ms_samples=2048, apply_ms_p50=28.894313, apply_ms_p95=45.918353, apply_ms_p99=48.827199, apply_ms_samples=2048, tick_ms_p50=0.84545, tick_ms_p95=1.664029, tick_ms_p99=2.080975, tick_ms_samples=767, delivery_ms_p50=149.239899, delivery_ms_p95=199.742266, delivery_ms_p99=548.544768, delivery_ms_samples=70, sql_ms_p50=44.217948, sql_ms_p95=97.103765, sql_ms_p99=124.734092, sql_ms_samples=1924, db_transaction_ms_p50=9.572968, db_transaction_ms_p95=83.465685, db_transaction_ms_p99=114.67767, db_transaction_ms_samples=2048, db_connection_wait_ms_p50=0.005068, db_connection_wait_ms_p95=3.348002, db_connection_wait_ms_p99=15.702666, db_connection_wait_ms_samples=2048, db_transactions=19960, db_transaction_attempts=19963, db_statements=414165, db_deadlock_retries=0, db_active_connections=3, wal_writes=36973, wal_bytes=5574845, wal_identical_skipped=0, wal_barrier_ms_p50=1.19893, wal_barrier_ms_p95=3.874345, wal_barrier_ms_p99=6.603201, wal_barrier_ms_samples=2048, completion_admitted=4, ready_channels=4, ready_devices=916, closing_devices=0, mc_recorded_tick_ms_avg100=1.737361, mc_target_ticks_per_second=20.0}
",28662.884113671,28662.887443479,1000,1000,1000,1000,46944000,45420000,702.47211,13809,"BULK count=1000 spawned=1000 registered=1000 bound=1000 accepted=46944000 extracted=45420000 fixture_ms_total=702.47211 fixture_ticks=13809
",28662.88761067,28662.88831364,200.06,2795808,56,830189568,834068480,6580236288,802967552,27123712,274,,,43.49957957655897
257,2026-10-06T16:31:09.430184+00:00,514.0038860120003,11,ACTIVE_observed,False,1.999906147000729,0.005831653998029651,,0,1000,1000,0,0,10804,0,0,0,0,0,48858,47264000,45691000,38356,40603,0,54765,3913,151401,13683,19878,385,0.001322,0.006901,0.015804,2048,0.131167,21.745972,30.247895,2048,44.073652,96.375027,124.192202,2048,29.190583,46.213438,48.934239,2048,0.844698,1.630982,2.067205,807,149.231961,199.742266,548.544768,75,44.073011,95.938891,124.191521,2035,9.320329,83.820257,114.67767,2048,0.004948,3.298851,15.475275,2048,20136,20137,418842,0,1,37423,5641183,0,1.204031,3.849921,6.510322,2048,4,4,911,0,1.518514,20.0,"STATUS online tickets=0 {registered_loaded_endpoints=1000, active_endpoints=1000, worker_queue=0, actual_tickets=0, transactions=10804, errors=0, queue_rejected=0, quarantined=0, deferred_registry_decodes=0, dropped_wake_hints=0, local_exchange_calls=48858, local_input_units=47264000, local_output_units=45691000, batch_devices=38356, batch_records=40603, batch_payload_bytes=0, local_wakes=54765, remote_hint_wakes=3913, poll_fallback=151401, empty_batches=13683, allocation_misses=19878, local_credit_publications=385, local_ms_p50=0.001322, local_ms_p95=0.006901, local_ms_p99=0.015804, local_ms_samples=2048, queue_ms_p50=0.131167, queue_ms_p95=21.745972, queue_ms_p99=30.247895, queue_ms_samples=2048, execution_ms_p50=44.073652, execution_ms_p95=96.375027, execution_ms_p99=124.192202, execution_ms_samples=2048, apply_ms_p50=29.190583, apply_ms_p95=46.213438, apply_ms_p99=48.934239, apply_ms_samples=2048, tick_ms_p50=0.844698, tick_ms_p95=1.630982, tick_ms_p99=2.067205, tick_ms_samples=807, delivery_ms_p50=149.231961, delivery_ms_p95=199.742266, delivery_ms_p99=548.544768, delivery_ms_samples=75, sql_ms_p50=44.073011, sql_ms_p95=95.938891, sql_ms_p99=124.191521, sql_ms_samples=2035, db_transaction_ms_p50=9.320329, db_transaction_ms_p95=83.820257, db_transaction_ms_p99=114.67767, db_transaction_ms_samples=2048, db_connection_wait_ms_p50=0.004948, db_connection_wait_ms_p95=3.298851, db_connection_wait_ms_p99=15.475275, db_connection_wait_ms_samples=2048, db_transactions=20136, db_transaction_attempts=20137, db_statements=418842, db_deadlock_retries=0, db_active_connections=1, wal_writes=37423, wal_bytes=5641183, wal_identical_skipped=0, wal_barrier_ms_p50=1.204031, wal_barrier_ms_p95=3.849921, wal_barrier_ms_p99=6.510322, wal_barrier_ms_samples=2048, completion_admitted=4, ready_channels=4, ready_devices=911, closing_devices=0, mc_recorded_tick_ms_avg100=1.518514, mc_target_ticks_per_second=20.0}
",28664.883786919,28664.887034854,1000,1000,1000,1000,47264000,45691000,705.417178,13849,"BULK count=1000 spawned=1000 registered=1000 bound=1000 accepted=47264000 extracted=45691000 fixture_ms_total=705.417178 fixture_ticks=13849
",28664.887159612,28664.888448516,200.83,2795808,56,830251008,834068480,6580236288,803028992,27123712,274,,,38.501806755021164
258,2026-10-06T16:31:11.430215+00:00,516.0039174720005,11,ACTIVE_observed,False,2.000031460000173,0.013043148999713594,,0,1000,1000,0,0,10907,0,0,0,0,0,49190,47584000,46041000,38820,41079,0,55137,3959,152041,13683,20113,386,0.001402,0.006901,0.017807,2048,0.127707,21.173167,29.917156,2048,43.781655,94.538577,124.192202,2048,29.266266,46.555169,48.987818,2048,0.846992,1.68419,2.099653,847,149.231961,199.742266,548.544768,76,43.780914,94.538026,124.191521,2048,9.312383,83.970749,113.74612,2048,0.004887,3.180734,15.475275,2048,20301,20303,423329,0,2,37879,5708151,0,1.204898,3.818842,6.246776,2048,4,4,907,0,1.604027,20.0,"STATUS online tickets=0 {registered_loaded_endpoints=1000, active_endpoints=1000, worker_queue=0, actual_tickets=0, transactions=10907, errors=0, queue_rejected=0, quarantined=0, deferred_registry_decodes=0, dropped_wake_hints=0, local_exchange_calls=49190, local_input_units=47584000, local_output_units=46041000, batch_devices=38820, batch_records=41079, batch_payload_bytes=0, local_wakes=55137, remote_hint_wakes=3959, poll_fallback=152041, empty_batches=13683, allocation_misses=20113, local_credit_publications=386, local_ms_p50=0.001402, local_ms_p95=0.006901, local_ms_p99=0.017807, local_ms_samples=2048, queue_ms_p50=0.127707, queue_ms_p95=21.173167, queue_ms_p99=29.917156, queue_ms_samples=2048, execution_ms_p50=43.781655, execution_ms_p95=94.538577, execution_ms_p99=124.192202, execution_ms_samples=2048, apply_ms_p50=29.266266, apply_ms_p95=46.555169, apply_ms_p99=48.987818, apply_ms_samples=2048, tick_ms_p50=0.846992, tick_ms_p95=1.68419, tick_ms_p99=2.099653, tick_ms_samples=847, delivery_ms_p50=149.231961, delivery_ms_p95=199.742266, delivery_ms_p99=548.544768, delivery_ms_samples=76, sql_ms_p50=43.780914, sql_ms_p95=94.538026, sql_ms_p99=124.191521, sql_ms_samples=2048, db_transaction_ms_p50=9.312383, db_transaction_ms_p95=83.970749, db_transaction_ms_p99=113.74612, db_transaction_ms_samples=2048, db_connection_wait_ms_p50=0.004887, db_connection_wait_ms_p95=3.180734, db_connection_wait_ms_p99=15.475275, db_connection_wait_ms_samples=2048, db_transactions=20301, db_transaction_attempts=20303, db_statements=423329, db_deadlock_retries=0, db_active_connections=2, wal_writes=37879, wal_bytes=5708151, wal_identical_skipped=0, wal_barrier_ms_p50=1.204898, wal_barrier_ms_p95=3.818842, wal_barrier_ms_p99=6.246776, wal_barrier_ms_samples=2048, completion_admitted=4, ready_channels=4, ready_devices=907, closing_devices=0, mc_recorded_tick_ms_avg100=1.604027, mc_target_ticks_per_second=20.0}
",28666.883817297,28666.89003471,1000,1000,1000,1000,47584000,46041000,709.083802,13889,"BULK count=1000 spawned=1000 registered=1000 bound=1000 accepted=47584000 extracted=46041000 fixture_ms_total=709.083802 fixture_ticks=13889
",28666.890155211,28666.895811481,202.01,2795808,56,830357504,834068480,6580236288,803135488,27123712,274,,,58.99907194459213
259,2026-10-06T16:31:13.430215+00:00,518.00391734,11,ACTIVE_observed,False,1.999999867999577,0.009923674999299692,,0,1000,1000,0,0,11015,0,0,0,0,0,49521,47904000,46311000,39292,41559,0,55508,4007,152681,13683,20375,390,0.001342,0.00657,0.012529,2048,0.143256,20.550117,29.436712,2048,43.739487,94.623201,124.192202,2048,29.696918,46.467189,48.834794,2048,0.846638,1.664029,2.099653,887,149.231961,199.61223,548.544768,80,43.738626,94.62248,124.191521,2048,9.312359,84.134479,112.895762,2048,0.004828,3.455576,15.475275,2048,20474,20475,427793,0,1,38299,5769531,0,1.17911,3.70716,5.769991,2048,4,4,914,0,1.488502,20.0,"STATUS online tickets=0 {registered_loaded_endpoints=1000, active_endpoints=1000, worker_queue=0, actual_tickets=0, transactions=11015, errors=0, queue_rejected=0, quarantined=0, deferred_registry_decodes=0, dropped_wake_hints=0, local_exchange_calls=49521, local_input_units=47904000, local_output_units=46311000, batch_devices=39292, batch_records=41559, batch_payload_bytes=0, local_wakes=55508, remote_hint_wakes=4007, poll_fallback=152681, empty_batches=13683, allocation_misses=20375, local_credit_publications=390, local_ms_p50=0.001342, local_ms_p95=0.00657, local_ms_p99=0.012529, local_ms_samples=2048, queue_ms_p50=0.143256, queue_ms_p95=20.550117, queue_ms_p99=29.436712, queue_ms_samples=2048, execution_ms_p50=43.739487, execution_ms_p95=94.623201, execution_ms_p99=124.192202, execution_ms_samples=2048, apply_ms_p50=29.696918, apply_ms_p95=46.467189, apply_ms_p99=48.834794, apply_ms_samples=2048, tick_ms_p50=0.846638, tick_ms_p95=1.664029, tick_ms_p99=2.099653, tick_ms_samples=887, delivery_ms_p50=149.231961, delivery_ms_p95=199.61223, delivery_ms_p99=548.544768, delivery_ms_samples=80, sql_ms_p50=43.738626, sql_ms_p95=94.62248, sql_ms_p99=124.191521, sql_ms_samples=2048, db_transaction_ms_p50=9.312359, db_transaction_ms_p95=84.134479, db_transaction_ms_p99=112.895762, db_transaction_ms_samples=2048, db_connection_wait_ms_p50=0.004828, db_connection_wait_ms_p95=3.455576, db_connection_wait_ms_p99=15.475275, db_connection_wait_ms_samples=2048, db_transactions=20474, db_transaction_attempts=20475, db_statements=427793, db_deadlock_retries=0, db_active_connections=1, wal_writes=38299, wal_bytes=5769531, wal_identical_skipped=0, wal_barrier_ms_p50=1.17911, wal_barrier_ms_p95=3.70716, wal_barrier_ms_p99=5.769991, wal_barrier_ms_samples=2048, completion_admitted=4, ready_channels=4, ready_devices=914, closing_devices=0, mc_recorded_tick_ms_avg100=1.488502, mc_target_ticks_per_second=20.0}
",28668.883822243,28668.890051373,1000,1000,1000,1000,47904000,46311000,711.60978,13929,"BULK count=1000 spawned=1000 registered=1000 bound=1000 accepted=47904000 extracted=46311000 fixture_ms_total=711.60978 fixture_ticks=13929
",28668.890180206,28668.891346917,202.85,2795808,55,830357504,834068480,6580236288,803135488,27123712,274,,,42.00000277200924
260,2026-10-06T16:31:15.430239+00:00,520.0039423550006,11,ACTIVE_observed,False,2.000025015000574,0.31486926800062065,,0,1000,1000,0,0,11124,0,0,0,0,0,49853,48224000,46649000,39780,42061,0,55880,4057,153321,13683,20628,394,0.001312,0.006379,0.012008,2048,0.138764,19.63068,28.465037,2048,43.182173,94.538577,124.192202,2048,29.728865,46.246398,48.834794,2048,0.84604,1.664029,2.080975,927,149.231961,199.61223,548.544768,84,43.181512,94.538026,124.191521,2048,9.252307,84.279447,112.841836,2048,0.004737,2.955026,14.25801,2048,20648,20650,432598,0,2,38782,5840918,0,1.125179,3.396268,5.524773,2048,4,4,901,0,1.506787,20.0,"STATUS online tickets=0 {registered_loaded_endpoints=1000, active_endpoints=1000, worker_queue=0, actual_tickets=0, transactions=11124, errors=0, queue_rejected=0, quarantined=0, deferred_registry_decodes=0, dropped_wake_hints=0, local_exchange_calls=49853, local_input_units=48224000, local_output_units=46649000, batch_devices=39780, batch_records=42061, batch_payload_bytes=0, local_wakes=55880, remote_hint_wakes=4057, poll_fallback=153321, empty_batches=13683, allocation_misses=20628, local_credit_publications=394, local_ms_p50=0.001312, local_ms_p95=0.006379, local_ms_p99=0.012008, local_ms_samples=2048, queue_ms_p50=0.138764, queue_ms_p95=19.63068, queue_ms_p99=28.465037, queue_ms_samples=2048, execution_ms_p50=43.182173, execution_ms_p95=94.538577, execution_ms_p99=124.192202, execution_ms_samples=2048, apply_ms_p50=29.728865, apply_ms_p95=46.246398, apply_ms_p99=48.834794, apply_ms_samples=2048, tick_ms_p50=0.84604, tick_ms_p95=1.664029, tick_ms_p99=2.080975, tick_ms_samples=927, delivery_ms_p50=149.231961, delivery_ms_p95=199.61223, delivery_ms_p99=548.544768, delivery_ms_samples=84, sql_ms_p50=43.181512, sql_ms_p95=94.538026, sql_ms_p99=124.191521, sql_ms_samples=2048, db_transaction_ms_p50=9.252307, db_transaction_ms_p95=84.279447, db_transaction_ms_p99=112.841836, db_transaction_ms_samples=2048, db_connection_wait_ms_p50=0.004737, db_connection_wait_ms_p95=2.955026, db_connection_wait_ms_p99=14.25801, db_connection_wait_ms_samples=2048, db_transactions=20648, db_transaction_attempts=20650, db_statements=432598, db_deadlock_retries=0, db_active_connections=2, wal_writes=38782, wal_bytes=5840918, wal_identical_skipped=0, wal_barrier_ms_p50=1.125179, wal_barrier_ms_p95=3.396268, wal_barrier_ms_p99=5.524773, wal_barrier_ms_samples=2048, completion_admitted=4, ready_channels=4, ready_devices=901, closing_devices=0, mc_recorded_tick_ms_avg100=1.506787, mc_target_ticks_per_second=20.0}
",28670.88384189,28670.886323074,1000,1000,1000,1000,48224000,46649000,714.799289,13969,"BULK count=1000 spawned=1000 registered=1000 bound=1000 accepted=48224000 extracted=46649000 fixture_ms_total=714.799289 fixture_ticks=13969
",28670.88647354,28670.887264397,203.71,2795808,55,830423040,834068480,6580236288,803201024,27123712,274,395313152,288140083,42.99946218421507
261,2026-10-06T16:31:17.430229+00:00,522.0039311449982,11,ACTIVE_observed,False,1.9999887899975874,0.004633651002222905,,0,1000,1000,0,0,11230,0,0,0,0,0,50182,48544000,46928000,40244,42544,0,56249,4103,153961,13683,20893,398,0.001172,0.006169,0.009284,2048,0.145329,19.291857,28.435343,2048,43.268568,95.52491,124.192202,2048,30.171875,46.319246,48.934239,2048,0.84604,1.664029,2.099653,967,149.225654,199.61223,548.544768,88,43.267927,95.524319,124.191521,2048,9.215351,84.287218,112.841836,2048,0.004517,3.055587,15.702666,2048,20819,20820,437051,0,1,39195,5901707,0,1.100071,3.163149,5.392314,2048,4,4,907,0,1.492646,20.0,"STATUS online tickets=0 {registered_loaded_endpoints=1000, active_endpoints=1000, worker_queue=0, actual_tickets=0, transactions=11230, errors=0, queue_rejected=0, quarantined=0, deferred_registry_decodes=0, dropped_wake_hints=0, local_exchange_calls=50182, local_input_units=48544000, local_output_units=46928000, batch_devices=40244, batch_records=42544, batch_payload_bytes=0, local_wakes=56249, remote_hint_wakes=4103, poll_fallback=153961, empty_batches=13683, allocation_misses=20893, local_credit_publications=398, local_ms_p50=0.001172, local_ms_p95=0.006169, local_ms_p99=0.009284, local_ms_samples=2048, queue_ms_p50=0.145329, queue_ms_p95=19.291857, queue_ms_p99=28.435343, queue_ms_samples=2048, execution_ms_p50=43.268568, execution_ms_p95=95.52491, execution_ms_p99=124.192202, execution_ms_samples=2048, apply_ms_p50=30.171875, apply_ms_p95=46.319246, apply_ms_p99=48.934239, apply_ms_samples=2048, tick_ms_p50=0.84604, tick_ms_p95=1.664029, tick_ms_p99=2.099653, tick_ms_samples=967, delivery_ms_p50=149.225654, delivery_ms_p95=199.61223, delivery_ms_p99=548.544768, delivery_ms_samples=88, sql_ms_p50=43.267927, sql_ms_p95=95.524319, sql_ms_p99=124.191521, sql_ms_samples=2048, db_transaction_ms_p50=9.215351, db_transaction_ms_p95=84.287218, db_transaction_ms_p99=112.841836, db_transaction_ms_samples=2048, db_connection_wait_ms_p50=0.004517, db_connection_wait_ms_p95=3.055587, db_connection_wait_ms_p99=15.702666, db_connection_wait_ms_samples=2048, db_transactions=20819, db_transaction_attempts=20820, db_statements=437051, db_deadlock_retries=0, db_active_connections=1, wal_writes=39195, wal_bytes=5901707, wal_identical_skipped=0, wal_barrier_ms_p50=1.100071, wal_barrier_ms_p95=3.163149, wal_barrier_ms_p99=5.392314, wal_barrier_ms_samples=2048, completion_admitted=4, ready_channels=4, ready_devices=907, closing_devices=0, mc_recorded_tick_ms_avg100=1.492646, mc_target_ticks_per_second=20.0}
",28672.883887966,28672.88624577,1000,1000,1000,1000,48544000,46928000,717.784193,14009,"BULK count=1000 spawned=1000 registered=1000 bound=1000 accepted=48544000 extracted=46928000 fixture_ms_total=717.784193 fixture_ticks=14009
",28672.886402586,28672.887057919,204.47,2795808,55,830480384,834068480,6580236288,803258368,27123712,274,,,38.0002129912392
262,2026-10-06T16:31:19.430217+00:00,524.003919742001,11,ACTIVE_observed,False,1.9999885970028117,0.004767946997162653,,0,1000,1000,0,0,11340,0,0,0,0,0,50516,48864000,47302000,40732,43050,0,56623,4152,154601,13683,21173,404,0.001192,0.006319,0.010115,2048,0.143256,18.95984,28.424737,2048,42.678528,94.922055,124.192202,2048,30.391118,46.246398,48.934239,2048,0.843587,1.664029,2.080975,1007,149.199432,199.61223,548.544768,94,42.677867,94.921284,124.191521,2048,9.237135,84.155046,111.021052,2048,0.004376,2.960033,15.911406,2048,20994,20997,441562,0,3,39619,5964931,0,1.084268,3.167945,5.522059,2048,4,4,904,0,1.401222,20.0,"STATUS online tickets=0 {registered_loaded_endpoints=1000, active_endpoints=1000, worker_queue=0, actual_tickets=0, transactions=11340, errors=0, queue_rejected=0, quarantined=0, deferred_registry_decodes=0, dropped_wake_hints=0, local_exchange_calls=50516, local_input_units=48864000, local_output_units=47302000, batch_devices=40732, batch_records=43050, batch_payload_bytes=0, local_wakes=56623, remote_hint_wakes=4152, poll_fallback=154601, empty_batches=13683, allocation_misses=21173, local_credit_publications=404, local_ms_p50=0.001192, local_ms_p95=0.006319, local_ms_p99=0.010115, local_ms_samples=2048, queue_ms_p50=0.143256, queue_ms_p95=18.95984, queue_ms_p99=28.424737, queue_ms_samples=2048, execution_ms_p50=42.678528, execution_ms_p95=94.922055, execution_ms_p99=124.192202, execution_ms_samples=2048, apply_ms_p50=30.391118, apply_ms_p95=46.246398, apply_ms_p99=48.934239, apply_ms_samples=2048, tick_ms_p50=0.843587, tick_ms_p95=1.664029, tick_ms_p99=2.080975, tick_ms_samples=1007, delivery_ms_p50=149.199432, delivery_ms_p95=199.61223, delivery_ms_p99=548.544768, delivery_ms_samples=94, sql_ms_p50=42.677867, sql_ms_p95=94.921284, sql_ms_p99=124.191521, sql_ms_samples=2048, db_transaction_ms_p50=9.237135, db_transaction_ms_p95=84.155046, db_transaction_ms_p99=111.021052, db_transaction_ms_samples=2048, db_connection_wait_ms_p50=0.004376, db_connection_wait_ms_p95=2.960033, db_connection_wait_ms_p99=15.911406, db_connection_wait_ms_samples=2048, db_transactions=20994, db_transaction_attempts=20997, db_statements=441562, db_deadlock_retries=0, db_active_connections=3, wal_writes=39619, wal_bytes=5964931, wal_identical_skipped=0, wal_barrier_ms_p50=1.084268, wal_barrier_ms_p95=3.167945, wal_barrier_ms_p99=5.522059, wal_barrier_ms_samples=2048, completion_admitted=4, ready_channels=4, ready_devices=904, closing_devices=0, mc_recorded_tick_ms_avg100=1.401222, mc_target_ticks_per_second=20.0}
",28674.883819758,28674.886382765,1000,1000,1000,1000,48864000,47302000,720.409733,14049,"BULK count=1000 spawned=1000 registered=1000 bound=1000 accepted=48864000 extracted=47302000 fixture_ms_total=720.409733 fixture_ticks=14049
",28674.886503396,28674.887102405,205.27,2795808,55,830545920,834068480,6580236288,803323904,27123712,274,,,40.00022806124463
263,2026-10-06T16:31:21.430218+00:00,526.0039196459984,11,ACTIVE_observed,False,1.9999999039973773,0.005250041002000216,,0,1000,1000,0,0,11449,0,0,0,0,0,50847,49184000,47628000,41212,43542,0,56994,4201,155241,13683,21428,406,0.001192,0.00624,0.008913,2048,0.132393,18.54729,27.594489,2048,42.72065,94.771106,122.061079,2048,30.673797,46.319246,48.967583,2048,0.83931,1.649326,2.080975,1047,149.199432,199.61223,548.544768,96,42.72021,94.770716,122.060287,2048,9.177576,83.649362,109.208168,2048,0.004226,3.055587,15.702666,2048,21168,21170,446225,0,2,40073,6031753,0,1.056226,3.102757,5.522059,2048,4,4,893,0,1.314172,20.0,"STATUS online tickets=0 {registered_loaded_endpoints=1000, active_endpoints=1000, worker_queue=0, actual_tickets=0, transactions=11449, errors=0, queue_rejected=0, quarantined=0, deferred_registry_decodes=0, dropped_wake_hints=0, local_exchange_calls=50847, local_input_units=49184000, local_output_units=47628000, batch_devices=41212, batch_records=43542, batch_payload_bytes=0, local_wakes=56994, remote_hint_wakes=4201, poll_fallback=155241, empty_batches=13683, allocation_misses=21428, local_credit_publications=406, local_ms_p50=0.001192, local_ms_p95=0.00624, local_ms_p99=0.008913, local_ms_samples=2048, queue_ms_p50=0.132393, queue_ms_p95=18.54729, queue_ms_p99=27.594489, queue_ms_samples=2048, execution_ms_p50=42.72065, execution_ms_p95=94.771106, execution_ms_p99=122.061079, execution_ms_samples=2048, apply_ms_p50=30.673797, apply_ms_p95=46.319246, apply_ms_p99=48.967583, apply_ms_samples=2048, tick_ms_p50=0.83931, tick_ms_p95=1.649326, tick_ms_p99=2.080975, tick_ms_samples=1047, delivery_ms_p50=149.199432, delivery_ms_p95=199.61223, delivery_ms_p99=548.544768, delivery_ms_samples=96, sql_ms_p50=42.72021, sql_ms_p95=94.770716, sql_ms_p99=122.060287, sql_ms_samples=2048, db_transaction_ms_p50=9.177576, db_transaction_ms_p95=83.649362, db_transaction_ms_p99=109.208168, db_transaction_ms_samples=2048, db_connection_wait_ms_p50=0.004226, db_connection_wait_ms_p95=3.055587, db_connection_wait_ms_p99=15.702666, db_connection_wait_ms_samples=2048, db_transactions=21168, db_transaction_attempts=21170, db_statements=446225, db_deadlock_retries=0, db_active_connections=2, wal_writes=40073, wal_bytes=6031753, wal_identical_skipped=0, wal_barrier_ms_p50=1.056226, wal_barrier_ms_p95=3.102757, wal_barrier_ms_p99=5.522059, wal_barrier_ms_samples=2048, completion_admitted=4, ready_channels=4, ready_devices=893, closing_devices=0, mc_recorded_tick_ms_avg100=1.314172, mc_target_ticks_per_second=20.0}
",28676.883854534,28676.886392454,1000,1000,1000,1000,49184000,47628000,724.21768,14089,"BULK count=1000 spawned=1000 registered=1000 bound=1000 accepted=49184000 extracted=47628000 fixture_ms_total=724.21768 fixture_ticks=14089
",28676.886510721,28676.888045866,206.11,2795808,55,830578688,834068480,6580236288,803356672,27123712,274,,,42.00000201605534
264,2026-10-06T16:31:23.430198+00:00,528.0038978480006,11,ACTIVE_observed,False,1.9999782020022394,0.008327318999363342,,0,1000,1000,0,0,11560,0,0,0,0,0,51179,49504000,47981000,41692,44042,0,57366,4250,155881,13683,21687,408,0.001292,0.006269,0.009054,2048,0.127156,18.528623,27.594489,2048,42.551315,94.421541,122.061079,2048,30.626336,46.213438,48.967583,2048,0.846992,1.66473,2.157258,1087,149.191286,199.61223,548.544768,98,42.550503,94.42089,122.060287,2048,9.297784,81.897863,108.459352,2048,0.004156,3.295457,16.08922,2048,21344,21345,451043,0,1,40547,6101931,0,1.039931,3.077789,5.376454,2048,4,4,906,0,1.45868,20.0,"STATUS online tickets=0 {registered_loaded_endpoints=1000, active_endpoints=1000, worker_queue=0, actual_tickets=0, transactions=11560, errors=0, queue_rejected=0, quarantined=0, deferred_registry_decodes=0, dropped_wake_hints=0, local_exchange_calls=51179, local_input_units=49504000, local_output_units=47981000, batch_devices=41692, batch_records=44042, batch_payload_bytes=0, local_wakes=57366, remote_hint_wakes=4250, poll_fallback=155881, empty_batches=13683, allocation_misses=21687, local_credit_publications=408, local_ms_p50=0.001292, local_ms_p95=0.006269, local_ms_p99=0.009054, local_ms_samples=2048, queue_ms_p50=0.127156, queue_ms_p95=18.528623, queue_ms_p99=27.594489, queue_ms_samples=2048, execution_ms_p50=42.551315, execution_ms_p95=94.421541, execution_ms_p99=122.061079, execution_ms_samples=2048, apply_ms_p50=30.626336, apply_ms_p95=46.213438, apply_ms_p99=48.967583, apply_ms_samples=2048, tick_ms_p50=0.846992, tick_ms_p95=1.66473, tick_ms_p99=2.157258, tick_ms_samples=1087, delivery_ms_p50=149.191286, delivery_ms_p95=199.61223, delivery_ms_p99=548.544768, delivery_ms_samples=98, sql_ms_p50=42.550503, sql_ms_p95=94.42089, sql_ms_p99=122.060287, sql_ms_samples=2048, db_transaction_ms_p50=9.297784, db_transaction_ms_p95=81.897863, db_transaction_ms_p99=108.459352, db_transaction_ms_samples=2048, db_connection_wait_ms_p50=0.004156, db_connection_wait_ms_p95=3.295457, db_connection_wait_ms_p99=16.08922, db_connection_wait_ms_samples=2048, db_transactions=21344, db_transaction_attempts=21345, db_statements=451043, db_deadlock_retries=0, db_active_connections=1, wal_writes=40547, wal_bytes=6101931, wal_identical_skipped=0, wal_barrier_ms_p50=1.039931, wal_barrier_ms_p95=3.077789, wal_barrier_ms_p99=5.376454, wal_barrier_ms_samples=2048, completion_admitted=4, ready_channels=4, ready_devices=906, closing_devices=0, mc_recorded_tick_ms_avg100=1.45868, mc_target_ticks_per_second=20.0}
",28678.88384862,28678.888940222,1000,1000,1000,1000,49504000,47981000,727.54823,14129,"BULK count=1000 spawned=1000 registered=1000 bound=1000 accepted=49504000 extracted=47981000 fixture_ms_total=727.54823 fixture_ticks=14129
",28678.889140743,28678.890699653,207.37,2795808,55,830644224,834068480,6580236288,803422208,27123712,274,,,63.00068664441274
265,2026-10-06T16:31:25.430211+00:00,530.0039135740008,11,ACTIVE_observed,False,2.000015726000129,0.003988345997640863,,0,1000,1000,0,0,11669,0,0,0,0,0,51512,49824000,48317000,42180,44543,0,57739,4299,156521,13683,21948,412,0.001262,0.006139,0.009534,2048,0.113695,18.096689,27.594489,2048,42.115809,94.108341,121.36718,2048,30.97241,45.953498,48.967583,2048,0.847722,1.693404,2.157258,1127,149.199432,199.515843,249.165285,102,42.115068,94.10775,121.366439,2048,9.195513,79.968632,105.27967,2048,0.004086,3.298851,16.125455,2048,21518,21520,455638,0,2,41000,6168936,0,1.048544,3.087785,5.333496,2048,4,4,898,0,1.641046,20.0,"STATUS online tickets=0 {registered_loaded_endpoints=1000, active_endpoints=1000, worker_queue=0, actual_tickets=0, transactions=11669, errors=0, queue_rejected=0, quarantined=0, deferred_registry_decodes=0, dropped_wake_hints=0, local_exchange_calls=51512, local_input_units=49824000, local_output_units=48317000, batch_devices=42180, batch_records=44543, batch_payload_bytes=0, local_wakes=57739, remote_hint_wakes=4299, poll_fallback=156521, empty_batches=13683, allocation_misses=21948, local_credit_publications=412, local_ms_p50=0.001262, local_ms_p95=0.006139, local_ms_p99=0.009534, local_ms_samples=2048, queue_ms_p50=0.113695, queue_ms_p95=18.096689, queue_ms_p99=27.594489, queue_ms_samples=2048, execution_ms_p50=42.115809, execution_ms_p95=94.108341, execution_ms_p99=121.36718, execution_ms_samples=2048, apply_ms_p50=30.97241, apply_ms_p95=45.953498, apply_ms_p99=48.967583, apply_ms_samples=2048, tick_ms_p50=0.847722, tick_ms_p95=1.693404, tick_ms_p99=2.157258, tick_ms_samples=1127, delivery_ms_p50=149.199432, delivery_ms_p95=199.515843, delivery_ms_p99=249.165285, delivery_ms_samples=102, sql_ms_p50=42.115068, sql_ms_p95=94.10775, sql_ms_p99=121.366439, sql_ms_samples=2048, db_transaction_ms_p50=9.195513, db_transaction_ms_p95=79.968632, db_transaction_ms_p99=105.27967, db_transaction_ms_samples=2048, db_connection_wait_ms_p50=0.004086, db_connection_wait_ms_p95=3.298851, db_connection_wait_ms_p99=16.125455, db_connection_wait_ms_samples=2048, db_transactions=21518, db_transaction_attempts=21520, db_statements=455638, db_deadlock_retries=0, db_active_connections=2, wal_writes=41000, wal_bytes=6168936, wal_identical_skipped=0, wal_barrier_ms_p50=1.048544, wal_barrier_ms_p95=3.087785, wal_barrier_ms_p99=5.333496, wal_barrier_ms_samples=2048, completion_admitted=4, ready_channels=4, ready_devices=898, closing_devices=0, mc_recorded_tick_ms_avg100=1.641046, mc_target_ticks_per_second=20.0}
",28680.883812648,28680.886110827,1000,1000,1000,1000,49824000,48317000,730.476314,14169,"BULK count=1000 spawned=1000 registered=1000 bound=1000 accepted=49824000 extracted=48317000 fixture_ms_total=730.476314 fixture_ticks=14169
",28680.886250316,28680.886841183,208.17,2795808,55,830705664,834068480,6580236288,803483648,27123712,274,,,39.99968548246962
266,2026-10-06T16:31:27.430260+00:00,532.0039631789987,11,ACTIVE_observed,False,2.000049604997912,0.3945866640024178,,0,1000,1000,0,0,11776,0,0,0,0,0,51841,50144000,48529000,42676,45058,0,58108,4343,157161,13683,22243,416,0.001362,0.00619,0.009824,2048,0.109801,17.76822,27.594489,2048,42.095372,94.108341,120.841474,2048,31.093553,46.051213,49.073011,2048,0.850666,1.688985,2.157258,1167,149.174761,199.515843,249.165285,106,42.094401,94.10775,120.840693,2048,9.301832,79.088585,103.329206,2048,0.004056,3.298851,16.08922,2048,21688,21690,460201,0,2,41407,6229055,0,1.05263,3.215507,5.241638,2048,4,4,902,0,1.610105,20.0,"STATUS online tickets=0 {registered_loaded_endpoints=1000, active_endpoints=1000, worker_queue=0, actual_tickets=0, transactions=11776, errors=0, queue_rejected=0, quarantined=0, deferred_registry_decodes=0, dropped_wake_hints=0, local_exchange_calls=51841, local_input_units=50144000, local_output_units=48529000, batch_devices=42676, batch_records=45058, batch_payload_bytes=0, local_wakes=58108, remote_hint_wakes=4343, poll_fallback=157161, empty_batches=13683, allocation_misses=22243, local_credit_publications=416, local_ms_p50=0.001362, local_ms_p95=0.00619, local_ms_p99=0.009824, local_ms_samples=2048, queue_ms_p50=0.109801, queue_ms_p95=17.76822, queue_ms_p99=27.594489, queue_ms_samples=2048, execution_ms_p50=42.095372, execution_ms_p95=94.108341, execution_ms_p99=120.841474, execution_ms_samples=2048, apply_ms_p50=31.093553, apply_ms_p95=46.051213, apply_ms_p99=49.073011, apply_ms_samples=2048, tick_ms_p50=0.850666, tick_ms_p95=1.688985, tick_ms_p99=2.157258, tick_ms_samples=1167, delivery_ms_p50=149.174761, delivery_ms_p95=199.515843, delivery_ms_p99=249.165285, delivery_ms_samples=106, sql_ms_p50=42.094401, sql_ms_p95=94.10775, sql_ms_p99=120.840693, sql_ms_samples=2048, db_transaction_ms_p50=9.301832, db_transaction_ms_p95=79.088585, db_transaction_ms_p99=103.329206, db_transaction_ms_samples=2048, db_connection_wait_ms_p50=0.004056, db_connection_wait_ms_p95=3.298851, db_connection_wait_ms_p99=16.08922, db_connection_wait_ms_samples=2048, db_transactions=21688, db_transaction_attempts=21690, db_statements=460201, db_deadlock_retries=0, db_active_connections=2, wal_writes=41407, wal_bytes=6229055, wal_identical_skipped=0, wal_barrier_ms_p50=1.05263, wal_barrier_ms_p95=3.215507, wal_barrier_ms_p99=5.241638, wal_barrier_ms_samples=2048, completion_admitted=4, ready_channels=4, ready_devices=902, closing_devices=0, mc_recorded_tick_ms_avg100=1.610105, mc_target_ticks_per_second=20.0}
",28682.883876244,28682.890880286,1000,1000,1000,1000,50144000,48529000,733.697096,14209,"BULK count=1000 spawned=1000 registered=1000 bound=1000 accepted=50144000 extracted=48529000 fixture_ms_total=733.697096 fixture_ticks=14209
",28682.891041578,28682.89627338,208.97,2795808,55,830758912,834068480,6580236288,803536896,27123712,274,395313152,279562854,39.999007924648275
267,2026-10-06T16:31:29.430215+00:00,534.0039174560006,11,ACTIVE_observed,False,1.9999542770019616,0.00486382999952184,,0,1000,1000,0,0,11877,0,0,0,0,0,52173,50464000,48907000,43116,45520,0,58480,4389,157801,13683,22462,419,0.001382,0.006189,0.010066,2048,0.121673,17.997506,27.594489,2048,41.973502,94.771106,121.516931,2048,31.097676,45.969066,48.987818,2048,0.850666,1.703006,2.157258,1207,149.191286,199.515843,249.165285,109,41.973312,94.770716,121.51645,2048,9.199276,78.334519,103.329206,2048,0.003976,3.530019,16.125455,2048,21851,21853,464659,0,2,41855,6295455,0,1.066746,3.194014,5.271401,2048,4,4,862,0,1.546715,20.0,"STATUS online tickets=0 {registered_loaded_endpoints=1000, active_endpoints=1000, worker_queue=0, actual_tickets=0, transactions=11877, errors=0, queue_rejected=0, quarantined=0, deferred_registry_decodes=0, dropped_wake_hints=0, local_exchange_calls=52173, local_input_units=50464000, local_output_units=48907000, batch_devices=43116, batch_records=45520, batch_payload_bytes=0, local_wakes=58480, remote_hint_wakes=4389, poll_fallback=157801, empty_batches=13683, allocation_misses=22462, local_credit_publications=419, local_ms_p50=0.001382, local_ms_p95=0.006189, local_ms_p99=0.010066, local_ms_samples=2048, queue_ms_p50=0.121673, queue_ms_p95=17.997506, queue_ms_p99=27.594489, queue_ms_samples=2048, execution_ms_p50=41.973502, execution_ms_p95=94.771106, execution_ms_p99=121.516931, execution_ms_samples=2048, apply_ms_p50=31.097676, apply_ms_p95=45.969066, apply_ms_p99=48.987818, apply_ms_samples=2048, tick_ms_p50=0.850666, tick_ms_p95=1.703006, tick_ms_p99=2.157258, tick_ms_samples=1207, delivery_ms_p50=149.191286, delivery_ms_p95=199.515843, delivery_ms_p99=249.165285, delivery_ms_samples=109, sql_ms_p50=41.973312, sql_ms_p95=94.770716, sql_ms_p99=121.51645, sql_ms_samples=2048, db_transaction_ms_p50=9.199276, db_transaction_ms_p95=78.334519, db_transaction_ms_p99=103.329206, db_transaction_ms_samples=2048, db_connection_wait_ms_p50=0.003976, db_connection_wait_ms_p95=3.530019, db_connection_wait_ms_p99=16.125455, db_connection_wait_ms_samples=2048, db_transactions=21851, db_transaction_attempts=21853, db_statements=464659, db_deadlock_retries=0, db_active_connections=2, wal_writes=41855, wal_bytes=6295455, wal_identical_skipped=0, wal_barrier_ms_p50=1.066746, wal_barrier_ms_p95=3.194014, wal_barrier_ms_p99=5.271401, wal_barrier_ms_samples=2048, completion_admitted=4, ready_channels=4, ready_devices=862, closing_devices=0, mc_recorded_tick_ms_avg100=1.546715, mc_target_ticks_per_second=20.0}
",28684.883847347,28684.886376282,1000,1000,1000,1000,50464000,48907000,737.556469,14249,"BULK count=1000 spawned=1000 registered=1000 bound=1000 accepted=50464000 extracted=48907000 fixture_ms_total=737.556469 fixture_ticks=14249
",28684.886576372,28684.887316423,209.74,2795808,55,830832640,834068480,6580236288,803610624,27123712,275,,,38.500880187835165
268,2026-10-06T16:31:31.430230+00:00,536.0039320989999,11,ACTIVE_observed,False,2.0000146429993038,0.005545192998397397,,0,1000,1000,0,0,11983,0,0,0,0,0,52503,50784000,49201000,43588,46006,0,58850,4436,158441,13683,22743,424,0.001432,0.006309,0.010255,2048,0.124888,17.809378,28.424737,2048,41.627759,94.771106,120.841474,2048,31.114184,45.969066,49.136245,2048,0.855914,1.703137,2.181356,1247,149.174761,199.515843,249.165285,114,41.627579,94.770716,120.840693,2048,9.204246,76.025398,100.438392,2048,0.003876,3.883179,17.589453,2048,22022,22024,469031,0,2,42256,6354960,0,1.093351,3.352521,5.69022,2048,4,4,900,0,1.655518,20.0,"STATUS online tickets=0 {registered_loaded_endpoints=1000, active_endpoints=1000, worker_queue=0, actual_tickets=0, transactions=11983, errors=0, queue_rejected=0, quarantined=0, deferred_registry_decodes=0, dropped_wake_hints=0, local_exchange_calls=52503, local_input_units=50784000, local_output_units=49201000, batch_devices=43588, batch_records=46006, batch_payload_bytes=0, local_wakes=58850, remote_hint_wakes=4436, poll_fallback=158441, empty_batches=13683, allocation_misses=22743, local_credit_publications=424, local_ms_p50=0.001432, local_ms_p95=0.006309, local_ms_p99=0.010255, local_ms_samples=2048, queue_ms_p50=0.124888, queue_ms_p95=17.809378, queue_ms_p99=28.424737, queue_ms_samples=2048, execution_ms_p50=41.627759, execution_ms_p95=94.771106, execution_ms_p99=120.841474, execution_ms_samples=2048, apply_ms_p50=31.114184, apply_ms_p95=45.969066, apply_ms_p99=49.136245, apply_ms_samples=2048, tick_ms_p50=0.855914, tick_ms_p95=1.703137, tick_ms_p99=2.181356, tick_ms_samples=1247, delivery_ms_p50=149.174761, delivery_ms_p95=199.515843, delivery_ms_p99=249.165285, delivery_ms_samples=114, sql_ms_p50=41.627579, sql_ms_p95=94.770716, sql_ms_p99=120.840693, sql_ms_samples=2048, db_transaction_ms_p50=9.204246, db_transaction_ms_p95=76.025398, db_transaction_ms_p99=100.438392, db_transaction_ms_samples=2048, db_connection_wait_ms_p50=0.003876, db_connection_wait_ms_p95=3.883179, db_connection_wait_ms_p99=17.589453, db_connection_wait_ms_samples=2048, db_transactions=22022, db_transaction_attempts=22024, db_statements=469031, db_deadlock_retries=0, db_active_connections=2, wal_writes=42256, wal_bytes=6354960, wal_identical_skipped=0, wal_barrier_ms_p50=1.093351, wal_barrier_ms_p95=3.352521, wal_barrier_ms_p99=5.69022, wal_barrier_ms_samples=2048, completion_admitted=4, ready_channels=4, ready_devices=900, closing_devices=0, mc_recorded_tick_ms_avg100=1.655518, mc_target_ticks_per_second=20.0}
",28686.883884083,28686.887456034,1000,1000,1000,1000,50784000,49201000,742.243137,14289,"BULK count=1000 spawned=1000 registered=1000 bound=1000 accepted=50784000 extracted=49201000 fixture_ms_total=742.243137 fixture_ticks=14289
",28686.887634351,28686.888351928,210.58,2795808,55,830889984,834068480,6580236288,803667968,27123712,274,,,41.99969249926615
269,2026-10-06T16:31:33.430258+00:00,538.0039609300002,11,ACTIVE_observed,False,2.000028831000236,0.0061903210007585585,,0,1000,1000,1,0,12086,0,0,0,0,0,52841,51104000,49624000,44044,46478,0,59228,4484,159081,13683,22979,428,0.001362,0.006309,0.010586,2048,0.14038,17.76822,28.424737,2048,41.302978,94.269343,120.246576,2048,31.107647,46.075565,49.166456,2048,0.857137,1.729025,2.216111,1287,149.156236,199.515843,249.165285,118,41.302277,94.268692,120.245885,2048,9.308652,76.239507,101.43321,2048,0.003866,4.017444,20.766127,2048,22184,22188,473454,0,3,42687,6417871,1,1.094913,3.158261,5.529204,2048,4,4,879,0,1.620828,20.0,"STATUS online tickets=0 {registered_loaded_endpoints=1000, active_endpoints=1000, worker_queue=1, actual_tickets=0, transactions=12086, errors=0, queue_rejected=0, quarantined=0, deferred_registry_decodes=0, dropped_wake_hints=0, local_exchange_calls=52841, local_input_units=51104000, local_output_units=49624000, batch_devices=44044, batch_records=46478, batch_payload_bytes=0, local_wakes=59228, remote_hint_wakes=4484, poll_fallback=159081, empty_batches=13683, allocation_misses=22979, local_credit_publications=428, local_ms_p50=0.001362, local_ms_p95=0.006309, local_ms_p99=0.010586, local_ms_samples=2048, queue_ms_p50=0.14038, queue_ms_p95=17.76822, queue_ms_p99=28.424737, queue_ms_samples=2048, execution_ms_p50=41.302978, execution_ms_p95=94.269343, execution_ms_p99=120.246576, execution_ms_samples=2048, apply_ms_p50=31.107647, apply_ms_p95=46.075565, apply_ms_p99=49.166456, apply_ms_samples=2048, tick_ms_p50=0.857137, tick_ms_p95=1.729025, tick_ms_p99=2.216111, tick_ms_samples=1287, delivery_ms_p50=149.156236, delivery_ms_p95=199.515843, delivery_ms_p99=249.165285, delivery_ms_samples=118, sql_ms_p50=41.302277, sql_ms_p95=94.268692, sql_ms_p99=120.245885, sql_ms_samples=2048, db_transaction_ms_p50=9.308652, db_transaction_ms_p95=76.239507, db_transaction_ms_p99=101.43321, db_transaction_ms_samples=2048, db_connection_wait_ms_p50=0.003866, db_connection_wait_ms_p95=4.017444, db_connection_wait_ms_p99=20.766127, db_connection_wait_ms_samples=2048, db_transactions=22184, db_transaction_attempts=22188, db_statements=473454, db_deadlock_retries=0, db_active_connections=3, wal_writes=42687, wal_bytes=6417871, wal_identical_skipped=1, wal_barrier_ms_p50=1.094913, wal_barrier_ms_p95=3.158261, wal_barrier_ms_p99=5.529204, wal_barrier_ms_samples=2048, completion_admitted=4, ready_channels=4, ready_devices=879, closing_devices=0, mc_recorded_tick_ms_avg100=1.620828, mc_target_ticks_per_second=20.0}
",28688.883881727,28688.886847529,1000,1000,1000,1000,51104000,49624000,744.776279,14329,"BULK count=1000 spawned=1000 registered=1000 bound=1000 accepted=51104000 extracted=49624000 fixture_ms_total=744.776279 fixture_ticks=14329
",28688.88703484,28688.887750995,211.74,2795808,54,831385600,834068480,6580236288,804163584,27123712,274,,,57.99916391304559
270,2026-10-06T16:31:35.430215+00:00,540.0039161249988,11,ACTIVE_observed,False,1.9999551949986198,0.00841539099928923,,0,1000,1000,0,0,12187,0,0,0,0,0,53170,51424000,49869000,44484,46933,0,59597,4513,159721,13683,23231,432,0.001272,0.006349,0.010255,2048,0.164221,18.491872,28.694388,2048,41.677163,95.559218,120.581617,2048,31.107764,46.106762,49.157572,2048,0.860141,1.735251,2.216111,1327,149.156236,199.51082,249.165285,122,41.676863,95.558487,120.581046,2048,9.538255,78.062653,102.519051,2048,0.003896,4.817129,23.169305,2048,22324,22326,477636,0,2,43081,6476897,1,1.115824,3.25767,5.271401,2048,4,4,919,0,1.743199,20.0,"STATUS online tickets=0 {registered_loaded_endpoints=1000, active_endpoints=1000, worker_queue=0, actual_tickets=0, transactions=12187, errors=0, queue_rejected=0, quarantined=0, deferred_registry_decodes=0, dropped_wake_hints=0, local_exchange_calls=53170, local_input_units=51424000, local_output_units=49869000, batch_devices=44484, batch_records=46933, batch_payload_bytes=0, local_wakes=59597, remote_hint_wakes=4513, poll_fallback=159721, empty_batches=13683, allocation_misses=23231, local_credit_publications=432, local_ms_p50=0.001272, local_ms_p95=0.006349, local_ms_p99=0.010255, local_ms_samples=2048, queue_ms_p50=0.164221, queue_ms_p95=18.491872, queue_ms_p99=28.694388, queue_ms_samples=2048, execution_ms_p50=41.677163, execution_ms_p95=95.559218, execution_ms_p99=120.581617, execution_ms_samples=2048, apply_ms_p50=31.107764, apply_ms_p95=46.106762, apply_ms_p99=49.157572, apply_ms_samples=2048, tick_ms_p50=0.860141, tick_ms_p95=1.735251, tick_ms_p99=2.216111, tick_ms_samples=1327, delivery_ms_p50=149.156236, delivery_ms_p95=199.51082, delivery_ms_p99=249.165285, delivery_ms_samples=122, sql_ms_p50=41.676863, sql_ms_p95=95.558487, sql_ms_p99=120.581046, sql_ms_samples=2048, db_transaction_ms_p50=9.538255, db_transaction_ms_p95=78.062653, db_transaction_ms_p99=102.519051, db_transaction_ms_samples=2048, db_connection_wait_ms_p50=0.003896, db_connection_wait_ms_p95=4.817129, db_connection_wait_ms_p99=23.169305, db_connection_wait_ms_samples=2048, db_transactions=22324, db_transaction_attempts=22326, db_statements=477636, db_deadlock_retries=0, db_active_connections=2, wal_writes=43081, wal_bytes=6476897, wal_identical_skipped=1, wal_barrier_ms_p50=1.115824, wal_barrier_ms_p95=3.25767, wal_barrier_ms_p99=5.271401, wal_barrier_ms_samples=2048, completion_admitted=4, ready_channels=4, ready_devices=919, closing_devices=0, mc_recorded_tick_ms_avg100=1.743199, mc_target_ticks_per_second=20.0}
",28690.884065765,28690.88957246,1000,1000,1000,1000,51424000,49869000,748.325003,14369,"BULK count=1000 spawned=1000 registered=1000 bound=1000 accepted=51424000 extracted=49869000 fixture_ms_total=748.325003 fixture_ticks=14369
",28690.889687042,28690.890726412,212.84,2795808,54,831442944,834068480,6580236288,804220928,27123712,274,,,55.001232165141246
271,2026-10-06T16:31:37.430270+00:00,542.0039719460001,11,ACTIVE_observed,False,2.000055821001297,0.3398703069979092,,0,1000,1000,0,0,12297,0,0,0,0,0,53499,51744000,50116000,44980,47443,0,59966,4562,160361,13683,23467,434,0.001202,0.00642,0.012159,2048,0.153666,18.54729,28.67287,2048,41.188974,93.022706,117.990073,2048,30.970632,45.873195,49.136245,2048,0.855914,1.729025,2.216111,1367,149.156236,199.51082,249.165285,124,41.188834,93.022266,117.989362,2048,9.543634,77.11935,102.519971,2048,0.003846,4.779123,23.169305,2048,22499,22501,482539,0,2,43595,6552059,1,1.097547,2.906943,5.026925,2048,4,4,872,0,1.640175,20.0,"STATUS online tickets=0 {registered_loaded_endpoints=1000, active_endpoints=1000, worker_queue=0, actual_tickets=0, transactions=12297, errors=0, queue_rejected=0, quarantined=0, deferred_registry_decodes=0, dropped_wake_hints=0, local_exchange_calls=53499, local_input_units=51744000, local_output_units=50116000, batch_devices=44980, batch_records=47443, batch_payload_bytes=0, local_wakes=59966, remote_hint_wakes=4562, poll_fallback=160361, empty_batches=13683, allocation_misses=23467, local_credit_publications=434, local_ms_p50=0.001202, local_ms_p95=0.00642, local_ms_p99=0.012159, local_ms_samples=2048, queue_ms_p50=0.153666, queue_ms_p95=18.54729, queue_ms_p99=28.67287, queue_ms_samples=2048, execution_ms_p50=41.188974, execution_ms_p95=93.022706, execution_ms_p99=117.990073, execution_ms_samples=2048, apply_ms_p50=30.970632, apply_ms_p95=45.873195, apply_ms_p99=49.136245, apply_ms_samples=2048, tick_ms_p50=0.855914, tick_ms_p95=1.729025, tick_ms_p99=2.216111, tick_ms_samples=1367, delivery_ms_p50=149.156236, delivery_ms_p95=199.51082, delivery_ms_p99=249.165285, delivery_ms_samples=124, sql_ms_p50=41.188834, sql_ms_p95=93.022266, sql_ms_p99=117.989362, sql_ms_samples=2048, db_transaction_ms_p50=9.543634, db_transaction_ms_p95=77.11935, db_transaction_ms_p99=102.519971, db_transaction_ms_samples=2048, db_connection_wait_ms_p50=0.003846, db_connection_wait_ms_p95=4.779123, db_connection_wait_ms_p99=23.169305, db_connection_wait_ms_samples=2048, db_transactions=22499, db_transaction_attempts=22501, db_statements=482539, db_deadlock_retries=0, db_active_connections=2, wal_writes=43595, wal_bytes=6552059, wal_identical_skipped=1, wal_barrier_ms_p50=1.097547, wal_barrier_ms_p95=2.906943, wal_barrier_ms_p99=5.026925, wal_barrier_ms_samples=2048, completion_admitted=4, ready_channels=4, ready_devices=872, closing_devices=0, mc_recorded_tick_ms_avg100=1.640175, mc_target_ticks_per_second=20.0}
",28692.883979973,28692.887861579,1000,1000,1000,1000,51744000,50116000,751.095701,14409,"BULK count=1000 spawned=1000 registered=1000 bound=1000 accepted=51744000 extracted=50116000 fixture_ms_total=751.095701 fixture_ticks=14409
",28692.888103242,28692.888737965,213.65,2795808,55,831545344,834068480,6580236288,804323328,27123712,275,395313152,329884979,40.49886965627231
272,2026-10-06T16:31:39.430213+00:00,544.0039162889989,11,ACTIVE_observed,False,1.9999443429987878,0.009226263002346968,,0,1000,1000,0,0,12399,0,0,0,0,0,53833,52064000,50538000,45444,47928,0,60340,4605,161001,13683,23754,438,0.001222,0.00656,0.012258,2048,0.145343,18.54729,28.465037,2048,41.599472,93.693909,118.191677,2048,31.093544,45.960248,49.157572,2048,0.856996,1.723336,2.216111,1407,149.174761,199.515843,249.165285,128,41.599082,93.693528,118.191167,2048,9.341571,78.062653,102.869325,2048,0.003746,4.546965,22.897086,2048,22663,22665,486832,0,2,43977,6609425,2,1.080922,2.830859,5.032504,2048,4,4,919,0,1.515152,20.0,"STATUS online tickets=0 {registered_loaded_endpoints=1000, active_endpoints=1000, worker_queue=0, actual_tickets=0, transactions=12399, errors=0, queue_rejected=0, quarantined=0, deferred_registry_decodes=0, dropped_wake_hints=0, local_exchange_calls=53833, local_input_units=52064000, local_output_units=50538000, batch_devices=45444, batch_records=47928, batch_payload_bytes=0, local_wakes=60340, remote_hint_wakes=4605, poll_fallback=161001, empty_batches=13683, allocation_misses=23754, local_credit_publications=438, local_ms_p50=0.001222, local_ms_p95=0.00656, local_ms_p99=0.012258, local_ms_samples=2048, queue_ms_p50=0.145343, queue_ms_p95=18.54729, queue_ms_p99=28.465037, queue_ms_samples=2048, execution_ms_p50=41.599472, execution_ms_p95=93.693909, execution_ms_p99=118.191677, execution_ms_samples=2048, apply_ms_p50=31.093544, apply_ms_p95=45.960248, apply_ms_p99=49.157572, apply_ms_samples=2048, tick_ms_p50=0.856996, tick_ms_p95=1.723336, tick_ms_p99=2.216111, tick_ms_samples=1407, delivery_ms_p50=149.174761, delivery_ms_p95=199.515843, delivery_ms_p99=249.165285, delivery_ms_samples=128, sql_ms_p50=41.599082, sql_ms_p95=93.693528, sql_ms_p99=118.191167, sql_ms_samples=2048, db_transaction_ms_p50=9.341571, db_transaction_ms_p95=78.062653, db_transaction_ms_p99=102.869325, db_transaction_ms_samples=2048, db_connection_wait_ms_p50=0.003746, db_connection_wait_ms_p95=4.546965, db_connection_wait_ms_p99=22.897086, db_connection_wait_ms_samples=2048, db_transactions=22663, db_transaction_attempts=22665, db_statements=486832, db_deadlock_retries=0, db_active_connections=2, wal_writes=43977, wal_bytes=6609425, wal_identical_skipped=2, wal_barrier_ms_p50=1.080922, wal_barrier_ms_p95=2.830859, wal_barrier_ms_p99=5.032504, wal_barrier_ms_samples=2048, completion_admitted=4, ready_channels=4, ready_devices=919, closing_devices=0, mc_recorded_tick_ms_avg100=1.515152, mc_target_ticks_per_second=20.0}
",28694.883840922,28694.889950672,1000,1000,1000,1000,52064000,50538000,755.364133,14449,"BULK count=1000 spawned=1000 registered=1000 bound=1000 accepted=52064000 extracted=50538000 fixture_ms_total=755.364133 fixture_ticks=14449
",28694.890082149,28694.890882901,214.59,2795808,55,831594496,834068480,6580236288,804372480,27123712,274,,,47.00130797592738
273,2026-10-06T16:31:41.430213+00:00,546.0039155980012,11,ACTIVE_observed,False,1.9999993090023054,0.00450171699776547,,0,1000,1000,0,0,12505,0,0,0,0,0,54162,52384000,50780000,45916,48410,0,60709,4651,161641,13683,23991,442,0.001222,0.006409,0.010736,2048,0.14314,18.528623,28.465037,2048,41.568771,93.279793,117.673192,2048,31.093544,46.075565,49.166456,2048,0.855914,1.723336,2.216111,1447,149.174761,199.515843,249.165285,132,41.56825,93.279292,117.672722,2048,9.272476,78.396479,102.519971,2048,0.003665,4.493765,24.270451,2048,22834,22835,491577,0,1,44466,6680746,2,1.076045,2.902036,5.005102,2048,4,4,889,0,1.43865,20.0,"STATUS online tickets=0 {registered_loaded_endpoints=1000, active_endpoints=1000, worker_queue=0, actual_tickets=0, transactions=12505, errors=0, queue_rejected=0, quarantined=0, deferred_registry_decodes=0, dropped_wake_hints=0, local_exchange_calls=54162, local_input_units=52384000, local_output_units=50780000, batch_devices=45916, batch_records=48410, batch_payload_bytes=0, local_wakes=60709, remote_hint_wakes=4651, poll_fallback=161641, empty_batches=13683, allocation_misses=23991, local_credit_publications=442, local_ms_p50=0.001222, local_ms_p95=0.006409, local_ms_p99=0.010736, local_ms_samples=2048, queue_ms_p50=0.14314, queue_ms_p95=18.528623, queue_ms_p99=28.465037, queue_ms_samples=2048, execution_ms_p50=41.568771, execution_ms_p95=93.279793, execution_ms_p99=117.673192, execution_ms_samples=2048, apply_ms_p50=31.093544, apply_ms_p95=46.075565, apply_ms_p99=49.166456, apply_ms_samples=2048, tick_ms_p50=0.855914, tick_ms_p95=1.723336, tick_ms_p99=2.216111, tick_ms_samples=1447, delivery_ms_p50=149.174761, delivery_ms_p95=199.515843, delivery_ms_p99=249.165285, delivery_ms_samples=132, sql_ms_p50=41.56825, sql_ms_p95=93.279292, sql_ms_p99=117.672722, sql_ms_samples=2048, db_transaction_ms_p50=9.272476, db_transaction_ms_p95=78.396479, db_transaction_ms_p99=102.519971, db_transaction_ms_samples=2048, db_connection_wait_ms_p50=0.003665, db_connection_wait_ms_p95=4.493765, db_connection_wait_ms_p99=24.270451, db_connection_wait_ms_samples=2048, db_transactions=22834, db_transaction_attempts=22835, db_statements=491577, db_deadlock_retries=0, db_active_connections=1, wal_writes=44466, wal_bytes=6680746, wal_identical_skipped=2, wal_barrier_ms_p50=1.076045, wal_barrier_ms_p95=2.902036, wal_barrier_ms_p99=5.005102, wal_barrier_ms_samples=2048, completion_admitted=4, ready_channels=4, ready_devices=889, closing_devices=0, mc_recorded_tick_ms_avg100=1.43865, mc_target_ticks_per_second=20.0}
",28696.883832188,28696.88661133,1000,1000,1000,1000,52384000,50780000,758.030657,14489,"BULK count=1000 spawned=1000 registered=1000 bound=1000 accepted=52384000 extracted=50780000 fixture_ms_total=758.030657 fixture_ticks=14489
",28696.88672484,28696.887305512,215.44,2795808,55,831545344,834068480,6580236288,804323328,27123712,274,,,42.5000146837058
274,2026-10-06T16:31:43.430197+00:00,548.0038985469982,11,ACTIVE_observed,False,1.999982948997058,0.00435678000212647,,0,1000,1000,0,0,12616,0,0,0,0,0,54495,52704000,51144000,46404,48918,0,61082,4702,162281,13683,24269,445,0.001222,0.006149,0.010145,2048,0.12323,18.136646,26.764584,2048,40.97264,91.661564,115.849745,2048,31.044975,45.74944,49.157572,2048,0.856996,1.729025,2.372906,1487,149.191286,199.515843,249.165285,135,40.972049,91.660983,115.849295,2048,9.199276,78.451775,102.519971,2048,0.003595,4.316709,23.144421,2048,23010,23012,496155,0,2,44895,6744887,2,1.051828,2.902036,5.287767,2048,4,4,908,0,1.470822,20.0,"STATUS online tickets=0 {registered_loaded_endpoints=1000, active_endpoints=1000, worker_queue=0, actual_tickets=0, transactions=12616, errors=0, queue_rejected=0, quarantined=0, deferred_registry_decodes=0, dropped_wake_hints=0, local_exchange_calls=54495, local_input_units=52704000, local_output_units=51144000, batch_devices=46404, batch_records=48918, batch_payload_bytes=0, local_wakes=61082, remote_hint_wakes=4702, poll_fallback=162281, empty_batches=13683, allocation_misses=24269, local_credit_publications=445, local_ms_p50=0.001222, local_ms_p95=0.006149, local_ms_p99=0.010145, local_ms_samples=2048, queue_ms_p50=0.12323, queue_ms_p95=18.136646, queue_ms_p99=26.764584, queue_ms_samples=2048, execution_ms_p50=40.97264, execution_ms_p95=91.661564, execution_ms_p99=115.849745, execution_ms_samples=2048, apply_ms_p50=31.044975, apply_ms_p95=45.74944, apply_ms_p99=49.157572, apply_ms_samples=2048, tick_ms_p50=0.856996, tick_ms_p95=1.729025, tick_ms_p99=2.372906, tick_ms_samples=1487, delivery_ms_p50=149.191286, delivery_ms_p95=199.515843, delivery_ms_p99=249.165285, delivery_ms_samples=135, sql_ms_p50=40.972049, sql_ms_p95=91.660983, sql_ms_p99=115.849295, sql_ms_samples=2048, db_transaction_ms_p50=9.199276, db_transaction_ms_p95=78.451775, db_transaction_ms_p99=102.519971, db_transaction_ms_samples=2048, db_connection_wait_ms_p50=0.003595, db_connection_wait_ms_p95=4.316709, db_connection_wait_ms_p99=23.144421, db_connection_wait_ms_samples=2048, db_transactions=23010, db_transaction_attempts=23012, db_statements=496155, db_deadlock_retries=0, db_active_connections=2, wal_writes=44895, wal_bytes=6744887, wal_identical_skipped=2, wal_barrier_ms_p50=1.051828, wal_barrier_ms_p95=2.902036, wal_barrier_ms_p99=5.287767, wal_barrier_ms_samples=2048, completion_admitted=4, ready_channels=4, ready_devices=908, closing_devices=0, mc_recorded_tick_ms_avg100=1.470822, mc_target_ticks_per_second=20.0}
",28698.883787056,28698.88633482,1000,1000,1000,1000,52704000,51144000,761.202305,14529,"BULK count=1000 spawned=1000 registered=1000 bound=1000 accepted=52704000 extracted=51144000 fixture_ms_total=761.202305 fixture_ticks=14529
",28698.886476833,28698.887118166,216.21,2795808,55,831672320,834068480,6580355072,804450304,27123712,274,,,38.500328234605504
275,2026-10-06T16:31:45.430215+00:00,550.0039176460014,11,ACTIVE_observed,False,2.0000190990031115,0.006760177999240113,,0,1000,1000,0,0,12723,0,0,0,0,0,54829,53024000,51529000,46908,49439,0,61456,4748,162921,13683,24528,449,0.001292,0.006009,0.009063,2048,0.117201,17.351666,24.943112,2048,40.095413,89.52036,113.135301,2048,31.22422,45.960248,49.136245,2048,0.85898,1.729025,2.297168,1527,149.199432,199.515843,249.165285,139,40.095082,89.52007,113.13489,2048,9.305318,78.451775,102.736835,2048,0.003575,4.316709,22.897086,2048,23174,23175,500987,0,1,45367,6814031,2,1.036255,3.053313,5.40893,2048,4,4,891,0,1.520142,20.0,"STATUS online tickets=0 {registered_loaded_endpoints=1000, active_endpoints=1000, worker_queue=0, actual_tickets=0, transactions=12723, errors=0, queue_rejected=0, quarantined=0, deferred_registry_decodes=0, dropped_wake_hints=0, local_exchange_calls=54829, local_input_units=53024000, local_output_units=51529000, batch_devices=46908, batch_records=49439, batch_payload_bytes=0, local_wakes=61456, remote_hint_wakes=4748, poll_fallback=162921, empty_batches=13683, allocation_misses=24528, local_credit_publications=449, local_ms_p50=0.001292, local_ms_p95=0.006009, local_ms_p99=0.009063, local_ms_samples=2048, queue_ms_p50=0.117201, queue_ms_p95=17.351666, queue_ms_p99=24.943112, queue_ms_samples=2048, execution_ms_p50=40.095413, execution_ms_p95=89.52036, execution_ms_p99=113.135301, execution_ms_samples=2048, apply_ms_p50=31.22422, apply_ms_p95=45.960248, apply_ms_p99=49.136245, apply_ms_samples=2048, tick_ms_p50=0.85898, tick_ms_p95=1.729025, tick_ms_p99=2.297168, tick_ms_samples=1527, delivery_ms_p50=149.199432, delivery_ms_p95=199.515843, delivery_ms_p99=249.165285, delivery_ms_samples=139, sql_ms_p50=40.095082, sql_ms_p95=89.52007, sql_ms_p99=113.13489, sql_ms_samples=2048, db_transaction_ms_p50=9.305318, db_transaction_ms_p95=78.451775, db_transaction_ms_p99=102.736835, db_transaction_ms_samples=2048, db_connection_wait_ms_p50=0.003575, db_connection_wait_ms_p95=4.316709, db_connection_wait_ms_p99=22.897086, db_connection_wait_ms_samples=2048, db_transactions=23174, db_transaction_attempts=23175, db_statements=500987, db_deadlock_retries=0, db_active_connections=1, wal_writes=45367, wal_bytes=6814031, wal_identical_skipped=2, wal_barrier_ms_p50=1.036255, wal_barrier_ms_p95=3.053313, wal_barrier_ms_p99=5.40893, wal_barrier_ms_samples=2048, completion_admitted=4, ready_channels=4, ready_devices=891, closing_devices=0, mc_recorded_tick_ms_avg100=1.520142, mc_target_ticks_per_second=20.0}
",28700.883815028,28700.888351848,1000,1000,1000,1000,53024000,51529000,764.113798,14569,"BULK count=1000 spawned=1000 registered=1000 bound=1000 accepted=53024000 extracted=51529000 fixture_ms_total=764.113798 fixture_ticks=14569
",28700.888520521,28700.889294433,217.04,2795808,56,832319488,834068480,6580371456,805097472,27123712,274,,,41.49960369946911
276,2026-10-06T16:31:47.430265+00:00,552.0039670160004,11,ACTIVE_observed,False,2.000049369999033,0.008334409998496994,,0,1000,1000,0,0,12831,0,0,0,0,0,55158,53344000,51816000,47372,49919,0,61825,4795,163561,13683,24784,452,0.001322,0.005929,0.009274,2048,0.117832,17.165516,24.920766,2048,39.826357,88.915126,113.135301,2048,31.288806,45.801282,49.018031,2048,0.859029,1.729025,2.372906,1567,149.191286,199.51082,249.165285,142,39.825786,88.914435,113.13489,2048,9.257736,78.968013,102.869325,2048,0.003535,3.927084,22.712728,2048,23345,23347,505519,0,2,45815,6880111,2,1.042534,3.352051,6.179045,2048,4,4,892,0,1.481009,20.0,"STATUS online tickets=0 {registered_loaded_endpoints=1000, active_endpoints=1000, worker_queue=0, actual_tickets=0, transactions=12831, errors=0, queue_rejected=0, quarantined=0, deferred_registry_decodes=0, dropped_wake_hints=0, local_exchange_calls=55158, local_input_units=53344000, local_output_units=51816000, batch_devices=47372, batch_records=49919, batch_payload_bytes=0, local_wakes=61825, remote_hint_wakes=4795, poll_fallback=163561, empty_batches=13683, allocation_misses=24784, local_credit_publications=452, local_ms_p50=0.001322, local_ms_p95=0.005929, local_ms_p99=0.009274, local_ms_samples=2048, queue_ms_p50=0.117832, queue_ms_p95=17.165516, queue_ms_p99=24.920766, queue_ms_samples=2048, execution_ms_p50=39.826357, execution_ms_p95=88.915126, execution_ms_p99=113.135301, execution_ms_samples=2048, apply_ms_p50=31.288806, apply_ms_p95=45.801282, apply_ms_p99=49.018031, apply_ms_samples=2048, tick_ms_p50=0.859029, tick_ms_p95=1.729025, tick_ms_p99=2.372906, tick_ms_samples=1567, delivery_ms_p50=149.191286, delivery_ms_p95=199.51082, delivery_ms_p99=249.165285, delivery_ms_samples=142, sql_ms_p50=39.825786, sql_ms_p95=88.914435, sql_ms_p99=113.13489, sql_ms_samples=2048, db_transaction_ms_p50=9.257736, db_transaction_ms_p95=78.968013, db_transaction_ms_p99=102.869325, db_transaction_ms_samples=2048, db_connection_wait_ms_p50=0.003535, db_connection_wait_ms_p95=3.927084, db_connection_wait_ms_p99=22.712728, db_connection_wait_ms_samples=2048, db_transactions=23345, db_transaction_attempts=23347, db_statements=505519, db_deadlock_retries=0, db_active_connections=2, wal_writes=45815, wal_bytes=6880111, wal_identical_skipped=2, wal_barrier_ms_p50=1.042534, wal_barrier_ms_p95=3.352051, wal_barrier_ms_p99=6.179045, wal_barrier_ms_samples=2048, completion_admitted=4, ready_channels=4, ready_devices=892, closing_devices=0, mc_recorded_tick_ms_avg100=1.481009, mc_target_ticks_per_second=20.0}
",28702.883871989,28702.889696832,1000,1000,1000,1000,53344000,51816000,766.900225,14609,"BULK count=1000 spawned=1000 registered=1000 bound=1000 accepted=53344000 extracted=51816000 fixture_ms_total=766.900225 fixture_ticks=14609
",28702.889961189,28702.890873118,218.19,2795808,55,834912256,834912256,6580371456,807690240,27123712,274,,,57.4985806475648
277,2026-10-06T16:31:49.430252+00:00,554.0039525489992,11,ACTIVE_observed,False,1.999985532998835,0.3094462510016456,,0,1000,1000,0,0,12933,0,0,0,0,0,55487,53664000,52079000,47852,50413,0,62194,4840,164201,13683,25061,458,0.001442,0.006169,0.010066,2048,0.111222,17.417823,24.920766,2048,39.81506,88.94782,113.135301,2048,31.33969,45.801282,49.062963,2048,0.855914,1.723336,2.297168,1607,149.225654,199.51082,249.165285,148,39.814579,88.946949,113.13489,2048,9.257736,78.968013,103.409825,2048,0.003535,3.884811,22.897086,2048,23510,23513,509852,0,3,46219,6939995,2,1.045239,3.429468,6.162644,2048,4,4,923,0,1.393965,20.0,"STATUS online tickets=0 {registered_loaded_endpoints=1000, active_endpoints=1000, worker_queue=0, actual_tickets=0, transactions=12933, errors=0, queue_rejected=0, quarantined=0, deferred_registry_decodes=0, dropped_wake_hints=0, local_exchange_calls=55487, local_input_units=53664000, local_output_units=52079000, batch_devices=47852, batch_records=50413, batch_payload_bytes=0, local_wakes=62194, remote_hint_wakes=4840, poll_fallback=164201, empty_batches=13683, allocation_misses=25061, local_credit_publications=458, local_ms_p50=0.001442, local_ms_p95=0.006169, local_ms_p99=0.010066, local_ms_samples=2048, queue_ms_p50=0.111222, queue_ms_p95=17.417823, queue_ms_p99=24.920766, queue_ms_samples=2048, execution_ms_p50=39.81506, execution_ms_p95=88.94782, execution_ms_p99=113.135301, execution_ms_samples=2048, apply_ms_p50=31.33969, apply_ms_p95=45.801282, apply_ms_p99=49.062963, apply_ms_samples=2048, tick_ms_p50=0.855914, tick_ms_p95=1.723336, tick_ms_p99=2.297168, tick_ms_samples=1607, delivery_ms_p50=149.225654, delivery_ms_p95=199.51082, delivery_ms_p99=249.165285, delivery_ms_samples=148, sql_ms_p50=39.814579, sql_ms_p95=88.946949, sql_ms_p99=113.13489, sql_ms_samples=2048, db_transaction_ms_p50=9.257736, db_transaction_ms_p95=78.968013, db_transaction_ms_p99=103.409825, db_transaction_ms_samples=2048, db_connection_wait_ms_p50=0.003535, db_connection_wait_ms_p95=3.884811, db_connection_wait_ms_p99=22.897086, db_connection_wait_ms_samples=2048, db_transactions=23510, db_transaction_attempts=23513, db_statements=509852, db_deadlock_retries=0, db_active_connections=3, wal_writes=46219, wal_bytes=6939995, wal_identical_skipped=2, wal_barrier_ms_p50=1.045239, wal_barrier_ms_p95=3.429468, wal_barrier_ms_p99=6.162644, wal_barrier_ms_samples=2048, completion_admitted=4, ready_channels=4, ready_devices=923, closing_devices=0, mc_recorded_tick_ms_avg100=1.393965, mc_target_ticks_per_second=20.0}
",28704.883914017,28704.886390997,1000,1000,1000,1000,53664000,52079000,769.257433,14649,"BULK count=1000 spawned=1000 registered=1000 bound=1000 accepted=53664000 extracted=52079000 fixture_ms_total=769.257433 fixture_ticks=14649
",28704.8865726,28704.887656337,219.11,2795808,55,840105984,844914688,6580371456,812883968,27123712,274,395313152,311961702,46.00033274343449
278,2026-10-06T16:31:51.430368+00:00,556.0039196020007,11,ACTIVE_observed,False,1.9999670530014555,0.007982045997778187,,0,1000,1000,0,0,13037,0,0,0,0,0,55827,53984000,52597000,48292,50862,0,62574,4887,164841,13683,25297,463,0.001362,0.006169,0.009885,2048,0.108268,17.407059,24.920766,2048,39.826357,89.558833,113.135301,2048,31.32356,45.672068,49.055115,2048,0.856996,1.715416,2.372906,1647,149.199432,199.51082,249.165285,153,39.825786,89.52007,113.13489,2048,9.044084,80.005688,104.06824,2048,0.003535,3.729388,23.144421,2048,23679,23681,514245,0,2,46648,7002960,2,1.062395,3.618241,6.179045,2048,4,4,924,0,1.418649,20.0,"STATUS online tickets=0 {registered_loaded_endpoints=1000, active_endpoints=1000, worker_queue=0, actual_tickets=0, transactions=13037, errors=0, queue_rejected=0, quarantined=0, deferred_registry_decodes=0, dropped_wake_hints=0, local_exchange_calls=55827, local_input_units=53984000, local_output_units=52597000, batch_devices=48292, batch_records=50862, batch_payload_bytes=0, local_wakes=62574, remote_hint_wakes=4887, poll_fallback=164841, empty_batches=13683, allocation_misses=25297, local_credit_publications=463, local_ms_p50=0.001362, local_ms_p95=0.006169, local_ms_p99=0.009885, local_ms_samples=2048, queue_ms_p50=0.108268, queue_ms_p95=17.407059, queue_ms_p99=24.920766, queue_ms_samples=2048, execution_ms_p50=39.826357, execution_ms_p95=89.558833, execution_ms_p99=113.135301, execution_ms_samples=2048, apply_ms_p50=31.32356, apply_ms_p95=45.672068, apply_ms_p99=49.055115, apply_ms_samples=2048, tick_ms_p50=0.856996, tick_ms_p95=1.715416, tick_ms_p99=2.372906, tick_ms_samples=1647, delivery_ms_p50=149.199432, delivery_ms_p95=199.51082, delivery_ms_p99=249.165285, delivery_ms_samples=153, sql_ms_p50=39.825786, sql_ms_p95=89.52007, sql_ms_p99=113.13489, sql_ms_samples=2048, db_transaction_ms_p50=9.044084, db_transaction_ms_p95=80.005688, db_transaction_ms_p99=104.06824, db_transaction_ms_samples=2048, db_connection_wait_ms_p50=0.003535, db_connection_wait_ms_p95=3.729388, db_connection_wait_ms_p99=23.144421, db_connection_wait_ms_samples=2048, db_transactions=23679, db_transaction_attempts=23681, db_statements=514245, db_deadlock_retries=0, db_active_connections=2, wal_writes=46648, wal_bytes=7002960, wal_identical_skipped=2, wal_barrier_ms_p50=1.062395, wal_barrier_ms_p95=3.618241, wal_barrier_ms_p99=6.179045, wal_barrier_ms_samples=2048, completion_admitted=4, ready_channels=4, ready_devices=924, closing_devices=0, mc_recorded_tick_ms_avg100=1.418649, mc_target_ticks_per_second=20.0}
",28706.883984626,28706.886785512,1000,1000,1000,1000,53984000,52597000,772.400999,14689,"BULK count=1000 spawned=1000 registered=1000 bound=1000 accepted=53984000 extracted=52597000 fixture_ms_total=772.400999 fixture_ticks=14689
",28706.886903279,28706.888210592,219.91,2795808,55,840114176,844914688,6580371456,812892160,27123712,274,,,40.00065895082526
279,2026-10-06T16:31:53.430209+00:00,558.0039107170014,11,ACTIVE_observed,False,1.9999911150007392,0.007440692999807652,,0,1000,1000,0,0,13145,0,0,0,0,0,56160,54304000,52934000,48772,51365,0,62947,4935,165481,13683,25548,465,0.001362,0.006079,0.009184,2048,0.107827,17.351666,24.849396,2048,40.108949,89.52036,113.137963,2048,31.525481,45.554797,49.018031,2048,0.859029,1.703137,2.372906,1687,149.225654,199.51082,249.165285,155,40.108208,89.265338,113.137382,2048,8.961079,78.930016,102.736835,2048,0.003485,3.641275,22.897086,2048,23852,23854,518965,0,2,47111,7071231,2,1.040733,3.406207,5.726886,2048,4,4,922,0,1.428004,20.0,"STATUS online tickets=0 {registered_loaded_endpoints=1000, active_endpoints=1000, worker_queue=0, actual_tickets=0, transactions=13145, errors=0, queue_rejected=0, quarantined=0, deferred_registry_decodes=0, dropped_wake_hints=0, local_exchange_calls=56160, local_input_units=54304000, local_output_units=52934000, batch_devices=48772, batch_records=51365, batch_payload_bytes=0, local_wakes=62947, remote_hint_wakes=4935, poll_fallback=165481, empty_batches=13683, allocation_misses=25548, local_credit_publications=465, local_ms_p50=0.001362, local_ms_p95=0.006079, local_ms_p99=0.009184, local_ms_samples=2048, queue_ms_p50=0.107827, queue_ms_p95=17.351666, queue_ms_p99=24.849396, queue_ms_samples=2048, execution_ms_p50=40.108949, execution_ms_p95=89.52036, execution_ms_p99=113.137963, execution_ms_samples=2048, apply_ms_p50=31.525481, apply_ms_p95=45.554797, apply_ms_p99=49.018031, apply_ms_samples=2048, tick_ms_p50=0.859029, tick_ms_p95=1.703137, tick_ms_p99=2.372906, tick_ms_samples=1687, delivery_ms_p50=149.225654, delivery_ms_p95=199.51082, delivery_ms_p99=249.165285, delivery_ms_samples=155, sql_ms_p50=40.108208, sql_ms_p95=89.265338, sql_ms_p99=113.137382, sql_ms_samples=2048, db_transaction_ms_p50=8.961079, db_transaction_ms_p95=78.930016, db_transaction_ms_p99=102.736835, db_transaction_ms_samples=2048, db_connection_wait_ms_p50=0.003485, db_connection_wait_ms_p95=3.641275, db_connection_wait_ms_p99=22.897086, db_connection_wait_ms_samples=2048, db_transactions=23852, db_transaction_attempts=23854, db_statements=518965, db_deadlock_retries=0, db_active_connections=2, wal_writes=47111, wal_bytes=7071231, wal_identical_skipped=2, wal_barrier_ms_p50=1.040733, wal_barrier_ms_p95=3.406207, wal_barrier_ms_p99=5.726886, wal_barrier_ms_samples=2048, completion_admitted=4, ready_channels=4, ready_devices=922, closing_devices=0, mc_recorded_tick_ms_avg100=1.428004, mc_target_ticks_per_second=20.0}
",28708.883823091,28708.887642105,1000,1000,1000,1000,54304000,52934000,775.059751,14729,"BULK count=1000 spawned=1000 registered=1000 bound=1000 accepted=54304000 extracted=52934000 fixture_ms_total=775.059751 fixture_ticks=14729
",28708.887896818,28708.889814718,220.74,2795808,54,840151040,844914688,6580371456,812929024,27123712,274,,,41.50018436455433
280,2026-10-06T16:31:55.430215+00:00,560.003916701,11,ACTIVE_observed,False,2.0000059839985624,0.005498051999893505,,0,1000,1000,0,0,13246,0,0,0,0,0,56492,54624000,53260000,49212,51818,0,63319,4982,166121,13683,25788,469,0.001232,0.006139,0.009264,2048,0.112008,17.45295,24.943112,2048,40.095413,89.95761,114.63516,2048,31.524657,45.56058,49.018031,2048,0.859029,1.711038,2.362126,1727,149.199432,199.51082,249.165285,159,40.095082,89.95713,114.634609,2048,8.799068,79.698774,102.519971,2048,0.003405,3.324314,22.712728,2048,24018,24021,523202,0,3,47519,7131983,2,1.043436,3.388348,5.726886,2048,4,4,899,0,1.570944,20.0,"STATUS online tickets=0 {registered_loaded_endpoints=1000, active_endpoints=1000, worker_queue=0, actual_tickets=0, transactions=13246, errors=0, queue_rejected=0, quarantined=0, deferred_registry_decodes=0, dropped_wake_hints=0, local_exchange_calls=56492, local_input_units=54624000, local_output_units=53260000, batch_devices=49212, batch_records=51818, batch_payload_bytes=0, local_wakes=63319, remote_hint_wakes=4982, poll_fallback=166121, empty_batches=13683, allocation_misses=25788, local_credit_publications=469, local_ms_p50=0.001232, local_ms_p95=0.006139, local_ms_p99=0.009264, local_ms_samples=2048, queue_ms_p50=0.112008, queue_ms_p95=17.45295, queue_ms_p99=24.943112, queue_ms_samples=2048, execution_ms_p50=40.095413, execution_ms_p95=89.95761, execution_ms_p99=114.63516, execution_ms_samples=2048, apply_ms_p50=31.524657, apply_ms_p95=45.56058, apply_ms_p99=49.018031, apply_ms_samples=2048, tick_ms_p50=0.859029, tick_ms_p95=1.711038, tick_ms_p99=2.362126, tick_ms_samples=1727, delivery_ms_p50=149.199432, delivery_ms_p95=199.51082, delivery_ms_p99=249.165285, delivery_ms_samples=159, sql_ms_p50=40.095082, sql_ms_p95=89.95713, sql_ms_p99=114.634609, sql_ms_samples=2048, db_transaction_ms_p50=8.799068, db_transaction_ms_p95=79.698774, db_transaction_ms_p99=102.519971, db_transaction_ms_samples=2048, db_connection_wait_ms_p50=0.003405, db_connection_wait_ms_p95=3.324314, db_connection_wait_ms_p99=22.712728, db_connection_wait_ms_samples=2048, db_transactions=24018, db_transaction_attempts=24021, db_statements=523202, db_deadlock_retries=0, db_active_connections=3, wal_writes=47519, wal_bytes=7131983, wal_identical_skipped=2, wal_barrier_ms_p50=1.043436, wal_barrier_ms_p95=3.388348, wal_barrier_ms_p99=5.726886, wal_barrier_ms_samples=2048, completion_admitted=4, ready_channels=4, ready_devices=899, closing_devices=0, mc_recorded_tick_ms_avg100=1.570944, mc_target_ticks_per_second=20.0}
",28710.883874513,28710.887112133,1000,1000,1000,1000,54624000,53260000,778.206828,14769,"BULK count=1000 spawned=1000 registered=1000 bound=1000 accepted=54624000 extracted=53260000 fixture_ms_total=778.206828 fixture_ticks=14769
",28710.887269308,28710.888086645,221.53,2795808,54,840187904,844914688,6580371456,812965888,27123712,274,,,39.4998818163816
281,2026-10-06T16:31:57.430208+00:00,562.0039106680015,11,ACTIVE_observed,False,1.999993967001501,0.004879850999714108,,0,1000,1000,0,0,13348,0,0,0,0,0,56821,54944000,53508000,49644,52268,0,63688,5029,166761,13683,26025,473,0.001262,0.00641,0.009554,2048,0.108268,18.076459,25.892855,2048,40.095413,90.49591,114.63516,2048,31.303052,45.542412,49.018031,2048,0.859901,1.715416,2.402696,1767,149.200171,199.51082,249.165285,163,40.095082,90.49534,114.634609,2048,8.769193,80.636126,104.06824,2048,0.003415,3.328125,22.897086,2048,24185,24187,527383,0,2,47930,7192986,2,1.043837,3.299927,5.499393,2048,4,4,896,0,1.65206,20.0,"STATUS online tickets=0 {registered_loaded_endpoints=1000, active_endpoints=1000, worker_queue=0, actual_tickets=0, transactions=13348, errors=0, queue_rejected=0, quarantined=0, deferred_registry_decodes=0, dropped_wake_hints=0, local_exchange_calls=56821, local_input_units=54944000, local_output_units=53508000, batch_devices=49644, batch_records=52268, batch_payload_bytes=0, local_wakes=63688, remote_hint_wakes=5029, poll_fallback=166761, empty_batches=13683, allocation_misses=26025, local_credit_publications=473, local_ms_p50=0.001262, local_ms_p95=0.00641, local_ms_p99=0.009554, local_ms_samples=2048, queue_ms_p50=0.108268, queue_ms_p95=18.076459, queue_ms_p99=25.892855, queue_ms_samples=2048, execution_ms_p50=40.095413, execution_ms_p95=90.49591, execution_ms_p99=114.63516, execution_ms_samples=2048, apply_ms_p50=31.303052, apply_ms_p95=45.542412, apply_ms_p99=49.018031, apply_ms_samples=2048, tick_ms_p50=0.859901, tick_ms_p95=1.715416, tick_ms_p99=2.402696, tick_ms_samples=1767, delivery_ms_p50=149.200171, delivery_ms_p95=199.51082, delivery_ms_p99=249.165285, delivery_ms_samples=163, sql_ms_p50=40.095082, sql_ms_p95=90.49534, sql_ms_p99=114.634609, sql_ms_samples=2048, db_transaction_ms_p50=8.769193, db_transaction_ms_p95=80.636126, db_transaction_ms_p99=104.06824, db_transaction_ms_samples=2048, db_connection_wait_ms_p50=0.003415, db_connection_wait_ms_p95=3.328125, db_connection_wait_ms_p99=22.897086, db_connection_wait_ms_samples=2048, db_transactions=24185, db_transaction_attempts=24187, db_statements=527383, db_deadlock_retries=0, db_active_connections=2, wal_writes=47930, wal_bytes=7192986, wal_identical_skipped=2, wal_barrier_ms_p50=1.043837, wal_barrier_ms_p95=3.299927, wal_barrier_ms_p99=5.499393, wal_barrier_ms_samples=2048, completion_admitted=4, ready_channels=4, ready_devices=896, closing_devices=0, mc_recorded_tick_ms_avg100=1.65206, mc_target_ticks_per_second=20.0}
",28712.883855281,28712.887005313,1000,1000,1000,1000,54944000,53508000,781.390605,14809,"BULK count=1000 spawned=1000 registered=1000 bound=1000 accepted=54944000 extracted=53508000 fixture_ms_total=781.390605 fixture_ticks=14809
",28712.887117251,28712.88771551,222.34,2795808,54,840216576,844914688,6580371456,812994560,27123712,275,,,40.500122168588234
282,2026-10-06T16:31:59.430216+00:00,564.0039180880012,11,ACTIVE_observed,False,2.000007419999747,0.004610254996805452,,0,1000,1000,0,0,13453,0,0,0,0,0,57155,55264000,53857000,50092,52731,0,64062,5077,167401,13683,26266,478,0.001212,0.00669,0.01328,2048,0.106906,17.822979,25.892855,2048,40.143687,91.78449,114.855365,2048,31.303052,45.554797,49.018031,2048,0.857137,1.711038,2.372906,1807,149.199432,199.51082,249.165285,168,40.143246,91.783819,114.854804,2048,8.624086,80.636126,103.409825,2048,0.003396,2.175267,17.912983,2048,24355,24356,531917,0,1,48348,7255044,2,1.026092,3.257383,5.497682,2048,4,4,911,0,1.487068,20.0,"STATUS online tickets=0 {registered_loaded_endpoints=1000, active_endpoints=1000, worker_queue=0, actual_tickets=0, transactions=13453, errors=0, queue_rejected=0, quarantined=0, deferred_registry_decodes=0, dropped_wake_hints=0, local_exchange_calls=57155, local_input_units=55264000, local_output_units=53857000, batch_devices=50092, batch_records=52731, batch_payload_bytes=0, local_wakes=64062, remote_hint_wakes=5077, poll_fallback=167401, empty_batches=13683, allocation_misses=26266, local_credit_publications=478, local_ms_p50=0.001212, local_ms_p95=0.00669, local_ms_p99=0.01328, local_ms_samples=2048, queue_ms_p50=0.106906, queue_ms_p95=17.822979, queue_ms_p99=25.892855, queue_ms_samples=2048, execution_ms_p50=40.143687, execution_ms_p95=91.78449, execution_ms_p99=114.855365, execution_ms_samples=2048, apply_ms_p50=31.303052, apply_ms_p95=45.554797, apply_ms_p99=49.018031, apply_ms_samples=2048, tick_ms_p50=0.857137, tick_ms_p95=1.711038, tick_ms_p99=2.372906, tick_ms_samples=1807, delivery_ms_p50=149.199432, delivery_ms_p95=199.51082, delivery_ms_p99=249.165285, delivery_ms_samples=168, sql_ms_p50=40.143246, sql_ms_p95=91.783819, sql_ms_p99=114.854804, sql_ms_samples=2048, db_transaction_ms_p50=8.624086, db_transaction_ms_p95=80.636126, db_transaction_ms_p99=103.409825, db_transaction_ms_samples=2048, db_connection_wait_ms_p50=0.003396, db_connection_wait_ms_p95=2.175267, db_connection_wait_ms_p99=17.912983, db_connection_wait_ms_samples=2048, db_transactions=24355, db_transaction_attempts=24356, db_statements=531917, db_deadlock_retries=0, db_active_connections=1, wal_writes=48348, wal_bytes=7255044, wal_identical_skipped=2, wal_barrier_ms_p50=1.026092, wal_barrier_ms_p95=3.257383, wal_barrier_ms_p99=5.497682, wal_barrier_ms_samples=2048, completion_admitted=4, ready_channels=4, ready_devices=911, closing_devices=0, mc_recorded_tick_ms_avg100=1.487068, mc_target_ticks_per_second=20.0}
",28714.883963412,28714.886317909,1000,1000,1000,1000,55264000,53857000,783.983227,14849,"BULK count=1000 spawned=1000 registered=1000 bound=1000 accepted=55264000 extracted=53857000 fixture_ms_total=783.983227 fixture_ticks=14849
",28714.886555005,28714.887308587,223.14,2795808,55,840314880,844914688,6580371456,813092864,27123712,274,,,39.99985160055477
283,2026-10-06T16:32:01.430668+00:00,566.0043703810006,11,ACTIVE_observed,False,2.000452292999398,0.3234988330004853,,0,1000,1000,0,0,13557,0,0,0,0,0,57488,55584000,54212000,50532,53188,0,64435,5127,168041,13683,26508,482,0.001262,0.00672,0.015503,2048,0.112008,18.085412,25.118467,2048,39.826357,92.38222,115.407202,2048,31.32356,45.56058,49.018031,2048,0.856066,1.711038,2.372906,1847,149.199432,199.51082,249.165285,172,39.825786,92.381089,115.406961,2048,8.531035,81.654644,103.409825,2048,0.003385,2.41135,18.730225,2048,24522,24524,536228,0,2,48771,7317611,2,1.026621,3.284268,5.497682,2048,4,4,913,0,1.377542,20.0,"STATUS online tickets=0 {registered_loaded_endpoints=1000, active_endpoints=1000, worker_queue=0, actual_tickets=0, transactions=13557, errors=0, queue_rejected=0, quarantined=0, deferred_registry_decodes=0, dropped_wake_hints=0, local_exchange_calls=57488, local_input_units=55584000, local_output_units=54212000, batch_devices=50532, batch_records=53188, batch_payload_bytes=0, local_wakes=64435, remote_hint_wakes=5127, poll_fallback=168041, empty_batches=13683, allocation_misses=26508, local_credit_publications=482, local_ms_p50=0.001262, local_ms_p95=0.00672, local_ms_p99=0.015503, local_ms_samples=2048, queue_ms_p50=0.112008, queue_ms_p95=18.085412, queue_ms_p99=25.118467, queue_ms_samples=2048, execution_ms_p50=39.826357, execution_ms_p95=92.38222, execution_ms_p99=115.407202, execution_ms_samples=2048, apply_ms_p50=31.32356, apply_ms_p95=45.56058, apply_ms_p99=49.018031, apply_ms_samples=2048, tick_ms_p50=0.856066, tick_ms_p95=1.711038, tick_ms_p99=2.372906, tick_ms_samples=1847, delivery_ms_p50=149.199432, delivery_ms_p95=199.51082, delivery_ms_p99=249.165285, delivery_ms_samples=172, sql_ms_p50=39.825786, sql_ms_p95=92.381089, sql_ms_p99=115.406961, sql_ms_samples=2048, db_transaction_ms_p50=8.531035, db_transaction_ms_p95=81.654644, db_transaction_ms_p99=103.409825, db_transaction_ms_samples=2048, db_connection_wait_ms_p50=0.003385, db_connection_wait_ms_p95=2.41135, db_connection_wait_ms_p99=18.730225, db_connection_wait_ms_samples=2048, db_transactions=24522, db_transaction_attempts=24524, db_statements=536228, db_deadlock_retries=0, db_active_connections=2, wal_writes=48771, wal_bytes=7317611, wal_identical_skipped=2, wal_barrier_ms_p50=1.026621, wal_barrier_ms_p95=3.284268, wal_barrier_ms_p99=5.497682, wal_barrier_ms_samples=2048, completion_admitted=4, ready_channels=4, ready_devices=913, closing_devices=0, mc_recorded_tick_ms_avg100=1.377542, mc_target_ticks_per_second=20.0}
",28716.884263797,28716.888813376,1000,1000,1000,1000,55584000,54212000,787.404684,14889,"BULK count=1000 spawned=1000 registered=1000 bound=1000 accepted=55584000 extracted=54212000 fixture_ms_total=787.404684 fixture_ticks=14889
",28716.888943311,28716.889929732,224.23,2795808,55,840372224,844914688,6580371456,813150208,27123712,275,395313152,277237964,54.487677802388426
284,2026-10-06T16:32:03.430216+00:00,568.0039195200006,11,ACTIVE_observed,False,1.9995491390000097,0.009470404998864979,,0,1000,1000,0,0,13658,0,0,0,0,0,57819,55904000,54529000,50972,53649,0,64806,5172,168681,13683,26742,485,0.001252,0.00647,0.010877,2048,0.122128,18.292082,25.892855,2048,39.9796,92.843769,118.191677,2048,31.177644,45.56058,49.018031,2048,0.856996,1.703137,2.372906,1887,149.199432,199.51082,249.165285,175,39.979469,92.843268,118.191167,2048,8.585787,82.297629,106.443398,2048,0.003396,3.136929,18.730225,2048,24686,24688,540514,0,2,49174,7377334,2,1.042044,3.299927,5.497682,2048,4,4,909,0,1.435189,20.0,"STATUS online tickets=0 {registered_loaded_endpoints=1000, active_endpoints=1000, worker_queue=0, actual_tickets=0, transactions=13658, errors=0, queue_rejected=0, quarantined=0, deferred_registry_decodes=0, dropped_wake_hints=0, local_exchange_calls=57819, local_input_units=55904000, local_output_units=54529000, batch_devices=50972, batch_records=53649, batch_payload_bytes=0, local_wakes=64806, remote_hint_wakes=5172, poll_fallback=168681, empty_batches=13683, allocation_misses=26742, local_credit_publications=485, local_ms_p50=0.001252, local_ms_p95=0.00647, local_ms_p99=0.010877, local_ms_samples=2048, queue_ms_p50=0.122128, queue_ms_p95=18.292082, queue_ms_p99=25.892855, queue_ms_samples=2048, execution_ms_p50=39.9796, execution_ms_p95=92.843769, execution_ms_p99=118.191677, execution_ms_samples=2048, apply_ms_p50=31.177644, apply_ms_p95=45.56058, apply_ms_p99=49.018031, apply_ms_samples=2048, tick_ms_p50=0.856996, tick_ms_p95=1.703137, tick_ms_p99=2.372906, tick_ms_samples=1887, delivery_ms_p50=149.199432, delivery_ms_p95=199.51082, delivery_ms_p99=249.165285, delivery_ms_samples=175, sql_ms_p50=39.979469, sql_ms_p95=92.843268, sql_ms_p99=118.191167, sql_ms_samples=2048, db_transaction_ms_p50=8.585787, db_transaction_ms_p95=82.297629, db_transaction_ms_p99=106.443398, db_transaction_ms_samples=2048, db_connection_wait_ms_p50=0.003396, db_connection_wait_ms_p95=3.136929, db_connection_wait_ms_p99=18.730225, db_connection_wait_ms_samples=2048, db_transactions=24686, db_transaction_attempts=24688, db_statements=540514, db_deadlock_retries=0, db_active_connections=2, wal_writes=49174, wal_bytes=7377334, wal_identical_skipped=2, wal_barrier_ms_p50=1.042044, wal_barrier_ms_p95=3.299927, wal_barrier_ms_p99=5.497682, wal_barrier_ms_samples=2048, completion_admitted=4, ready_channels=4, ready_devices=909, closing_devices=0, mc_recorded_tick_ms_avg100=1.435189, mc_target_ticks_per_second=20.0}
",28718.884081078,28718.89076459,1000,1000,1000,1000,55904000,54529000,790.501712,14929,"BULK count=1000 spawned=1000 registered=1000 bound=1000 accepted=55904000 extracted=54529000 fixture_ms_total=790.501712 fixture_ticks=14929
",28718.89088437,28718.891891692,225.04,2795808,55,840413184,844914688,6580371456,813191168,27123712,274,,,40.50913199387986
285,2026-10-06T16:32:05.430171+00:00,570.003873327998,11,ACTIVE_observed,False,1.9999538079973718,0.009837916000833502,,0,1000,1000,0,0,13758,0,0,0,0,0,58147,56224000,54745000,51412,54108,0,65174,5216,169321,13683,26998,488,0.001382,0.00648,0.011277,2048,0.127597,18.273224,25.118467,2048,40.426413,94.032302,118.419762,2048,31.22422,45.56058,48.999146,2048,0.857217,1.703137,2.372906,1927,149.199432,199.51082,249.165285,178,40.425913,94.031531,118.407654,2048,8.51427,82.768396,107.517019,2048,0.003385,3.119566,17.678996,2048,24851,24853,544741,0,2,49568,7435344,2,1.034954,3.2823,5.649691,2048,4,4,923,0,1.557911,20.0,"STATUS online tickets=0 {registered_loaded_endpoints=1000, active_endpoints=1000, worker_queue=0, actual_tickets=0, transactions=13758, errors=0, queue_rejected=0, quarantined=0, deferred_registry_decodes=0, dropped_wake_hints=0, local_exchange_calls=58147, local_input_units=56224000, local_output_units=54745000, batch_devices=51412, batch_records=54108, batch_payload_bytes=0, local_wakes=65174, remote_hint_wakes=5216, poll_fallback=169321, empty_batches=13683, allocation_misses=26998, local_credit_publications=488, local_ms_p50=0.001382, local_ms_p95=0.00648, local_ms_p99=0.011277, local_ms_samples=2048, queue_ms_p50=0.127597, queue_ms_p95=18.273224, queue_ms_p99=25.118467, queue_ms_samples=2048, execution_ms_p50=40.426413, execution_ms_p95=94.032302, execution_ms_p99=118.419762, execution_ms_samples=2048, apply_ms_p50=31.22422, apply_ms_p95=45.56058, apply_ms_p99=48.999146, apply_ms_samples=2048, tick_ms_p50=0.857217, tick_ms_p95=1.703137, tick_ms_p99=2.372906, tick_ms_samples=1927, delivery_ms_p50=149.199432, delivery_ms_p95=199.51082, delivery_ms_p99=249.165285, delivery_ms_samples=178, sql_ms_p50=40.425913, sql_ms_p95=94.031531, sql_ms_p99=118.407654, sql_ms_samples=2048, db_transaction_ms_p50=8.51427, db_transaction_ms_p95=82.768396, db_transaction_ms_p99=107.517019, db_transaction_ms_samples=2048, db_connection_wait_ms_p50=0.003385, db_connection_wait_ms_p95=3.119566, db_connection_wait_ms_p99=17.678996, db_connection_wait_ms_samples=2048, db_transactions=24851, db_transaction_attempts=24853, db_statements=544741, db_deadlock_retries=0, db_active_connections=2, wal_writes=49568, wal_bytes=7435344, wal_identical_skipped=2, wal_barrier_ms_p50=1.034954, wal_barrier_ms_p95=3.2823, wal_barrier_ms_p99=5.649691, wal_barrier_ms_samples=2048, completion_admitted=4, ready_channels=4, ready_devices=923, closing_devices=0, mc_recorded_tick_ms_avg100=1.557911, mc_target_ticks_per_second=20.0}
",28720.883767065,28720.889805585,1000,1000,1000,1000,56224000,54745000,793.171161,14969,"BULK count=1000 spawned=1000 registered=1000 bound=1000 accepted=56224000 extracted=54745000 fixture_ms_total=793.171161 fixture_ticks=14969
",28720.890046607,28720.892635905,225.84,2795808,55,840462336,844914688,6580371456,813240320,27123712,275,,,40.00092386139064
286,2026-10-06T16:32:07.430217+00:00,572.003918325001,11,ACTIVE_observed,False,2.0000449970029877,0.004647178997402079,,0,1000,1000,0,0,13864,0,0,0,0,0,58481,56544000,55110000,51876,54586,0,65548,5264,169961,13683,27231,492,0.001452,0.00649,0.011277,2048,0.118132,18.076459,24.840473,2048,40.143687,93.835551,117.086822,2048,31.225502,45.622964,48.904972,2048,0.856066,1.715416,2.402696,1967,149.200171,199.462884,249.165285,182,40.143246,93.834971,117.085981,2048,8.53387,83.047611,107.794065,2048,0.003475,3.324314,17.323793,2048,25022,25024,549294,0,2,50029,7503221,2,1.029487,3.228909,5.174223,2048,4,4,914,0,1.567984,20.0,"STATUS online tickets=0 {registered_loaded_endpoints=1000, active_endpoints=1000, worker_queue=0, actual_tickets=0, transactions=13864, errors=0, queue_rejected=0, quarantined=0, deferred_registry_decodes=0, dropped_wake_hints=0, local_exchange_calls=58481, local_input_units=56544000, local_output_units=55110000, batch_devices=51876, batch_records=54586, batch_payload_bytes=0, local_wakes=65548, remote_hint_wakes=5264, poll_fallback=169961, empty_batches=13683, allocation_misses=27231, local_credit_publications=492, local_ms_p50=0.001452, local_ms_p95=0.00649, local_ms_p99=0.011277, local_ms_samples=2048, queue_ms_p50=0.118132, queue_ms_p95=18.076459, queue_ms_p99=24.840473, queue_ms_samples=2048, execution_ms_p50=40.143687, execution_ms_p95=93.835551, execution_ms_p99=117.086822, execution_ms_samples=2048, apply_ms_p50=31.225502, apply_ms_p95=45.622964, apply_ms_p99=48.904972, apply_ms_samples=2048, tick_ms_p50=0.856066, tick_ms_p95=1.715416, tick_ms_p99=2.402696, tick_ms_samples=1967, delivery_ms_p50=149.200171, delivery_ms_p95=199.462884, delivery_ms_p99=249.165285, delivery_ms_samples=182, sql_ms_p50=40.143246, sql_ms_p95=93.834971, sql_ms_p99=117.085981, sql_ms_samples=2048, db_transaction_ms_p50=8.53387, db_transaction_ms_p95=83.047611, db_transaction_ms_p99=107.794065, db_transaction_ms_samples=2048, db_connection_wait_ms_p50=0.003475, db_connection_wait_ms_p95=3.324314, db_connection_wait_ms_p99=17.323793, db_connection_wait_ms_samples=2048, db_transactions=25022, db_transaction_attempts=25024, db_statements=549294, db_deadlock_retries=0, db_active_connections=2, wal_writes=50029, wal_bytes=7503221, wal_identical_skipped=2, wal_barrier_ms_p50=1.029487, wal_barrier_ms_p95=3.228909, wal_barrier_ms_p99=5.174223, wal_barrier_ms_samples=2048, completion_admitted=4, ready_channels=4, ready_devices=914, closing_devices=0, mc_recorded_tick_ms_avg100=1.567984, mc_target_ticks_per_second=20.0}
",28722.883813353,28722.886237564,1000,1000,1000,1000,56544000,55110000,796.237565,15009,"BULK count=1000 spawned=1000 registered=1000 bound=1000 accepted=56544000 extracted=55110000 fixture_ms_total=796.237565 fixture_ticks=15009
",28722.886356843,28722.887136274,226.66,2795808,54,840437760,844914688,6580371456,813215744,27123712,274,,,40.999077582191426
287,2026-10-06T16:32:09.430223+00:00,574.0039247979985,11,ACTIVE_observed,False,2.000006472997484,0.0041881600009219255,,0,1000,1000,0,0,13968,0,0,0,0,0,58810,56864000,55349000,52316,55034,0,65917,5307,170601,13683,27490,498,0.001472,0.00671,0.013179,2048,0.110166,17.822979,24.840473,2048,40.20112,94.032302,116.531248,2048,31.634153,45.782459,48.977938,2048,0.856996,1.723336,2.372906,2007,149.199432,199.462884,249.165285,188,40.200539,94.031531,116.530366,2048,8.390863,84.331503,109.121656,2048,0.003485,3.503903,17.912983,2048,25189,25189,553537,0,0,50423,7560591,2,1.044778,3.254959,5.613075,2048,3,4,932,0,1.523585,20.0,"STATUS online tickets=0 {registered_loaded_endpoints=1000, active_endpoints=1000, worker_queue=0, actual_tickets=0, transactions=13968, errors=0, queue_rejected=0, quarantined=0, deferred_registry_decodes=0, dropped_wake_hints=0, local_exchange_calls=58810, local_input_units=56864000, local_output_units=55349000, batch_devices=52316, batch_records=55034, batch_payload_bytes=0, local_wakes=65917, remote_hint_wakes=5307, poll_fallback=170601, empty_batches=13683, allocation_misses=27490, local_credit_publications=498, local_ms_p50=0.001472, local_ms_p95=0.00671, local_ms_p99=0.013179, local_ms_samples=2048, queue_ms_p50=0.110166, queue_ms_p95=17.822979, queue_ms_p99=24.840473, queue_ms_samples=2048, execution_ms_p50=40.20112, execution_ms_p95=94.032302, execution_ms_p99=116.531248, execution_ms_samples=2048, apply_ms_p50=31.634153, apply_ms_p95=45.782459, apply_ms_p99=48.977938, apply_ms_samples=2048, tick_ms_p50=0.856996, tick_ms_p95=1.723336, tick_ms_p99=2.372906, tick_ms_samples=2007, delivery_ms_p50=149.199432, delivery_ms_p95=199.462884, delivery_ms_p99=249.165285, delivery_ms_samples=188, sql_ms_p50=40.200539, sql_ms_p95=94.031531, sql_ms_p99=116.530366, sql_ms_samples=2048, db_transaction_ms_p50=8.390863, db_transaction_ms_p95=84.331503, db_transaction_ms_p99=109.121656, db_transaction_ms_samples=2048, db_connection_wait_ms_p50=0.003485, db_connection_wait_ms_p95=3.503903, db_connection_wait_ms_p99=17.912983, db_connection_wait_ms_samples=2048, db_transactions=25189, db_transaction_attempts=25189, db_statements=553537, db_deadlock_retries=0, db_active_connections=0, wal_writes=50423, wal_bytes=7560591, wal_identical_skipped=2, wal_barrier_ms_p50=1.044778, wal_barrier_ms_p95=3.254959, wal_barrier_ms_p99=5.613075, wal_barrier_ms_samples=2048, completion_admitted=3, ready_channels=4, ready_devices=932, closing_devices=0, mc_recorded_tick_ms_avg100=1.523585, mc_target_ticks_per_second=20.0}
",28724.883827558,28724.886297517,1000,1000,1000,1000,56864000,55349000,799.0818,15049,"BULK count=1000 spawned=1000 registered=1000 bound=1000 accepted=56864000 extracted=55349000 fixture_ms_total=799.0818 fixture_ticks=15049
",28724.886444027,28724.887036097,227.52,2795808,55,840544256,844914688,6580371456,813322240,27123712,274,,,42.9998608310052
288,2026-10-06T16:32:11.430203+00:00,576.0039050499981,11,ACTIVE_observed,False,1.9999802519996592,0.004686424999817973,,0,1000,1000,0,0,14074,0,0,0,0,0,59143,57184000,55641000,52788,55515,0,66290,5353,171241,13683,27730,501,0.001382,0.00677,0.015163,2048,0.104703,17.822979,24.820327,2048,40.699973,94.12155,118.191677,2048,31.620633,45.714102,48.840165,2048,0.856066,1.723336,2.402696,2047,149.199432,199.462884,249.165285,191,40.699312,94.121079,118.191167,2048,8.477032,84.331503,111.322471,2048,0.003505,3.628981,17.678996,2048,25360,25361,558052,0,1,50871,7626095,2,1.028044,3.030189,5.25699,2048,4,4,895,0,1.508789,20.0,"STATUS online tickets=0 {registered_loaded_endpoints=1000, active_endpoints=1000, worker_queue=0, actual_tickets=0, transactions=14074, errors=0, queue_rejected=0, quarantined=0, deferred_registry_decodes=0, dropped_wake_hints=0, local_exchange_calls=59143, local_input_units=57184000, local_output_units=55641000, batch_devices=52788, batch_records=55515, batch_payload_bytes=0, local_wakes=66290, remote_hint_wakes=5353, poll_fallback=171241, empty_batches=13683, allocation_misses=27730, local_credit_publications=501, local_ms_p50=0.001382, local_ms_p95=0.00677, local_ms_p99=0.015163, local_ms_samples=2048, queue_ms_p50=0.104703, queue_ms_p95=17.822979, queue_ms_p99=24.820327, queue_ms_samples=2048, execution_ms_p50=40.699973, execution_ms_p95=94.12155, execution_ms_p99=118.191677, execution_ms_samples=2048, apply_ms_p50=31.620633, apply_ms_p95=45.714102, apply_ms_p99=48.840165, apply_ms_samples=2048, tick_ms_p50=0.856066, tick_ms_p95=1.723336, tick_ms_p99=2.402696, tick_ms_samples=2047, delivery_ms_p50=149.199432, delivery_ms_p95=199.462884, delivery_ms_p99=249.165285, delivery_ms_samples=191, sql_ms_p50=40.699312, sql_ms_p95=94.121079, sql_ms_p99=118.191167, sql_ms_samples=2048, db_transaction_ms_p50=8.477032, db_transaction_ms_p95=84.331503, db_transaction_ms_p99=111.322471, db_transaction_ms_samples=2048, db_connection_wait_ms_p50=0.003505, db_connection_wait_ms_p95=3.628981, db_connection_wait_ms_p99=17.678996, db_connection_wait_ms_samples=2048, db_transactions=25360, db_transaction_attempts=25361, db_statements=558052, db_deadlock_retries=0, db_active_connections=1, wal_writes=50871, wal_bytes=7626095, wal_identical_skipped=2, wal_barrier_ms_p50=1.028044, wal_barrier_ms_p95=3.030189, wal_barrier_ms_p99=5.25699, wal_barrier_ms_samples=2048, completion_admitted=4, ready_channels=4, ready_devices=895, closing_devices=0, mc_recorded_tick_ms_avg100=1.508789, mc_target_ticks_per_second=20.0}
",28726.883863583,28726.886604829,1000,1000,1000,1000,57184000,55641000,801.778949,15089,"BULK count=1000 spawned=1000 registered=1000 bound=1000 accepted=57184000 extracted=55641000 fixture_ms_total=801.778949 fixture_ticks=15089
",28726.88671894,28726.887324419,228.36,2795808,55,840564736,844914688,6580371456,813342720,27123712,275,,,42.0004147121022
289,2026-10-06T16:32:13.430440+00:00,578.0041420089983,11,ACTIVE_observed,False,2.0002369590001763,0.3384059199997864,,0,1000,1000,0,0,14174,0,0,0,0,0,59475,57504000,56005000,53220,55962,0,66662,5398,171881,13683,27974,503,0.001252,0.00658,0.013731,2048,0.100947,17.351666,23.462018,2048,40.426413,94.532954,119.091351,2048,31.84734,45.725518,48.904972,2048,0.855434,1.711038,2.449917,2048,149.191286,199.462884,249.165285,193,40.425913,94.532333,119.09078,2048,8.390863,84.427578,111.747066,2048,0.003496,3.921647,17.912983,2048,25525,25526,562229,0,1,51277,7685909,2,1.042847,3.187607,5.203785,2048,4,4,936,0,1.474283,20.0,"STATUS online tickets=0 {registered_loaded_endpoints=1000, active_endpoints=1000, worker_queue=0, actual_tickets=0, transactions=14174, errors=0, queue_rejected=0, quarantined=0, deferred_registry_decodes=0, dropped_wake_hints=0, local_exchange_calls=59475, local_input_units=57504000, local_output_units=56005000, batch_devices=53220, batch_records=55962, batch_payload_bytes=0, local_wakes=66662, remote_hint_wakes=5398, poll_fallback=171881, empty_batches=13683, allocation_misses=27974, local_credit_publications=503, local_ms_p50=0.001252, local_ms_p95=0.00658, local_ms_p99=0.013731, local_ms_samples=2048, queue_ms_p50=0.100947, queue_ms_p95=17.351666, queue_ms_p99=23.462018, queue_ms_samples=2048, execution_ms_p50=40.426413, execution_ms_p95=94.532954, execution_ms_p99=119.091351, execution_ms_samples=2048, apply_ms_p50=31.84734, apply_ms_p95=45.725518, apply_ms_p99=48.904972, apply_ms_samples=2048, tick_ms_p50=0.855434, tick_ms_p95=1.711038, tick_ms_p99=2.449917, tick_ms_samples=2048, delivery_ms_p50=149.191286, delivery_ms_p95=199.462884, delivery_ms_p99=249.165285, delivery_ms_samples=193, sql_ms_p50=40.425913, sql_ms_p95=94.532333, sql_ms_p99=119.09078, sql_ms_samples=2048, db_transaction_ms_p50=8.390863, db_transaction_ms_p95=84.427578, db_transaction_ms_p99=111.747066, db_transaction_ms_samples=2048, db_connection_wait_ms_p50=0.003496, db_connection_wait_ms_p95=3.921647, db_connection_wait_ms_p99=17.912983, db_connection_wait_ms_samples=2048, db_transactions=25525, db_transaction_attempts=25526, db_statements=562229, db_deadlock_retries=0, db_active_connections=1, wal_writes=51277, wal_bytes=7685909, wal_identical_skipped=2, wal_barrier_ms_p50=1.042847, wal_barrier_ms_p95=3.187607, wal_barrier_ms_p99=5.203785, wal_barrier_ms_samples=2048, completion_admitted=4, ready_channels=4, ready_devices=936, closing_devices=0, mc_recorded_tick_ms_avg100=1.474283, mc_target_ticks_per_second=20.0}
",28728.884076106,28728.889009198,1000,1000,1000,1000,57504000,56005000,804.467617,15129,"BULK count=1000 spawned=1000 registered=1000 bound=1000 accepted=57504000 extracted=56005000 fixture_ms_total=804.467617 fixture_ticks=15129
",28728.889294057,28728.89028757,229.48,2795808,54,840511488,844914688,6580371456,813289472,27123712,274,395313152,241394483,55.993365933994696
290,2026-10-06T16:32:15.430201+00:00,580.0039031409979,11,ACTIVE_observed,False,1.9997611319995485,0.00434661200051778,,0,1000,1000,0,0,14277,0,0,0,0,0,59806,57824000,56270000,53668,56419,0,67033,5445,172521,13683,28209,508,0.001232,0.00668,0.015163,2048,0.094047,16.976523,22.599761,2048,40.426413,94.571224,118.839446,2048,32.073763,45.672068,48.840165,2048,0.859029,1.723336,2.593453,2048,149.200171,199.51082,249.165285,198,40.425913,94.570403,118.838785,2048,8.424289,84.947594,111.747066,2048,0.003476,3.905136,17.578943,2048,25693,25695,566560,0,2,51690,7746386,2,1.042001,3.219337,5.701133,2048,4,4,886,0,1.676826,20.0,"STATUS online tickets=0 {registered_loaded_endpoints=1000, active_endpoints=1000, worker_queue=0, actual_tickets=0, transactions=14277, errors=0, queue_rejected=0, quarantined=0, deferred_registry_decodes=0, dropped_wake_hints=0, local_exchange_calls=59806, local_input_units=57824000, local_output_units=56270000, batch_devices=53668, batch_records=56419, batch_payload_bytes=0, local_wakes=67033, remote_hint_wakes=5445, poll_fallback=172521, empty_batches=13683, allocation_misses=28209, local_credit_publications=508, local_ms_p50=0.001232, local_ms_p95=0.00668, local_ms_p99=0.015163, local_ms_samples=2048, queue_ms_p50=0.094047, queue_ms_p95=16.976523, queue_ms_p99=22.599761, queue_ms_samples=2048, execution_ms_p50=40.426413, execution_ms_p95=94.571224, execution_ms_p99=118.839446, execution_ms_samples=2048, apply_ms_p50=32.073763, apply_ms_p95=45.672068, apply_ms_p99=48.840165, apply_ms_samples=2048, tick_ms_p50=0.859029, tick_ms_p95=1.723336, tick_ms_p99=2.593453, tick_ms_samples=2048, delivery_ms_p50=149.200171, delivery_ms_p95=199.51082, delivery_ms_p99=249.165285, delivery_ms_samples=198, sql_ms_p50=40.425913, sql_ms_p95=94.570403, sql_ms_p99=118.838785, sql_ms_samples=2048, db_transaction_ms_p50=8.424289, db_transaction_ms_p95=84.947594, db_transaction_ms_p99=111.747066, db_transaction_ms_samples=2048, db_connection_wait_ms_p50=0.003476, db_connection_wait_ms_p95=3.905136, db_connection_wait_ms_p99=17.578943, db_connection_wait_ms_samples=2048, db_transactions=25693, db_transaction_attempts=25695, db_statements=566560, db_deadlock_retries=0, db_active_connections=2, wal_writes=51690, wal_bytes=7746386, wal_identical_skipped=2, wal_barrier_ms_p50=1.042001, wal_barrier_ms_p95=3.219337, wal_barrier_ms_p99=5.701133, wal_barrier_ms_samples=2048, completion_admitted=4, ready_channels=4, ready_devices=886, closing_devices=0, mc_recorded_tick_ms_avg100=1.676826, mc_target_ticks_per_second=20.0}
",28730.883798079,28730.886071656,1000,1000,1000,1000,57824000,56270000,807.435162,15169,"BULK count=1000 spawned=1000 registered=1000 bound=1000 accepted=57824000 extracted=56270000 fixture_ms_total=807.435162 fixture_ticks=15169
",28730.886193499,28730.887130166,230.29,2795808,54,840564736,844914688,6580371456,813342720,27123712,274,,,40.504837654789725
291,2026-10-06T16:32:17.430223+00:00,582.0039240279984,11,ACTIVE_observed,False,2.0000208870005736,0.0068028030000277795,,0,1000,1000,0,0,14379,0,0,0,0,0,60138,58144000,56593000,54116,56880,0,67405,5493,173161,13683,28434,514,0.001242,0.0066,0.01311,2048,0.095854,16.646194,22.78849,2048,40.165486,95.004688,118.839446,2048,32.121404,45.896749,48.840165,2048,0.86611,1.723336,2.593453,2048,149.199432,199.51082,249.105982,204,40.164976,95.003767,118.838785,2048,8.519096,85.159296,111.747066,2048,0.003515,4.008912,17.578943,2048,25857,25860,570963,0,3,52129,7810769,2,1.067414,3.191411,5.678934,2048,4,4,917,0,1.653724,20.0,"STATUS online tickets=0 {registered_loaded_endpoints=1000, active_endpoints=1000, worker_queue=0, actual_tickets=0, transactions=14379, errors=0, queue_rejected=0, quarantined=0, deferred_registry_decodes=0, dropped_wake_hints=0, local_exchange_calls=60138, local_input_units=58144000, local_output_units=56593000, batch_devices=54116, batch_records=56880, batch_payload_bytes=0, local_wakes=67405, remote_hint_wakes=5493, poll_fallback=173161, empty_batches=13683, allocation_misses=28434, local_credit_publications=514, local_ms_p50=0.001242, local_ms_p95=0.0066, local_ms_p99=0.01311, local_ms_samples=2048, queue_ms_p50=0.095854, queue_ms_p95=16.646194, queue_ms_p99=22.78849, queue_ms_samples=2048, execution_ms_p50=40.165486, execution_ms_p95=95.004688, execution_ms_p99=118.839446, execution_ms_samples=2048, apply_ms_p50=32.121404, apply_ms_p95=45.896749, apply_ms_p99=48.840165, apply_ms_samples=2048, tick_ms_p50=0.86611, tick_ms_p95=1.723336, tick_ms_p99=2.593453, tick_ms_samples=2048, delivery_ms_p50=149.199432, delivery_ms_p95=199.51082, delivery_ms_p99=249.105982, delivery_ms_samples=204, sql_ms_p50=40.164976, sql_ms_p95=95.003767, sql_ms_p99=118.838785, sql_ms_samples=2048, db_transaction_ms_p50=8.519096, db_transaction_ms_p95=85.159296, db_transaction_ms_p99=111.747066, db_transaction_ms_samples=2048, db_connection_wait_ms_p50=0.003515, db_connection_wait_ms_p95=4.008912, db_connection_wait_ms_p99=17.578943, db_connection_wait_ms_samples=2048, db_transactions=25857, db_transaction_attempts=25860, db_statements=570963, db_deadlock_retries=0, db_active_connections=3, wal_writes=52129, wal_bytes=7810769, wal_identical_skipped=2, wal_barrier_ms_p50=1.067414, wal_barrier_ms_p95=3.191411, wal_barrier_ms_p99=5.678934, wal_barrier_ms_samples=2048, completion_admitted=4, ready_channels=4, ready_devices=917, closing_devices=0, mc_recorded_tick_ms_avg100=1.653724, mc_target_ticks_per_second=20.0}
",28732.883845196,28732.88861933,1000,1000,1000,1000,58144000,56593000,810.28037,15209,"BULK count=1000 spawned=1000 registered=1000 bound=1000 accepted=58144000 extracted=56593000 fixture_ms_total=810.28037 fixture_ticks=15209
",28732.888767373,28732.889460695,231.25,2795808,54,840597504,844914688,6580371456,813375488,27123712,274,,,47.999498717221776
292,2026-10-06T16:32:19.430215+00:00,584.0039158969994,11,ACTIVE_observed,False,1.9999918690009508,0.004950540002027992,,0,1000,1000,0,0,14483,0,0,0,0,0,60471,58464000,56940000,54556,57336,0,67778,5541,173801,13683,28693,517,0.001302,0.00686,0.021913,2048,0.097376,16.864001,23.331613,2048,40.165486,95.965333,120.805303,2048,32.015551,45.622964,48.806879,2048,0.869204,1.726111,2.593453,2048,149.199432,199.51082,249.105982,207,40.164976,95.964913,120.804792,2048,8.578973,85.735987,112.964968,2048,0.003575,4.216636,17.578943,2048,26026,26028,575207,0,2,52525,7869341,2,1.072972,3.219337,5.927713,2048,4,4,921,0,1.556573,20.0,"STATUS online tickets=0 {registered_loaded_endpoints=1000, active_endpoints=1000, worker_queue=0, actual_tickets=0, transactions=14483, errors=0, queue_rejected=0, quarantined=0, deferred_registry_decodes=0, dropped_wake_hints=0, local_exchange_calls=60471, local_input_units=58464000, local_output_units=56940000, batch_devices=54556, batch_records=57336, batch_payload_bytes=0, local_wakes=67778, remote_hint_wakes=5541, poll_fallback=173801, empty_batches=13683, allocation_misses=28693, local_credit_publications=517, local_ms_p50=0.001302, local_ms_p95=0.00686, local_ms_p99=0.021913, local_ms_samples=2048, queue_ms_p50=0.097376, queue_ms_p95=16.864001, queue_ms_p99=23.331613, queue_ms_samples=2048, execution_ms_p50=40.165486, execution_ms_p95=95.965333, execution_ms_p99=120.805303, execution_ms_samples=2048, apply_ms_p50=32.015551, apply_ms_p95=45.622964, apply_ms_p99=48.806879, apply_ms_samples=2048, tick_ms_p50=0.869204, tick_ms_p95=1.726111, tick_ms_p99=2.593453, tick_ms_samples=2048, delivery_ms_p50=149.199432, delivery_ms_p95=199.51082, delivery_ms_p99=249.105982, delivery_ms_samples=207, sql_ms_p50=40.164976, sql_ms_p95=95.964913, sql_ms_p99=120.804792, sql_ms_samples=2048, db_transaction_ms_p50=8.578973, db_transaction_ms_p95=85.735987, db_transaction_ms_p99=112.964968, db_transaction_ms_samples=2048, db_connection_wait_ms_p50=0.003575, db_connection_wait_ms_p95=4.216636, db_connection_wait_ms_p99=17.578943, db_connection_wait_ms_samples=2048, db_transactions=26026, db_transaction_attempts=26028, db_statements=575207, db_deadlock_retries=0, db_active_connections=2, wal_writes=52525, wal_bytes=7869341, wal_identical_skipped=2, wal_barrier_ms_p50=1.072972, wal_barrier_ms_p95=3.219337, wal_barrier_ms_p99=5.927713, wal_barrier_ms_samples=2048, completion_admitted=4, ready_channels=4, ready_devices=921, closing_devices=0, mc_recorded_tick_ms_avg100=1.556573, mc_target_ticks_per_second=20.0}
",28734.883872839,28734.886545625,1000,1000,1000,1000,58464000,56940000,813.08999,15249,"BULK count=1000 spawned=1000 registered=1000 bound=1000 accepted=58464000 extracted=56940000 fixture_ms_total=813.08999 fixture_ticks=15249
",28734.886699186,28734.88746678,232.05,2795808,54,840609792,844914688,6580371456,813387776,27123712,274,,,40.00016262064269
293,2026-10-06T16:32:21.430231+00:00,586.0039321549993,11,ACTIVE_observed,False,2.0000162579999596,0.004706415998953162,,0,1000,1000,0,0,14593,0,0,0,0,0,60800,58784000,57177000,55020,57811,0,68147,5592,174441,13683,28925,520,0.001272,0.00683,0.022965,2048,0.101127,16.826612,23.737651,2048,40.388556,94.641649,120.805303,2048,31.747415,45.622964,48.731863,2048,0.87273,1.735194,2.593453,2048,149.200171,199.51082,249.105982,210,40.388096,94.641018,120.804792,2048,8.578973,84.866397,112.798739,2048,0.003496,4.170414,16.631882,2048,26201,26203,579839,0,2,53011,7940747,2,1.113181,3.355726,5.927713,2048,4,4,911,0,1.554435,20.0,"STATUS online tickets=0 {registered_loaded_endpoints=1000, active_endpoints=1000, worker_queue=0, actual_tickets=0, transactions=14593, errors=0, queue_rejected=0, quarantined=0, deferred_registry_decodes=0, dropped_wake_hints=0, local_exchange_calls=60800, local_input_units=58784000, local_output_units=57177000, batch_devices=55020, batch_records=57811, batch_payload_bytes=0, local_wakes=68147, remote_hint_wakes=5592, poll_fallback=174441, empty_batches=13683, allocation_misses=28925, local_credit_publications=520, local_ms_p50=0.001272, local_ms_p95=0.00683, local_ms_p99=0.022965, local_ms_samples=2048, queue_ms_p50=0.101127, queue_ms_p95=16.826612, queue_ms_p99=23.737651, queue_ms_samples=2048, execution_ms_p50=40.388556, execution_ms_p95=94.641649, execution_ms_p99=120.805303, execution_ms_samples=2048, apply_ms_p50=31.747415, apply_ms_p95=45.622964, apply_ms_p99=48.731863, apply_ms_samples=2048, tick_ms_p50=0.87273, tick_ms_p95=1.735194, tick_ms_p99=2.593453, tick_ms_samples=2048, delivery_ms_p50=149.200171, delivery_ms_p95=199.51082, delivery_ms_p99=249.105982, delivery_ms_samples=210, sql_ms_p50=40.388096, sql_ms_p95=94.641018, sql_ms_p99=120.804792, sql_ms_samples=2048, db_transaction_ms_p50=8.578973, db_transaction_ms_p95=84.866397, db_transaction_ms_p99=112.798739, db_transaction_ms_samples=2048, db_connection_wait_ms_p50=0.003496, db_connection_wait_ms_p95=4.170414, db_connection_wait_ms_p99=16.631882, db_connection_wait_ms_samples=2048, db_transactions=26201, db_transaction_attempts=26203, db_statements=579839, db_deadlock_retries=0, db_active_connections=2, wal_writes=53011, wal_bytes=7940747, wal_identical_skipped=2, wal_barrier_ms_p50=1.113181, wal_barrier_ms_p95=3.355726, wal_barrier_ms_p99=5.927713, wal_barrier_ms_samples=2048, completion_admitted=4, ready_channels=4, ready_devices=911, closing_devices=0, mc_recorded_tick_ms_avg100=1.554435, mc_target_ticks_per_second=20.0}
",28736.883904229,28736.886384679,1000,1000,1000,1000,58784000,57177000,816.14336,15289,"BULK count=1000 spawned=1000 registered=1000 bound=1000 accepted=58784000 extracted=57177000 fixture_ms_total=816.14336 fixture_ticks=15289
",28736.886557559,28736.88728322,232.84,2795808,54,840683520,844914688,6580371456,813461504,27123712,274,,,39.499678907110564
294,2026-10-06T16:32:23.430225+00:00,588.0039270339985,11,ACTIVE_observed,False,1.9999948789991322,0.004336250000051223,,0,1000,1000,0,0,14683,0,0,0,0,0,61134,59104000,57546000,55412,58217,0,68521,5633,175081,13683,29142,523,0.001372,0.00673,0.021172,2048,0.104658,17.141899,23.963527,2048,40.855827,97.077299,124.991015,2048,31.712167,45.580998,48.605688,2048,0.870827,1.724869,2.593453,2048,149.225654,199.51082,249.105982,213,40.855316,97.076588,124.990344,2048,8.541679,86.175551,116.811703,2048,0.003496,4.013721,17.323793,2048,26354,26355,583571,0,1,53354,7991202,2,1.141045,3.637215,6.947286,2048,4,4,941,0,1.53782,20.0,"STATUS online tickets=0 {registered_loaded_endpoints=1000, active_endpoints=1000, worker_queue=0, actual_tickets=0, transactions=14683, errors=0, queue_rejected=0, quarantined=0, deferred_registry_decodes=0, dropped_wake_hints=0, local_exchange_calls=61134, local_input_units=59104000, local_output_units=57546000, batch_devices=55412, batch_records=58217, batch_payload_bytes=0, local_wakes=68521, remote_hint_wakes=5633, poll_fallback=175081, empty_batches=13683, allocation_misses=29142, local_credit_publications=523, local_ms_p50=0.001372, local_ms_p95=0.00673, local_ms_p99=0.021172, local_ms_samples=2048, queue_ms_p50=0.104658, queue_ms_p95=17.141899, queue_ms_p99=23.963527, queue_ms_samples=2048, execution_ms_p50=40.855827, execution_ms_p95=97.077299, execution_ms_p99=124.991015, execution_ms_samples=2048, apply_ms_p50=31.712167, apply_ms_p95=45.580998, apply_ms_p99=48.605688, apply_ms_samples=2048, tick_ms_p50=0.870827, tick_ms_p95=1.724869, tick_ms_p99=2.593453, tick_ms_samples=2048, delivery_ms_p50=149.225654, delivery_ms_p95=199.51082, delivery_ms_p99=249.105982, delivery_ms_samples=213, sql_ms_p50=40.855316, sql_ms_p95=97.076588, sql_ms_p99=124.990344, sql_ms_samples=2048, db_transaction_ms_p50=8.541679, db_transaction_ms_p95=86.175551, db_transaction_ms_p99=116.811703, db_transaction_ms_samples=2048, db_connection_wait_ms_p50=0.003496, db_connection_wait_ms_p95=4.013721, db_connection_wait_ms_p99=17.323793, db_connection_wait_ms_samples=2048, db_transactions=26354, db_transaction_attempts=26355, db_statements=583571, db_deadlock_retries=0, db_active_connections=1, wal_writes=53354, wal_bytes=7991202, wal_identical_skipped=2, wal_barrier_ms_p50=1.141045, wal_barrier_ms_p95=3.637215, wal_barrier_ms_p99=6.947286, wal_barrier_ms_samples=2048, completion_admitted=4, ready_channels=4, ready_devices=941, closing_devices=0, mc_recorded_tick_ms_avg100=1.53782, mc_target_ticks_per_second=20.0}
",28738.8838338,28738.886378446,1000,1000,1000,1000,59104000,57546000,819.840894,15329,"BULK count=1000 spawned=1000 registered=1000 bound=1000 accepted=59104000 extracted=57546000 fixture_ms_total=819.840894 fixture_ticks=15329
",28738.886516624,28738.887207673,233.67,2795808,54,840769536,844914688,6580506624,813547520,27123712,274,,,41.50010626103929
295,2026-10-06T16:32:25.430225+00:00,590.0039269619992,11,ACTIVE_observed,False,1.9999999280007614,0.3884012980015541,,0,1000,1000,0,0,14767,0,0,0,0,0,61463,59424000,57815000,55780,58597,0,68890,5673,175721,13683,29344,527,0.001422,0.006971,0.01371,2048,0.110721,17.464856,24.487481,2048,41.091033,101.529711,127.582829,2048,31.706356,45.782459,48.806879,2048,0.870827,1.724869,2.593453,2048,149.231961,199.638129,249.666154,217,41.090583,101.5289,127.582038,2048,8.664936,88.479925,123.048876,2048,0.003576,4.216636,17.678996,2048,26500,26502,587159,0,2,53695,8041863,2,1.165813,3.694856,7.261824,2048,4,4,933,0,1.548988,20.0,"STATUS online tickets=0 {registered_loaded_endpoints=1000, active_endpoints=1000, worker_queue=0, actual_tickets=0, transactions=14767, errors=0, queue_rejected=0, quarantined=0, deferred_registry_decodes=0, dropped_wake_hints=0, local_exchange_calls=61463, local_input_units=59424000, local_output_units=57815000, batch_devices=55780, batch_records=58597, batch_payload_bytes=0, local_wakes=68890, remote_hint_wakes=5673, poll_fallback=175721, empty_batches=13683, allocation_misses=29344, local_credit_publications=527, local_ms_p50=0.001422, local_ms_p95=0.006971, local_ms_p99=0.01371, local_ms_samples=2048, queue_ms_p50=0.110721, queue_ms_p95=17.464856, queue_ms_p99=24.487481, queue_ms_samples=2048, execution_ms_p50=41.091033, execution_ms_p95=101.529711, execution_ms_p99=127.582829, execution_ms_samples=2048, apply_ms_p50=31.706356, apply_ms_p95=45.782459, apply_ms_p99=48.806879, apply_ms_samples=2048, tick_ms_p50=0.870827, tick_ms_p95=1.724869, tick_ms_p99=2.593453, tick_ms_samples=2048, delivery_ms_p50=149.231961, delivery_ms_p95=199.638129, delivery_ms_p99=249.666154, delivery_ms_samples=217, sql_ms_p50=41.090583, sql_ms_p95=101.5289, sql_ms_p99=127.582038, sql_ms_samples=2048, db_transaction_ms_p50=8.664936, db_transaction_ms_p95=88.479925, db_transaction_ms_p99=123.048876, db_transaction_ms_samples=2048, db_connection_wait_ms_p50=0.003576, db_connection_wait_ms_p95=4.216636, db_connection_wait_ms_p99=17.678996, db_connection_wait_ms_samples=2048, db_transactions=26500, db_transaction_attempts=26502, db_statements=587159, db_deadlock_retries=0, db_active_connections=2, wal_writes=53695, wal_bytes=8041863, wal_identical_skipped=2, wal_barrier_ms_p50=1.165813, wal_barrier_ms_p95=3.694856, wal_barrier_ms_p99=7.261824, wal_barrier_ms_samples=2048, completion_admitted=4, ready_channels=4, ready_devices=933, closing_devices=0, mc_recorded_tick_ms_avg100=1.548988, mc_target_ticks_per_second=20.0}
",28740.884131636,28740.887259429,1000,1000,1000,1000,59424000,57815000,822.661287,15369,"BULK count=1000 spawned=1000 registered=1000 bound=1000 accepted=59424000 extracted=57815000 fixture_ms_total=822.661287 fixture_ticks=15369
",28740.887409554,28740.888126202,234.46,2795808,54,840843264,844914688,6580506624,813621248,27123712,274,395313152,338819584,39.500001421986035
296,2026-10-06T16:32:27.430219+00:00,592.0039216160003,11,ACTIVE_observed,False,1.999994654001057,0.0066141399984189775,,0,1000,1000,0,0,14846,0,0,0,0,0,61797,59744000,58224000,56116,58944,0,69264,5707,176361,13683,29529,529,0.001532,0.007221,0.022324,2048,0.127831,18.004261,25.892855,2048,41.41591,104.648356,131.19994,2048,31.401242,45.83073,48.80972,2048,0.869368,1.726111,2.613764,2048,149.231961,199.638129,249.666154,219,41.415169,104.647955,131.199359,2048,8.791299,91.457982,125.202007,2048,0.003695,4.421837,21.125192,2048,26639,26639,590558,0,0,54018,8089290,2,1.171692,3.927327,7.942723,2048,4,4,937,0,1.578386,20.0,"STATUS online tickets=0 {registered_loaded_endpoints=1000, active_endpoints=1000, worker_queue=0, actual_tickets=0, transactions=14846, errors=0, queue_rejected=0, quarantined=0, deferred_registry_decodes=0, dropped_wake_hints=0, local_exchange_calls=61797, local_input_units=59744000, local_output_units=58224000, batch_devices=56116, batch_records=58944, batch_payload_bytes=0, local_wakes=69264, remote_hint_wakes=5707, poll_fallback=176361, empty_batches=13683, allocation_misses=29529, local_credit_publications=529, local_ms_p50=0.001532, local_ms_p95=0.007221, local_ms_p99=0.022324, local_ms_samples=2048, queue_ms_p50=0.127831, queue_ms_p95=18.004261, queue_ms_p99=25.892855, queue_ms_samples=2048, execution_ms_p50=41.41591, execution_ms_p95=104.648356, execution_ms_p99=131.19994, execution_ms_samples=2048, apply_ms_p50=31.401242, apply_ms_p95=45.83073, apply_ms_p99=48.80972, apply_ms_samples=2048, tick_ms_p50=0.869368, tick_ms_p95=1.726111, tick_ms_p99=2.613764, tick_ms_samples=2048, delivery_ms_p50=149.231961, delivery_ms_p95=199.638129, delivery_ms_p99=249.666154, delivery_ms_samples=219, sql_ms_p50=41.415169, sql_ms_p95=104.647955, sql_ms_p99=131.199359, sql_ms_samples=2048, db_transaction_ms_p50=8.791299, db_transaction_ms_p95=91.457982, db_transaction_ms_p99=125.202007, db_transaction_ms_samples=2048, db_connection_wait_ms_p50=0.003695, db_connection_wait_ms_p95=4.421837, db_connection_wait_ms_p99=21.125192, db_connection_wait_ms_samples=2048, db_transactions=26639, db_transaction_attempts=26639, db_statements=590558, db_deadlock_retries=0, db_active_connections=0, wal_writes=54018, wal_bytes=8089290, wal_identical_skipped=2, wal_barrier_ms_p50=1.171692, wal_barrier_ms_p95=3.927327, wal_barrier_ms_p99=7.942723, wal_barrier_ms_samples=2048, completion_admitted=4, ready_channels=4, ready_devices=937, closing_devices=0, mc_recorded_tick_ms_avg100=1.578386, mc_target_ticks_per_second=20.0}
",28742.883846179,28742.888410152,1000,1000,1000,1000,59744000,58224000,825.866422,15409,"BULK count=1000 spawned=1000 registered=1000 bound=1000 accepted=59744000 extracted=58224000 fixture_ms_total=825.866422 fixture_ticks=15409
",28742.888539176,28742.889410501,235.63,2795808,54,840880128,844914688,6580506624,813658112,27123712,275,,,58.50015637088644
