round,server,pid,utc_request_start,utc_reply_end,observer_start,observer_end,offset_seconds,rcon_ms,state,target_tickrate,target_tick_ms,mc_recorded_tick_mean_ms,tick_window_p50_ms,tick_window_p95_ms,tick_window_p99_ms,tick_window_samples,reply,error
0,A,249950,2026-10-06T12:23:44.324046+00:00,2026-10-06T12:23:44.333239+00:00,13819.777417383,13819.786612635,0.05998469699989073,9.195251999699394,running,20.0,50.0,9.2,0.0,14.1,127.7,100,"The game is running normally
Target tick rate: 20.0 per second.
Average time per tick: 9.2ms (Target: 50.0ms)
Percentiles: P50: 0.0ms P95: 14.1ms P99: 127.7ms, sample: 100
",
0,B,249952,2026-10-06T12:23:44.324371+00:00,2026-10-06T12:23:44.330079+00:00,13819.777745566,13819.783452342,0.06031287999940105,5.7067760008067125,running,20.0,50.0,10.9,0.0,50.8,94.3,100,"PID 249952
The game is running normally
Target tick rate: 20.0 per second.
Average time per tick: 10.9ms (Target: 50.0ms)
Percentiles: P50: 0.0ms P95: 50.8ms P99: 94.3ms, sample: 100
",
0,C,249943,2026-10-06T12:23:44.324582+00:00,2026-10-06T12:23:44.341711+00:00,13819.777956452,13819.7950834,0.06052376600018761,17.126947999713593,running,20.0,50.0,9.7,0.0,2.9,50.6,100,"The game is running normally
Target tick rate: 20.0 per second.
Average time per tick: 9.7ms (Target: 50.0ms)
Percentiles: P50: 0.0ms P95: 2.9ms P99: 50.6ms, sample: 100
STATUS online tickets=0 {registered_loaded_endpoints=0, active_endpoints=0, worker_queue=0, actual_tickets=0, transactions=0, errors=0, queue_rejected=0, quarantined=0, deferred_registry_decodes=0, dropped_wake_hints=0, local_exchange_calls=0, local_input_units=0, local_output_units=0, batch_devices=0, batch_records=0, batch_payload_bytes=0, local_wakes=0, remote_hint_wakes=0, poll_fallback=0, empty_batches=0, allocation_misses=0, local_credit_publications=0, tick_ms_p50=0.042714, tick_ms_p95=0.35333, tick_ms_p99=0.35333, tick_ms_samples=14, delivery_ms_p50=0.0, delivery_ms_p95=0.0, delivery_ms_p99=0.0, delivery_ms_samples=0, sql_ms_p50=0.0, sql_ms_p95=0.0, sql_ms_p99=0.0, sql_ms_samples=0, db_transaction_ms_p50=10.8124, db_transaction_ms_p95=50.574953, db_transaction_ms_p99=50.574953, db_transaction_ms_samples=5, db_connection_wait_ms_p50=0.077096, db_connection_wait_ms_p95=541.777249, db_connection_wait_ms_p99=541.777249, db_connection_wait_ms_samples=6, db_transactions=5, db_transaction_attempts=5, db_statements=38, db_deadlock_retries=0, db_active_connections=0, wal_writes=0, wal_bytes=0, wal_identical_skipped=0, wal_barrier_ms_p50=0.0, wal_barrier_ms_p95=0.0, wal_barrier_ms_p99=0.0, wal_barrier_ms_samples=0, completion_admitted=0, ready_channels=0, ready_devices=0, closing_devices=0, mc_recorded_tick_ms_avg100=9.656575, mc_target_ticks_per_second=20.0}
",
1,A,249950,2026-10-06T12:23:54.324955+00:00,2026-10-06T12:23:54.332911+00:00,13829.778325601,13829.786285349,10.060892915000295,7.959747999848332,running,20.0,50.0,1.0,1.0,1.6,3.3,100,"The game is running normally
Target tick rate: 20.0 per second.
Average time per tick: 1.0ms (Target: 50.0ms)
Percentiles: P50: 1.0ms P95: 1.6ms P99: 3.3ms, sample: 100
",
1,B,249952,2026-10-06T12:23:54.329366+00:00,2026-10-06T12:23:54.334672+00:00,13829.782736927,13829.788046507,10.065304240999467,5.309579999448033,running,20.0,50.0,1.4,0.6,2.9,43.0,100,"The game is running normally
Target tick rate: 20.0 per second.
Average time per tick: 1.4ms (Target: 50.0ms)
Percentiles: P50: 0.6ms P95: 2.9ms P99: 43.0ms, sample: 100
",
1,C,249943,2026-10-06T12:23:54.330069+00:00,2026-10-06T12:23:54.339291+00:00,13829.783443764,13829.792663643,10.066011077999065,9.219879000738729,running,20.0,50.0,0.7,0.6,1.2,3.3,100,"The game is running normally
Target tick rate: 20.0 per second.
Average time per tick: 0.7ms (Target: 50.0ms)
Percentiles: P50: 0.6ms P95: 1.2ms P99: 3.3ms, sample: 100
",
2,A,249950,2026-10-06T12:24:04.324051+00:00,2026-10-06T12:24:04.329657+00:00,13839.777421799,13839.783031739,20.059989113000483,5.609939998976188,running,20.0,50.0,0.9,0.8,1.8,3.6,100,"The game is running normally
Target tick rate: 20.0 per second.
Average time per tick: 0.9ms (Target: 50.0ms)
Percentiles: P50: 0.8ms P95: 1.8ms P99: 3.6ms, sample: 100
",
2,B,249952,2026-10-06T12:24:04.324358+00:00,2026-10-06T12:24:04.335722+00:00,13839.777732069,13839.789096186,20.0602993829998,11.364116999175167,running,20.0,50.0,0.9,0.7,1.4,8.7,100,"The game is running normally
Target tick rate: 20.0 per second.
Average time per tick: 0.9ms (Target: 50.0ms)
Percentiles: P50: 0.7ms P95: 1.4ms P99: 8.7ms, sample: 100
",
2,C,249943,2026-10-06T12:24:04.325640+00:00,2026-10-06T12:24:04.330882+00:00,13839.779014369,13839.784256808,20.06158168299953,5.242438999630394,running,20.0,50.0,0.4,0.4,0.7,0.8,100,"The game is running normally
Target tick rate: 20.0 per second.
Average time per tick: 0.4ms (Target: 50.0ms)
Percentiles: P50: 0.4ms P95: 0.7ms P99: 0.8ms, sample: 100
",
3,A,249950,2026-10-06T12:24:14.324443+00:00,2026-10-06T12:24:14.331077+00:00,13849.777812188,13849.784450111,30.060379501999705,6.637922999289003,running,20.0,50.0,0.7,0.6,1.0,3.7,100,"The game is running normally
Target tick rate: 20.0 per second.
Average time per tick: 0.7ms (Target: 50.0ms)
Percentiles: P50: 0.6ms P95: 1.0ms P99: 3.7ms, sample: 100
",
3,B,249952,2026-10-06T12:24:14.324901+00:00,2026-10-06T12:24:14.335298+00:00,13849.778275243,13849.788670316,30.060842556998978,10.395073000836419,running,20.0,50.0,0.6,0.6,0.8,5.1,100,"The game is running normally
Target tick rate: 20.0 per second.
Average time per tick: 0.6ms (Target: 50.0ms)
Percentiles: P50: 0.6ms P95: 0.8ms P99: 5.1ms, sample: 100
",
3,C,249943,2026-10-06T12:24:14.326698+00:00,2026-10-06T12:24:14.331801+00:00,13849.780069271,13849.785173932,30.06263658500029,5.10466099876794,running,20.0,50.0,0.4,0.3,0.6,3.7,100,"The game is running normally
Target tick rate: 20.0 per second.
Average time per tick: 0.4ms (Target: 50.0ms)
Percentiles: P50: 0.3ms P95: 0.6ms P99: 3.7ms, sample: 100
",
4,A,249950,2026-10-06T12:24:24.327235+00:00,2026-10-06T12:24:24.335565+00:00,13859.780607407,13859.78893762,40.063174720999086,8.330213000590447,running,20.0,50.0,0.7,0.7,0.9,1.1,100,"The game is running normally
Target tick rate: 20.0 per second.
Average time per tick: 0.7ms (Target: 50.0ms)
Percentiles: P50: 0.7ms P95: 0.9ms P99: 1.1ms, sample: 100
",
4,B,249952,2026-10-06T12:24:24.327732+00:00,2026-10-06T12:24:24.337681+00:00,13859.781105895,13859.791054538,40.06367320899881,9.948643000825541,running,20.0,50.0,0.6,0.6,0.8,1.3,100,"The game is running normally
Target tick rate: 20.0 per second.
Average time per tick: 0.6ms (Target: 50.0ms)
Percentiles: P50: 0.6ms P95: 0.8ms P99: 1.3ms, sample: 100
",
4,C,249943,2026-10-06T12:24:24.329246+00:00,2026-10-06T12:24:24.332042+00:00,13859.782620469,13859.785415764,40.06518778300051,2.7952949985774467,running,20.0,50.0,0.3,0.3,0.4,0.7,100,"The game is running normally
Target tick rate: 20.0 per second.
Average time per tick: 0.3ms (Target: 50.0ms)
Percentiles: P50: 0.3ms P95: 0.4ms P99: 0.7ms, sample: 100
",
5,A,249950,2026-10-06T12:24:34.325213+00:00,2026-10-06T12:24:34.336575+00:00,13869.778583904,13869.789948762,50.061151218000305,11.3648579990695,running,20.0,50.0,0.6,0.6,1.0,1.7,100,"The game is running normally
Target tick rate: 20.0 per second.
Average time per tick: 0.6ms (Target: 50.0ms)
Percentiles: P50: 0.6ms P95: 1.0ms P99: 1.7ms, sample: 100
",
5,B,249952,2026-10-06T12:24:34.325365+00:00,2026-10-06T12:24:34.333541+00:00,13869.778739588,13869.786915039,50.06130690200007,8.175450999260647,running,20.0,50.0,0.6,0.5,1.3,3.0,100,"The game is running normally
Target tick rate: 20.0 per second.
Average time per tick: 0.6ms (Target: 50.0ms)
Percentiles: P50: 0.5ms P95: 1.3ms P99: 3.0ms, sample: 100
",
5,C,249943,2026-10-06T12:24:34.325656+00:00,2026-10-06T12:24:34.330157+00:00,13869.779030218,13869.783530944,50.06159753199972,4.500725999605493,running,20.0,50.0,0.3,0.3,0.4,0.8,100,"The game is running normally
Target tick rate: 20.0 per second.
Average time per tick: 0.3ms (Target: 50.0ms)
Percentiles: P50: 0.3ms P95: 0.4ms P99: 0.8ms, sample: 100
",
6,A,249950,2026-10-06T12:24:44.327063+00:00,2026-10-06T12:24:44.335142+00:00,13879.780435122,13879.788517233,60.063002435999806,8.082111000476289,running,20.0,50.0,0.7,0.6,1.1,2.6,100,"The game is running normally
Target tick rate: 20.0 per second.
Average time per tick: 0.7ms (Target: 50.0ms)
Percentiles: P50: 0.6ms P95: 1.1ms P99: 2.6ms, sample: 100
",
6,B,249952,2026-10-06T12:24:44.327220+00:00,2026-10-06T12:24:44.334309+00:00,13879.780594451,13879.78768227,60.06316176499968,7.087818999934825,running,20.0,50.0,0.5,0.5,0.8,1.7,100,"The game is running normally
Target tick rate: 20.0 per second.
Average time per tick: 0.5ms (Target: 50.0ms)
Percentiles: P50: 0.5ms P95: 0.8ms P99: 1.7ms, sample: 100
",
6,C,249943,2026-10-06T12:24:44.328263+00:00,2026-10-06T12:24:44.335676+00:00,13879.781637527,13879.789050834,60.06420484099908,7.413307001115754,running,20.0,50.0,0.3,0.3,0.4,0.6,100,"The game is running normally
Target tick rate: 20.0 per second.
Average time per tick: 0.3ms (Target: 50.0ms)
Percentiles: P50: 0.3ms P95: 0.4ms P99: 0.6ms, sample: 100
",
7,A,249950,2026-10-06T12:24:54.323994+00:00,2026-10-06T12:24:54.336586+00:00,13889.777365169,13889.789960665,70.05993248300001,12.595496000358253,running,20.0,50.0,0.6,0.6,1.0,1.8,100,"The game is running normally
Target tick rate: 20.0 per second.
Average time per tick: 0.6ms (Target: 50.0ms)
Percentiles: P50: 0.6ms P95: 1.0ms P99: 1.8ms, sample: 100
",
7,B,249952,2026-10-06T12:24:54.324100+00:00,2026-10-06T12:24:54.328250+00:00,13889.777474027,13889.781623736,70.0600413409993,4.1497090005577775,running,20.0,50.0,0.7,0.6,1.3,4.7,100,"The game is running normally
Target tick rate: 20.0 per second.
Average time per tick: 0.7ms (Target: 50.0ms)
Percentiles: P50: 0.6ms P95: 1.3ms P99: 4.7ms, sample: 100
",
7,C,249943,2026-10-06T12:24:54.324158+00:00,2026-10-06T12:24:54.334297+00:00,13889.77753254,13889.787670537,70.06009985399942,10.137997000128962,running,20.0,50.0,0.3,0.3,0.4,0.5,100,"The game is running normally
Target tick rate: 20.0 per second.
Average time per tick: 0.3ms (Target: 50.0ms)
Percentiles: P50: 0.3ms P95: 0.4ms P99: 0.5ms, sample: 100
",
8,A,249950,2026-10-06T12:25:04.326683+00:00,2026-10-06T12:25:04.334399+00:00,13899.780053842,13899.787772117,80.0626211559993,7.718275001025177,running,20.0,50.0,0.6,0.6,0.9,1.7,100,"The game is running normally
Target tick rate: 20.0 per second.
Average time per tick: 0.6ms (Target: 50.0ms)
Percentiles: P50: 0.6ms P95: 0.9ms P99: 1.7ms, sample: 100
",
8,B,249952,2026-10-06T12:25:04.329899+00:00,2026-10-06T12:25:04.334713+00:00,13899.783272758,13899.788087996,80.06584007200036,4.815237998627708,running,20.0,50.0,0.6,0.6,0.8,3.6,100,"The game is running normally
Target tick rate: 20.0 per second.
Average time per tick: 0.6ms (Target: 50.0ms)
Percentiles: P50: 0.6ms P95: 0.8ms P99: 3.6ms, sample: 100
",
8,C,249943,2026-10-06T12:25:04.330385+00:00,2026-10-06T12:25:04.337152+00:00,13899.783759739,13899.790525985,80.06632705300035,6.766245998733211,running,20.0,50.0,0.3,0.3,0.5,1.1,100,"The game is running normally
Target tick rate: 20.0 per second.
Average time per tick: 0.3ms (Target: 50.0ms)
Percentiles: P50: 0.3ms P95: 0.5ms P99: 1.1ms, sample: 100
",
9,A,249950,2026-10-06T12:25:14.324037+00:00,2026-10-06T12:25:14.329024+00:00,13909.777409076,13909.782398365,90.05997638999906,4.9892890001501655,running,20.0,50.0,0.6,0.5,1.1,2.3,100,"The game is running normally
Target tick rate: 20.0 per second.
Average time per tick: 0.6ms (Target: 50.0ms)
Percentiles: P50: 0.5ms P95: 1.1ms P99: 2.3ms, sample: 100
",
9,B,249952,2026-10-06T12:25:14.324133+00:00,2026-10-06T12:25:14.332023+00:00,13909.777506938,13909.785397181,90.06007425200005,7.890242999565089,running,20.0,50.0,0.6,0.5,0.9,4.5,100,"The game is running normally
Target tick rate: 20.0 per second.
Average time per tick: 0.6ms (Target: 50.0ms)
Percentiles: P50: 0.5ms P95: 0.9ms P99: 4.5ms, sample: 100
",
9,C,249943,2026-10-06T12:25:14.324269+00:00,2026-10-06T12:25:14.332900+00:00,13909.777643362,13909.786274868,90.06021067599977,8.631505999801448,running,20.0,50.0,0.3,0.3,0.5,1.0,100,"The game is running normally
Target tick rate: 20.0 per second.
Average time per tick: 0.3ms (Target: 50.0ms)
Percentiles: P50: 0.3ms P95: 0.5ms P99: 1.0ms, sample: 100
",
10,A,249950,2026-10-06T12:25:24.324008+00:00,2026-10-06T12:25:24.328745+00:00,13919.777378965,13919.78211857,100.05994627899963,4.739604999485891,running,20.0,50.0,0.5,0.5,0.8,1.0,100,"The game is running normally
Target tick rate: 20.0 per second.
Average time per tick: 0.5ms (Target: 50.0ms)
Percentiles: P50: 0.5ms P95: 0.8ms P99: 1.0ms, sample: 100
",
10,B,249952,2026-10-06T12:25:24.324112+00:00,2026-10-06T12:25:24.332046+00:00,13919.777486511,13919.785419859,100.06005382500007,7.933347998914542,running,20.0,50.0,0.5,0.5,0.7,1.0,100,"The game is running normally
Target tick rate: 20.0 per second.
Average time per tick: 0.5ms (Target: 50.0ms)
Percentiles: P50: 0.5ms P95: 0.7ms P99: 1.0ms, sample: 100
",
10,C,249943,2026-10-06T12:25:24.324266+00:00,2026-10-06T12:25:24.333462+00:00,13919.777641073,13919.786836546,100.06020838699988,9.195472999635967,running,20.0,50.0,0.3,0.3,0.4,0.7,100,"The game is running normally
Target tick rate: 20.0 per second.
Average time per tick: 0.3ms (Target: 50.0ms)
Percentiles: P50: 0.3ms P95: 0.4ms P99: 0.7ms, sample: 100
",
11,A,249950,2026-10-06T12:25:34.324840+00:00,2026-10-06T12:25:34.335960+00:00,13929.778211908,13929.789333521,110.06077922199984,11.12161299897707,running,20.0,50.0,0.6,0.5,1.0,4.2,100,"The game is running normally
Target tick rate: 20.0 per second.
Average time per tick: 0.6ms (Target: 50.0ms)
Percentiles: P50: 0.5ms P95: 1.0ms P99: 4.2ms, sample: 100
",
11,B,249952,2026-10-06T12:25:34.325386+00:00,2026-10-06T12:25:34.331963+00:00,13929.778760792,13929.785334549,110.06132810599956,6.5737570002966095,running,20.0,50.0,0.6,0.6,0.8,2.0,100,"The game is running normally
Target tick rate: 20.0 per second.
Average time per tick: 0.6ms (Target: 50.0ms)
Percentiles: P50: 0.6ms P95: 0.8ms P99: 2.0ms, sample: 100
",
11,C,249943,2026-10-06T12:25:34.325584+00:00,2026-10-06T12:25:34.332717+00:00,13929.778958769,13929.786091285,110.06152608299999,7.132515998819144,running,20.0,50.0,0.3,0.3,0.5,2.1,100,"The game is running normally
Target tick rate: 20.0 per second.
Average time per tick: 0.3ms (Target: 50.0ms)
Percentiles: P50: 0.3ms P95: 0.5ms P99: 2.1ms, sample: 100
",
12,A,249950,2026-10-06T12:25:44.326691+00:00,2026-10-06T12:25:44.335443+00:00,13939.780061623,13939.7888138,120.06262893699932,8.752177000133088,running,20.0,50.0,0.6,0.5,0.9,1.1,100,"The game is running normally
Target tick rate: 20.0 per second.
Average time per tick: 0.6ms (Target: 50.0ms)
Percentiles: P50: 0.5ms P95: 0.9ms P99: 1.1ms, sample: 100
",
12,B,249952,2026-10-06T12:25:44.327111+00:00,2026-10-06T12:25:44.337256+00:00,13939.78048573,13939.790629796,120.06305304399939,10.144066000066232,running,20.0,50.0,0.6,0.5,1.2,1.9,100,"The game is running normally
Target tick rate: 20.0 per second.
Average time per tick: 0.6ms (Target: 50.0ms)
Percentiles: P50: 0.5ms P95: 1.2ms P99: 1.9ms, sample: 100
",
12,C,249943,2026-10-06T12:25:44.328107+00:00,2026-10-06T12:25:44.339584+00:00,13939.781481355,13939.792958572,120.06404866899902,11.477216999992379,running,20.0,50.0,0.3,0.2,0.5,0.9,100,"The game is running normally
Target tick rate: 20.0 per second.
Average time per tick: 0.3ms (Target: 50.0ms)
Percentiles: P50: 0.2ms P95: 0.5ms P99: 0.9ms, sample: 100
",
13,A,249950,2026-10-06T12:25:54.327008+00:00,2026-10-06T12:25:54.334528+00:00,13949.780379636,13949.787902568,130.06294694999997,7.522931999119464,running,20.0,50.0,0.6,0.5,0.9,3.0,100,"The game is running normally
Target tick rate: 20.0 per second.
Average time per tick: 0.6ms (Target: 50.0ms)
Percentiles: P50: 0.5ms P95: 0.9ms P99: 3.0ms, sample: 100
",
13,B,249952,2026-10-06T12:25:54.327429+00:00,2026-10-06T12:25:54.332558+00:00,13949.780803843,13949.785929927,130.06337115699898,5.126084000949049,running,20.0,50.0,0.6,0.5,1.1,2.8,100,"The game is running normally
Target tick rate: 20.0 per second.
Average time per tick: 0.6ms (Target: 50.0ms)
Percentiles: P50: 0.5ms P95: 1.1ms P99: 2.8ms, sample: 100
",
13,C,249943,2026-10-06T12:25:54.327593+00:00,2026-10-06T12:25:54.338993+00:00,13949.780967434,13949.79236755,130.06353474800017,11.400116000004346,running,20.0,50.0,0.3,0.2,0.5,1.1,100,"The game is running normally
Target tick rate: 20.0 per second.
Average time per tick: 0.3ms (Target: 50.0ms)
Percentiles: P50: 0.2ms P95: 0.5ms P99: 1.1ms, sample: 100
",
14,A,249950,2026-10-06T12:26:04.326566+00:00,2026-10-06T12:26:04.330680+00:00,13959.779937687,13959.784054185,140.06250500100032,4.116497999348212,running,20.0,50.0,0.6,0.6,1.1,1.7,100,"The game is running normally
Target tick rate: 20.0 per second.
Average time per tick: 0.6ms (Target: 50.0ms)
Percentiles: P50: 0.6ms P95: 1.1ms P99: 1.7ms, sample: 100
",
14,B,249952,2026-10-06T12:26:04.326767+00:00,2026-10-06T12:26:04.333392+00:00,13959.780137772,13959.786765175,140.06270508600028,6.627402999583865,running,20.0,50.0,0.6,0.5,1.1,5.2,100,"The game is running normally
Target tick rate: 20.0 per second.
Average time per tick: 0.6ms (Target: 50.0ms)
Percentiles: P50: 0.5ms P95: 1.1ms P99: 5.2ms, sample: 100
",
14,C,249943,2026-10-06T12:26:04.326963+00:00,2026-10-06T12:26:04.331756+00:00,13959.780337077,13959.785130541,140.0629043909994,4.793464000613312,running,20.0,50.0,0.3,0.2,0.4,5.5,100,"The game is running normally
Target tick rate: 20.0 per second.
Average time per tick: 0.3ms (Target: 50.0ms)
Percentiles: P50: 0.2ms P95: 0.4ms P99: 5.5ms, sample: 100
",
15,A,249950,2026-10-06T12:26:14.326608+00:00,2026-10-06T12:26:14.333147+00:00,13969.779980555,13969.786521513,150.0625478689999,6.540958000186947,running,20.0,50.0,0.6,0.5,1.2,2.3,100,"The game is running normally
Target tick rate: 20.0 per second.
Average time per tick: 0.6ms (Target: 50.0ms)
Percentiles: P50: 0.5ms P95: 1.2ms P99: 2.3ms, sample: 100
",
15,B,249952,2026-10-06T12:26:14.326972+00:00,2026-10-06T12:26:14.331992+00:00,13969.780346845,13969.78536651,150.06291415899977,5.01966499905393,running,20.0,50.0,0.4,0.4,0.6,1.3,100,"The game is running normally
Target tick rate: 20.0 per second.
Average time per tick: 0.4ms (Target: 50.0ms)
Percentiles: P50: 0.4ms P95: 0.6ms P99: 1.3ms, sample: 100
",
15,C,249943,2026-10-06T12:26:14.331553+00:00,2026-10-06T12:26:14.336249+00:00,13969.784924466,13969.789622468,150.06749177999882,4.698002001532586,running,20.0,50.0,0.2,0.2,0.4,1.2,100,"The game is running normally
Target tick rate: 20.0 per second.
Average time per tick: 0.2ms (Target: 50.0ms)
Percentiles: P50: 0.2ms P95: 0.4ms P99: 1.2ms, sample: 100
",
16,A,249950,2026-10-06T12:26:24.324074+00:00,2026-10-06T12:26:24.338757+00:00,13979.777444897,13979.792131252,160.06001221099905,14.686354999867035,running,20.0,50.0,0.7,0.6,1.5,2.4,100,"The game is running normally
Target tick rate: 20.0 per second.
Average time per tick: 0.7ms (Target: 50.0ms)
Percentiles: P50: 0.6ms P95: 1.5ms P99: 2.4ms, sample: 100
",
16,B,249952,2026-10-06T12:26:24.324222+00:00,2026-10-06T12:26:24.336919+00:00,13979.777596424,13979.790290288,160.06016373800048,12.69386399872019,running,20.0,50.0,0.7,0.5,1.2,5.0,100,"The game is running normally
Target tick rate: 20.0 per second.
Average time per tick: 0.7ms (Target: 50.0ms)
Percentiles: P50: 0.5ms P95: 1.2ms P99: 5.0ms, sample: 100
",
16,C,249943,2026-10-06T12:26:24.324348+00:00,2026-10-06T12:26:24.333303+00:00,13979.777722709,13979.786674125,160.06029002299874,8.951416000854806,running,20.0,50.0,0.3,0.2,0.5,0.6,100,"The game is running normally
Target tick rate: 20.0 per second.
Average time per tick: 0.3ms (Target: 50.0ms)
Percentiles: P50: 0.2ms P95: 0.5ms P99: 0.6ms, sample: 100
",
17,A,249950,2026-10-06T12:26:34.325399+00:00,2026-10-06T12:26:34.333539+00:00,13989.778769985,13989.786913478,170.0613372989992,8.143492999806767,running,20.0,50.0,0.6,0.5,1.0,4.1,100,"The game is running normally
Target tick rate: 20.0 per second.
Average time per tick: 0.6ms (Target: 50.0ms)
Percentiles: P50: 0.5ms P95: 1.0ms P99: 4.1ms, sample: 100
",
17,B,249952,2026-10-06T12:26:34.325493+00:00,2026-10-06T12:26:34.331024+00:00,13989.778867085,13989.784394708,170.06143439900006,5.527622999579762,running,20.0,50.0,0.4,0.4,0.6,1.4,100,"The game is running normally
Target tick rate: 20.0 per second.
Average time per tick: 0.4ms (Target: 50.0ms)
Percentiles: P50: 0.4ms P95: 0.6ms P99: 1.4ms, sample: 100
",
17,C,249943,2026-10-06T12:26:34.326038+00:00,2026-10-06T12:26:34.333192+00:00,13989.779412649,13989.786565806,170.06197996300034,7.153156999265775,running,20.0,50.0,0.3,0.2,0.5,0.6,100,"The game is running normally
Target tick rate: 20.0 per second.
Average time per tick: 0.3ms (Target: 50.0ms)
Percentiles: P50: 0.2ms P95: 0.5ms P99: 0.6ms, sample: 100
",
18,A,249950,2026-10-06T12:26:44.325871+00:00,2026-10-06T12:26:44.332375+00:00,13999.779242376,13999.785747811,180.0618096899998,6.505434999780846,running,20.0,50.0,0.5,0.5,0.8,1.2,100,"The game is running normally
Target tick rate: 20.0 per second.
Average time per tick: 0.5ms (Target: 50.0ms)
Percentiles: P50: 0.5ms P95: 0.8ms P99: 1.2ms, sample: 100
",
18,B,249952,2026-10-06T12:26:44.325988+00:00,2026-10-06T12:26:44.333219+00:00,13999.779362677,13999.78659353,180.0619299909995,7.230852999782655,running,20.0,50.0,0.4,0.4,0.7,1.1,100,"The game is running normally
Target tick rate: 20.0 per second.
Average time per tick: 0.4ms (Target: 50.0ms)
Percentiles: P50: 0.4ms P95: 0.7ms P99: 1.1ms, sample: 100
",
18,C,249943,2026-10-06T12:26:44.327051+00:00,2026-10-06T12:26:44.338754+00:00,13999.780425467,13999.792127011,180.0629927810005,11.701543999151909,running,20.0,50.0,0.3,0.2,0.4,0.8,100,"The game is running normally
Target tick rate: 20.0 per second.
Average time per tick: 0.3ms (Target: 50.0ms)
Percentiles: P50: 0.2ms P95: 0.4ms P99: 0.8ms, sample: 100
",
19,A,249950,2026-10-06T12:26:54.326863+00:00,2026-10-06T12:26:54.333381+00:00,14009.780233554,14009.786752638,190.0628008679996,6.519083999592112,running,20.0,50.0,0.5,0.5,0.8,1.6,100,"The game is running normally
Target tick rate: 20.0 per second.
Average time per tick: 0.5ms (Target: 50.0ms)
Percentiles: P50: 0.5ms P95: 0.8ms P99: 1.6ms, sample: 100
",
19,B,249952,2026-10-06T12:26:54.327635+00:00,2026-10-06T12:26:54.330043+00:00,14009.781008351,14009.783416946,190.063575664999,2.408595000815694,running,20.0,50.0,0.5,0.5,0.7,2.8,100,"The game is running normally
Target tick rate: 20.0 per second.
Average time per tick: 0.5ms (Target: 50.0ms)
Percentiles: P50: 0.5ms P95: 0.7ms P99: 2.8ms, sample: 100
",
19,C,249943,2026-10-06T12:26:54.328624+00:00,2026-10-06T12:26:54.336139+00:00,14009.781998162,14009.789512175,190.0645654759992,7.514013001127751,running,20.0,50.0,0.3,0.3,0.4,0.5,100,"The game is running normally
Target tick rate: 20.0 per second.
Average time per tick: 0.3ms (Target: 50.0ms)
Percentiles: P50: 0.3ms P95: 0.4ms P99: 0.5ms, sample: 100
",
20,A,249950,2026-10-06T12:27:04.327111+00:00,2026-10-06T12:27:04.337994+00:00,14019.780482257,14019.791368718,200.06304957099928,10.886461001064163,running,20.0,50.0,0.5,0.5,0.8,1.4,100,"The game is running normally
Target tick rate: 20.0 per second.
Average time per tick: 0.5ms (Target: 50.0ms)
Percentiles: P50: 0.5ms P95: 0.8ms P99: 1.4ms, sample: 100
",
20,B,249952,2026-10-06T12:27:04.328279+00:00,2026-10-06T12:27:04.336477+00:00,14019.781652504,14019.789847304,200.0642198179994,8.19480000063777,running,20.0,50.0,0.5,0.4,0.9,1.5,100,"The game is running normally
Target tick rate: 20.0 per second.
Average time per tick: 0.5ms (Target: 50.0ms)
Percentiles: P50: 0.4ms P95: 0.9ms P99: 1.5ms, sample: 100
",
20,C,249943,2026-10-06T12:27:04.328397+00:00,2026-10-06T12:27:04.338802+00:00,14019.781771888,14019.792176956,200.06433920199925,10.405068000181927,running,20.0,50.0,0.2,0.2,0.4,0.7,100,"The game is running normally
Target tick rate: 20.0 per second.
Average time per tick: 0.2ms (Target: 50.0ms)
Percentiles: P50: 0.2ms P95: 0.4ms P99: 0.7ms, sample: 100
",
21,A,249950,2026-10-06T12:27:14.326097+00:00,2026-10-06T12:27:14.329305+00:00,14029.779469254,14029.782678761,210.0620365679988,3.2095070000650594,running,20.0,50.0,0.5,0.5,0.8,2.0,100,"The game is running normally
Target tick rate: 20.0 per second.
Average time per tick: 0.5ms (Target: 50.0ms)
Percentiles: P50: 0.5ms P95: 0.8ms P99: 2.0ms, sample: 100
",
21,B,249952,2026-10-06T12:27:14.329472+00:00,2026-10-06T12:27:14.334861+00:00,14029.782846934,14029.788233869,210.0654142479998,5.386934999478399,running,20.0,50.0,0.5,0.4,0.6,5.6,100,"The game is running normally
Target tick rate: 20.0 per second.
Average time per tick: 0.5ms (Target: 50.0ms)
Percentiles: P50: 0.4ms P95: 0.6ms P99: 5.6ms, sample: 100
",
21,C,249943,2026-10-06T12:27:14.329863+00:00,2026-10-06T12:27:14.333736+00:00,14029.783233504,14029.787110123,210.06580081799984,3.8766189991292777,running,20.0,50.0,0.2,0.2,0.4,0.7,100,"The game is running normally
Target tick rate: 20.0 per second.
Average time per tick: 0.2ms (Target: 50.0ms)
Percentiles: P50: 0.2ms P95: 0.4ms P99: 0.7ms, sample: 100
",
22,A,249950,2026-10-06T12:27:24.324275+00:00,2026-10-06T12:27:24.342785+00:00,14039.777645736,14039.796156941,220.06021304999922,18.51120500032266,running,20.0,50.0,0.5,0.5,1.0,1.7,100,"The game is running normally
Target tick rate: 20.0 per second.
Average time per tick: 0.5ms (Target: 50.0ms)
Percentiles: P50: 0.5ms P95: 1.0ms P99: 1.7ms, sample: 100
",
22,B,249952,2026-10-06T12:27:24.324409+00:00,2026-10-06T12:27:24.329323+00:00,14039.777783723,14039.782696437,220.06035103700015,4.912713999146945,running,20.0,50.0,0.4,0.4,0.7,0.8,100,"The game is running normally
Target tick rate: 20.0 per second.
Average time per tick: 0.4ms (Target: 50.0ms)
Percentiles: P50: 0.4ms P95: 0.7ms P99: 0.8ms, sample: 100
",
22,C,249943,2026-10-06T12:27:24.324523+00:00,2026-10-06T12:27:24.333711+00:00,14039.777893733,14039.787082495,220.060461047,9.188762000121642,running,20.0,50.0,0.3,0.2,0.4,0.8,100,"The game is running normally
Target tick rate: 20.0 per second.
Average time per tick: 0.3ms (Target: 50.0ms)
Percentiles: P50: 0.2ms P95: 0.4ms P99: 0.8ms, sample: 100
",
23,A,249950,2026-10-06T12:27:34.324727+00:00,2026-10-06T12:27:34.327951+00:00,14049.77809868,14049.781325018,230.06066599400037,3.226337999876705,running,20.0,50.0,0.5,0.5,0.8,2.4,100,"The game is running normally
Target tick rate: 20.0 per second.
Average time per tick: 0.5ms (Target: 50.0ms)
Percentiles: P50: 0.5ms P95: 0.8ms P99: 2.4ms, sample: 100
",
23,B,249952,2026-10-06T12:27:34.325120+00:00,2026-10-06T12:27:34.336159+00:00,14049.778493478,14049.789531166,230.0610607919989,11.037688000214985,running,20.0,50.0,0.5,0.4,0.6,9.4,100,"The game is running normally
Target tick rate: 20.0 per second.
Average time per tick: 0.5ms (Target: 50.0ms)
Percentiles: P50: 0.4ms P95: 0.6ms P99: 9.4ms, sample: 100
",
23,C,249943,2026-10-06T12:27:34.325184+00:00,2026-10-06T12:27:34.329038+00:00,14049.778558486,14049.782412711,230.061125799999,3.8542250003956724,running,20.0,50.0,0.2,0.2,0.4,0.9,100,"The game is running normally
Target tick rate: 20.0 per second.
Average time per tick: 0.2ms (Target: 50.0ms)
Percentiles: P50: 0.2ms P95: 0.4ms P99: 0.9ms, sample: 100
",
24,A,249950,2026-10-06T12:27:44.327730+00:00,2026-10-06T12:27:44.331462+00:00,14059.781100692,14059.784835868,240.06366800599972,3.7351760001911316,running,20.0,50.0,0.5,0.4,1.0,1.3,100,"The game is running normally
Target tick rate: 20.0 per second.
Average time per tick: 0.5ms (Target: 50.0ms)
Percentiles: P50: 0.4ms P95: 1.0ms P99: 1.3ms, sample: 100
",
24,B,249952,2026-10-06T12:27:44.327842+00:00,2026-10-06T12:27:44.332090+00:00,14059.781216295,14059.785464341,240.06378360899907,4.248045999702299,running,20.0,50.0,0.4,0.4,0.6,2.5,100,"The game is running normally
Target tick rate: 20.0 per second.
Average time per tick: 0.4ms (Target: 50.0ms)
Percentiles: P50: 0.4ms P95: 0.6ms P99: 2.5ms, sample: 100
",
24,C,249943,2026-10-06T12:27:44.328222+00:00,2026-10-06T12:27:44.335843+00:00,14059.781596826,14059.789217314,240.06416413999978,7.620488000611658,running,20.0,50.0,0.2,0.2,0.4,0.9,100,"The game is running normally
Target tick rate: 20.0 per second.
Average time per tick: 0.2ms (Target: 50.0ms)
Percentiles: P50: 0.2ms P95: 0.4ms P99: 0.9ms, sample: 100
",
25,A,249950,2026-10-06T12:27:54.328670+00:00,2026-10-06T12:27:54.332801+00:00,14069.782042888,14069.786175571,250.06461020200004,4.1326829996251035,running,20.0,50.0,0.5,0.5,0.7,0.8,100,"The game is running normally
Target tick rate: 20.0 per second.
Average time per tick: 0.5ms (Target: 50.0ms)
Percentiles: P50: 0.5ms P95: 0.7ms P99: 0.8ms, sample: 100
",
25,B,249952,2026-10-06T12:27:54.328768+00:00,2026-10-06T12:27:54.335953+00:00,14069.782141672,14069.789326686,250.06470898599946,7.185013999333023,running,20.0,50.0,0.4,0.4,0.6,1.0,100,"The game is running normally
Target tick rate: 20.0 per second.
Average time per tick: 0.4ms (Target: 50.0ms)
Percentiles: P50: 0.4ms P95: 0.6ms P99: 1.0ms, sample: 100
",
25,C,249943,2026-10-06T12:27:54.328939+00:00,2026-10-06T12:27:54.332706+00:00,14069.78231355,14069.786078991,250.06488086399986,3.7654409989045234,running,20.0,50.0,0.3,0.3,0.5,2.0,100,"The game is running normally
Target tick rate: 20.0 per second.
Average time per tick: 0.3ms (Target: 50.0ms)
Percentiles: P50: 0.3ms P95: 0.5ms P99: 2.0ms, sample: 100
",
26,A,249950,2026-10-06T12:28:04.324089+00:00,2026-10-06T12:28:04.332123+00:00,14079.777460763,14079.785497866,260.0600280769995,8.037102999878698,running,20.0,50.0,0.5,0.5,0.7,1.9,100,"The game is running normally
Target tick rate: 20.0 per second.
Average time per tick: 0.5ms (Target: 50.0ms)
Percentiles: P50: 0.5ms P95: 0.7ms P99: 1.9ms, sample: 100
",
26,B,249952,2026-10-06T12:28:04.324214+00:00,2026-10-06T12:28:04.332763+00:00,14079.777588474,14079.786138137,260.060155788,8.549662999939756,running,20.0,50.0,0.4,0.4,0.6,1.7,100,"The game is running normally
Target tick rate: 20.0 per second.
Average time per tick: 0.4ms (Target: 50.0ms)
Percentiles: P50: 0.4ms P95: 0.6ms P99: 1.7ms, sample: 100
",
26,C,249943,2026-10-06T12:28:04.324631+00:00,2026-10-06T12:28:04.329750+00:00,14079.778005445,14079.783122185,260.0605727589991,5.116739999721176,running,20.0,50.0,0.2,0.2,0.4,0.5,100,"The game is running normally
Target tick rate: 20.0 per second.
Average time per tick: 0.2ms (Target: 50.0ms)
Percentiles: P50: 0.2ms P95: 0.4ms P99: 0.5ms, sample: 100
",
27,A,249950,2026-10-06T12:28:14.325872+00:00,2026-10-06T12:28:14.329799+00:00,14089.779244155,14089.783172612,270.0618114689987,3.9284570011659525,running,20.0,50.0,0.4,0.4,0.6,0.8,100,"The game is running normally
Target tick rate: 20.0 per second.
Average time per tick: 0.4ms (Target: 50.0ms)
Percentiles: P50: 0.4ms P95: 0.6ms P99: 0.8ms, sample: 100
",
27,B,249952,2026-10-06T12:28:14.326863+00:00,2026-10-06T12:28:14.331548+00:00,14089.780237551,14089.784922634,270.06280486499963,4.68508300036774,running,20.0,50.0,0.5,0.5,1.0,1.8,100,"The game is running normally
Target tick rate: 20.0 per second.
Average time per tick: 0.5ms (Target: 50.0ms)
Percentiles: P50: 0.5ms P95: 1.0ms P99: 1.8ms, sample: 100
",
27,C,249943,2026-10-06T12:28:14.329954+00:00,2026-10-06T12:28:14.342133+00:00,14089.783328897,14089.795504602,270.0658962109992,12.175705000117887,running,20.0,50.0,0.2,0.2,0.4,0.5,100,"The game is running normally
Target tick rate: 20.0 per second.
Average time per tick: 0.2ms (Target: 50.0ms)
Percentiles: P50: 0.2ms P95: 0.4ms P99: 0.5ms, sample: 100
",
28,A,249950,2026-10-06T12:28:24.325695+00:00,2026-10-06T12:28:24.329392+00:00,14099.779065153,14099.782766819,280.0616324669991,3.701666000779369,running,20.0,50.0,0.4,0.4,0.6,1.4,100,"The game is running normally
Target tick rate: 20.0 per second.
Average time per tick: 0.4ms (Target: 50.0ms)
Percentiles: P50: 0.4ms P95: 0.6ms P99: 1.4ms, sample: 100
",
28,B,249952,2026-10-06T12:28:24.326677+00:00,2026-10-06T12:28:24.330299+00:00,14099.780051599,14099.783673495,280.0626189129998,3.621895999458502,running,20.0,50.0,0.4,0.4,0.7,1.3,100,"The game is running normally
Target tick rate: 20.0 per second.
Average time per tick: 0.4ms (Target: 50.0ms)
Percentiles: P50: 0.4ms P95: 0.7ms P99: 1.3ms, sample: 100
",
28,C,249943,2026-10-06T12:28:24.326742+00:00,2026-10-06T12:28:24.329083+00:00,14099.780116716,14099.782456979,280.0626840299992,2.34026299949619,running,20.0,50.0,0.2,0.2,0.5,1.0,100,"The game is running normally
Target tick rate: 20.0 per second.
Average time per tick: 0.2ms (Target: 50.0ms)
Percentiles: P50: 0.2ms P95: 0.5ms P99: 1.0ms, sample: 100
",
29,A,249950,2026-10-06T12:28:34.324007+00:00,2026-10-06T12:28:34.333236+00:00,14109.777378464,14109.786607346,290.059945777999,9.228882001480088,running,20.0,50.0,0.5,0.4,0.7,5.5,100,"The game is running normally
Target tick rate: 20.0 per second.
Average time per tick: 0.5ms (Target: 50.0ms)
Percentiles: P50: 0.4ms P95: 0.7ms P99: 5.5ms, sample: 100
",
29,B,249952,2026-10-06T12:28:34.324109+00:00,2026-10-06T12:28:34.339279+00:00,14109.777483386,14109.792653626,290.0600506999999,15.170239999861224,running,20.0,50.0,0.5,0.4,0.8,2.1,100,"The game is running normally
Target tick rate: 20.0 per second.
Average time per tick: 0.5ms (Target: 50.0ms)
Percentiles: P50: 0.4ms P95: 0.8ms P99: 2.1ms, sample: 100
",
29,C,249943,2026-10-06T12:28:34.324281+00:00,2026-10-06T12:28:34.336360+00:00,14109.77765589,14109.789733668,290.06022320400007,12.077777999365935,running,20.0,50.0,0.2,0.2,0.3,2.4,100,"The game is running normally
Target tick rate: 20.0 per second.
Average time per tick: 0.2ms (Target: 50.0ms)
Percentiles: P50: 0.2ms P95: 0.3ms P99: 2.4ms, sample: 100
",
30,A,249950,2026-10-06T12:28:44.324299+00:00,2026-10-06T12:28:44.338734+00:00,14119.77767025,14119.792107911,300.0602375639992,14.437661000556545,running,20.0,50.0,0.7,0.4,1.0,17.3,100,"The game is running normally
Target tick rate: 20.0 per second.
Average time per tick: 0.7ms (Target: 50.0ms)
Percentiles: P50: 0.4ms P95: 1.0ms P99: 17.3ms, sample: 100
",
30,B,249952,2026-10-06T12:28:44.324488+00:00,2026-10-06T12:28:44.340136+00:00,14119.777862413,14119.793511122,300.06042972700016,15.648708998924121,running,20.0,50.0,0.7,0.5,0.9,20.6,100,"The game is running normally
Target tick rate: 20.0 per second.
Average time per tick: 0.7ms (Target: 50.0ms)
Percentiles: P50: 0.5ms P95: 0.9ms P99: 20.6ms, sample: 100
",
30,C,249943,2026-10-06T12:28:44.326023+00:00,2026-10-06T12:28:44.335239+00:00,14119.779397272,14119.788610391,300.0619645859988,9.21311900128785,running,20.0,50.0,0.4,0.3,0.4,12.2,100,"The game is running normally
Target tick rate: 20.0 per second.
Average time per tick: 0.4ms (Target: 50.0ms)
Percentiles: P50: 0.3ms P95: 0.4ms P99: 12.2ms, sample: 100
",
31,A,249950,2026-10-06T12:28:54.324030+00:00,2026-10-06T12:28:54.328045+00:00,14129.777401808,14129.781419969,310.05996912199953,4.0181610002036905,running,20.0,50.0,0.4,0.4,0.6,0.9,100,"The game is running normally
Target tick rate: 20.0 per second.
Average time per tick: 0.4ms (Target: 50.0ms)
Percentiles: P50: 0.4ms P95: 0.6ms P99: 0.9ms, sample: 100
",
31,B,249952,2026-10-06T12:28:54.324195+00:00,2026-10-06T12:28:54.326562+00:00,14129.777569094,14129.779936007,310.0601364079994,2.3669130005146144,running,20.0,50.0,0.4,0.4,0.7,1.7,100,"The game is running normally
Target tick rate: 20.0 per second.
Average time per tick: 0.4ms (Target: 50.0ms)
Percentiles: P50: 0.4ms P95: 0.7ms P99: 1.7ms, sample: 100
",
31,C,249943,2026-10-06T12:28:54.325606+00:00,2026-10-06T12:28:54.331863+00:00,14129.778980422,14129.785237053,310.06154773599883,6.2566310007241555,running,20.0,50.0,0.2,0.2,0.3,0.6,100,"The game is running normally
Target tick rate: 20.0 per second.
Average time per tick: 0.2ms (Target: 50.0ms)
Percentiles: P50: 0.2ms P95: 0.3ms P99: 0.6ms, sample: 100
",
32,A,249950,2026-10-06T12:29:04.324059+00:00,2026-10-06T12:29:04.330725+00:00,14139.777431309,14139.784096874,320.05999862299905,6.665565000730567,running,20.0,50.0,0.4,0.4,0.6,1.3,100,"The game is running normally
Target tick rate: 20.0 per second.
Average time per tick: 0.4ms (Target: 50.0ms)
Percentiles: P50: 0.4ms P95: 0.6ms P99: 1.3ms, sample: 100
",
32,B,249952,2026-10-06T12:29:04.324162+00:00,2026-10-06T12:29:04.338671+00:00,14139.777536036,14139.792045946,320.0601033499988,14.50991000092472,running,20.0,50.0,0.5,0.4,0.9,2.9,100,"The game is running normally
Target tick rate: 20.0 per second.
Average time per tick: 0.5ms (Target: 50.0ms)
Percentiles: P50: 0.4ms P95: 0.9ms P99: 2.9ms, sample: 100
",
32,C,249943,2026-10-06T12:29:04.325002+00:00,2026-10-06T12:29:04.336367+00:00,14139.778376548,14139.789740255,320.0609438619995,11.363707000782597,running,20.0,50.0,0.2,0.2,0.3,1.2,100,"The game is running normally
Target tick rate: 20.0 per second.
Average time per tick: 0.2ms (Target: 50.0ms)
Percentiles: P50: 0.2ms P95: 0.3ms P99: 1.2ms, sample: 100
",
33,A,249950,2026-10-06T12:29:14.324000+00:00,2026-10-06T12:29:14.328624+00:00,14149.777372425,14149.781998569,330.0599397389997,4.626144000212662,running,20.0,50.0,0.4,0.4,0.5,1.0,100,"The game is running normally
Target tick rate: 20.0 per second.
Average time per tick: 0.4ms (Target: 50.0ms)
Percentiles: P50: 0.4ms P95: 0.5ms P99: 1.0ms, sample: 100
",
33,B,249952,2026-10-06T12:29:14.324158+00:00,2026-10-06T12:29:14.326106+00:00,14149.77753269,14149.779480494,330.06010000399874,1.9478040012472775,running,20.0,50.0,0.4,0.4,0.7,1.4,100,"The game is running normally
Target tick rate: 20.0 per second.
Average time per tick: 0.4ms (Target: 50.0ms)
Percentiles: P50: 0.4ms P95: 0.7ms P99: 1.4ms, sample: 100
",
33,C,249943,2026-10-06T12:29:14.326059+00:00,2026-10-06T12:29:14.330662+00:00,14149.779433378,14149.784036627,330.06200069199986,4.603248999046627,running,20.0,50.0,0.2,0.2,0.5,1.0,100,"The game is running normally
Target tick rate: 20.0 per second.
Average time per tick: 0.2ms (Target: 50.0ms)
Percentiles: P50: 0.2ms P95: 0.5ms P99: 1.0ms, sample: 100
",
34,A,249950,2026-10-06T12:29:24.326609+00:00,2026-10-06T12:29:24.330763+00:00,14159.77998093,14159.784137568,340.0625482439991,4.15663800049515,running,20.0,50.0,0.4,0.4,0.6,0.9,100,"The game is running normally
Target tick rate: 20.0 per second.
Average time per tick: 0.4ms (Target: 50.0ms)
Percentiles: P50: 0.4ms P95: 0.6ms P99: 0.9ms, sample: 100
",
34,B,249952,2026-10-06T12:29:24.327112+00:00,2026-10-06T12:29:24.329342+00:00,14159.780486343,14159.78271639,340.0630536569988,2.2300470009213313,running,20.0,50.0,0.4,0.4,0.6,1.0,100,"The game is running normally
Target tick rate: 20.0 per second.
Average time per tick: 0.4ms (Target: 50.0ms)
Percentiles: P50: 0.4ms P95: 0.6ms P99: 1.0ms, sample: 100
",
34,C,249943,2026-10-06T12:29:24.328529+00:00,2026-10-06T12:29:24.331749+00:00,14159.78190372,14159.785123693,340.06447103400023,3.219972999431775,running,20.0,50.0,0.2,0.2,0.3,0.5,100,"The game is running normally
Target tick rate: 20.0 per second.
Average time per tick: 0.2ms (Target: 50.0ms)
Percentiles: P50: 0.2ms P95: 0.3ms P99: 0.5ms, sample: 100
",
35,A,249950,2026-10-06T12:29:34.324296+00:00,2026-10-06T12:29:34.337059+00:00,14169.777666829,14169.790433321,350.06023414300034,12.766492000082508,running,20.0,50.0,0.4,0.4,0.6,1.2,100,"The game is running normally
Target tick rate: 20.0 per second.
Average time per tick: 0.4ms (Target: 50.0ms)
Percentiles: P50: 0.4ms P95: 0.6ms P99: 1.2ms, sample: 100
",
35,B,249952,2026-10-06T12:29:34.324414+00:00,2026-10-06T12:29:34.335837+00:00,14169.777788613,14169.789209215,350.0603559270003,11.420601998906932,running,20.0,50.0,0.4,0.4,0.8,1.4,100,"The game is running normally
Target tick rate: 20.0 per second.
Average time per tick: 0.4ms (Target: 50.0ms)
Percentiles: P50: 0.4ms P95: 0.8ms P99: 1.4ms, sample: 100
",
35,C,249943,2026-10-06T12:29:34.326705+00:00,2026-10-06T12:29:34.331676+00:00,14169.78007575,14169.785050207,350.06264306400044,4.97445699875243,running,20.0,50.0,0.2,0.2,0.3,2.7,100,"The game is running normally
Target tick rate: 20.0 per second.
Average time per tick: 0.2ms (Target: 50.0ms)
Percentiles: P50: 0.2ms P95: 0.3ms P99: 2.7ms, sample: 100
",
36,A,249950,2026-10-06T12:29:44.324221+00:00,2026-10-06T12:29:44.332340+00:00,14179.777592816,14179.785714306,360.06016013000044,8.121489998302422,running,20.0,50.0,0.5,0.4,0.7,7.5,100,"The game is running normally
Target tick rate: 20.0 per second.
Average time per tick: 0.5ms (Target: 50.0ms)
Percentiles: P50: 0.4ms P95: 0.7ms P99: 7.5ms, sample: 100
",
36,B,249952,2026-10-06T12:29:44.324324+00:00,2026-10-06T12:29:44.326994+00:00,14179.777698459,14179.780360916,360.0602657729996,2.6624570000421954,running,20.0,50.0,0.4,0.4,0.7,1.3,100,"The game is running normally
Target tick rate: 20.0 per second.
Average time per tick: 0.4ms (Target: 50.0ms)
Percentiles: P50: 0.4ms P95: 0.7ms P99: 1.3ms, sample: 100
",
36,C,249943,2026-10-06T12:29:44.324400+00:00,2026-10-06T12:29:44.327078+00:00,14179.777774729,14179.780452959,360.06034204299976,2.678229999219184,running,20.0,50.0,0.2,0.2,0.3,0.6,100,"The game is running normally
Target tick rate: 20.0 per second.
Average time per tick: 0.2ms (Target: 50.0ms)
Percentiles: P50: 0.2ms P95: 0.3ms P99: 0.6ms, sample: 100
",
37,A,249950,2026-10-06T12:29:54.324635+00:00,2026-10-06T12:29:54.333677+00:00,14189.778006403,14189.78705163,370.060573716999,9.045227001479361,running,20.0,50.0,0.5,0.4,0.8,3.0,100,"The game is running normally
Target tick rate: 20.0 per second.
Average time per tick: 0.5ms (Target: 50.0ms)
Percentiles: P50: 0.4ms P95: 0.8ms P99: 3.0ms, sample: 100
",
37,B,249952,2026-10-06T12:29:54.324762+00:00,2026-10-06T12:29:54.333966+00:00,14189.778136208,14189.787341255,370.06070352200004,9.205046999340993,running,20.0,50.0,0.6,0.5,0.9,3.1,100,"The game is running normally
Target tick rate: 20.0 per second.
Average time per tick: 0.6ms (Target: 50.0ms)
Percentiles: P50: 0.5ms P95: 0.9ms P99: 3.1ms, sample: 100
",
37,C,249943,2026-10-06T12:29:54.324890+00:00,2026-10-06T12:29:54.331481+00:00,14189.778263845,14189.784853045,370.0608311590004,6.589199998416007,running,20.0,50.0,0.2,0.2,0.4,0.6,100,"The game is running normally
Target tick rate: 20.0 per second.
Average time per tick: 0.2ms (Target: 50.0ms)
Percentiles: P50: 0.2ms P95: 0.4ms P99: 0.6ms, sample: 100
",
38,A,249950,2026-10-06T12:30:04.326793+00:00,2026-10-06T12:30:04.334278+00:00,14199.780162974,14199.787651894,380.06273028800024,7.48891999865009,running,20.0,50.0,0.4,0.4,0.6,1.5,100,"The game is running normally
Target tick rate: 20.0 per second.
Average time per tick: 0.4ms (Target: 50.0ms)
Percentiles: P50: 0.4ms P95: 0.6ms P99: 1.5ms, sample: 100
",
38,B,249952,2026-10-06T12:30:04.326949+00:00,2026-10-06T12:30:04.329915+00:00,14199.780323524,14199.783289025,380.0628908380004,2.965500998470816,running,20.0,50.0,0.5,0.5,1.1,2.0,100,"The game is running normally
Target tick rate: 20.0 per second.
Average time per tick: 0.5ms (Target: 50.0ms)
Percentiles: P50: 0.5ms P95: 1.1ms P99: 2.0ms, sample: 100
",
38,C,249943,2026-10-06T12:30:04.327072+00:00,2026-10-06T12:30:04.334985+00:00,14199.780446033,14199.788359852,380.0630133470004,7.913818999440991,running,20.0,50.0,0.2,0.2,0.3,0.6,100,"The game is running normally
Target tick rate: 20.0 per second.
Average time per tick: 0.2ms (Target: 50.0ms)
Percentiles: P50: 0.2ms P95: 0.3ms P99: 0.6ms, sample: 100
",
39,A,249950,2026-10-06T12:30:14.324514+00:00,2026-10-06T12:30:14.334253+00:00,14209.777886356,14209.787627187,390.06045366999933,9.740831001181505,running,20.0,50.0,0.4,0.4,0.6,1.1,100,"The game is running normally
Target tick rate: 20.0 per second.
Average time per tick: 0.4ms (Target: 50.0ms)
Percentiles: P50: 0.4ms P95: 0.6ms P99: 1.1ms, sample: 100
",
39,B,249952,2026-10-06T12:30:14.324620+00:00,2026-10-06T12:30:14.330963+00:00,14209.777994133,14209.784335962,390.0605614470005,6.34182899921143,running,20.0,50.0,0.5,0.4,0.8,1.9,100,"The game is running normally
Target tick rate: 20.0 per second.
Average time per tick: 0.5ms (Target: 50.0ms)
Percentiles: P50: 0.4ms P95: 0.8ms P99: 1.9ms, sample: 100
",
39,C,249943,2026-10-06T12:30:14.325535+00:00,2026-10-06T12:30:14.331982+00:00,14209.778909612,14209.785356889,390.06147692599916,6.447277000916074,running,20.0,50.0,0.2,0.2,0.5,0.8,100,"The game is running normally
Target tick rate: 20.0 per second.
Average time per tick: 0.2ms (Target: 50.0ms)
Percentiles: P50: 0.2ms P95: 0.5ms P99: 0.8ms, sample: 100
",
40,A,249950,2026-10-06T12:30:24.325785+00:00,2026-10-06T12:30:24.328855+00:00,14219.779157227,14219.782229118,400.0617245409994,3.0718910002178745,running,20.0,50.0,0.6,0.5,1.5,2.9,100,"The game is running normally
Target tick rate: 20.0 per second.
Average time per tick: 0.6ms (Target: 50.0ms)
Percentiles: P50: 0.5ms P95: 1.5ms P99: 2.9ms, sample: 100
",
40,B,249952,2026-10-06T12:30:24.325878+00:00,2026-10-06T12:30:24.329198+00:00,14219.779252415,14219.782572599,400.0618197290005,3.320183999676374,running,20.0,50.0,0.6,0.5,0.9,2.5,100,"The game is running normally
Target tick rate: 20.0 per second.
Average time per tick: 0.6ms (Target: 50.0ms)
Percentiles: P50: 0.5ms P95: 0.9ms P99: 2.5ms, sample: 100
",
40,C,249943,2026-10-06T12:30:24.326003+00:00,2026-10-06T12:30:24.327975+00:00,14219.779376877,14219.781349418,400.0619441910003,1.9725410002138233,running,20.0,50.0,0.3,0.2,0.4,0.8,100,"The game is running normally
Target tick rate: 20.0 per second.
Average time per tick: 0.3ms (Target: 50.0ms)
Percentiles: P50: 0.2ms P95: 0.4ms P99: 0.8ms, sample: 100
",
41,A,249950,2026-10-06T12:30:34.324060+00:00,2026-10-06T12:30:34.329011+00:00,14229.77743191,14229.782384904,410.0599992240004,4.9529939988133265,running,20.0,50.0,0.5,0.4,0.7,3.8,100,"The game is running normally
Target tick rate: 20.0 per second.
Average time per tick: 0.5ms (Target: 50.0ms)
Percentiles: P50: 0.4ms P95: 0.7ms P99: 3.8ms, sample: 100
",
41,B,249952,2026-10-06T12:30:34.324459+00:00,2026-10-06T12:30:34.328835+00:00,14229.777833653,14229.782209811,410.0604009669987,4.376158000013675,running,20.0,50.0,0.5,0.4,0.8,3.1,100,"The game is running normally
Target tick rate: 20.0 per second.
Average time per tick: 0.5ms (Target: 50.0ms)
Percentiles: P50: 0.4ms P95: 0.8ms P99: 3.1ms, sample: 100
",
41,C,249943,2026-10-06T12:30:34.329140+00:00,2026-10-06T12:30:34.334709+00:00,14229.78251497,14229.788082106,410.0650822839998,5.567136000536266,running,20.0,50.0,0.2,0.2,0.3,0.4,100,"The game is running normally
Target tick rate: 20.0 per second.
Average time per tick: 0.2ms (Target: 50.0ms)
Percentiles: P50: 0.2ms P95: 0.3ms P99: 0.4ms, sample: 100
",
42,A,249950,2026-10-06T12:30:44.324061+00:00,2026-10-06T12:30:44.331735+00:00,14239.777431492,14239.785108926,420.0599988060003,7.67743399956089,running,20.0,50.0,0.5,0.5,1.0,2.6,100,"The game is running normally
Target tick rate: 20.0 per second.
Average time per tick: 0.5ms (Target: 50.0ms)
Percentiles: P50: 0.5ms P95: 1.0ms P99: 2.6ms, sample: 100
",
42,B,249952,2026-10-06T12:30:44.324215+00:00,2026-10-06T12:30:44.328473+00:00,14239.77758708,14239.781845963,420.06015439399926,4.258883000147762,running,20.0,50.0,0.5,0.5,0.7,0.8,100,"The game is running normally
Target tick rate: 20.0 per second.
Average time per tick: 0.5ms (Target: 50.0ms)
Percentiles: P50: 0.5ms P95: 0.7ms P99: 0.8ms, sample: 100
",
42,C,249943,2026-10-06T12:30:44.324310+00:00,2026-10-06T12:30:44.329465+00:00,14239.777684502,14239.782838948,420.06025181599944,5.154446000233293,running,20.0,50.0,0.2,0.2,0.4,2.8,100,"The game is running normally
Target tick rate: 20.0 per second.
Average time per tick: 0.2ms (Target: 50.0ms)
Percentiles: P50: 0.2ms P95: 0.4ms P99: 2.8ms, sample: 100
",
43,A,249950,2026-10-06T12:30:54.324955+00:00,2026-10-06T12:30:54.332283+00:00,14249.778325319,14249.785656844,430.06089263299873,7.33152500106371,running,20.0,50.0,0.5,0.5,0.7,2.9,100,"The game is running normally
Target tick rate: 20.0 per second.
Average time per tick: 0.5ms (Target: 50.0ms)
Percentiles: P50: 0.5ms P95: 0.7ms P99: 2.9ms, sample: 100
",
43,B,249952,2026-10-06T12:30:54.325076+00:00,2026-10-06T12:30:54.334418+00:00,14249.778450412,14249.787792384,430.0610177260005,9.34197199967457,running,20.0,50.0,0.5,0.5,0.9,1.8,100,"The game is running normally
Target tick rate: 20.0 per second.
Average time per tick: 0.5ms (Target: 50.0ms)
Percentiles: P50: 0.5ms P95: 0.9ms P99: 1.8ms, sample: 100
",
43,C,249943,2026-10-06T12:30:54.331984+00:00,2026-10-06T12:30:54.340219+00:00,14249.785356107,14249.793590827,430.06792342100016,8.234719998654327,running,20.0,50.0,0.2,0.2,0.4,0.7,100,"The game is running normally
Target tick rate: 20.0 per second.
Average time per tick: 0.2ms (Target: 50.0ms)
Percentiles: P50: 0.2ms P95: 0.4ms P99: 0.7ms, sample: 100
",
44,A,249950,2026-10-06T12:31:04.326752+00:00,2026-10-06T12:31:04.330384+00:00,14259.780123519,14259.783758395,440.0626908329996,3.634876000432996,running,20.0,50.0,0.5,0.5,0.7,0.9,100,"The game is running normally
Target tick rate: 20.0 per second.
Average time per tick: 0.5ms (Target: 50.0ms)
Percentiles: P50: 0.5ms P95: 0.7ms P99: 0.9ms, sample: 100
",
44,B,249952,2026-10-06T12:31:04.328559+00:00,2026-10-06T12:31:04.330239+00:00,14259.781932419,14259.783614043,440.06449973300005,1.68162400041183,running,20.0,50.0,0.6,0.5,1.0,3.2,100,"The game is running normally
Target tick rate: 20.0 per second.
Average time per tick: 0.6ms (Target: 50.0ms)
Percentiles: P50: 0.5ms P95: 1.0ms P99: 3.2ms, sample: 100
",
44,C,249943,2026-10-06T12:31:04.329419+00:00,2026-10-06T12:31:04.338960+00:00,14259.782793812,14259.792331839,440.0653611260004,9.538026999507565,running,20.0,50.0,0.2,0.2,0.4,0.5,100,"The game is running normally
Target tick rate: 20.0 per second.
Average time per tick: 0.2ms (Target: 50.0ms)
Percentiles: P50: 0.2ms P95: 0.4ms P99: 0.5ms, sample: 100
",
45,A,249950,2026-10-06T12:31:14.324495+00:00,2026-10-06T12:31:14.330020+00:00,14269.777867215,14269.78339353,450.0604345289994,5.52631500067946,running,20.0,50.0,0.5,0.4,0.9,2.1,100,"The game is running normally
Target tick rate: 20.0 per second.
Average time per tick: 0.5ms (Target: 50.0ms)
Percentiles: P50: 0.4ms P95: 0.9ms P99: 2.1ms, sample: 100
",
45,B,249952,2026-10-06T12:31:14.324594+00:00,2026-10-06T12:31:14.336148+00:00,14269.777968066,14269.789520687,450.06053538000015,11.552620999282226,running,20.0,50.0,0.5,0.5,1.0,2.8,100,"The game is running normally
Target tick rate: 20.0 per second.
Average time per tick: 0.5ms (Target: 50.0ms)
Percentiles: P50: 0.5ms P95: 1.0ms P99: 2.8ms, sample: 100
",
45,C,249943,2026-10-06T12:31:14.324985+00:00,2026-10-06T12:31:14.346793+00:00,14269.778359674,14269.800165175,450.06092698799876,21.805501000926597,running,20.0,50.0,0.2,0.2,0.4,1.6,100,"The game is running normally
Target tick rate: 20.0 per second.
Average time per tick: 0.2ms (Target: 50.0ms)
Percentiles: P50: 0.2ms P95: 0.4ms P99: 1.6ms, sample: 100
",
46,A,249950,2026-10-06T12:31:24.327429+00:00,2026-10-06T12:31:24.331693+00:00,14279.780800502,14279.785066905,460.0633678159993,4.2664030006562825,running,20.0,50.0,0.5,0.4,0.6,4.5,100,"The game is running normally
Target tick rate: 20.0 per second.
Average time per tick: 0.5ms (Target: 50.0ms)
Percentiles: P50: 0.4ms P95: 0.6ms P99: 4.5ms, sample: 100
",
46,B,249952,2026-10-06T12:31:24.329618+00:00,2026-10-06T12:31:24.334961+00:00,14279.78299125,14279.788335862,460.06555856399973,5.344612000044435,running,20.0,50.0,0.5,0.4,0.9,1.2,100,"The game is running normally
Target tick rate: 20.0 per second.
Average time per tick: 0.5ms (Target: 50.0ms)
Percentiles: P50: 0.4ms P95: 0.9ms P99: 1.2ms, sample: 100
",
46,C,249943,2026-10-06T12:31:24.331859+00:00,2026-10-06T12:31:24.334566+00:00,14279.785234146,14279.787940829,460.0678014599998,2.7066829989053076,running,20.0,50.0,0.2,0.2,0.4,0.6,100,"The game is running normally
Target tick rate: 20.0 per second.
Average time per tick: 0.2ms (Target: 50.0ms)
Percentiles: P50: 0.2ms P95: 0.4ms P99: 0.6ms, sample: 100
",
47,A,249950,2026-10-06T12:31:34.324067+00:00,2026-10-06T12:31:34.334831+00:00,14289.777438917,14289.788204126,470.06000623100044,10.765208999146125,running,20.0,50.0,0.6,0.5,1.8,5.3,100,"The game is running normally
Target tick rate: 20.0 per second.
Average time per tick: 0.6ms (Target: 50.0ms)
Percentiles: P50: 0.5ms P95: 1.8ms P99: 5.3ms, sample: 100
",
47,B,249952,2026-10-06T12:31:34.324210+00:00,2026-10-06T12:31:34.336467+00:00,14289.777583995,14289.789841674,470.0601513090005,12.257678999958443,running,20.0,50.0,0.5,0.5,0.8,0.9,100,"The game is running normally
Target tick rate: 20.0 per second.
Average time per tick: 0.5ms (Target: 50.0ms)
Percentiles: P50: 0.5ms P95: 0.8ms P99: 0.9ms, sample: 100
",
47,C,249943,2026-10-06T12:31:34.324744+00:00,2026-10-06T12:31:34.330375+00:00,14289.778118107,14289.783746685,470.060685421,5.6285779992322205,running,20.0,50.0,0.3,0.2,0.5,1.4,100,"The game is running normally
Target tick rate: 20.0 per second.
Average time per tick: 0.3ms (Target: 50.0ms)
Percentiles: P50: 0.2ms P95: 0.5ms P99: 1.4ms, sample: 100
",
48,A,249950,2026-10-06T12:31:44.326817+00:00,2026-10-06T12:31:44.329872+00:00,14299.780188718,14299.783246888,480.062756031999,3.058170001168037,running,20.0,50.0,0.5,0.4,0.8,3.0,100,"The game is running normally
Target tick rate: 20.0 per second.
Average time per tick: 0.5ms (Target: 50.0ms)
Percentiles: P50: 0.4ms P95: 0.8ms P99: 3.0ms, sample: 100
",
48,B,249952,2026-10-06T12:31:44.327224+00:00,2026-10-06T12:31:44.330059+00:00,14299.780599304,14299.783434079,480.06316661799974,2.8347749994281912,running,20.0,50.0,0.5,0.5,0.8,1.9,100,"The game is running normally
Target tick rate: 20.0 per second.
Average time per tick: 0.5ms (Target: 50.0ms)
Percentiles: P50: 0.5ms P95: 0.8ms P99: 1.9ms, sample: 100
",
48,C,249943,2026-10-06T12:31:44.328972+00:00,2026-10-06T12:31:44.340571+00:00,14299.782346431,14299.793943409,480.064913745,11.596977999943192,running,20.0,50.0,0.2,0.2,0.4,1.0,100,"The game is running normally
Target tick rate: 20.0 per second.
Average time per tick: 0.2ms (Target: 50.0ms)
Percentiles: P50: 0.2ms P95: 0.4ms P99: 1.0ms, sample: 100
",
49,A,249950,2026-10-06T12:31:54.324107+00:00,2026-10-06T12:31:54.329360+00:00,14309.777479686,14309.782734503,490.06004699999903,5.254817000604817,running,20.0,50.0,0.5,0.4,0.9,3.5,100,"The game is running normally
Target tick rate: 20.0 per second.
Average time per tick: 0.5ms (Target: 50.0ms)
Percentiles: P50: 0.4ms P95: 0.9ms P99: 3.5ms, sample: 100
",
49,B,249952,2026-10-06T12:31:54.324444+00:00,2026-10-06T12:31:54.327663+00:00,14309.777819055,14309.781037035,490.0603863689994,3.2179800000449177,running,20.0,50.0,0.5,0.4,0.9,1.0,100,"The game is running normally
Target tick rate: 20.0 per second.
Average time per tick: 0.5ms (Target: 50.0ms)
Percentiles: P50: 0.4ms P95: 0.9ms P99: 1.0ms, sample: 100
",
49,C,249943,2026-10-06T12:31:54.324767+00:00,2026-10-06T12:31:54.328067+00:00,14309.778141354,14309.781441908,490.0607086679993,3.3005540008161915,running,20.0,50.0,0.2,0.2,0.4,0.6,100,"The game is running normally
Target tick rate: 20.0 per second.
Average time per tick: 0.2ms (Target: 50.0ms)
Percentiles: P50: 0.2ms P95: 0.4ms P99: 0.6ms, sample: 100
",
50,A,249950,2026-10-06T12:32:04.324037+00:00,2026-10-06T12:32:04.335585+00:00,14319.777407307,14319.788955911,500.0599746209991,11.548604001291096,running,20.0,50.0,0.5,0.5,1.1,1.3,100,"The game is running normally
Target tick rate: 20.0 per second.
Average time per tick: 0.5ms (Target: 50.0ms)
Percentiles: P50: 0.5ms P95: 1.1ms P99: 1.3ms, sample: 100
",
50,B,249952,2026-10-06T12:32:04.324162+00:00,2026-10-06T12:32:04.328260+00:00,14319.777536215,14319.781631903,500.0601035290001,4.095688000234077,running,20.0,50.0,0.5,0.5,0.7,0.8,100,"The game is running normally
Target tick rate: 20.0 per second.
Average time per tick: 0.5ms (Target: 50.0ms)
Percentiles: P50: 0.5ms P95: 0.7ms P99: 0.8ms, sample: 100
",
50,C,249943,2026-10-06T12:32:04.325108+00:00,2026-10-06T12:32:04.329153+00:00,14319.77848218,14319.782527362,500.06104949399923,4.045182000481873,running,20.0,50.0,0.2,0.2,0.3,0.5,100,"The game is running normally
Target tick rate: 20.0 per second.
Average time per tick: 0.2ms (Target: 50.0ms)
Percentiles: P50: 0.2ms P95: 0.3ms P99: 0.5ms, sample: 100
",
51,A,249950,2026-10-06T12:32:14.330080+00:00,2026-10-06T12:32:14.337300+00:00,14329.783450513,14329.790671692,510.0660178269991,7.2211790011351695,running,20.0,50.0,0.5,0.4,0.7,2.8,100,"The game is running normally
Target tick rate: 20.0 per second.
Average time per tick: 0.5ms (Target: 50.0ms)
Percentiles: P50: 0.4ms P95: 0.7ms P99: 2.8ms, sample: 100
",
51,B,249952,2026-10-06T12:32:14.330265+00:00,2026-10-06T12:32:14.343840+00:00,14329.783636397,14329.797213306,510.0662037109996,13.576908999311854,running,20.0,50.0,0.6,0.5,1.3,3.6,100,"The game is running normally
Target tick rate: 20.0 per second.
Average time per tick: 0.6ms (Target: 50.0ms)
Percentiles: P50: 0.5ms P95: 1.3ms P99: 3.6ms, sample: 100
",
51,C,249943,2026-10-06T12:32:14.330543+00:00,2026-10-06T12:32:14.339276+00:00,14329.783917168,14329.792647472,510.0664844820003,8.730303999982425,running,20.0,50.0,0.2,0.2,0.5,0.9,100,"The game is running normally
Target tick rate: 20.0 per second.
Average time per tick: 0.2ms (Target: 50.0ms)
Percentiles: P50: 0.2ms P95: 0.5ms P99: 0.9ms, sample: 100
",
52,A,249950,2026-10-06T12:32:24.326695+00:00,2026-10-06T12:32:24.334761+00:00,14339.780065317,14339.788133487,520.0626326309994,8.06817000011506,running,20.0,50.0,0.4,0.4,0.6,0.9,100,"The game is running normally
Target tick rate: 20.0 per second.
Average time per tick: 0.4ms (Target: 50.0ms)
Percentiles: P50: 0.4ms P95: 0.6ms P99: 0.9ms, sample: 100
",
52,B,249952,2026-10-06T12:32:24.327260+00:00,2026-10-06T12:32:24.335249+00:00,14339.780634171,14339.788623713,520.0632014849998,7.989542000359506,running,20.0,50.0,0.5,0.4,1.2,3.9,100,"The game is running normally
Target tick rate: 20.0 per second.
Average time per tick: 0.5ms (Target: 50.0ms)
Percentiles: P50: 0.4ms P95: 1.2ms P99: 3.9ms, sample: 100
",
52,C,249943,2026-10-06T12:32:24.327449+00:00,2026-10-06T12:32:24.332467+00:00,14339.780823205,14339.785838522,520.0633905189989,5.015317001380026,running,20.0,50.0,0.2,0.2,0.4,1.0,100,"The game is running normally
Target tick rate: 20.0 per second.
Average time per tick: 0.2ms (Target: 50.0ms)
Percentiles: P50: 0.2ms P95: 0.4ms P99: 1.0ms, sample: 100
",
53,A,249950,2026-10-06T12:32:34.324422+00:00,2026-10-06T12:32:34.329328+00:00,14349.777793056,14349.782700341,530.0603603700001,4.907284999717376,running,20.0,50.0,0.4,0.4,0.6,1.2,100,"The game is running normally
Target tick rate: 20.0 per second.
Average time per tick: 0.4ms (Target: 50.0ms)
Percentiles: P50: 0.4ms P95: 0.6ms P99: 1.2ms, sample: 100
",
53,B,249952,2026-10-06T12:32:34.329546+00:00,2026-10-06T12:32:34.395766+00:00,14349.782921183,14349.849136572,530.065488496999,66.21538900071755,running,20.0,50.0,0.4,0.4,0.6,0.9,100,"The game is running normally
Target tick rate: 20.0 per second.
Average time per tick: 0.4ms (Target: 50.0ms)
Percentiles: P50: 0.4ms P95: 0.6ms P99: 0.9ms, sample: 100
",
53,C,249943,2026-10-06T12:32:34.342411+00:00,2026-10-06T12:32:34.356587+00:00,14349.795781591,14349.809957499,530.0783489049991,14.175907999742776,running,20.0,50.0,0.2,0.2,0.3,0.4,100,"The game is running normally
Target tick rate: 20.0 per second.
Average time per tick: 0.2ms (Target: 50.0ms)
Percentiles: P50: 0.2ms P95: 0.3ms P99: 0.4ms, sample: 100
",
54,A,249950,2026-10-06T12:32:44.324036+00:00,2026-10-06T12:32:44.330116+00:00,14359.777406421,14359.783489762,540.0599737350003,6.083340998884523,running,20.0,50.0,0.4,0.4,0.7,2.2,100,"The game is running normally
Target tick rate: 20.0 per second.
Average time per tick: 0.4ms (Target: 50.0ms)
Percentiles: P50: 0.4ms P95: 0.7ms P99: 2.2ms, sample: 100
",
54,B,249952,2026-10-06T12:32:44.326704+00:00,2026-10-06T12:32:44.330716+00:00,14359.780077099,14359.784090304,540.0626444129994,4.0132049998646835,running,20.0,50.0,0.4,0.4,0.6,2.6,100,"The game is running normally
Target tick rate: 20.0 per second.
Average time per tick: 0.4ms (Target: 50.0ms)
Percentiles: P50: 0.4ms P95: 0.6ms P99: 2.6ms, sample: 100
",
54,C,249943,2026-10-06T12:32:44.326785+00:00,2026-10-06T12:32:44.331975+00:00,14359.780158852,14359.785350094,540.0627261659993,5.191242000364582,running,20.0,50.0,0.2,0.2,0.3,0.5,100,"The game is running normally
Target tick rate: 20.0 per second.
Average time per tick: 0.2ms (Target: 50.0ms)
Percentiles: P50: 0.2ms P95: 0.3ms P99: 0.5ms, sample: 100
",
55,A,249950,2026-10-06T12:32:54.324006+00:00,2026-10-06T12:32:54.330047+00:00,14369.777378226,14369.783420375,550.0599455399988,6.0421490015869495,running,20.0,50.0,0.5,0.4,0.7,4.5,100,"The game is running normally
Target tick rate: 20.0 per second.
Average time per tick: 0.5ms (Target: 50.0ms)
Percentiles: P50: 0.4ms P95: 0.7ms P99: 4.5ms, sample: 100
",
55,B,249952,2026-10-06T12:32:54.324105+00:00,2026-10-06T12:32:54.326429+00:00,14369.777479473,14369.779803651,550.060046786999,2.3241779999807477,running,20.0,50.0,0.4,0.4,0.7,1.6,100,"The game is running normally
Target tick rate: 20.0 per second.
Average time per tick: 0.4ms (Target: 50.0ms)
Percentiles: P50: 0.4ms P95: 0.7ms P99: 1.6ms, sample: 100
",
55,C,249943,2026-10-06T12:32:54.324152+00:00,2026-10-06T12:32:54.334122+00:00,14369.77752738,14369.787495052,550.0600946939994,9.967672000129824,running,20.0,50.0,0.2,0.2,0.3,0.7,100,"The game is running normally
Target tick rate: 20.0 per second.
Average time per tick: 0.2ms (Target: 50.0ms)
Percentiles: P50: 0.2ms P95: 0.3ms P99: 0.7ms, sample: 100
",
56,A,249950,2026-10-06T12:33:04.324242+00:00,2026-10-06T12:33:04.331667+00:00,14379.777614478,14379.785041848,560.0601817919996,7.427369999277289,running,20.0,50.0,0.5,0.5,0.8,2.0,100,"The game is running normally
Target tick rate: 20.0 per second.
Average time per tick: 0.5ms (Target: 50.0ms)
Percentiles: P50: 0.5ms P95: 0.8ms P99: 2.0ms, sample: 100
",
56,B,249952,2026-10-06T12:33:04.324356+00:00,2026-10-06T12:33:04.328461+00:00,14379.777730457,14379.781834468,560.0602977710005,4.104010999071761,running,20.0,50.0,0.4,0.4,0.6,0.7,100,"The game is running normally
Target tick rate: 20.0 per second.
Average time per tick: 0.4ms (Target: 50.0ms)
Percentiles: P50: 0.4ms P95: 0.6ms P99: 0.7ms, sample: 100
",
56,C,249943,2026-10-06T12:33:04.324397+00:00,2026-10-06T12:33:04.330745+00:00,14379.7777725,14379.784119654,560.0603398139992,6.34715399974084,running,20.0,50.0,0.2,0.2,0.3,0.7,100,"The game is running normally
Target tick rate: 20.0 per second.
Average time per tick: 0.2ms (Target: 50.0ms)
Percentiles: P50: 0.2ms P95: 0.3ms P99: 0.7ms, sample: 100
",
57,A,249950,2026-10-06T12:33:14.324279+00:00,2026-10-06T12:33:14.334220+00:00,14389.777650559,14389.787594395,570.0602178730005,9.943835999365547,running,20.0,50.0,0.4,0.4,0.7,0.8,100,"The game is running normally
Target tick rate: 20.0 per second.
Average time per tick: 0.4ms (Target: 50.0ms)
Percentiles: P50: 0.4ms P95: 0.7ms P99: 0.8ms, sample: 100
",
57,B,249952,2026-10-06T12:33:14.324430+00:00,2026-10-06T12:33:14.335239+00:00,14389.777804911,14389.7886132,570.0603722249998,10.808289000124205,running,20.0,50.0,0.5,0.4,0.8,2.9,100,"The game is running normally
Target tick rate: 20.0 per second.
Average time per tick: 0.5ms (Target: 50.0ms)
Percentiles: P50: 0.4ms P95: 0.8ms P99: 2.9ms, sample: 100
",
57,C,249943,2026-10-06T12:33:14.324865+00:00,2026-10-06T12:33:14.333498+00:00,14389.778239388,14389.786869833,570.0608067020003,8.630444999653264,running,20.0,50.0,0.2,0.2,0.3,0.5,100,"The game is running normally
Target tick rate: 20.0 per second.
Average time per tick: 0.2ms (Target: 50.0ms)
Percentiles: P50: 0.2ms P95: 0.3ms P99: 0.5ms, sample: 100
",
58,A,249950,2026-10-06T12:33:24.324075+00:00,2026-10-06T12:33:24.325710+00:00,14399.777446063,14399.779084943,580.0600133770004,1.6388799995183945,running,20.0,50.0,0.4,0.4,0.9,1.4,100,"The game is running normally
Target tick rate: 20.0 per second.
Average time per tick: 0.4ms (Target: 50.0ms)
Percentiles: P50: 0.4ms P95: 0.9ms P99: 1.4ms, sample: 100
",
58,B,249952,2026-10-06T12:33:24.324217+00:00,2026-10-06T12:33:24.328818+00:00,14399.77759065,14399.782191747,580.0601579639988,4.601096999977017,running,20.0,50.0,0.4,0.4,0.6,0.7,100,"The game is running normally
Target tick rate: 20.0 per second.
Average time per tick: 0.4ms (Target: 50.0ms)
Percentiles: P50: 0.4ms P95: 0.6ms P99: 0.7ms, sample: 100
",
58,C,249943,2026-10-06T12:33:24.324441+00:00,2026-10-06T12:33:24.329599+00:00,14399.777815658,14399.78297339,580.0603829720003,5.15773199913383,running,20.0,50.0,0.2,0.2,0.3,0.5,100,"The game is running normally
Target tick rate: 20.0 per second.
Average time per tick: 0.2ms (Target: 50.0ms)
Percentiles: P50: 0.2ms P95: 0.3ms P99: 0.5ms, sample: 100
",
59,A,249950,2026-10-06T12:33:34.324343+00:00,2026-10-06T12:33:34.328564+00:00,14409.777714818,14409.781938808,590.060282131999,4.22399000126461,running,20.0,50.0,0.4,0.4,0.6,0.7,100,"The game is running normally
Target tick rate: 20.0 per second.
Average time per tick: 0.4ms (Target: 50.0ms)
Percentiles: P50: 0.4ms P95: 0.6ms P99: 0.7ms, sample: 100
",
59,B,249952,2026-10-06T12:33:34.324475+00:00,2026-10-06T12:33:34.327709+00:00,14409.777849611,14409.781082623,590.060416925,3.233011999327573,running,20.0,50.0,0.4,0.4,0.6,2.9,100,"The game is running normally
Target tick rate: 20.0 per second.
Average time per tick: 0.4ms (Target: 50.0ms)
Percentiles: P50: 0.4ms P95: 0.6ms P99: 2.9ms, sample: 100
",
59,C,249943,2026-10-06T12:33:34.324577+00:00,2026-10-06T12:33:34.329035+00:00,14409.777952045,14409.782409235,590.060519359,4.457189999811817,running,20.0,50.0,0.2,0.2,0.4,0.4,100,"The game is running normally
Target tick rate: 20.0 per second.
Average time per tick: 0.2ms (Target: 50.0ms)
Percentiles: P50: 0.2ms P95: 0.4ms P99: 0.4ms, sample: 100
",
60,A,249950,2026-10-06T12:33:44.325230+00:00,2026-10-06T12:33:44.329221+00:00,14419.778602646,14419.78259582,600.0611699599995,3.9931739993335214,running,20.0,50.0,0.6,0.4,1.6,5.6,100,"The game is running normally
Target tick rate: 20.0 per second.
Average time per tick: 0.6ms (Target: 50.0ms)
Percentiles: P50: 0.4ms P95: 1.6ms P99: 5.6ms, sample: 100
",
60,B,249952,2026-10-06T12:33:44.325373+00:00,2026-10-06T12:33:44.328342+00:00,14419.778747724,14419.781715739,600.0613150379995,2.9680150000785943,running,20.0,50.0,0.5,0.4,0.9,7.9,100,"The game is running normally
Target tick rate: 20.0 per second.
Average time per tick: 0.5ms (Target: 50.0ms)
Percentiles: P50: 0.4ms P95: 0.9ms P99: 7.9ms, sample: 100
",
60,C,249943,2026-10-06T12:33:44.325848+00:00,2026-10-06T12:33:44.334126+00:00,14419.779222672,14419.787499876,600.061789985999,8.277204000478378,running,20.0,50.0,0.3,0.2,0.3,6.3,100,"The game is running normally
Target tick rate: 20.0 per second.
Average time per tick: 0.3ms (Target: 50.0ms)
Percentiles: P50: 0.2ms P95: 0.3ms P99: 6.3ms, sample: 100
",
61,A,249950,2026-10-06T12:33:54.330618+00:00,2026-10-06T12:33:54.342788+00:00,14429.783987251,14429.796161755,610.066554564999,12.17450400145026,running,20.0,50.0,0.4,0.4,0.7,1.0,100,"The game is running normally
Target tick rate: 20.0 per second.
Average time per tick: 0.4ms (Target: 50.0ms)
Percentiles: P50: 0.4ms P95: 0.7ms P99: 1.0ms, sample: 100
",
61,B,249952,2026-10-06T12:33:54.330802+00:00,2026-10-06T12:33:54.337645+00:00,14429.784176631,14429.791016057,610.066743944999,6.839426001533866,running,20.0,50.0,0.4,0.4,0.7,1.5,100,"The game is running normally
Target tick rate: 20.0 per second.
Average time per tick: 0.4ms (Target: 50.0ms)
Percentiles: P50: 0.4ms P95: 0.7ms P99: 1.5ms, sample: 100
",
61,C,249943,2026-10-06T12:33:54.330931+00:00,2026-10-06T12:33:54.340470+00:00,14429.784305114,14429.793844582,610.0668724280004,9.539467999275075,running,20.0,50.0,0.2,0.2,0.3,0.8,100,"The game is running normally
Target tick rate: 20.0 per second.
Average time per tick: 0.2ms (Target: 50.0ms)
Percentiles: P50: 0.2ms P95: 0.3ms P99: 0.8ms, sample: 100
",
62,A,249950,2026-10-06T12:34:04.324065+00:00,2026-10-06T12:34:04.332319+00:00,14439.777437027,14439.785692668,620.0600043409995,8.255640999777825,running,20.0,50.0,0.5,0.4,0.8,1.3,100,"EXTRACTED 32000
The game is running normally
Target tick rate: 20.0 per second.
Average time per tick: 0.5ms (Target: 50.0ms)
Percentiles: P50: 0.4ms P95: 0.8ms P99: 1.3ms, sample: 100
",
62,B,249952,2026-10-06T12:34:04.324185+00:00,2026-10-06T12:34:04.326373+00:00,14439.777558929,14439.779747504,620.0601262429991,2.1885750011279015,running,20.0,50.0,0.4,0.4,0.7,1.0,100,"The game is running normally
Target tick rate: 20.0 per second.
Average time per tick: 0.4ms (Target: 50.0ms)
Percentiles: P50: 0.4ms P95: 0.7ms P99: 1.0ms, sample: 100
",
62,C,249943,2026-10-06T12:34:04.324277+00:00,2026-10-06T12:34:04.329406+00:00,14439.777650722,14439.782779971,620.0602180360002,5.1292489988554735,running,20.0,50.0,0.2,0.2,0.4,0.6,100,"The game is running normally
Target tick rate: 20.0 per second.
Average time per tick: 0.2ms (Target: 50.0ms)
Percentiles: P50: 0.2ms P95: 0.4ms P99: 0.6ms, sample: 100
",
63,A,249950,2026-10-06T12:34:14.324044+00:00,2026-10-06T12:34:14.341854+00:00,14449.777415873,14449.795223387,630.0599831870004,17.80751399928704,running,20.0,50.0,0.6,0.5,0.8,6.2,100,"The game is running normally
Target tick rate: 20.0 per second.
Average time per tick: 0.6ms (Target: 50.0ms)
Percentiles: P50: 0.5ms P95: 0.8ms P99: 6.2ms, sample: 100
",
63,B,249952,2026-10-06T12:34:14.324155+00:00,2026-10-06T12:34:14.334037+00:00,14449.777528962,14449.787408444,630.060096276,9.879482000542339,running,20.0,50.0,0.6,0.5,1.0,5.7,100,"The game is running normally
Target tick rate: 20.0 per second.
Average time per tick: 0.6ms (Target: 50.0ms)
Percentiles: P50: 0.5ms P95: 1.0ms P99: 5.7ms, sample: 100
",
63,C,249943,2026-10-06T12:34:14.325394+00:00,2026-10-06T12:34:14.342139+00:00,14449.778768848,14449.795514008,630.0613361619999,16.745159999118187,running,20.0,50.0,0.3,0.3,0.5,1.1,100,"The game is running normally
Target tick rate: 20.0 per second.
Average time per tick: 0.3ms (Target: 50.0ms)
Percentiles: P50: 0.3ms P95: 0.5ms P99: 1.1ms, sample: 100
",
64,A,249950,2026-10-06T12:34:24.328039+00:00,2026-10-06T12:34:24.335876+00:00,14459.78140947,14459.789249029,640.0639767840003,7.839558998966822,running,20.0,50.0,0.5,0.5,0.7,0.8,100,"The game is running normally
Target tick rate: 20.0 per second.
Average time per tick: 0.5ms (Target: 50.0ms)
Percentiles: P50: 0.5ms P95: 0.7ms P99: 0.8ms, sample: 100
",
64,B,249952,2026-10-06T12:34:24.328215+00:00,2026-10-06T12:34:24.330295+00:00,14459.781589014,14459.783669377,640.0641563279987,2.0803630013688235,running,20.0,50.0,0.5,0.4,1.0,1.2,100,"The game is running normally
Target tick rate: 20.0 per second.
Average time per tick: 0.5ms (Target: 50.0ms)
Percentiles: P50: 0.4ms P95: 1.0ms P99: 1.2ms, sample: 100
",
64,C,249943,2026-10-06T12:34:24.328305+00:00,2026-10-06T12:34:24.331446+00:00,14459.78167955,14459.784820686,640.0642468639999,3.141135999612743,running,20.0,50.0,0.3,0.2,0.5,1.0,100,"The game is running normally
Target tick rate: 20.0 per second.
Average time per tick: 0.3ms (Target: 50.0ms)
Percentiles: P50: 0.2ms P95: 0.5ms P99: 1.0ms, sample: 100
",
65,A,249950,2026-10-06T12:34:34.325534+00:00,2026-10-06T12:34:34.333813+00:00,14469.778904999,14469.787187182,650.0614723130002,8.282183000119403,running,20.0,50.0,0.5,0.5,0.9,2.7,100,"The game is running normally
Target tick rate: 20.0 per second.
Average time per tick: 0.5ms (Target: 50.0ms)
Percentiles: P50: 0.5ms P95: 0.9ms P99: 2.7ms, sample: 100
",
65,B,249952,2026-10-06T12:34:34.326761+00:00,2026-10-06T12:34:34.338952+00:00,14469.780134806,14469.792324973,650.0627021199998,12.190166999062058,running,20.0,50.0,0.5,0.5,1.0,6.3,100,"The game is running normally
Target tick rate: 20.0 per second.
Average time per tick: 0.5ms (Target: 50.0ms)
Percentiles: P50: 0.5ms P95: 1.0ms P99: 6.3ms, sample: 100
",
65,C,249943,2026-10-06T12:34:34.326893+00:00,2026-10-06T12:34:34.328690+00:00,14469.780205496,14469.782064797,650.0627728099989,1.859301000877167,running,20.0,50.0,0.3,0.2,0.5,0.7,100,"The game is running normally
Target tick rate: 20.0 per second.
Average time per tick: 0.3ms (Target: 50.0ms)
Percentiles: P50: 0.2ms P95: 0.5ms P99: 0.7ms, sample: 100
",
66,A,249950,2026-10-06T12:34:44.324462+00:00,2026-10-06T12:34:44.332890+00:00,14479.777833223,14479.786264509,660.0604005369987,8.431286001723493,running,20.0,50.0,0.5,0.5,0.8,2.4,100,"The game is running normally
Target tick rate: 20.0 per second.
Average time per tick: 0.5ms (Target: 50.0ms)
Percentiles: P50: 0.5ms P95: 0.8ms P99: 2.4ms, sample: 100
",
66,B,249952,2026-10-06T12:34:44.324573+00:00,2026-10-06T12:34:44.326139+00:00,14479.777947295,14479.779513486,660.0605146090002,1.5661910001654178,running,20.0,50.0,0.5,0.4,0.7,5.1,100,"The game is running normally
Target tick rate: 20.0 per second.
Average time per tick: 0.5ms (Target: 50.0ms)
Percentiles: P50: 0.4ms P95: 0.7ms P99: 5.1ms, sample: 100
",
66,C,249943,2026-10-06T12:34:44.324878+00:00,2026-10-06T12:34:44.332558+00:00,14479.778251797,14479.785930483,660.0608191110005,7.678685999053414,running,20.0,50.0,0.3,0.2,0.4,1.8,100,"The game is running normally
Target tick rate: 20.0 per second.
Average time per tick: 0.3ms (Target: 50.0ms)
Percentiles: P50: 0.2ms P95: 0.4ms P99: 1.8ms, sample: 100
",
67,A,249950,2026-10-06T12:34:54.325419+00:00,2026-10-06T12:34:54.337937+00:00,14489.778791318,14489.79131175,670.0613586319996,12.520431999291759,running,20.0,50.0,0.5,0.5,0.7,4.0,100,"The game is running normally
Target tick rate: 20.0 per second.
Average time per tick: 0.5ms (Target: 50.0ms)
Percentiles: P50: 0.5ms P95: 0.7ms P99: 4.0ms, sample: 100
",
67,B,249952,2026-10-06T12:34:54.325533+00:00,2026-10-06T12:34:54.333384+00:00,14489.778907221,14489.786757054,670.0614745349994,7.849833000364015,running,20.0,50.0,0.5,0.4,1.0,1.1,100,"The game is running normally
Target tick rate: 20.0 per second.
Average time per tick: 0.5ms (Target: 50.0ms)
Percentiles: P50: 0.4ms P95: 1.0ms P99: 1.1ms, sample: 100
",
67,C,249943,2026-10-06T12:34:54.327204+00:00,2026-10-06T12:34:54.334765+00:00,14489.78057849,14489.788139509,670.0631458039989,7.561019001514069,running,20.0,50.0,0.2,0.2,0.3,0.6,100,"The game is running normally
Target tick rate: 20.0 per second.
Average time per tick: 0.2ms (Target: 50.0ms)
Percentiles: P50: 0.2ms P95: 0.3ms P99: 0.6ms, sample: 100
",
68,A,249950,2026-10-06T12:35:04.329516+00:00,2026-10-06T12:35:04.337793+00:00,14499.782886552,14499.791167902,680.0654538660001,8.281349999379017,running,20.0,50.0,0.5,0.5,0.7,0.8,100,"The game is running normally
Target tick rate: 20.0 per second.
Average time per tick: 0.5ms (Target: 50.0ms)
Percentiles: P50: 0.5ms P95: 0.7ms P99: 0.8ms, sample: 100
",
68,B,249952,2026-10-06T12:35:04.329630+00:00,2026-10-06T12:35:04.337406+00:00,14499.783004088,14499.790778007,680.0655714019995,7.773919000101159,running,20.0,50.0,0.5,0.5,0.7,1.5,100,"The game is running normally
Target tick rate: 20.0 per second.
Average time per tick: 0.5ms (Target: 50.0ms)
Percentiles: P50: 0.5ms P95: 0.7ms P99: 1.5ms, sample: 100
",
68,C,249943,2026-10-06T12:35:04.333403+00:00,2026-10-06T12:35:04.338027+00:00,14499.786776541,14499.791401783,680.0693438549988,4.625242001566221,running,20.0,50.0,0.3,0.2,0.5,2.7,100,"The game is running normally
Target tick rate: 20.0 per second.
Average time per tick: 0.3ms (Target: 50.0ms)
Percentiles: P50: 0.2ms P95: 0.5ms P99: 2.7ms, sample: 100
",
69,A,249950,2026-10-06T12:35:14.325792+00:00,2026-10-06T12:35:14.329626+00:00,14509.779163886,14509.782999714,690.0617311999995,3.835827999864705,running,20.0,50.0,0.5,0.5,0.8,1.2,100,"The game is running normally
Target tick rate: 20.0 per second.
Average time per tick: 0.5ms (Target: 50.0ms)
Percentiles: P50: 0.5ms P95: 0.8ms P99: 1.2ms, sample: 100
",
69,B,249952,2026-10-06T12:35:14.325885+00:00,2026-10-06T12:35:14.330211+00:00,14509.7792599,14509.783585187,690.061827214,4.325287000028766,running,20.0,50.0,0.4,0.4,0.7,1.1,100,"The game is running normally
Target tick rate: 20.0 per second.
Average time per tick: 0.4ms (Target: 50.0ms)
Percentiles: P50: 0.4ms P95: 0.7ms P99: 1.1ms, sample: 100
",
69,C,249943,2026-10-06T12:35:14.326657+00:00,2026-10-06T12:35:14.338747+00:00,14509.780031434,14509.792119428,690.0625987479998,12.087994000467006,running,20.0,50.0,0.2,0.2,0.3,0.5,100,"The game is running normally
Target tick rate: 20.0 per second.
Average time per tick: 0.2ms (Target: 50.0ms)
Percentiles: P50: 0.2ms P95: 0.3ms P99: 0.5ms, sample: 100
",
70,A,249950,2026-10-06T12:35:24.324110+00:00,2026-10-06T12:35:24.330486+00:00,14519.777481219,14519.783860934,700.0600485329996,6.3797149996389635,running,20.0,50.0,0.4,0.4,0.7,0.9,100,"The game is running normally
Target tick rate: 20.0 per second.
Average time per tick: 0.4ms (Target: 50.0ms)
Percentiles: P50: 0.4ms P95: 0.7ms P99: 0.9ms, sample: 100
",
70,B,249952,2026-10-06T12:35:24.328689+00:00,2026-10-06T12:35:24.336938+00:00,14519.782060121,14519.790312328,700.0646274350001,8.252206998804468,running,20.0,50.0,0.4,0.4,0.7,1.8,100,"The game is running normally
Target tick rate: 20.0 per second.
Average time per tick: 0.4ms (Target: 50.0ms)
Percentiles: P50: 0.4ms P95: 0.7ms P99: 1.8ms, sample: 100
",
70,C,249943,2026-10-06T12:35:24.328798+00:00,2026-10-06T12:35:24.335001+00:00,14519.782172355,14519.788374715,700.0647396690001,6.202360000315821,running,20.0,50.0,0.2,0.2,0.3,0.5,100,"The game is running normally
Target tick rate: 20.0 per second.
Average time per tick: 0.2ms (Target: 50.0ms)
Percentiles: P50: 0.2ms P95: 0.3ms P99: 0.5ms, sample: 100
",
71,A,249950,2026-10-06T12:35:34.324095+00:00,2026-10-06T12:35:34.331922+00:00,14529.777466008,14529.785295069,710.0600333219991,7.82906099993852,running,20.0,50.0,0.5,0.5,0.9,1.2,100,"The game is running normally
Target tick rate: 20.0 per second.
Average time per tick: 0.5ms (Target: 50.0ms)
Percentiles: P50: 0.5ms P95: 0.9ms P99: 1.2ms, sample: 100
",
71,B,249952,2026-10-06T12:35:34.324412+00:00,2026-10-06T12:35:34.327146+00:00,14529.777786559,14529.780520172,710.0603538729993,2.7336130006005988,running,20.0,50.0,0.5,0.4,0.7,1.5,100,"The game is running normally
Target tick rate: 20.0 per second.
Average time per tick: 0.5ms (Target: 50.0ms)
Percentiles: P50: 0.4ms P95: 0.7ms P99: 1.5ms, sample: 100
",
71,C,249943,2026-10-06T12:35:34.324502+00:00,2026-10-06T12:35:34.333502+00:00,14529.777875878,14529.786876358,710.0604431920001,9.000480000395328,running,20.0,50.0,0.2,0.2,0.4,0.9,100,"The game is running normally
Target tick rate: 20.0 per second.
Average time per tick: 0.2ms (Target: 50.0ms)
Percentiles: P50: 0.2ms P95: 0.4ms P99: 0.9ms, sample: 100
",
72,A,249950,2026-10-06T12:35:44.324454+00:00,2026-10-06T12:35:44.325970+00:00,14539.77782629,14539.779343677,720.0603936039988,1.5173870015132707,running,20.0,50.0,0.5,0.5,0.7,0.8,100,"The game is running normally
Target tick rate: 20.0 per second.
Average time per tick: 0.5ms (Target: 50.0ms)
Percentiles: P50: 0.5ms P95: 0.7ms P99: 0.8ms, sample: 100
",
72,B,249952,2026-10-06T12:35:44.326129+00:00,2026-10-06T12:35:44.327682+00:00,14539.779504479,14539.781055867,720.0620717929996,1.5513880007347325,running,20.0,50.0,0.5,0.4,0.8,1.8,100,"The game is running normally
Target tick rate: 20.0 per second.
Average time per tick: 0.5ms (Target: 50.0ms)
Percentiles: P50: 0.4ms P95: 0.8ms P99: 1.8ms, sample: 100
",
72,C,249943,2026-10-06T12:35:44.326518+00:00,2026-10-06T12:35:44.328388+00:00,14539.779891971,14539.781762499,720.0624592849999,1.8705279999267077,running,20.0,50.0,0.2,0.2,0.4,2.3,100,"The game is running normally
Target tick rate: 20.0 per second.
Average time per tick: 0.2ms (Target: 50.0ms)
Percentiles: P50: 0.2ms P95: 0.4ms P99: 2.3ms, sample: 100
",
73,A,249950,2026-10-06T12:35:54.324288+00:00,2026-10-06T12:35:54.335507+00:00,14549.77766078,14549.788880671,730.0602280940002,11.219890999200288,running,20.0,50.0,0.5,0.5,0.8,2.0,100,"The game is running normally
Target tick rate: 20.0 per second.
Average time per tick: 0.5ms (Target: 50.0ms)
Percentiles: P50: 0.5ms P95: 0.8ms P99: 2.0ms, sample: 100
",
73,B,249952,2026-10-06T12:35:54.325646+00:00,2026-10-06T12:35:54.330542+00:00,14549.779020801,14549.783916199,730.0615881149988,4.895398000371642,running,20.0,50.0,0.4,0.4,0.7,0.9,100,"The game is running normally
Target tick rate: 20.0 per second.
Average time per tick: 0.4ms (Target: 50.0ms)
Percentiles: P50: 0.4ms P95: 0.7ms P99: 0.9ms, sample: 100
",
73,C,249943,2026-10-06T12:35:54.325714+00:00,2026-10-06T12:35:54.328614+00:00,14549.779089004,14549.781987224,730.0616563179992,2.8982200001337333,running,20.0,50.0,0.3,0.2,0.5,1.2,100,"The game is running normally
Target tick rate: 20.0 per second.
Average time per tick: 0.3ms (Target: 50.0ms)
Percentiles: P50: 0.2ms P95: 0.5ms P99: 1.2ms, sample: 100
",
74,A,249950,2026-10-06T12:36:04.329555+00:00,2026-10-06T12:36:04.336217+00:00,14559.782927173,14559.789591136,740.0654944870003,6.66396299857297,running,20.0,50.0,0.5,0.5,0.8,3.2,100,"The game is running normally
Target tick rate: 20.0 per second.
Average time per tick: 0.5ms (Target: 50.0ms)
Percentiles: P50: 0.5ms P95: 0.8ms P99: 3.2ms, sample: 100
",
74,B,249952,2026-10-06T12:36:04.329653+00:00,2026-10-06T12:36:04.339115+00:00,14559.783026798,14559.792489922,740.0655941120003,9.463123999012168,running,20.0,50.0,0.5,0.4,0.9,1.9,100,"The game is running normally
Target tick rate: 20.0 per second.
Average time per tick: 0.5ms (Target: 50.0ms)
Percentiles: P50: 0.4ms P95: 0.9ms P99: 1.9ms, sample: 100
",
74,C,249943,2026-10-06T12:36:04.329788+00:00,2026-10-06T12:36:04.332521+00:00,14559.783162731,14559.785895734,740.0657300450002,2.733002998866141,running,20.0,50.0,0.3,0.2,0.4,2.1,100,"The game is running normally
Target tick rate: 20.0 per second.
Average time per tick: 0.3ms (Target: 50.0ms)
Percentiles: P50: 0.2ms P95: 0.4ms P99: 2.1ms, sample: 100
",
75,A,249950,2026-10-06T12:36:14.326298+00:00,2026-10-06T12:36:14.332255+00:00,14569.779668831,14569.785629257,750.0622361450005,5.96042599863722,running,20.0,50.0,0.5,0.5,0.8,2.2,100,"The game is running normally
Target tick rate: 20.0 per second.
Average time per tick: 0.5ms (Target: 50.0ms)
Percentiles: P50: 0.5ms P95: 0.8ms P99: 2.2ms, sample: 100
",
75,B,249952,2026-10-06T12:36:14.330253+00:00,2026-10-06T12:36:14.333216+00:00,14569.78362636,14569.786590289,750.0661936739998,2.9639290005434304,running,20.0,50.0,0.5,0.5,1.0,1.4,100,"The game is running normally
Target tick rate: 20.0 per second.
Average time per tick: 0.5ms (Target: 50.0ms)
Percentiles: P50: 0.5ms P95: 1.0ms P99: 1.4ms, sample: 100
",
75,C,249943,2026-10-06T12:36:14.330332+00:00,2026-10-06T12:36:14.337131+00:00,14569.783706621,14569.790504545,750.0662739349991,6.797924001148203,running,20.0,50.0,0.3,0.3,0.4,1.2,100,"The game is running normally
Target tick rate: 20.0 per second.
Average time per tick: 0.3ms (Target: 50.0ms)
Percentiles: P50: 0.3ms P95: 0.4ms P99: 1.2ms, sample: 100
",
76,A,249950,2026-10-06T12:36:24.326387+00:00,2026-10-06T12:36:24.335094+00:00,14579.779758872,14579.788467303,760.0623261860001,8.708430999831762,running,20.0,50.0,0.6,0.5,1.8,5.3,100,"The game is running normally
Target tick rate: 20.0 per second.
Average time per tick: 0.6ms (Target: 50.0ms)
Percentiles: P50: 0.5ms P95: 1.8ms P99: 5.3ms, sample: 100
",
76,B,249952,2026-10-06T12:36:24.329962+00:00,2026-10-06T12:36:24.341071+00:00,14579.783335389,14579.794444644,760.0659027029997,11.10925499961013,running,20.0,50.0,0.5,0.5,0.9,1.9,100,"The game is running normally
Target tick rate: 20.0 per second.
Average time per tick: 0.5ms (Target: 50.0ms)
Percentiles: P50: 0.5ms P95: 0.9ms P99: 1.9ms, sample: 100
",
76,C,249943,2026-10-06T12:36:24.330554+00:00,2026-10-06T12:36:24.337696+00:00,14579.78392874,14579.7910703,760.0664960539998,7.141559999581659,running,20.0,50.0,0.3,0.2,0.5,1.0,100,"The game is running normally
Target tick rate: 20.0 per second.
Average time per tick: 0.3ms (Target: 50.0ms)
Percentiles: P50: 0.2ms P95: 0.5ms P99: 1.0ms, sample: 100
",
77,A,249950,2026-10-06T12:36:34.326496+00:00,2026-10-06T12:36:34.331780+00:00,14589.779867088,14589.785152852,770.0624344019998,5.285764000291238,running,20.0,50.0,0.4,0.4,0.8,1.0,100,"The game is running normally
Target tick rate: 20.0 per second.
Average time per tick: 0.4ms (Target: 50.0ms)
Percentiles: P50: 0.4ms P95: 0.8ms P99: 1.0ms, sample: 100
",
77,B,249952,2026-10-06T12:36:34.326619+00:00,2026-10-06T12:36:34.335541+00:00,14589.779993162,14589.788914903,770.0625604759989,8.921741000449401,running,20.0,50.0,0.5,0.4,0.7,4.8,100,"The game is running normally
Target tick rate: 20.0 per second.
Average time per tick: 0.5ms (Target: 50.0ms)
Percentiles: P50: 0.4ms P95: 0.7ms P99: 4.8ms, sample: 100
",
77,C,249943,2026-10-06T12:36:34.327124+00:00,2026-10-06T12:36:34.334963+00:00,14589.780498105,14589.78833664,770.063065418999,7.838535000701086,running,20.0,50.0,0.2,0.2,0.3,0.6,100,"The game is running normally
Target tick rate: 20.0 per second.
Average time per tick: 0.2ms (Target: 50.0ms)
Percentiles: P50: 0.2ms P95: 0.3ms P99: 0.6ms, sample: 100
",
78,A,249950,2026-10-06T12:36:44.324971+00:00,2026-10-06T12:36:44.330238+00:00,14599.778342808,14599.783612027,780.0609101219998,5.2692190001835115,running,20.0,50.0,0.5,0.5,0.6,0.9,100,"The game is running normally
Target tick rate: 20.0 per second.
Average time per tick: 0.5ms (Target: 50.0ms)
Percentiles: P50: 0.5ms P95: 0.6ms P99: 0.9ms, sample: 100
",
78,B,249952,2026-10-06T12:36:44.325253+00:00,2026-10-06T12:36:44.328338+00:00,14599.778627154,14599.781711995,780.0611944680004,3.0848409987811465,running,20.0,50.0,0.5,0.4,0.8,1.0,100,"The game is running normally
Target tick rate: 20.0 per second.
Average time per tick: 0.5ms (Target: 50.0ms)
Percentiles: P50: 0.4ms P95: 0.8ms P99: 1.0ms, sample: 100
",
78,C,249943,2026-10-06T12:36:44.325400+00:00,2026-10-06T12:36:44.330547+00:00,14599.778774431,14599.783921607,780.0613417450004,5.147175999809406,running,20.0,50.0,0.2,0.2,0.3,0.5,100,"The game is running normally
Target tick rate: 20.0 per second.
Average time per tick: 0.2ms (Target: 50.0ms)
Percentiles: P50: 0.2ms P95: 0.3ms P99: 0.5ms, sample: 100
",
79,A,249950,2026-10-06T12:36:54.324466+00:00,2026-10-06T12:36:54.333982+00:00,14609.777838101,14609.787356669,790.060405414999,9.518568000203231,running,20.0,50.0,0.5,0.5,0.7,1.1,100,"The game is running normally
Target tick rate: 20.0 per second.
Average time per tick: 0.5ms (Target: 50.0ms)
Percentiles: P50: 0.5ms P95: 0.7ms P99: 1.1ms, sample: 100
",
79,B,249952,2026-10-06T12:36:54.324571+00:00,2026-10-06T12:36:54.333205+00:00,14609.777945638,14609.786575761,790.060512951999,8.630123000330059,running,20.0,50.0,0.4,0.4,0.6,0.8,100,"The game is running normally
Target tick rate: 20.0 per second.
Average time per tick: 0.4ms (Target: 50.0ms)
Percentiles: P50: 0.4ms P95: 0.6ms P99: 0.8ms, sample: 100
",
79,C,249943,2026-10-06T12:36:54.324878+00:00,2026-10-06T12:36:54.335291+00:00,14609.778252473,14609.788665894,790.0608197869988,10.413421001430834,running,20.0,50.0,0.3,0.2,0.5,3.6,100,"The game is running normally
Target tick rate: 20.0 per second.
Average time per tick: 0.3ms (Target: 50.0ms)
Percentiles: P50: 0.2ms P95: 0.5ms P99: 3.6ms, sample: 100
",
80,A,249950,2026-10-06T12:37:04.330585+00:00,2026-10-06T12:37:04.343622+00:00,14619.783957031,14619.796993549,800.0665243450003,13.036517999353237,running,20.0,50.0,0.5,0.4,0.9,1.3,100,"The game is running normally
Target tick rate: 20.0 per second.
Average time per tick: 0.5ms (Target: 50.0ms)
Percentiles: P50: 0.4ms P95: 0.9ms P99: 1.3ms, sample: 100
",
80,B,249952,2026-10-06T12:37:04.330716+00:00,2026-10-06T12:37:04.333091+00:00,14619.784090161,14619.786464926,800.0666574749994,2.3747649993310915,running,20.0,50.0,0.4,0.4,0.6,0.7,100,"The game is running normally
Target tick rate: 20.0 per second.
Average time per tick: 0.4ms (Target: 50.0ms)
Percentiles: P50: 0.4ms P95: 0.6ms P99: 0.7ms, sample: 100
",
80,C,249943,2026-10-06T12:37:04.330793+00:00,2026-10-06T12:37:04.334603+00:00,14619.784166856,14619.787977466,800.0667341699991,3.8106100000732113,running,20.0,50.0,0.2,0.2,0.4,0.9,100,"The game is running normally
Target tick rate: 20.0 per second.
Average time per tick: 0.2ms (Target: 50.0ms)
Percentiles: P50: 0.2ms P95: 0.4ms P99: 0.9ms, sample: 100
",
81,A,249950,2026-10-06T12:37:14.326826+00:00,2026-10-06T12:37:14.329454+00:00,14629.78019721,14629.782828059,810.0627645240002,2.6308489996154094,running,20.0,50.0,0.5,0.4,0.6,6.8,100,"The game is running normally
Target tick rate: 20.0 per second.
Average time per tick: 0.5ms (Target: 50.0ms)
Percentiles: P50: 0.4ms P95: 0.6ms P99: 6.8ms, sample: 100
",
81,B,249952,2026-10-06T12:37:14.327201+00:00,2026-10-06T12:37:14.334551+00:00,14629.780575858,14629.787923597,810.0631431719994,7.347738999669673,running,20.0,50.0,0.5,0.4,0.6,2.9,100,"The game is running normally
Target tick rate: 20.0 per second.
Average time per tick: 0.5ms (Target: 50.0ms)
Percentiles: P50: 0.4ms P95: 0.6ms P99: 2.9ms, sample: 100
",
81,C,249943,2026-10-06T12:37:14.327405+00:00,2026-10-06T12:37:14.334768+00:00,14629.780715779,14629.788142767,810.063283092999,7.426988000588608,running,20.0,50.0,0.3,0.2,0.6,4.7,100,"The game is running normally
Target tick rate: 20.0 per second.
Average time per tick: 0.3ms (Target: 50.0ms)
Percentiles: P50: 0.2ms P95: 0.6ms P99: 4.7ms, sample: 100
",
82,A,249950,2026-10-06T12:37:24.324683+00:00,2026-10-06T12:37:24.333706+00:00,14639.778040692,14639.78708019,820.0606080059988,9.039498001584434,running,20.0,50.0,0.4,0.4,0.6,1.2,100,"The game is running normally
Target tick rate: 20.0 per second.
Average time per tick: 0.4ms (Target: 50.0ms)
Percentiles: P50: 0.4ms P95: 0.6ms P99: 1.2ms, sample: 100
",
82,B,249952,2026-10-06T12:37:24.324811+00:00,2026-10-06T12:37:24.334715+00:00,14639.778184849,14639.788089305,820.060752162999,9.904456001095241,running,20.0,50.0,0.5,0.4,0.9,2.2,100,"The game is running normally
Target tick rate: 20.0 per second.
Average time per tick: 0.5ms (Target: 50.0ms)
Percentiles: P50: 0.4ms P95: 0.9ms P99: 2.2ms, sample: 100
",
82,C,249943,2026-10-06T12:37:24.324887+00:00,2026-10-06T12:37:24.331379+00:00,14639.778261283,14639.784749862,820.0608285969993,6.488578999778838,running,20.0,50.0,0.3,0.2,0.4,1.9,100,"The game is running normally
Target tick rate: 20.0 per second.
Average time per tick: 0.3ms (Target: 50.0ms)
Percentiles: P50: 0.2ms P95: 0.4ms P99: 1.9ms, sample: 100
",
83,A,249950,2026-10-06T12:37:34.325887+00:00,2026-10-06T12:37:34.329507+00:00,14649.779258274,14649.782878218,830.0618255879999,3.6199440000928007,running,20.0,50.0,0.5,0.4,0.8,1.1,100,"The game is running normally
Target tick rate: 20.0 per second.
Average time per tick: 0.5ms (Target: 50.0ms)
Percentiles: P50: 0.4ms P95: 0.8ms P99: 1.1ms, sample: 100
",
83,B,249952,2026-10-06T12:37:34.326006+00:00,2026-10-06T12:37:34.331933+00:00,14649.779380237,14649.785305982,830.0619475509993,5.925745001150062,running,20.0,50.0,0.5,0.4,0.7,1.2,100,"The game is running normally
Target tick rate: 20.0 per second.
Average time per tick: 0.5ms (Target: 50.0ms)
Percentiles: P50: 0.4ms P95: 0.7ms P99: 1.2ms, sample: 100
",
83,C,249943,2026-10-06T12:37:34.326074+00:00,2026-10-06T12:37:34.334213+00:00,14649.779448675,14649.787587021,830.0620159890004,8.13834599830443,running,20.0,50.0,0.2,0.2,0.4,0.8,100,"The game is running normally
Target tick rate: 20.0 per second.
Average time per tick: 0.2ms (Target: 50.0ms)
Percentiles: P50: 0.2ms P95: 0.4ms P99: 0.8ms, sample: 100
",
84,A,249950,2026-10-06T12:37:44.326434+00:00,2026-10-06T12:37:44.331063+00:00,14659.779805568,14659.784437627,840.0623728819992,4.632059000869049,running,20.0,50.0,0.5,0.4,0.7,3.9,100,"The game is running normally
Target tick rate: 20.0 per second.
Average time per tick: 0.5ms (Target: 50.0ms)
Percentiles: P50: 0.4ms P95: 0.7ms P99: 3.9ms, sample: 100
",
84,B,249952,2026-10-06T12:37:44.327278+00:00,2026-10-06T12:37:44.336708+00:00,14659.78065259,14659.790082316,840.0632199039992,9.42972600023495,running,20.0,50.0,0.5,0.4,0.6,3.2,100,"The game is running normally
Target tick rate: 20.0 per second.
Average time per tick: 0.5ms (Target: 50.0ms)
Percentiles: P50: 0.4ms P95: 0.6ms P99: 3.2ms, sample: 100
",
84,C,249943,2026-10-06T12:37:44.330679+00:00,2026-10-06T12:37:44.334820+00:00,14659.784052494,14659.788193941,840.0666198079998,4.141446999710752,running,20.0,50.0,0.2,0.2,0.3,1.0,100,"The game is running normally
Target tick rate: 20.0 per second.
Average time per tick: 0.2ms (Target: 50.0ms)
Percentiles: P50: 0.2ms P95: 0.3ms P99: 1.0ms, sample: 100
",
85,A,249950,2026-10-06T12:37:54.329717+00:00,2026-10-06T12:37:54.337557+00:00,14669.783087784,14669.790931593,850.0656550980002,7.84380899858661,running,20.0,50.0,0.5,0.5,0.8,1.8,100,"The game is running normally
Target tick rate: 20.0 per second.
Average time per tick: 0.5ms (Target: 50.0ms)
Percentiles: P50: 0.5ms P95: 0.8ms P99: 1.8ms, sample: 100
",
85,B,249952,2026-10-06T12:37:54.329900+00:00,2026-10-06T12:37:54.336803+00:00,14669.78327489,14669.790177681,850.0658422039996,6.902790999447461,running,20.0,50.0,0.5,0.4,0.6,2.9,100,"The game is running normally
Target tick rate: 20.0 per second.
Average time per tick: 0.5ms (Target: 50.0ms)
Percentiles: P50: 0.4ms P95: 0.6ms P99: 2.9ms, sample: 100
",
85,C,249943,2026-10-06T12:37:54.329971+00:00,2026-10-06T12:37:54.335906+00:00,14669.783345476,14669.789278621,850.0659127899999,5.933144999289652,running,20.0,50.0,0.3,0.2,0.5,1.3,100,"The game is running normally
Target tick rate: 20.0 per second.
Average time per tick: 0.3ms (Target: 50.0ms)
Percentiles: P50: 0.2ms P95: 0.5ms P99: 1.3ms, sample: 100
",
86,A,249950,2026-10-06T12:38:04.326493+00:00,2026-10-06T12:38:04.340501+00:00,14679.779864295,14679.793873823,860.0624316089998,14.009528000315186,running,20.0,50.0,0.4,0.4,0.6,1.2,100,"The game is running normally
Target tick rate: 20.0 per second.
Average time per tick: 0.4ms (Target: 50.0ms)
Percentiles: P50: 0.4ms P95: 0.6ms P99: 1.2ms, sample: 100
",
86,B,249952,2026-10-06T12:38:04.326672+00:00,2026-10-06T12:38:04.333677+00:00,14679.780045652,14679.787049585,860.0626129659995,7.003933000305551,running,20.0,50.0,0.4,0.4,0.7,1.2,100,"The game is running normally
Target tick rate: 20.0 per second.
Average time per tick: 0.4ms (Target: 50.0ms)
Percentiles: P50: 0.4ms P95: 0.7ms P99: 1.2ms, sample: 100
",
86,C,249943,2026-10-06T12:38:04.328804+00:00,2026-10-06T12:38:04.341324+00:00,14679.782178935,14679.794698146,860.0647462489997,12.51921100083564,running,20.0,50.0,0.3,0.2,0.5,1.2,100,"The game is running normally
Target tick rate: 20.0 per second.
Average time per tick: 0.3ms (Target: 50.0ms)
Percentiles: P50: 0.2ms P95: 0.5ms P99: 1.2ms, sample: 100
",
87,A,249950,2026-10-06T12:38:14.331576+00:00,2026-10-06T12:38:14.334956+00:00,14689.784946234,14689.788330525,870.0675135479996,3.3842909997474635,running,20.0,50.0,0.5,0.5,0.9,4.7,100,"The game is running normally
Target tick rate: 20.0 per second.
Average time per tick: 0.5ms (Target: 50.0ms)
Percentiles: P50: 0.5ms P95: 0.9ms P99: 4.7ms, sample: 100
",
87,B,249952,2026-10-06T12:38:14.331710+00:00,2026-10-06T12:38:14.338798+00:00,14689.785084021,14689.792172413,870.067651334999,7.088391999786836,running,20.0,50.0,0.5,0.4,0.8,1.4,100,"The game is running normally
Target tick rate: 20.0 per second.
Average time per tick: 0.5ms (Target: 50.0ms)
Percentiles: P50: 0.4ms P95: 0.8ms P99: 1.4ms, sample: 100
",
87,C,249943,2026-10-06T12:38:14.331789+00:00,2026-10-06T12:38:14.334615+00:00,14689.78516338,14689.787988331,870.0677306939997,2.8249509996385314,running,20.0,50.0,0.3,0.2,0.5,1.5,100,"The game is running normally
Target tick rate: 20.0 per second.
Average time per tick: 0.3ms (Target: 50.0ms)
Percentiles: P50: 0.2ms P95: 0.5ms P99: 1.5ms, sample: 100
",
88,A,249950,2026-10-06T12:38:24.324689+00:00,2026-10-06T12:38:24.334096+00:00,14699.778005967,14699.787467031,880.060573281,9.461063998969621,running,20.0,50.0,0.5,0.5,0.8,0.9,100,"The game is running normally
Target tick rate: 20.0 per second.
Average time per tick: 0.5ms (Target: 50.0ms)
Percentiles: P50: 0.5ms P95: 0.8ms P99: 0.9ms, sample: 100
",
88,B,249952,2026-10-06T12:38:24.324863+00:00,2026-10-06T12:38:24.330468+00:00,14699.778236914,14699.783839655,880.060804228,5.60274099916569,running,20.0,50.0,0.5,0.4,0.7,0.8,100,"The game is running normally
Target tick rate: 20.0 per second.
Average time per tick: 0.5ms (Target: 50.0ms)
Percentiles: P50: 0.4ms P95: 0.7ms P99: 0.8ms, sample: 100
",
88,C,249943,2026-10-06T12:38:24.324962+00:00,2026-10-06T12:38:24.335419+00:00,14699.778336723,14699.788793162,880.060904037,10.456439000336104,running,20.0,50.0,0.2,0.2,0.4,0.5,100,"The game is running normally
Target tick rate: 20.0 per second.
Average time per tick: 0.2ms (Target: 50.0ms)
Percentiles: P50: 0.2ms P95: 0.4ms P99: 0.5ms, sample: 100
",
89,A,249950,2026-10-06T12:38:34.325206+00:00,2026-10-06T12:38:34.340965+00:00,14709.778578721,14709.794335498,890.0611460349992,15.756777000206057,running,20.0,50.0,0.6,0.5,1.0,3.3,100,"The game is running normally
Target tick rate: 20.0 per second.
Average time per tick: 0.6ms (Target: 50.0ms)
Percentiles: P50: 0.5ms P95: 1.0ms P99: 3.3ms, sample: 100
",
89,B,249952,2026-10-06T12:38:34.329517+00:00,2026-10-06T12:38:34.343371+00:00,14709.782888078,14709.796745587,890.0654553919994,13.857509000445134,running,20.0,50.0,0.5,0.5,0.8,1.1,100,"The game is running normally
Target tick rate: 20.0 per second.
Average time per tick: 0.5ms (Target: 50.0ms)
Percentiles: P50: 0.5ms P95: 0.8ms P99: 1.1ms, sample: 100
",
89,C,249943,2026-10-06T12:38:34.330677+00:00,2026-10-06T12:38:34.343207+00:00,14709.783011588,14709.796580754,890.0655789020002,13.569165999797406,running,20.0,50.0,0.3,0.2,0.7,1.1,100,"The game is running normally
Target tick rate: 20.0 per second.
Average time per tick: 0.3ms (Target: 50.0ms)
Percentiles: P50: 0.2ms P95: 0.7ms P99: 1.1ms, sample: 100
",
90,A,249950,2026-10-06T12:38:44.324083+00:00,2026-10-06T12:38:44.339853+00:00,14719.777454299,14719.793225363,900.0600216129988,15.77106400145567,running,20.0,50.0,0.6,0.5,1.1,5.5,100,"The game is running normally
Target tick rate: 20.0 per second.
Average time per tick: 0.6ms (Target: 50.0ms)
Percentiles: P50: 0.5ms P95: 1.1ms P99: 5.5ms, sample: 100
",
90,B,249952,2026-10-06T12:38:44.324296+00:00,2026-10-06T12:38:44.325796+00:00,14719.777670238,14719.779170832,900.0602375519993,1.5005940003902651,running,20.0,50.0,0.6,0.5,0.9,7.7,100,"The game is running normally
Target tick rate: 20.0 per second.
Average time per tick: 0.6ms (Target: 50.0ms)
Percentiles: P50: 0.5ms P95: 0.9ms P99: 7.7ms, sample: 100
",
90,C,249943,2026-10-06T12:38:44.324556+00:00,2026-10-06T12:38:44.333241+00:00,14719.777930765,14719.786612342,900.0604980789994,8.68157700097072,running,20.0,50.0,0.3,0.3,0.5,5.8,100,"The game is running normally
Target tick rate: 20.0 per second.
Average time per tick: 0.3ms (Target: 50.0ms)
Percentiles: P50: 0.3ms P95: 0.5ms P99: 5.8ms, sample: 100
",
91,A,249950,2026-10-06T12:38:54.324061+00:00,2026-10-06T12:38:54.325950+00:00,14729.77743285,14729.779324767,910.0600001639996,1.8919169997388963,running,20.0,50.0,0.5,0.5,0.8,1.0,100,"The game is running normally
Target tick rate: 20.0 per second.
Average time per tick: 0.5ms (Target: 50.0ms)
Percentiles: P50: 0.5ms P95: 0.8ms P99: 1.0ms, sample: 100
",
91,B,249952,2026-10-06T12:38:54.324259+00:00,2026-10-06T12:38:54.331673+00:00,14729.777633828,14729.785047829,910.0602011419996,7.414001000142889,running,20.0,50.0,0.5,0.5,0.8,1.3,100,"The game is running normally
Target tick rate: 20.0 per second.
Average time per tick: 0.5ms (Target: 50.0ms)
Percentiles: P50: 0.5ms P95: 0.8ms P99: 1.3ms, sample: 100
",
91,C,249943,2026-10-06T12:38:54.326568+00:00,2026-10-06T12:38:54.330857+00:00,14729.779942714,14729.784230095,910.0625100279995,4.28738099981274,running,20.0,50.0,0.3,0.2,0.5,2.9,100,"The game is running normally
Target tick rate: 20.0 per second.
Average time per tick: 0.3ms (Target: 50.0ms)
Percentiles: P50: 0.2ms P95: 0.5ms P99: 2.9ms, sample: 100
",
92,A,249950,2026-10-06T12:39:04.325572+00:00,2026-10-06T12:39:04.332278+00:00,14739.77894267,14739.785648817,920.0615099839997,6.706146999931661,running,20.0,50.0,0.5,0.5,1.0,1.9,100,"The game is running normally
Target tick rate: 20.0 per second.
Average time per tick: 0.5ms (Target: 50.0ms)
Percentiles: P50: 0.5ms P95: 1.0ms P99: 1.9ms, sample: 100
",
92,B,249952,2026-10-06T12:39:04.325718+00:00,2026-10-06T12:39:04.332588+00:00,14739.779092304,14739.785962938,920.0616596179989,6.870634000733844,running,20.0,50.0,0.5,0.5,0.7,0.9,100,"The game is running normally
Target tick rate: 20.0 per second.
Average time per tick: 0.5ms (Target: 50.0ms)
Percentiles: P50: 0.5ms P95: 0.7ms P99: 0.9ms, sample: 100
",
92,C,249943,2026-10-06T12:39:04.325773+00:00,2026-10-06T12:39:04.347008+00:00,14739.779146796,14739.800379008,920.0617141099992,21.23221200054104,running,20.0,50.0,0.2,0.2,0.3,0.8,100,"The game is running normally
Target tick rate: 20.0 per second.
Average time per tick: 0.2ms (Target: 50.0ms)
Percentiles: P50: 0.2ms P95: 0.3ms P99: 0.8ms, sample: 100
",
93,A,249950,2026-10-06T12:39:14.323999+00:00,2026-10-06T12:39:14.334701+00:00,14749.777370067,14749.788073345,930.059937381,10.703277999709826,running,20.0,50.0,0.5,0.4,0.7,2.7,100,"The game is running normally
Target tick rate: 20.0 per second.
Average time per tick: 0.5ms (Target: 50.0ms)
Percentiles: P50: 0.4ms P95: 0.7ms P99: 2.7ms, sample: 100
",
93,B,249952,2026-10-06T12:39:14.325794+00:00,2026-10-06T12:39:14.335525+00:00,14749.779167349,14749.788899259,930.0617346629988,9.731910000482458,running,20.0,50.0,0.5,0.4,0.7,0.9,100,"The game is running normally
Target tick rate: 20.0 per second.
Average time per tick: 0.5ms (Target: 50.0ms)
Percentiles: P50: 0.4ms P95: 0.7ms P99: 0.9ms, sample: 100
",
93,C,249943,2026-10-06T12:39:14.327116+00:00,2026-10-06T12:39:14.328329+00:00,14749.780490426,14749.781702706,930.0630577399988,1.2122799998905975,running,20.0,50.0,0.2,0.2,0.5,0.6,100,"The game is running normally
Target tick rate: 20.0 per second.
Average time per tick: 0.2ms (Target: 50.0ms)
Percentiles: P50: 0.2ms P95: 0.5ms P99: 0.6ms, sample: 100
",
94,A,249950,2026-10-06T12:39:24.325915+00:00,2026-10-06T12:39:24.331355+00:00,14759.779285456,14759.784729728,940.061852769999,5.444272001113859,running,20.0,50.0,0.6,0.5,0.9,3.1,100,"The game is running normally
Target tick rate: 20.0 per second.
Average time per tick: 0.6ms (Target: 50.0ms)
Percentiles: P50: 0.5ms P95: 0.9ms P99: 3.1ms, sample: 100
",
94,B,249952,2026-10-06T12:39:24.326038+00:00,2026-10-06T12:39:24.330900+00:00,14759.779411946,14759.784274165,940.0619792599991,4.8622190006426536,running,20.0,50.0,0.6,0.5,1.4,2.4,100,"The game is running normally
Target tick rate: 20.0 per second.
Average time per tick: 0.6ms (Target: 50.0ms)
Percentiles: P50: 0.5ms P95: 1.4ms P99: 2.4ms, sample: 100
",
94,C,249943,2026-10-06T12:39:24.326193+00:00,2026-10-06T12:39:24.330019+00:00,14759.779567755,14759.783392516,940.0621350689999,3.8247609991231,running,20.0,50.0,0.3,0.2,0.4,0.9,100,"The game is running normally
Target tick rate: 20.0 per second.
Average time per tick: 0.3ms (Target: 50.0ms)
Percentiles: P50: 0.2ms P95: 0.4ms P99: 0.9ms, sample: 100
",
95,A,249950,2026-10-06T12:39:34.324671+00:00,2026-10-06T12:39:34.327281+00:00,14769.778042123,14769.780655776,950.0606094369996,2.613652999571059,running,20.0,50.0,0.5,0.5,0.7,3.6,100,"The game is running normally
Target tick rate: 20.0 per second.
Average time per tick: 0.5ms (Target: 50.0ms)
Percentiles: P50: 0.5ms P95: 0.7ms P99: 3.6ms, sample: 100
",
95,B,249952,2026-10-06T12:39:34.324847+00:00,2026-10-06T12:39:34.331532+00:00,14769.778221292,14769.784906045,950.0607886059988,6.684753001536592,running,20.0,50.0,0.5,0.5,0.8,1.5,100,"The game is running normally
Target tick rate: 20.0 per second.
Average time per tick: 0.5ms (Target: 50.0ms)
Percentiles: P50: 0.5ms P95: 0.8ms P99: 1.5ms, sample: 100
",
95,C,249943,2026-10-06T12:39:34.325445+00:00,2026-10-06T12:39:34.331373+00:00,14769.77881984,14769.784745995,950.061387153999,5.9261550013616215,running,20.0,50.0,0.3,0.2,0.6,1.2,100,"The game is running normally
Target tick rate: 20.0 per second.
Average time per tick: 0.3ms (Target: 50.0ms)
Percentiles: P50: 0.2ms P95: 0.6ms P99: 1.2ms, sample: 100
",
96,A,249950,2026-10-06T12:39:44.328793+00:00,2026-10-06T12:39:44.334949+00:00,14779.782163101,14779.788324089,960.0647304149988,6.16098800128384,running,20.0,50.0,0.5,0.5,0.7,0.8,100,"The game is running normally
Target tick rate: 20.0 per second.
Average time per tick: 0.5ms (Target: 50.0ms)
Percentiles: P50: 0.5ms P95: 0.7ms P99: 0.8ms, sample: 100
",
96,B,249952,2026-10-06T12:39:44.328927+00:00,2026-10-06T12:39:44.334309+00:00,14779.782300808,14779.787683467,960.0648681219991,5.382659001043066,running,20.0,50.0,0.5,0.5,0.9,1.3,100,"The game is running normally
Target tick rate: 20.0 per second.
Average time per tick: 0.5ms (Target: 50.0ms)
Percentiles: P50: 0.5ms P95: 0.9ms P99: 1.3ms, sample: 100
",
96,C,249943,2026-10-06T12:39:44.330261+00:00,2026-10-06T12:39:44.332639+00:00,14779.783635486,14779.786012904,960.0662027999988,2.3774180008331314,running,20.0,50.0,0.2,0.2,0.4,0.5,100,"The game is running normally
Target tick rate: 20.0 per second.
Average time per tick: 0.2ms (Target: 50.0ms)
Percentiles: P50: 0.2ms P95: 0.4ms P99: 0.5ms, sample: 100
",
97,A,249950,2026-10-06T12:39:54.324314+00:00,2026-10-06T12:39:54.326885+00:00,14789.777685739,14789.780259603,970.0602530529995,2.5738639997143764,running,20.0,50.0,0.5,0.5,0.8,1.0,100,"The game is running normally
Target tick rate: 20.0 per second.
Average time per tick: 0.5ms (Target: 50.0ms)
Percentiles: P50: 0.5ms P95: 0.8ms P99: 1.0ms, sample: 100
",
97,B,249952,2026-10-06T12:39:54.325093+00:00,2026-10-06T12:39:54.330288+00:00,14789.778466752,14789.783660528,970.0610340660005,5.193775999941863,running,20.0,50.0,0.5,0.5,0.7,2.8,100,"The game is running normally
Target tick rate: 20.0 per second.
Average time per tick: 0.5ms (Target: 50.0ms)
Percentiles: P50: 0.5ms P95: 0.7ms P99: 2.8ms, sample: 100
",
97,C,249943,2026-10-06T12:39:54.325692+00:00,2026-10-06T12:39:54.333665+00:00,14789.779066987,14789.78703648,970.0616343009988,7.969493000928196,running,20.0,50.0,0.3,0.2,0.5,1.0,100,"The game is running normally
Target tick rate: 20.0 per second.
Average time per tick: 0.3ms (Target: 50.0ms)
Percentiles: P50: 0.2ms P95: 0.5ms P99: 1.0ms, sample: 100
",
98,A,249950,2026-10-06T12:40:04.323993+00:00,2026-10-06T12:40:04.329293+00:00,14799.77736409,14799.78266703,980.0599314039991,5.302940000547096,running,20.0,50.0,0.5,0.5,0.8,2.4,100,"The game is running normally
Target tick rate: 20.0 per second.
Average time per tick: 0.5ms (Target: 50.0ms)
Percentiles: P50: 0.5ms P95: 0.8ms P99: 2.4ms, sample: 100
",
98,B,249952,2026-10-06T12:40:04.324110+00:00,2026-10-06T12:40:04.327330+00:00,14799.777484356,14799.780703503,980.0600516699997,3.2191469999816036,running,20.0,50.0,0.6,0.5,0.9,3.2,100,"The game is running normally
Target tick rate: 20.0 per second.
Average time per tick: 0.6ms (Target: 50.0ms)
Percentiles: P50: 0.5ms P95: 0.9ms P99: 3.2ms, sample: 100
",
98,C,249943,2026-10-06T12:40:04.324833+00:00,2026-10-06T12:40:04.339266+00:00,14799.77820669,14799.792637331,980.0607740039995,14.430641000217292,running,20.0,50.0,0.3,0.3,0.5,0.6,100,"The game is running normally
Target tick rate: 20.0 per second.
Average time per tick: 0.3ms (Target: 50.0ms)
Percentiles: P50: 0.3ms P95: 0.5ms P99: 0.6ms, sample: 100
",
99,A,249950,2026-10-06T12:40:14.325155+00:00,2026-10-06T12:40:14.330610+00:00,14809.778526867,14809.783981715,990.0610941809991,5.454848000226775,running,20.0,50.0,0.5,0.5,0.9,1.8,100,"The game is running normally
Target tick rate: 20.0 per second.
Average time per tick: 0.5ms (Target: 50.0ms)
Percentiles: P50: 0.5ms P95: 0.9ms P99: 1.8ms, sample: 100
",
99,B,249952,2026-10-06T12:40:14.325466+00:00,2026-10-06T12:40:14.331224+00:00,14809.778840157,14809.784598551,990.0614074709993,5.758393999713007,running,20.0,50.0,0.6,0.5,0.8,4.1,100,"The game is running normally
Target tick rate: 20.0 per second.
Average time per tick: 0.6ms (Target: 50.0ms)
Percentiles: P50: 0.5ms P95: 0.8ms P99: 4.1ms, sample: 100
",
99,C,249943,2026-10-06T12:40:14.325512+00:00,2026-10-06T12:40:14.331430+00:00,14809.778886582,14809.784804555,990.0614538959999,5.917972999668564,running,20.0,50.0,0.3,0.2,0.4,0.7,100,"The game is running normally
Target tick rate: 20.0 per second.
Average time per tick: 0.3ms (Target: 50.0ms)
Percentiles: P50: 0.2ms P95: 0.4ms P99: 0.7ms, sample: 100
",
100,A,249950,2026-10-06T12:40:24.324342+00:00,2026-10-06T12:40:24.335141+00:00,14819.777713334,14819.788512113,1000.0602806480001,10.798778999742353,running,20.0,50.0,0.6,0.5,1.1,6.4,100,"The game is running normally
Target tick rate: 20.0 per second.
Average time per tick: 0.6ms (Target: 50.0ms)
Percentiles: P50: 0.5ms P95: 1.1ms P99: 6.4ms, sample: 100
",
100,B,249952,2026-10-06T12:40:24.324527+00:00,2026-10-06T12:40:24.339522+00:00,14819.777901747,14819.79289392,1000.0604690609998,14.99217299897282,running,20.0,50.0,0.5,0.5,0.8,1.9,100,"The game is running normally
Target tick rate: 20.0 per second.
Average time per tick: 0.5ms (Target: 50.0ms)
Percentiles: P50: 0.5ms P95: 0.8ms P99: 1.9ms, sample: 100
",
100,C,249943,2026-10-06T12:40:24.329910+00:00,2026-10-06T12:40:24.336271+00:00,14819.783280876,14819.789645429,1000.0658481899991,6.364553000821616,running,20.0,50.0,0.2,0.2,0.4,0.6,100,"The game is running normally
Target tick rate: 20.0 per second.
Average time per tick: 0.2ms (Target: 50.0ms)
Percentiles: P50: 0.2ms P95: 0.4ms P99: 0.6ms, sample: 100
",
101,A,249950,2026-10-06T12:40:34.324543+00:00,2026-10-06T12:40:34.328286+00:00,14829.777914941,14829.781660884,1010.0604822549994,3.7459430004673777,running,20.0,50.0,0.5,0.5,1.1,1.6,100,"The game is running normally
Target tick rate: 20.0 per second.
Average time per tick: 0.5ms (Target: 50.0ms)
Percentiles: P50: 0.5ms P95: 1.1ms P99: 1.6ms, sample: 100
",
101,B,249952,2026-10-06T12:40:34.324643+00:00,2026-10-06T12:40:34.326033+00:00,14829.778017285,14829.779407411,1010.0605845989994,1.3901260008424288,running,20.0,50.0,0.5,0.5,0.7,1.8,100,"The game is running normally
Target tick rate: 20.0 per second.
Average time per tick: 0.5ms (Target: 50.0ms)
Percentiles: P50: 0.5ms P95: 0.7ms P99: 1.8ms, sample: 100
",
101,C,249943,2026-10-06T12:40:34.324900+00:00,2026-10-06T12:40:34.328676+00:00,14829.778274881,14829.782051019,1010.0608421950001,3.776137999011553,running,20.0,50.0,0.2,0.2,0.4,0.5,100,"The game is running normally
Target tick rate: 20.0 per second.
Average time per tick: 0.2ms (Target: 50.0ms)
Percentiles: P50: 0.2ms P95: 0.4ms P99: 0.5ms, sample: 100
",
102,A,249950,2026-10-06T12:40:44.324226+00:00,2026-10-06T12:40:44.327478+00:00,14839.77759737,14839.780851354,1020.0601646840005,3.2539839994569775,running,20.0,50.0,0.5,0.5,0.7,1.9,100,"The game is running normally
Target tick rate: 20.0 per second.
Average time per tick: 0.5ms (Target: 50.0ms)
Percentiles: P50: 0.5ms P95: 0.7ms P99: 1.9ms, sample: 100
",
102,B,249952,2026-10-06T12:40:44.324598+00:00,2026-10-06T12:40:44.334661+00:00,14839.777972118,14839.787997515,1020.0605394319991,10.025397001300007,running,20.0,50.0,0.5,0.4,0.8,2.8,100,"The game is running normally
Target tick rate: 20.0 per second.
Average time per tick: 0.5ms (Target: 50.0ms)
Percentiles: P50: 0.4ms P95: 0.8ms P99: 2.8ms, sample: 100
",
102,C,249943,2026-10-06T12:40:44.324687+00:00,2026-10-06T12:40:44.336836+00:00,14839.77804984,14839.790207198,1020.0606171540003,12.157357999967644,running,20.0,50.0,0.3,0.2,0.4,3.5,100,"The game is running normally
Target tick rate: 20.0 per second.
Average time per tick: 0.3ms (Target: 50.0ms)
Percentiles: P50: 0.2ms P95: 0.4ms P99: 3.5ms, sample: 100
",
103,A,249950,2026-10-06T12:40:54.327340+00:00,2026-10-06T12:40:54.331453+00:00,14849.780710778,14849.784827287,1030.0632780920005,4.116508998777135,running,20.0,50.0,0.5,0.5,0.7,2.4,100,"The game is running normally
Target tick rate: 20.0 per second.
Average time per tick: 0.5ms (Target: 50.0ms)
Percentiles: P50: 0.5ms P95: 0.7ms P99: 2.4ms, sample: 100
",
103,B,249952,2026-10-06T12:40:54.328953+00:00,2026-10-06T12:40:54.341000+00:00,14849.782326088,14849.794374187,1030.0648934019991,12.048099000821821,running,20.0,50.0,0.5,0.4,0.8,1.5,100,"The game is running normally
Target tick rate: 20.0 per second.
Average time per tick: 0.5ms (Target: 50.0ms)
Percentiles: P50: 0.4ms P95: 0.8ms P99: 1.5ms, sample: 100
",
103,C,249943,2026-10-06T12:40:54.329033+00:00,2026-10-06T12:40:54.339978+00:00,14849.782407715,14849.793349113,1030.0649750289995,10.941398000795743,running,20.0,50.0,0.3,0.3,0.5,3.5,100,"The game is running normally
Target tick rate: 20.0 per second.
Average time per tick: 0.3ms (Target: 50.0ms)
Percentiles: P50: 0.3ms P95: 0.5ms P99: 3.5ms, sample: 100
",
104,A,249950,2026-10-06T12:41:04.325037+00:00,2026-10-06T12:41:04.329367+00:00,14859.778408132,14859.782738431,1040.0609754460002,4.33029899977555,running,20.0,50.0,0.5,0.5,0.6,0.9,100,"The game is running normally
Target tick rate: 20.0 per second.
Average time per tick: 0.5ms (Target: 50.0ms)
Percentiles: P50: 0.5ms P95: 0.6ms P99: 0.9ms, sample: 100
",
104,B,249952,2026-10-06T12:41:04.329631+00:00,2026-10-06T12:41:04.335109+00:00,14859.783006153,14859.7884805,1040.065573467,5.474346999108093,running,20.0,50.0,0.5,0.4,0.7,1.1,100,"The game is running normally
Target tick rate: 20.0 per second.
Average time per tick: 0.5ms (Target: 50.0ms)
Percentiles: P50: 0.4ms P95: 0.7ms P99: 1.1ms, sample: 100
",
104,C,249943,2026-10-06T12:41:04.330677+00:00,2026-10-06T12:41:04.338757+00:00,14859.784050946,14859.792130343,1040.0666182599998,8.0793969991646,running,20.0,50.0,0.3,0.2,0.4,1.8,100,"The game is running normally
Target tick rate: 20.0 per second.
Average time per tick: 0.3ms (Target: 50.0ms)
Percentiles: P50: 0.2ms P95: 0.4ms P99: 1.8ms, sample: 100
",
105,A,249950,2026-10-06T12:41:14.326721+00:00,2026-10-06T12:41:14.336339+00:00,14869.78009265,14869.789712589,1050.062659964,9.619938999094302,running,20.0,50.0,0.5,0.5,0.7,1.6,100,"The game is running normally
Target tick rate: 20.0 per second.
Average time per tick: 0.5ms (Target: 50.0ms)
Percentiles: P50: 0.5ms P95: 0.7ms P99: 1.6ms, sample: 100
",
105,B,249952,2026-10-06T12:41:14.330700+00:00,2026-10-06T12:41:14.337026+00:00,14869.784072348,14869.790401128,1050.066639662,6.32878000033088,running,20.0,50.0,0.4,0.4,0.6,0.9,100,"The game is running normally
Target tick rate: 20.0 per second.
Average time per tick: 0.4ms (Target: 50.0ms)
Percentiles: P50: 0.4ms P95: 0.6ms P99: 0.9ms, sample: 100
",
105,C,249943,2026-10-06T12:41:14.330791+00:00,2026-10-06T12:41:14.339637+00:00,14869.784165363,14869.79301073,1050.066732677,8.845366999594262,running,20.0,50.0,0.2,0.2,0.5,2.4,100,"The game is running normally
Target tick rate: 20.0 per second.
Average time per tick: 0.2ms (Target: 50.0ms)
Percentiles: P50: 0.2ms P95: 0.5ms P99: 2.4ms, sample: 100
",
106,A,249950,2026-10-06T12:41:24.326724+00:00,2026-10-06T12:41:24.330055+00:00,14879.780094412,14879.783428106,1060.0626617260004,3.333693999593379,running,20.0,50.0,0.4,0.4,0.6,1.1,100,"The game is running normally
Target tick rate: 20.0 per second.
Average time per tick: 0.4ms (Target: 50.0ms)
Percentiles: P50: 0.4ms P95: 0.6ms P99: 1.1ms, sample: 100
",
106,B,249952,2026-10-06T12:41:24.326839+00:00,2026-10-06T12:41:24.337967+00:00,14879.780213426,14879.791341018,1060.0627807399997,11.127592000775621,running,20.0,50.0,0.4,0.4,0.6,0.7,100,"The game is running normally
Target tick rate: 20.0 per second.
Average time per tick: 0.4ms (Target: 50.0ms)
Percentiles: P50: 0.4ms P95: 0.6ms P99: 0.7ms, sample: 100
",
106,C,249943,2026-10-06T12:41:24.326916+00:00,2026-10-06T12:41:24.336197+00:00,14879.780290076,14879.789535153,1060.0628573899994,9.24507700074173,running,20.0,50.0,0.3,0.2,0.4,3.4,100,"The game is running normally
Target tick rate: 20.0 per second.
Average time per tick: 0.3ms (Target: 50.0ms)
Percentiles: P50: 0.2ms P95: 0.4ms P99: 3.4ms, sample: 100
",
107,A,249950,2026-10-06T12:41:34.325476+00:00,2026-10-06T12:41:34.329279+00:00,14889.778847416,14889.782653318,1070.0614147300003,3.8059019989304943,running,20.0,50.0,0.5,0.4,0.7,2.2,100,"The game is running normally
Target tick rate: 20.0 per second.
Average time per tick: 0.5ms (Target: 50.0ms)
Percentiles: P50: 0.4ms P95: 0.7ms P99: 2.2ms, sample: 100
",
107,B,249952,2026-10-06T12:41:34.326696+00:00,2026-10-06T12:41:34.331036+00:00,14889.780070692,14889.784410766,1070.0626380060003,4.3400739996286575,running,20.0,50.0,0.4,0.4,0.7,1.3,100,"The game is running normally
Target tick rate: 20.0 per second.
Average time per tick: 0.4ms (Target: 50.0ms)
Percentiles: P50: 0.4ms P95: 0.7ms P99: 1.3ms, sample: 100
",
107,C,249943,2026-10-06T12:41:34.326846+00:00,2026-10-06T12:41:34.330358+00:00,14889.780220852,14889.783732843,1070.0627881660002,3.511990998958936,running,20.0,50.0,0.2,0.2,0.3,1.2,100,"The game is running normally
Target tick rate: 20.0 per second.
Average time per tick: 0.2ms (Target: 50.0ms)
Percentiles: P50: 0.2ms P95: 0.3ms P99: 1.2ms, sample: 100
",
108,A,249950,2026-10-06T12:41:44.328643+00:00,2026-10-06T12:41:44.330466+00:00,14899.782012647,14899.783840891,1080.0645799609993,1.8282439996255562,running,20.0,50.0,0.4,0.4,0.7,1.0,100,"The game is running normally
Target tick rate: 20.0 per second.
Average time per tick: 0.4ms (Target: 50.0ms)
Percentiles: P50: 0.4ms P95: 0.7ms P99: 1.0ms, sample: 100
",
108,B,249952,2026-10-06T12:41:44.328976+00:00,2026-10-06T12:41:44.334558+00:00,14899.782350599,14899.787931856,1080.0649179129996,5.581257000812911,running,20.0,50.0,0.4,0.4,0.6,1.6,100,"The game is running normally
Target tick rate: 20.0 per second.
Average time per tick: 0.4ms (Target: 50.0ms)
Percentiles: P50: 0.4ms P95: 0.6ms P99: 1.6ms, sample: 100
",
108,C,249943,2026-10-06T12:41:44.329588+00:00,2026-10-06T12:41:44.331826+00:00,14899.782961852,14899.785200882,1080.0655291660005,2.2390299982362194,running,20.0,50.0,0.2,0.2,0.3,0.5,100,"The game is running normally
Target tick rate: 20.0 per second.
Average time per tick: 0.2ms (Target: 50.0ms)
Percentiles: P50: 0.2ms P95: 0.3ms P99: 0.5ms, sample: 100
",
109,A,249950,2026-10-06T12:41:54.325322+00:00,2026-10-06T12:41:54.331621+00:00,14909.778693317,14909.784991731,1090.0612606309987,6.298414000411867,running,20.0,50.0,0.5,0.5,0.7,1.9,100,"The game is running normally
Target tick rate: 20.0 per second.
Average time per tick: 0.5ms (Target: 50.0ms)
Percentiles: P50: 0.5ms P95: 0.7ms P99: 1.9ms, sample: 100
",
109,B,249952,2026-10-06T12:41:54.326833+00:00,2026-10-06T12:41:54.334422+00:00,14909.780206048,14909.787794768,1090.0627733620004,7.588720000057947,running,20.0,50.0,0.4,0.4,0.7,2.1,100,"EXTRACTED 0
The game is running normally
Target tick rate: 20.0 per second.
Average time per tick: 0.4ms (Target: 50.0ms)
Percentiles: P50: 0.4ms P95: 0.7ms P99: 2.1ms, sample: 100
",
109,C,249943,2026-10-06T12:41:54.328842+00:00,2026-10-06T12:41:54.333282+00:00,14909.78221325,14909.786655148,1090.064780564,4.441897999640787,running,20.0,50.0,0.3,0.2,0.4,3.4,100,"The game is running normally
Target tick rate: 20.0 per second.
Average time per tick: 0.3ms (Target: 50.0ms)
Percentiles: P50: 0.2ms P95: 0.4ms P99: 3.4ms, sample: 100
",
110,A,249950,2026-10-06T12:42:04.326710+00:00,2026-10-06T12:42:04.333569+00:00,14919.780079925,14919.786943106,1100.0626472389995,6.8631810008810135,running,20.0,50.0,0.4,0.4,0.6,0.8,100,"The game is running normally
Target tick rate: 20.0 per second.
Average time per tick: 0.4ms (Target: 50.0ms)
Percentiles: P50: 0.4ms P95: 0.6ms P99: 0.8ms, sample: 100
",
110,B,249952,2026-10-06T12:42:04.326837+00:00,2026-10-06T12:42:04.328658+00:00,14919.780211322,14919.78203248,1100.062778636,1.821157999074785,running,20.0,50.0,0.4,0.4,0.6,1.0,100,"The game is running normally
Target tick rate: 20.0 per second.
Average time per tick: 0.4ms (Target: 50.0ms)
Percentiles: P50: 0.4ms P95: 0.6ms P99: 1.0ms, sample: 100
",
110,C,249943,2026-10-06T12:42:04.326988+00:00,2026-10-06T12:42:04.330571+00:00,14919.780362208,14919.783945537,1100.0629295219987,3.5833290003211005,running,20.0,50.0,0.2,0.2,0.3,0.6,100,"The game is running normally
Target tick rate: 20.0 per second.
Average time per tick: 0.2ms (Target: 50.0ms)
Percentiles: P50: 0.2ms P95: 0.3ms P99: 0.6ms, sample: 100
",
111,A,249950,2026-10-06T12:42:14.324033+00:00,2026-10-06T12:42:14.329894+00:00,14929.777404399,14929.783268461,1110.059971712999,5.864062000910053,running,20.0,50.0,0.5,0.4,0.9,1.8,100,"The game is running normally
Target tick rate: 20.0 per second.
Average time per tick: 0.5ms (Target: 50.0ms)
Percentiles: P50: 0.4ms P95: 0.9ms P99: 1.8ms, sample: 100
",
111,B,249952,2026-10-06T12:42:14.324223+00:00,2026-10-06T12:42:14.327571+00:00,14929.777597418,14929.780945224,1110.060164732,3.347805999510456,running,20.0,50.0,0.5,0.4,0.7,4.0,100,"The game is running normally
Target tick rate: 20.0 per second.
Average time per tick: 0.5ms (Target: 50.0ms)
Percentiles: P50: 0.4ms P95: 0.7ms P99: 4.0ms, sample: 100
",
111,C,249943,2026-10-06T12:42:14.324286+00:00,2026-10-06T12:42:14.328208+00:00,14929.777660503,14929.78158219,1110.060227816999,3.9216870009113336,running,20.0,50.0,0.2,0.2,0.3,0.6,100,"The game is running normally
Target tick rate: 20.0 per second.
Average time per tick: 0.2ms (Target: 50.0ms)
Percentiles: P50: 0.2ms P95: 0.3ms P99: 0.6ms, sample: 100
",
112,A,249950,2026-10-06T12:42:24.324640+00:00,2026-10-06T12:42:24.328763+00:00,14939.778010799,14939.782137424,1120.0605781129998,4.126624999116757,running,20.0,50.0,0.6,0.5,1.2,5.5,100,"The game is running normally
Target tick rate: 20.0 per second.
Average time per tick: 0.6ms (Target: 50.0ms)
Percentiles: P50: 0.5ms P95: 1.2ms P99: 5.5ms, sample: 100
",
112,B,249952,2026-10-06T12:42:24.324828+00:00,2026-10-06T12:42:24.343607+00:00,14939.778202678,14939.796977469,1120.0607699920001,18.774790998577373,running,20.0,50.0,0.6,0.5,0.9,6.0,100,"The game is running normally
Target tick rate: 20.0 per second.
Average time per tick: 0.6ms (Target: 50.0ms)
Percentiles: P50: 0.5ms P95: 0.9ms P99: 6.0ms, sample: 100
",
112,C,249943,2026-10-06T12:42:24.327047+00:00,2026-10-06T12:42:24.344624+00:00,14939.780420822,14939.797998767,1120.062988136,17.577945000084583,running,20.0,50.0,0.3,0.3,0.4,4.2,100,"The game is running normally
Target tick rate: 20.0 per second.
Average time per tick: 0.3ms (Target: 50.0ms)
Percentiles: P50: 0.3ms P95: 0.4ms P99: 4.2ms, sample: 100
",
113,A,249950,2026-10-06T12:42:34.326754+00:00,2026-10-06T12:42:34.335060+00:00,14949.78012557,14949.78843397,1130.0626928839993,8.30839999980526,running,20.0,50.0,0.5,0.5,0.8,3.1,100,"The game is running normally
Target tick rate: 20.0 per second.
Average time per tick: 0.5ms (Target: 50.0ms)
Percentiles: P50: 0.5ms P95: 0.8ms P99: 3.1ms, sample: 100
",
113,B,249952,2026-10-06T12:42:34.326867+00:00,2026-10-06T12:42:34.336409+00:00,14949.780241103,14949.789783326,1130.0628084170003,9.54222299878893,running,20.0,50.0,0.5,0.4,0.7,1.7,100,"The game is running normally
Target tick rate: 20.0 per second.
Average time per tick: 0.5ms (Target: 50.0ms)
Percentiles: P50: 0.4ms P95: 0.7ms P99: 1.7ms, sample: 100
",
113,C,249943,2026-10-06T12:42:34.326994+00:00,2026-10-06T12:42:34.331361+00:00,14949.780368434,14949.784735018,1130.0629357479993,4.366584000308649,running,20.0,50.0,0.2,0.2,0.5,0.8,100,"The game is running normally
Target tick rate: 20.0 per second.
Average time per tick: 0.2ms (Target: 50.0ms)
Percentiles: P50: 0.2ms P95: 0.5ms P99: 0.8ms, sample: 100
",
114,A,249950,2026-10-06T12:42:44.324203+00:00,2026-10-06T12:42:44.331276+00:00,14959.777574368,14959.784650309,1140.060141681999,7.07594100094866,running,20.0,50.0,0.5,0.5,0.7,3.2,100,"The game is running normally
Target tick rate: 20.0 per second.
Average time per tick: 0.5ms (Target: 50.0ms)
Percentiles: P50: 0.5ms P95: 0.7ms P99: 3.2ms, sample: 100
",
114,B,249952,2026-10-06T12:42:44.324321+00:00,2026-10-06T12:42:44.328133+00:00,14959.777695445,14959.781506095,1140.0602627589997,3.8106499996501952,running,20.0,50.0,0.5,0.4,1.0,1.3,100,"The game is running normally
Target tick rate: 20.0 per second.
Average time per tick: 0.5ms (Target: 50.0ms)
Percentiles: P50: 0.4ms P95: 1.0ms P99: 1.3ms, sample: 100
",
114,C,249943,2026-10-06T12:42:44.324420+00:00,2026-10-06T12:42:44.329098+00:00,14959.777794679,14959.782472901,1140.0603619929989,4.67822200153023,running,20.0,50.0,0.2,0.2,0.4,1.9,100,"The game is running normally
Target tick rate: 20.0 per second.
Average time per tick: 0.2ms (Target: 50.0ms)
Percentiles: P50: 0.2ms P95: 0.4ms P99: 1.9ms, sample: 100
",
115,A,249950,2026-10-06T12:42:54.326986+00:00,2026-10-06T12:42:54.342546+00:00,14969.780357659,14969.795916683,1150.062924972999,15.559024001049693,running,20.0,50.0,0.5,0.5,0.9,1.1,100,"The game is running normally
Target tick rate: 20.0 per second.
Average time per tick: 0.5ms (Target: 50.0ms)
Percentiles: P50: 0.5ms P95: 0.9ms P99: 1.1ms, sample: 100
",
115,B,249952,2026-10-06T12:42:54.328459+00:00,2026-10-06T12:42:54.335536+00:00,14969.781833013,14969.788907281,1150.064400326999,7.074267999996664,running,20.0,50.0,0.5,0.4,0.7,2.8,100,"The game is running normally
Target tick rate: 20.0 per second.
Average time per tick: 0.5ms (Target: 50.0ms)
Percentiles: P50: 0.4ms P95: 0.7ms P99: 2.8ms, sample: 100
",
115,C,249943,2026-10-06T12:42:54.328874+00:00,2026-10-06T12:42:54.346594+00:00,14969.782249008,14969.799967432,1150.0648163219994,17.718424000122468,running,20.0,50.0,0.3,0.3,0.4,1.4,100,"The game is running normally
Target tick rate: 20.0 per second.
Average time per tick: 0.3ms (Target: 50.0ms)
Percentiles: P50: 0.3ms P95: 0.4ms P99: 1.4ms, sample: 100
",
116,A,249950,2026-10-06T12:43:04.324747+00:00,2026-10-06T12:43:04.346744+00:00,14979.778118524,14979.800118957,1160.0606858379997,22.00043300035759,running,20.0,50.0,0.7,0.5,0.8,13.6,100,"The game is running normally
Target tick rate: 20.0 per second.
Average time per tick: 0.7ms (Target: 50.0ms)
Percentiles: P50: 0.5ms P95: 0.8ms P99: 13.6ms, sample: 100
",
116,B,249952,2026-10-06T12:43:04.324856+00:00,2026-10-06T12:43:04.328018+00:00,14979.778230207,14979.78139001,1160.0607975210005,3.1598030000168364,running,20.0,50.0,0.5,0.5,0.7,3.8,100,"The game is running normally
Target tick rate: 20.0 per second.
Average time per tick: 0.5ms (Target: 50.0ms)
Percentiles: P50: 0.5ms P95: 0.7ms P99: 3.8ms, sample: 100
",
116,C,249943,2026-10-06T12:43:04.325228+00:00,2026-10-06T12:43:04.345258+00:00,14979.77860227,14979.79862897,1160.0611695839998,20.026700000016717,running,20.0,50.0,0.3,0.2,0.6,8.4,100,"The game is running normally
Target tick rate: 20.0 per second.
Average time per tick: 0.3ms (Target: 50.0ms)
Percentiles: P50: 0.2ms P95: 0.6ms P99: 8.4ms, sample: 100
",
117,A,249950,2026-10-06T12:43:14.324021+00:00,2026-10-06T12:43:14.330827+00:00,14989.777391937,14989.784201528,1170.0599592509989,6.809591001001536,running,20.0,50.0,0.5,0.5,0.6,4.1,100,"The game is running normally
Target tick rate: 20.0 per second.
Average time per tick: 0.5ms (Target: 50.0ms)
Percentiles: P50: 0.5ms P95: 0.6ms P99: 4.1ms, sample: 100
",
117,B,249952,2026-10-06T12:43:14.324143+00:00,2026-10-06T12:43:14.328591+00:00,14989.777517375,14989.781963729,1170.0600846889993,4.446353999810526,running,20.0,50.0,0.5,0.4,0.9,4.6,100,"The game is running normally
Target tick rate: 20.0 per second.
Average time per tick: 0.5ms (Target: 50.0ms)
Percentiles: P50: 0.4ms P95: 0.9ms P99: 4.6ms, sample: 100
",
117,C,249943,2026-10-06T12:43:14.325099+00:00,2026-10-06T12:43:14.330365+00:00,14989.778473465,14989.78373996,1170.061040778999,5.2664949998870725,running,20.0,50.0,0.3,0.2,0.5,0.7,100,"The game is running normally
Target tick rate: 20.0 per second.
Average time per tick: 0.3ms (Target: 50.0ms)
Percentiles: P50: 0.2ms P95: 0.5ms P99: 0.7ms, sample: 100
",
118,A,249950,2026-10-06T12:43:24.324803+00:00,2026-10-06T12:43:24.332342+00:00,14999.778175766,14999.785714762,1180.0607430799992,7.538996000221232,running,20.0,50.0,0.5,0.5,0.9,2.6,100,"The game is running normally
Target tick rate: 20.0 per second.
Average time per tick: 0.5ms (Target: 50.0ms)
Percentiles: P50: 0.5ms P95: 0.9ms P99: 2.6ms, sample: 100
",
118,B,249952,2026-10-06T12:43:24.324960+00:00,2026-10-06T12:43:24.336516+00:00,14999.778329317,14999.789889718,1180.0608966309992,11.560401000679121,running,20.0,50.0,0.5,0.5,0.7,2.4,100,"The game is running normally
Target tick rate: 20.0 per second.
Average time per tick: 0.5ms (Target: 50.0ms)
Percentiles: P50: 0.5ms P95: 0.7ms P99: 2.4ms, sample: 100
",
118,C,249943,2026-10-06T12:43:24.325546+00:00,2026-10-06T12:43:24.333494+00:00,14999.778920829,14999.786865044,1180.0614881429992,7.944214999952237,running,20.0,50.0,0.3,0.2,0.6,3.2,100,"The game is running normally
Target tick rate: 20.0 per second.
Average time per tick: 0.3ms (Target: 50.0ms)
Percentiles: P50: 0.2ms P95: 0.6ms P99: 3.2ms, sample: 100
",
119,A,249950,2026-10-06T12:43:34.324636+00:00,2026-10-06T12:43:34.330470+00:00,15009.778009253,15009.783843381,1190.0605765669989,5.834128000060446,running,20.0,50.0,0.5,0.5,0.7,1.8,100,"The game is running normally
Target tick rate: 20.0 per second.
Average time per tick: 0.5ms (Target: 50.0ms)
Percentiles: P50: 0.5ms P95: 0.7ms P99: 1.8ms, sample: 100
",
119,B,249952,2026-10-06T12:43:34.325298+00:00,2026-10-06T12:43:34.335445+00:00,15009.778672569,15009.788818278,1190.0612398829999,10.145709000425995,running,20.0,50.0,0.6,0.5,1.4,10.7,100,"The game is running normally
Target tick rate: 20.0 per second.
Average time per tick: 0.6ms (Target: 50.0ms)
Percentiles: P50: 0.5ms P95: 1.4ms P99: 10.7ms, sample: 100
",
119,C,249943,2026-10-06T12:43:34.325345+00:00,2026-10-06T12:43:34.344189+00:00,15009.778719254,15009.797559834,1190.0612865679996,18.840579999960028,running,20.0,50.0,0.3,0.2,0.4,1.3,100,"The game is running normally
Target tick rate: 20.0 per second.
Average time per tick: 0.3ms (Target: 50.0ms)
Percentiles: P50: 0.2ms P95: 0.4ms P99: 1.3ms, sample: 100
",
120,A,249950,2026-10-06T12:43:44.337155+00:00,2026-10-06T12:43:44.354335+00:00,15019.790526544,15019.807705881,1200.073093858,17.179336999106454,running,20.0,50.0,0.5,0.5,0.8,4.7,100,"The game is running normally
Target tick rate: 20.0 per second.
Average time per tick: 0.5ms (Target: 50.0ms)
Percentiles: P50: 0.5ms P95: 0.8ms P99: 4.7ms, sample: 100
",
120,B,249952,2026-10-06T12:43:44.339377+00:00,2026-10-06T12:43:44.356674+00:00,15019.792749451,15019.810047245,1200.075316765,17.297794000114664,running,20.0,50.0,0.5,0.4,0.7,6.3,100,"The game is running normally
Target tick rate: 20.0 per second.
Average time per tick: 0.5ms (Target: 50.0ms)
Percentiles: P50: 0.4ms P95: 0.7ms P99: 6.3ms, sample: 100
",
120,C,249943,2026-10-06T12:43:44.339613+00:00,2026-10-06T12:43:44.345831+00:00,15019.792986867,15019.799201936,1200.0755541809995,6.215069000973017,running,20.0,50.0,0.3,0.2,0.5,3.4,100,"The game is running normally
Target tick rate: 20.0 per second.
Average time per tick: 0.3ms (Target: 50.0ms)
Percentiles: P50: 0.2ms P95: 0.5ms P99: 3.4ms, sample: 100
",
121,A,249950,2026-10-06T12:43:54.325336+00:00,2026-10-06T12:43:54.334330+00:00,15029.778706137,15029.787704643,1210.0612734509996,8.99850600035279,running,20.0,50.0,0.6,0.5,0.9,5.1,100,"The game is running normally
Target tick rate: 20.0 per second.
Average time per tick: 0.6ms (Target: 50.0ms)
Percentiles: P50: 0.5ms P95: 0.9ms P99: 5.1ms, sample: 100
",
121,B,249952,2026-10-06T12:43:54.325455+00:00,2026-10-06T12:43:54.331946+00:00,15029.778829036,15029.785316849,1210.06139635,6.4878129996941425,running,20.0,50.0,0.5,0.5,0.8,6.7,100,"The game is running normally
Target tick rate: 20.0 per second.
Average time per tick: 0.5ms (Target: 50.0ms)
Percentiles: P50: 0.5ms P95: 0.8ms P99: 6.7ms, sample: 100
",
121,C,249943,2026-10-06T12:43:54.325526+00:00,2026-10-06T12:43:54.334065+00:00,15029.778874395,15029.787438319,1210.061441709,8.563923998735845,running,20.0,50.0,0.3,0.2,0.7,3.5,100,"The game is running normally
Target tick rate: 20.0 per second.
Average time per tick: 0.3ms (Target: 50.0ms)
Percentiles: P50: 0.2ms P95: 0.7ms P99: 3.5ms, sample: 100
",
122,A,249950,2026-10-06T12:44:04.328601+00:00,2026-10-06T12:44:04.336360+00:00,15039.781971524,15039.789732022,1220.0645388379999,7.760497999697691,running,20.0,50.0,0.5,0.5,0.8,5.0,100,"The game is running normally
Target tick rate: 20.0 per second.
Average time per tick: 0.5ms (Target: 50.0ms)
Percentiles: P50: 0.5ms P95: 0.8ms P99: 5.0ms, sample: 100
",
122,B,249952,2026-10-06T12:44:04.328758+00:00,2026-10-06T12:44:04.336688+00:00,15039.782132766,15039.790062729,1220.06470008,7.929962999696727,running,20.0,50.0,0.5,0.4,0.8,5.0,100,"The game is running normally
Target tick rate: 20.0 per second.
Average time per tick: 0.5ms (Target: 50.0ms)
Percentiles: P50: 0.4ms P95: 0.8ms P99: 5.0ms, sample: 100
",
122,C,249943,2026-10-06T12:44:04.331246+00:00,2026-10-06T12:44:04.336791+00:00,15039.784619548,15039.790165733,1220.0671868619993,5.546185000639525,running,20.0,50.0,0.2,0.2,0.4,0.7,100,"The game is running normally
Target tick rate: 20.0 per second.
Average time per tick: 0.2ms (Target: 50.0ms)
Percentiles: P50: 0.2ms P95: 0.4ms P99: 0.7ms, sample: 100
",
123,A,249950,2026-10-06T12:44:14.324357+00:00,2026-10-06T12:44:14.333972+00:00,15049.777728904,15049.787346711,1230.060296218,9.617806999813183,running,20.0,50.0,0.5,0.5,0.7,1.2,100,"The game is running normally
Target tick rate: 20.0 per second.
Average time per tick: 0.5ms (Target: 50.0ms)
Percentiles: P50: 0.5ms P95: 0.7ms P99: 1.2ms, sample: 100
",
123,B,249952,2026-10-06T12:44:14.324444+00:00,2026-10-06T12:44:14.333489+00:00,15049.77781967,15049.786862273,1230.0603869839997,9.042603000125382,running,20.0,50.0,0.5,0.4,0.7,5.6,100,"The game is running normally
Target tick rate: 20.0 per second.
Average time per tick: 0.5ms (Target: 50.0ms)
Percentiles: P50: 0.4ms P95: 0.7ms P99: 5.6ms, sample: 100
",
123,C,249943,2026-10-06T12:44:14.324477+00:00,2026-10-06T12:44:14.328906+00:00,15049.777851493,15049.782279129,1230.0604188069992,4.4276360004005255,running,20.0,50.0,0.2,0.2,0.5,0.6,100,"The game is running normally
Target tick rate: 20.0 per second.
Average time per tick: 0.2ms (Target: 50.0ms)
Percentiles: P50: 0.2ms P95: 0.5ms P99: 0.6ms, sample: 100
",
124,A,249950,2026-10-06T12:44:24.324037+00:00,2026-10-06T12:44:24.330730+00:00,15059.777408528,15059.784101884,1240.0599758419994,6.693356001051143,running,20.0,50.0,0.5,0.5,0.7,1.1,100,"The game is running normally
Target tick rate: 20.0 per second.
Average time per tick: 0.5ms (Target: 50.0ms)
Percentiles: P50: 0.5ms P95: 0.7ms P99: 1.1ms, sample: 100
",
124,B,249952,2026-10-06T12:44:24.324158+00:00,2026-10-06T12:44:24.331079+00:00,15059.777532314,15059.784453222,1240.060099627999,6.9209080011205515,running,20.0,50.0,0.5,0.4,0.8,1.3,100,"The game is running normally
Target tick rate: 20.0 per second.
Average time per tick: 0.5ms (Target: 50.0ms)
Percentiles: P50: 0.4ms P95: 0.8ms P99: 1.3ms, sample: 100
",
124,C,249943,2026-10-06T12:44:24.324218+00:00,2026-10-06T12:44:24.334819+00:00,15059.777592744,15059.788191633,1240.0601600579994,10.598889000903,running,20.0,50.0,0.3,0.2,0.6,1.5,100,"The game is running normally
Target tick rate: 20.0 per second.
Average time per tick: 0.3ms (Target: 50.0ms)
Percentiles: P50: 0.2ms P95: 0.6ms P99: 1.5ms, sample: 100
",
125,A,249950,2026-10-06T12:44:34.325232+00:00,2026-10-06T12:44:34.330223+00:00,15069.77860354,15069.783595553,1250.061170854,4.992013000446605,running,20.0,50.0,0.5,0.5,0.8,1.1,100,"The game is running normally
Target tick rate: 20.0 per second.
Average time per tick: 0.5ms (Target: 50.0ms)
Percentiles: P50: 0.5ms P95: 0.8ms P99: 1.1ms, sample: 100
",
125,B,249952,2026-10-06T12:44:34.326670+00:00,2026-10-06T12:44:34.333297+00:00,15069.780043461,15069.786670593,1250.0626107749995,6.627131999266567,running,20.0,50.0,0.5,0.4,0.6,1.4,100,"The game is running normally
Target tick rate: 20.0 per second.
Average time per tick: 0.5ms (Target: 50.0ms)
Percentiles: P50: 0.4ms P95: 0.6ms P99: 1.4ms, sample: 100
",
125,C,249943,2026-10-06T12:44:34.327140+00:00,2026-10-06T12:44:34.338918+00:00,15069.780514128,15069.79229064,1250.063081442,11.776511999414652,running,20.0,50.0,0.3,0.2,0.5,1.6,100,"The game is running normally
Target tick rate: 20.0 per second.
Average time per tick: 0.3ms (Target: 50.0ms)
Percentiles: P50: 0.2ms P95: 0.5ms P99: 1.6ms, sample: 100
",
126,A,249950,2026-10-06T12:44:44.326817+00:00,2026-10-06T12:44:44.333488+00:00,15079.780188548,15079.786863096,1260.062755862,6.674547999864444,running,20.0,50.0,0.5,0.5,0.7,1.5,100,"The game is running normally
Target tick rate: 20.0 per second.
Average time per tick: 0.5ms (Target: 50.0ms)
Percentiles: P50: 0.5ms P95: 0.7ms P99: 1.5ms, sample: 100
",
126,B,249952,2026-10-06T12:44:44.328313+00:00,2026-10-06T12:44:44.332995+00:00,15079.781686891,15079.78636938,1260.064254204999,4.682489001424983,running,20.0,50.0,0.4,0.4,0.8,1.6,100,"The game is running normally
Target tick rate: 20.0 per second.
Average time per tick: 0.4ms (Target: 50.0ms)
Percentiles: P50: 0.4ms P95: 0.8ms P99: 1.6ms, sample: 100
",
126,C,249943,2026-10-06T12:44:44.328360+00:00,2026-10-06T12:44:44.332228+00:00,15079.781733306,15079.785602744,1260.064300619999,3.869438000037917,running,20.0,50.0,0.2,0.2,0.3,0.6,100,"The game is running normally
Target tick rate: 20.0 per second.
Average time per tick: 0.2ms (Target: 50.0ms)
Percentiles: P50: 0.2ms P95: 0.3ms P99: 0.6ms, sample: 100
",
127,A,249950,2026-10-06T12:44:54.324881+00:00,2026-10-06T12:44:54.327552+00:00,15089.778253188,15089.780926151,1270.0608205019998,2.672962998985895,running,20.0,50.0,0.4,0.4,0.6,0.8,100,"The game is running normally
Target tick rate: 20.0 per second.
Average time per tick: 0.4ms (Target: 50.0ms)
Percentiles: P50: 0.4ms P95: 0.6ms P99: 0.8ms, sample: 100
",
127,B,249952,2026-10-06T12:44:54.325234+00:00,2026-10-06T12:44:54.327985+00:00,15089.778608326,15089.781359556,1270.0611756399994,2.7512300002854317,running,20.0,50.0,0.4,0.3,0.6,0.9,100,"The game is running normally
Target tick rate: 20.0 per second.
Average time per tick: 0.4ms (Target: 50.0ms)
Percentiles: P50: 0.3ms P95: 0.6ms P99: 0.9ms, sample: 100
",
127,C,249943,2026-10-06T12:44:54.325305+00:00,2026-10-06T12:44:54.327807+00:00,15089.778679909,15089.781181394,1270.0612472230005,2.5014849998115096,running,20.0,50.0,0.2,0.2,0.4,0.6,100,"The game is running normally
Target tick rate: 20.0 per second.
Average time per tick: 0.2ms (Target: 50.0ms)
Percentiles: P50: 0.2ms P95: 0.4ms P99: 0.6ms, sample: 100
",
128,A,249950,2026-10-06T12:45:04.329218+00:00,2026-10-06T12:45:04.337681+00:00,15099.782588293,15099.791055573,1280.0651556069988,8.467280000331812,running,20.0,50.0,0.4,0.4,0.6,1.1,100,"The game is running normally
Target tick rate: 20.0 per second.
Average time per tick: 0.4ms (Target: 50.0ms)
Percentiles: P50: 0.4ms P95: 0.6ms P99: 1.1ms, sample: 100
",
128,B,249952,2026-10-06T12:45:04.330161+00:00,2026-10-06T12:45:04.337248+00:00,15099.783534384,15099.790621832,1280.0661016979993,7.087448000675067,running,20.0,50.0,0.4,0.3,0.5,0.7,100,"The game is running normally
Target tick rate: 20.0 per second.
Average time per tick: 0.4ms (Target: 50.0ms)
Percentiles: P50: 0.3ms P95: 0.5ms P99: 0.7ms, sample: 100
",
128,C,249943,2026-10-06T12:45:04.330254+00:00,2026-10-06T12:45:04.334118+00:00,15099.783628765,15099.787491654,1280.0661960790003,3.862888999719871,running,20.0,50.0,0.2,0.2,0.3,0.5,100,"The game is running normally
Target tick rate: 20.0 per second.
Average time per tick: 0.2ms (Target: 50.0ms)
Percentiles: P50: 0.2ms P95: 0.3ms P99: 0.5ms, sample: 100
",
129,A,249950,2026-10-06T12:45:14.330878+00:00,2026-10-06T12:45:14.335036+00:00,15109.784248182,15109.788409258,1290.0668154960003,4.161075999945751,running,20.0,50.0,0.5,0.4,0.8,1.7,100,"The game is running normally
Target tick rate: 20.0 per second.
Average time per tick: 0.5ms (Target: 50.0ms)
Percentiles: P50: 0.4ms P95: 0.8ms P99: 1.7ms, sample: 100
",
129,B,249952,2026-10-06T12:45:14.331485+00:00,2026-10-06T12:45:14.337569+00:00,15109.784859119,15109.790943221,1290.0674264329991,6.084102000386338,running,20.0,50.0,0.4,0.4,0.7,0.7,100,"The game is running normally
Target tick rate: 20.0 per second.
Average time per tick: 0.4ms (Target: 50.0ms)
Percentiles: P50: 0.4ms P95: 0.7ms P99: 0.7ms, sample: 100
",
129,C,249943,2026-10-06T12:45:14.332760+00:00,2026-10-06T12:45:14.335563+00:00,15109.786133763,15109.788938052,1290.0687010769998,2.804288998959237,running,20.0,50.0,0.2,0.2,0.3,0.6,100,"The game is running normally
Target tick rate: 20.0 per second.
Average time per tick: 0.2ms (Target: 50.0ms)
Percentiles: P50: 0.2ms P95: 0.3ms P99: 0.6ms, sample: 100
",
130,A,249950,2026-10-06T12:45:24.324544+00:00,2026-10-06T12:45:24.331472+00:00,15119.77790529,15119.784845488,1300.060472604,6.940197999938391,running,20.0,50.0,0.4,0.4,0.5,0.7,100,"The game is running normally
Target tick rate: 20.0 per second.
Average time per tick: 0.4ms (Target: 50.0ms)
Percentiles: P50: 0.4ms P95: 0.5ms P99: 0.7ms, sample: 100
",
130,B,249952,2026-10-06T12:45:24.324781+00:00,2026-10-06T12:45:24.332201+00:00,15119.778156197,15119.785575964,1300.060723511,7.419767000101274,running,20.0,50.0,0.4,0.4,0.6,1.2,100,"The game is running normally
Target tick rate: 20.0 per second.
Average time per tick: 0.4ms (Target: 50.0ms)
Percentiles: P50: 0.4ms P95: 0.6ms P99: 1.2ms, sample: 100
",
130,C,249943,2026-10-06T12:45:24.324824+00:00,2026-10-06T12:45:24.334677+00:00,15119.77819839,15119.78805184,1300.060765704,9.85344999935478,running,20.0,50.0,0.2,0.2,0.3,0.4,100,"The game is running normally
Target tick rate: 20.0 per second.
Average time per tick: 0.2ms (Target: 50.0ms)
Percentiles: P50: 0.2ms P95: 0.3ms P99: 0.4ms, sample: 100
",
131,A,249950,2026-10-06T12:45:34.324041+00:00,2026-10-06T12:45:34.326908+00:00,15129.777413045,15129.780281941,1310.0599803589994,2.8688960010185838,running,20.0,50.0,0.4,0.4,0.6,2.1,100,"The game is running normally
Target tick rate: 20.0 per second.
Average time per tick: 0.4ms (Target: 50.0ms)
Percentiles: P50: 0.4ms P95: 0.6ms P99: 2.1ms, sample: 100
",
131,B,249952,2026-10-06T12:45:34.324425+00:00,2026-10-06T12:45:34.328620+00:00,15129.777799084,15129.781994622,1310.060366398,4.195538000203669,running,20.0,50.0,0.5,0.4,0.8,2.8,100,"The game is running normally
Target tick rate: 20.0 per second.
Average time per tick: 0.5ms (Target: 50.0ms)
Percentiles: P50: 0.4ms P95: 0.8ms P99: 2.8ms, sample: 100
",
131,C,249943,2026-10-06T12:45:34.324595+00:00,2026-10-06T12:45:34.328145+00:00,15129.777969961,15129.781519849,1310.0605372749997,3.5498880006343825,running,20.0,50.0,0.2,0.2,0.3,0.4,100,"The game is running normally
Target tick rate: 20.0 per second.
Average time per tick: 0.2ms (Target: 50.0ms)
Percentiles: P50: 0.2ms P95: 0.3ms P99: 0.4ms, sample: 100
",
132,A,249950,2026-10-06T12:45:44.324227+00:00,2026-10-06T12:45:44.329324+00:00,15139.777598599,15139.782697183,1320.0601659129989,5.098584000734263,running,20.0,50.0,0.5,0.5,1.1,2.4,100,"The game is running normally
Target tick rate: 20.0 per second.
Average time per tick: 0.5ms (Target: 50.0ms)
Percentiles: P50: 0.5ms P95: 1.1ms P99: 2.4ms, sample: 100
",
132,B,249952,2026-10-06T12:45:44.324612+00:00,2026-10-06T12:45:44.326734+00:00,15139.777986632,15139.780107876,1320.0605539459993,2.121244000591105,running,20.0,50.0,0.4,0.4,0.6,1.1,100,"The game is running normally
Target tick rate: 20.0 per second.
Average time per tick: 0.4ms (Target: 50.0ms)
Percentiles: P50: 0.4ms P95: 0.6ms P99: 1.1ms, sample: 100
",
132,C,249943,2026-10-06T12:45:44.324738+00:00,2026-10-06T12:45:44.329681+00:00,15139.778112751,15139.783055621,1320.0606800650003,4.942869998558308,running,20.0,50.0,0.2,0.2,0.3,0.5,100,"The game is running normally
Target tick rate: 20.0 per second.
Average time per tick: 0.2ms (Target: 50.0ms)
Percentiles: P50: 0.2ms P95: 0.3ms P99: 0.5ms, sample: 100
",
133,A,249950,2026-10-06T12:45:54.325984+00:00,2026-10-06T12:45:54.329356+00:00,15149.779355295,15149.782730561,1330.0619226090002,3.375266000148258,running,20.0,50.0,0.5,0.4,0.6,4.7,100,"The game is running normally
Target tick rate: 20.0 per second.
Average time per tick: 0.5ms (Target: 50.0ms)
Percentiles: P50: 0.4ms P95: 0.6ms P99: 4.7ms, sample: 100
",
133,B,249952,2026-10-06T12:45:54.326528+00:00,2026-10-06T12:45:54.328118+00:00,15149.779902486,15149.781492783,1330.0624697999992,1.5902970008028205,running,20.0,50.0,0.4,0.3,0.5,0.7,100,"The game is running normally
Target tick rate: 20.0 per second.
Average time per tick: 0.4ms (Target: 50.0ms)
Percentiles: P50: 0.3ms P95: 0.5ms P99: 0.7ms, sample: 100
",
133,C,249943,2026-10-06T12:45:54.327547+00:00,2026-10-06T12:45:54.330395+00:00,15149.780921476,15149.783770082,1330.0634887899996,2.848606000043219,running,20.0,50.0,0.2,0.2,0.3,0.4,100,"The game is running normally
Target tick rate: 20.0 per second.
Average time per tick: 0.2ms (Target: 50.0ms)
Percentiles: P50: 0.2ms P95: 0.3ms P99: 0.4ms, sample: 100
",
134,A,249950,2026-10-06T12:46:04.334826+00:00,2026-10-06T12:46:04.339343+00:00,15159.788196665,15159.792717331,1340.0707639789998,4.520665999734774,running,20.0,50.0,0.4,0.4,0.6,0.9,100,"The game is running normally
Target tick rate: 20.0 per second.
Average time per tick: 0.4ms (Target: 50.0ms)
Percentiles: P50: 0.4ms P95: 0.6ms P99: 0.9ms, sample: 100
",
134,B,249952,2026-10-06T12:46:04.336041+00:00,2026-10-06T12:46:04.337394+00:00,15159.789415304,15159.790768225,1340.0719826179993,1.352921000943752,running,20.0,50.0,0.4,0.4,0.5,0.7,100,"The game is running normally
Target tick rate: 20.0 per second.
Average time per tick: 0.4ms (Target: 50.0ms)
Percentiles: P50: 0.4ms P95: 0.5ms P99: 0.7ms, sample: 100
",
134,C,249943,2026-10-06T12:46:04.336268+00:00,2026-10-06T12:46:04.340281+00:00,15159.789642826,15159.79365618,1340.0722101399988,4.0133540005626855,running,20.0,50.0,0.2,0.2,0.3,1.7,100,"The game is running normally
Target tick rate: 20.0 per second.
Average time per tick: 0.2ms (Target: 50.0ms)
Percentiles: P50: 0.2ms P95: 0.3ms P99: 1.7ms, sample: 100
",
135,A,249950,2026-10-06T12:46:14.324065+00:00,2026-10-06T12:46:14.334698+00:00,15169.777436943,15169.788071595,1350.0600042570004,10.634651998771005,running,20.0,50.0,0.6,0.5,1.4,3.5,100,"The game is running normally
Target tick rate: 20.0 per second.
Average time per tick: 0.6ms (Target: 50.0ms)
Percentiles: P50: 0.5ms P95: 1.4ms P99: 3.5ms, sample: 100
",
135,B,249952,2026-10-06T12:46:14.324672+00:00,2026-10-06T12:46:14.328600+00:00,15169.778045777,15169.781974614,1350.060613091,3.9288369989662897,running,20.0,50.0,0.5,0.4,0.7,8.1,100,"The game is running normally
Target tick rate: 20.0 per second.
Average time per tick: 0.5ms (Target: 50.0ms)
Percentiles: P50: 0.4ms P95: 0.7ms P99: 8.1ms, sample: 100
",
135,C,249943,2026-10-06T12:46:14.326481+00:00,2026-10-06T12:46:14.332277+00:00,15169.779855653,15169.785651072,1350.0624229669993,5.795418999696267,running,20.0,50.0,0.2,0.2,0.4,0.6,100,"The game is running normally
Target tick rate: 20.0 per second.
Average time per tick: 0.2ms (Target: 50.0ms)
Percentiles: P50: 0.2ms P95: 0.4ms P99: 0.6ms, sample: 100
",
136,A,249950,2026-10-06T12:46:24.326046+00:00,2026-10-06T12:46:24.329381+00:00,15179.779416902,15179.782755363,1360.0619842159995,3.3384609996574,running,20.0,50.0,0.5,0.5,0.6,0.7,100,"The game is running normally
Target tick rate: 20.0 per second.
Average time per tick: 0.5ms (Target: 50.0ms)
Percentiles: P50: 0.5ms P95: 0.6ms P99: 0.7ms, sample: 100
",
136,B,249952,2026-10-06T12:46:24.326551+00:00,2026-10-06T12:46:24.331902+00:00,15179.779925655,15179.785276237,1360.0624929690002,5.350581999664428,running,20.0,50.0,0.4,0.4,0.7,1.0,100,"The game is running normally
Target tick rate: 20.0 per second.
Average time per tick: 0.4ms (Target: 50.0ms)
Percentiles: P50: 0.4ms P95: 0.7ms P99: 1.0ms, sample: 100
",
136,C,249943,2026-10-06T12:46:24.326754+00:00,2026-10-06T12:46:24.332861+00:00,15179.780129141,15179.786235196,1360.0626964549992,6.1060549996909685,running,20.0,50.0,0.2,0.2,0.4,0.6,100,"The game is running normally
Target tick rate: 20.0 per second.
Average time per tick: 0.2ms (Target: 50.0ms)
Percentiles: P50: 0.2ms P95: 0.4ms P99: 0.6ms, sample: 100
",
137,A,249950,2026-10-06T12:46:34.329381+00:00,2026-10-06T12:46:34.334561+00:00,15189.782752436,15189.787935396,1370.0653197499996,5.182959999729064,running,20.0,50.0,0.5,0.5,1.0,1.6,100,"The game is running normally
Target tick rate: 20.0 per second.
Average time per tick: 0.5ms (Target: 50.0ms)
Percentiles: P50: 0.5ms P95: 1.0ms P99: 1.6ms, sample: 100
",
137,B,249952,2026-10-06T12:46:34.329996+00:00,2026-10-06T12:46:34.331083+00:00,15189.783370785,15189.784457716,1370.065938099,1.086930999008473,running,20.0,50.0,0.4,0.4,0.8,1.0,100,"The game is running normally
Target tick rate: 20.0 per second.
Average time per tick: 0.4ms (Target: 50.0ms)
Percentiles: P50: 0.4ms P95: 0.8ms P99: 1.0ms, sample: 100
",
137,C,249943,2026-10-06T12:46:34.330353+00:00,2026-10-06T12:46:34.332078+00:00,15189.78372775,15189.78545317,1370.0662950639999,1.7254199992748909,running,20.0,50.0,0.2,0.2,0.4,0.5,100,"The game is running normally
Target tick rate: 20.0 per second.
Average time per tick: 0.2ms (Target: 50.0ms)
Percentiles: P50: 0.2ms P95: 0.4ms P99: 0.5ms, sample: 100
",
138,A,249950,2026-10-06T12:46:44.325767+00:00,2026-10-06T12:46:44.330500+00:00,15199.779137779,15199.783873767,1380.0617050929995,4.73598800090258,running,20.0,50.0,0.5,0.4,0.7,1.4,100,"The game is running normally
Target tick rate: 20.0 per second.
Average time per tick: 0.5ms (Target: 50.0ms)
Percentiles: P50: 0.4ms P95: 0.7ms P99: 1.4ms, sample: 100
",
138,B,249952,2026-10-06T12:46:44.326225+00:00,2026-10-06T12:46:44.332377+00:00,15199.779599442,15199.785751115,1380.062166755999,6.151673000204028,running,20.0,50.0,0.4,0.4,0.7,1.2,100,"The game is running normally
Target tick rate: 20.0 per second.
Average time per tick: 0.4ms (Target: 50.0ms)
Percentiles: P50: 0.4ms P95: 0.7ms P99: 1.2ms, sample: 100
",
138,C,249943,2026-10-06T12:46:44.326410+00:00,2026-10-06T12:46:44.334004+00:00,15199.779784289,15199.787378839,1380.0623516029991,7.594550001158495,running,20.0,50.0,0.2,0.2,0.4,1.5,100,"The game is running normally
Target tick rate: 20.0 per second.
Average time per tick: 0.2ms (Target: 50.0ms)
Percentiles: P50: 0.2ms P95: 0.4ms P99: 1.5ms, sample: 100
",
139,A,249950,2026-10-06T12:46:54.324746+00:00,2026-10-06T12:46:54.333090+00:00,15209.77811655,15209.78646432,1390.0606838639997,8.347769999090815,running,20.0,50.0,0.4,0.4,0.7,0.9,100,"The game is running normally
Target tick rate: 20.0 per second.
Average time per tick: 0.4ms (Target: 50.0ms)
Percentiles: P50: 0.4ms P95: 0.7ms P99: 0.9ms, sample: 100
",
139,B,249952,2026-10-06T12:46:54.326515+00:00,2026-10-06T12:46:54.335067+00:00,15209.779889802,15209.788441257,1390.0624571159988,8.551455000997521,running,20.0,50.0,0.4,0.3,0.5,0.7,100,"The game is running normally
Target tick rate: 20.0 per second.
Average time per tick: 0.4ms (Target: 50.0ms)
Percentiles: P50: 0.3ms P95: 0.5ms P99: 0.7ms, sample: 100
",
139,C,249943,2026-10-06T12:46:54.326782+00:00,2026-10-06T12:46:54.331304+00:00,15209.780156392,15209.784676576,1390.0627237059998,4.520184000284644,running,20.0,50.0,0.2,0.2,0.3,0.5,100,"The game is running normally
Target tick rate: 20.0 per second.
Average time per tick: 0.2ms (Target: 50.0ms)
Percentiles: P50: 0.2ms P95: 0.3ms P99: 0.5ms, sample: 100
",
140,A,249950,2026-10-06T12:47:04.324017+00:00,2026-10-06T12:47:04.325216+00:00,15219.777388728,15219.778590723,1400.0599560419996,1.2019950008834712,running,20.0,50.0,0.5,0.4,0.7,1.0,100,"The game is running normally
Target tick rate: 20.0 per second.
Average time per tick: 0.5ms (Target: 50.0ms)
Percentiles: P50: 0.4ms P95: 0.7ms P99: 1.0ms, sample: 100
",
140,B,249952,2026-10-06T12:47:04.324455+00:00,2026-10-06T12:47:04.326946+00:00,15219.777830181,15219.780320289,1400.060397494999,2.4901080014387844,running,20.0,50.0,0.4,0.4,0.5,1.6,100,"The game is running normally
Target tick rate: 20.0 per second.
Average time per tick: 0.4ms (Target: 50.0ms)
Percentiles: P50: 0.4ms P95: 0.5ms P99: 1.6ms, sample: 100
",
140,C,249943,2026-10-06T12:47:04.324489+00:00,2026-10-06T12:47:04.328977+00:00,15219.777864002,15219.782351918,1400.0604313160002,4.487915999561665,running,20.0,50.0,0.3,0.2,0.6,1.4,100,"The game is running normally
Target tick rate: 20.0 per second.
Average time per tick: 0.3ms (Target: 50.0ms)
Percentiles: P50: 0.2ms P95: 0.6ms P99: 1.4ms, sample: 100
",
141,A,249950,2026-10-06T12:47:14.326674+00:00,2026-10-06T12:47:14.332802+00:00,15229.780046022,15229.786176684,1410.0626133360001,6.130661999122822,running,20.0,50.0,0.5,0.5,0.7,0.9,100,"The game is running normally
Target tick rate: 20.0 per second.
Average time per tick: 0.5ms (Target: 50.0ms)
Percentiles: P50: 0.5ms P95: 0.7ms P99: 0.9ms, sample: 100
",
141,B,249952,2026-10-06T12:47:14.326810+00:00,2026-10-06T12:47:14.332544+00:00,15229.780184089,15229.785918907,1410.0627514030002,5.734817999837105,running,20.0,50.0,0.4,0.4,0.6,0.9,100,"The game is running normally
Target tick rate: 20.0 per second.
Average time per tick: 0.4ms (Target: 50.0ms)
Percentiles: P50: 0.4ms P95: 0.6ms P99: 0.9ms, sample: 100
",
141,C,249943,2026-10-06T12:47:14.327542+00:00,2026-10-06T12:47:14.331863+00:00,15229.780916498,15229.785237264,1410.0634838120004,4.32076600009168,running,20.0,50.0,0.2,0.2,0.3,0.5,100,"The game is running normally
Target tick rate: 20.0 per second.
Average time per tick: 0.2ms (Target: 50.0ms)
Percentiles: P50: 0.2ms P95: 0.3ms P99: 0.5ms, sample: 100
",
142,A,249950,2026-10-06T12:47:24.327721+00:00,2026-10-06T12:47:24.335033+00:00,15239.781091864,15239.788407775,1420.0636591780003,7.315910999750486,running,20.0,50.0,0.5,0.5,0.7,1.4,100,"The game is running normally
Target tick rate: 20.0 per second.
Average time per tick: 0.5ms (Target: 50.0ms)
Percentiles: P50: 0.5ms P95: 0.7ms P99: 1.4ms, sample: 100
",
142,B,249952,2026-10-06T12:47:24.328130+00:00,2026-10-06T12:47:24.331769+00:00,15239.781504703,15239.785142454,1420.0640720169995,3.6377510004967917,running,20.0,50.0,0.4,0.4,0.6,0.8,100,"The game is running normally
Target tick rate: 20.0 per second.
Average time per tick: 0.4ms (Target: 50.0ms)
Percentiles: P50: 0.4ms P95: 0.6ms P99: 0.8ms, sample: 100
",
142,C,249943,2026-10-06T12:47:24.328228+00:00,2026-10-06T12:47:24.334720+00:00,15239.781602535,15239.788093698,1420.0641698489999,6.491162999736844,running,20.0,50.0,0.2,0.2,0.3,0.5,100,"The game is running normally
Target tick rate: 20.0 per second.
Average time per tick: 0.2ms (Target: 50.0ms)
Percentiles: P50: 0.2ms P95: 0.3ms P99: 0.5ms, sample: 100
",
143,A,249950,2026-10-06T12:47:34.324037+00:00,2026-10-06T12:47:34.335337+00:00,15249.777408193,15249.78871143,1430.0599755069998,11.30323699908331,running,20.0,50.0,0.5,0.5,0.6,1.6,100,"The game is running normally
Target tick rate: 20.0 per second.
Average time per tick: 0.5ms (Target: 50.0ms)
Percentiles: P50: 0.5ms P95: 0.6ms P99: 1.6ms, sample: 100
",
143,B,249952,2026-10-06T12:47:34.324149+00:00,2026-10-06T12:47:34.332501+00:00,15249.777523031,15249.785874577,1430.0600903449995,8.351546000994858,running,20.0,50.0,0.4,0.4,0.8,2.1,100,"The game is running normally
Target tick rate: 20.0 per second.
Average time per tick: 0.4ms (Target: 50.0ms)
Percentiles: P50: 0.4ms P95: 0.8ms P99: 2.1ms, sample: 100
",
143,C,249943,2026-10-06T12:47:34.324236+00:00,2026-10-06T12:47:34.327856+00:00,15249.777611428,15249.781229689,1430.060178742,3.6182610001560533,running,20.0,50.0,0.2,0.2,0.3,0.6,100,"The game is running normally
Target tick rate: 20.0 per second.
Average time per tick: 0.2ms (Target: 50.0ms)
Percentiles: P50: 0.2ms P95: 0.3ms P99: 0.6ms, sample: 100
",
144,A,249950,2026-10-06T12:47:44.327743+00:00,2026-10-06T12:47:44.333801+00:00,15259.781114583,15259.787175472,1440.0636818969997,6.060888999854797,running,20.0,50.0,0.5,0.5,0.7,1.8,100,"The game is running normally
Target tick rate: 20.0 per second.
Average time per tick: 0.5ms (Target: 50.0ms)
Percentiles: P50: 0.5ms P95: 0.7ms P99: 1.8ms, sample: 100
",
144,B,249952,2026-10-06T12:47:44.328988+00:00,2026-10-06T12:47:44.331255+00:00,15259.782362021,15259.784629695,1440.0649293349998,2.267673999085673,running,20.0,50.0,0.4,0.4,0.7,1.4,100,"The game is running normally
Target tick rate: 20.0 per second.
Average time per tick: 0.4ms (Target: 50.0ms)
Percentiles: P50: 0.4ms P95: 0.7ms P99: 1.4ms, sample: 100
",
144,C,249943,2026-10-06T12:47:44.329087+00:00,2026-10-06T12:47:44.332505+00:00,15259.78246145,15259.785879321,1440.065028764,3.417870999328443,running,20.0,50.0,0.3,0.2,0.4,0.8,100,"The game is running normally
Target tick rate: 20.0 per second.
Average time per tick: 0.3ms (Target: 50.0ms)
Percentiles: P50: 0.2ms P95: 0.4ms P99: 0.8ms, sample: 100
",
145,A,249950,2026-10-06T12:47:54.326265+00:00,2026-10-06T12:47:54.327697+00:00,15269.779636964,15269.781071698,1450.0622042779996,1.4347340002132114,running,20.0,50.0,0.5,0.5,0.8,1.0,100,"The game is running normally
Target tick rate: 20.0 per second.
Average time per tick: 0.5ms (Target: 50.0ms)
Percentiles: P50: 0.5ms P95: 0.8ms P99: 1.0ms, sample: 100
",
145,B,249952,2026-10-06T12:47:54.326685+00:00,2026-10-06T12:47:54.330381+00:00,15269.780059548,15269.783755516,1450.062626862,3.695968000101857,running,20.0,50.0,0.4,0.4,0.6,1.0,100,"The game is running normally
Target tick rate: 20.0 per second.
Average time per tick: 0.4ms (Target: 50.0ms)
Percentiles: P50: 0.4ms P95: 0.6ms P99: 1.0ms, sample: 100
",
145,C,249943,2026-10-06T12:47:54.326735+00:00,2026-10-06T12:47:54.334469+00:00,15269.780109388,15269.787841805,1450.0626767020003,7.732416999715497,running,20.0,50.0,0.3,0.2,0.3,1.8,100,"The game is running normally
Target tick rate: 20.0 per second.
Average time per tick: 0.3ms (Target: 50.0ms)
Percentiles: P50: 0.2ms P95: 0.3ms P99: 1.8ms, sample: 100
",
146,A,249950,2026-10-06T12:48:04.324051+00:00,2026-10-06T12:48:04.328878+00:00,15279.777423204,15279.782251031,1460.0599905179988,4.8278270005539525,running,20.0,50.0,0.5,0.5,0.7,0.9,100,"The game is running normally
Target tick rate: 20.0 per second.
Average time per tick: 0.5ms (Target: 50.0ms)
Percentiles: P50: 0.5ms P95: 0.7ms P99: 0.9ms, sample: 100
",
146,B,249952,2026-10-06T12:48:04.324696+00:00,2026-10-06T12:48:04.331735+00:00,15279.778070375,15279.785109702,1460.0606376889991,7.039326999802142,running,20.0,50.0,0.4,0.4,0.7,0.8,100,"The game is running normally
Target tick rate: 20.0 per second.
Average time per tick: 0.4ms (Target: 50.0ms)
Percentiles: P50: 0.4ms P95: 0.7ms P99: 0.8ms, sample: 100
",
146,C,249943,2026-10-06T12:48:04.324741+00:00,2026-10-06T12:48:04.330716+00:00,15279.778115844,15279.784089781,1460.060683157999,5.973937000817386,running,20.0,50.0,0.2,0.2,0.4,0.5,100,"The game is running normally
Target tick rate: 20.0 per second.
Average time per tick: 0.2ms (Target: 50.0ms)
Percentiles: P50: 0.2ms P95: 0.4ms P99: 0.5ms, sample: 100
",
147,A,249950,2026-10-06T12:48:14.324529+00:00,2026-10-06T12:48:14.327834+00:00,15289.777901248,15289.781207731,1470.060468562,3.306483000415028,running,20.0,50.0,0.5,0.5,0.8,1.1,100,"The game is running normally
Target tick rate: 20.0 per second.
Average time per tick: 0.5ms (Target: 50.0ms)
Percentiles: P50: 0.5ms P95: 0.8ms P99: 1.1ms, sample: 100
",
147,B,249952,2026-10-06T12:48:14.324658+00:00,2026-10-06T12:48:14.331611+00:00,15289.778032676,15289.78498442,1470.06059999,6.95174399879761,running,20.0,50.0,0.5,0.4,0.7,1.3,100,"The game is running normally
Target tick rate: 20.0 per second.
Average time per tick: 0.5ms (Target: 50.0ms)
Percentiles: P50: 0.4ms P95: 0.7ms P99: 1.3ms, sample: 100
",
147,C,249943,2026-10-06T12:48:14.324737+00:00,2026-10-06T12:48:14.334961+00:00,15289.778111439,15289.788333471,1470.0606787529996,10.222032000456238,running,20.0,50.0,0.3,0.2,0.5,0.9,100,"The game is running normally
Target tick rate: 20.0 per second.
Average time per tick: 0.3ms (Target: 50.0ms)
Percentiles: P50: 0.2ms P95: 0.5ms P99: 0.9ms, sample: 100
",
148,A,249950,2026-10-06T12:48:24.324011+00:00,2026-10-06T12:48:24.329459+00:00,15299.777383692,15299.782834163,1480.0599510060001,5.450470998766832,running,20.0,50.0,0.5,0.5,0.7,1.4,100,"The game is running normally
Target tick rate: 20.0 per second.
Average time per tick: 0.5ms (Target: 50.0ms)
Percentiles: P50: 0.5ms P95: 0.7ms P99: 1.4ms, sample: 100
",
148,B,249952,2026-10-06T12:48:24.325011+00:00,2026-10-06T12:48:24.327019+00:00,15299.778385045,15299.78039375,1480.0609523589992,2.0087049997528084,running,20.0,50.0,0.4,0.4,0.6,0.8,100,"The game is running normally
Target tick rate: 20.0 per second.
Average time per tick: 0.4ms (Target: 50.0ms)
Percentiles: P50: 0.4ms P95: 0.6ms P99: 0.8ms, sample: 100
",
148,C,249943,2026-10-06T12:48:24.325057+00:00,2026-10-06T12:48:24.328416+00:00,15299.778431625,15299.781790291,1480.0609989389995,3.358665999257937,running,20.0,50.0,0.2,0.2,0.3,2.2,100,"The game is running normally
Target tick rate: 20.0 per second.
Average time per tick: 0.2ms (Target: 50.0ms)
Percentiles: P50: 0.2ms P95: 0.3ms P99: 2.2ms, sample: 100
",
149,A,249950,2026-10-06T12:48:34.324048+00:00,2026-10-06T12:48:34.331361+00:00,15309.777418867,15309.784735389,1490.0599861809987,7.316522000110126,running,20.0,50.0,0.4,0.4,0.6,1.1,100,"The game is running normally
Target tick rate: 20.0 per second.
Average time per tick: 0.4ms (Target: 50.0ms)
Percentiles: P50: 0.4ms P95: 0.6ms P99: 1.1ms, sample: 100
",
149,B,249952,2026-10-06T12:48:34.325973+00:00,2026-10-06T12:48:34.328401+00:00,15309.779344942,15309.781774819,1490.0619122560001,2.429876998576219,running,20.0,50.0,0.4,0.3,0.5,1.0,100,"The game is running normally
Target tick rate: 20.0 per second.
Average time per tick: 0.4ms (Target: 50.0ms)
Percentiles: P50: 0.3ms P95: 0.5ms P99: 1.0ms, sample: 100
",
149,C,249943,2026-10-06T12:48:34.326119+00:00,2026-10-06T12:48:34.331738+00:00,15309.779493866,15309.78511264,1490.0620611800005,5.618773999231053,running,20.0,50.0,0.2,0.2,0.4,1.5,100,"The game is running normally
Target tick rate: 20.0 per second.
Average time per tick: 0.2ms (Target: 50.0ms)
Percentiles: P50: 0.2ms P95: 0.4ms P99: 1.5ms, sample: 100
",
150,A,249950,2026-10-06T12:48:44.325136+00:00,2026-10-06T12:48:44.330367+00:00,15319.778506409,15319.783738843,1500.061073723,5.232433999481145,running,20.0,50.0,0.6,0.5,0.7,9.7,100,"The game is running normally
Target tick rate: 20.0 per second.
Average time per tick: 0.6ms (Target: 50.0ms)
Percentiles: P50: 0.5ms P95: 0.7ms P99: 9.7ms, sample: 100
",
150,B,249952,2026-10-06T12:48:44.325992+00:00,2026-10-06T12:48:44.332066+00:00,15319.779360987,15319.78543886,1500.061928301,6.077873000322143,running,20.0,50.0,0.5,0.4,0.8,9.6,100,"The game is running normally
Target tick rate: 20.0 per second.
Average time per tick: 0.5ms (Target: 50.0ms)
Percentiles: P50: 0.4ms P95: 0.8ms P99: 9.6ms, sample: 100
",
150,C,249943,2026-10-06T12:48:44.326934+00:00,2026-10-06T12:48:44.331768+00:00,15319.780306561,15319.78514204,1500.0628738750002,4.83547899966652,running,20.0,50.0,0.3,0.2,0.6,4.4,100,"The game is running normally
Target tick rate: 20.0 per second.
Average time per tick: 0.3ms (Target: 50.0ms)
Percentiles: P50: 0.2ms P95: 0.6ms P99: 4.4ms, sample: 100
",
151,A,249950,2026-10-06T12:48:54.324029+00:00,2026-10-06T12:48:54.325320+00:00,15329.77740089,15329.778694942,1510.0599682039992,1.2940520009578904,running,20.0,50.0,0.5,0.5,0.9,1.9,100,"The game is running normally
Target tick rate: 20.0 per second.
Average time per tick: 0.5ms (Target: 50.0ms)
Percentiles: P50: 0.5ms P95: 0.9ms P99: 1.9ms, sample: 100
",
151,B,249952,2026-10-06T12:48:54.324127+00:00,2026-10-06T12:48:54.326841+00:00,15329.777501947,15329.780216021,1510.0600692609987,2.7140740003233077,running,20.0,50.0,0.5,0.4,1.1,1.8,100,"The game is running normally
Target tick rate: 20.0 per second.
Average time per tick: 0.5ms (Target: 50.0ms)
Percentiles: P50: 0.4ms P95: 1.1ms P99: 1.8ms, sample: 100
",
151,C,249943,2026-10-06T12:48:54.324751+00:00,2026-10-06T12:48:54.329952+00:00,15329.778125433,15329.783326309,1510.0606927469998,5.200875999435084,running,20.0,50.0,0.2,0.2,0.4,1.3,100,"The game is running normally
Target tick rate: 20.0 per second.
Average time per tick: 0.2ms (Target: 50.0ms)
Percentiles: P50: 0.2ms P95: 0.4ms P99: 1.3ms, sample: 100
",
152,A,249950,2026-10-06T12:49:04.324510+00:00,2026-10-06T12:49:04.335610+00:00,15339.777881521,15339.788984247,1520.060448835,11.102725999080576,running,20.0,50.0,0.5,0.5,0.6,0.9,100,"The game is running normally
Target tick rate: 20.0 per second.
Average time per tick: 0.5ms (Target: 50.0ms)
Percentiles: P50: 0.5ms P95: 0.6ms P99: 0.9ms, sample: 100
",
152,B,249952,2026-10-06T12:49:04.324626+00:00,2026-10-06T12:49:04.332040+00:00,15339.778000646,15339.785414434,1520.0605679599994,7.413788000121713,running,20.0,50.0,0.4,0.4,0.6,0.9,100,"The game is running normally
Target tick rate: 20.0 per second.
Average time per tick: 0.4ms (Target: 50.0ms)
Percentiles: P50: 0.4ms P95: 0.6ms P99: 0.9ms, sample: 100
",
152,C,249943,2026-10-06T12:49:04.324741+00:00,2026-10-06T12:49:04.331449+00:00,15339.778115197,15339.784822575,1520.060682510999,6.707378001010511,running,20.0,50.0,0.2,0.2,0.3,1.0,100,"The game is running normally
Target tick rate: 20.0 per second.
Average time per tick: 0.2ms (Target: 50.0ms)
Percentiles: P50: 0.2ms P95: 0.3ms P99: 1.0ms, sample: 100
",
153,A,249950,2026-10-06T12:49:14.327965+00:00,2026-10-06T12:49:14.335035+00:00,15349.781336753,15349.788408778,1530.0639040669994,7.072025000525173,running,20.0,50.0,0.4,0.4,0.6,0.8,100,"The game is running normally
Target tick rate: 20.0 per second.
Average time per tick: 0.4ms (Target: 50.0ms)
Percentiles: P50: 0.4ms P95: 0.6ms P99: 0.8ms, sample: 100
",
153,B,249952,2026-10-06T12:49:14.329111+00:00,2026-10-06T12:49:14.335863+00:00,15349.782485302,15349.789238098,1530.0650526159989,6.7527960000006715,running,20.0,50.0,0.4,0.4,0.5,0.9,100,"The game is running normally
Target tick rate: 20.0 per second.
Average time per tick: 0.4ms (Target: 50.0ms)
Percentiles: P50: 0.4ms P95: 0.5ms P99: 0.9ms, sample: 100
",
153,C,249943,2026-10-06T12:49:14.329189+00:00,2026-10-06T12:49:14.331991+00:00,15349.782563744,15349.785364729,1530.0651310579997,2.800984999339562,running,20.0,50.0,0.2,0.2,0.3,1.4,100,"The game is running normally
Target tick rate: 20.0 per second.
Average time per tick: 0.2ms (Target: 50.0ms)
Percentiles: P50: 0.2ms P95: 0.3ms P99: 1.4ms, sample: 100
",
154,A,249950,2026-10-06T12:49:24.336849+00:00,2026-10-06T12:49:24.342047+00:00,15359.790220267,15359.795420442,1540.072787580999,5.200175000936724,running,20.0,50.0,0.4,0.4,0.7,1.5,100,"The game is running normally
Target tick rate: 20.0 per second.
Average time per tick: 0.4ms (Target: 50.0ms)
Percentiles: P50: 0.4ms P95: 0.7ms P99: 1.5ms, sample: 100
",
154,B,249952,2026-10-06T12:49:24.336995+00:00,2026-10-06T12:49:24.345826+00:00,15359.790368825,15359.799200151,1540.0729361390004,8.831325998471584,running,20.0,50.0,0.4,0.4,0.6,0.9,100,"The game is running normally
Target tick rate: 20.0 per second.
Average time per tick: 0.4ms (Target: 50.0ms)
Percentiles: P50: 0.4ms P95: 0.6ms P99: 0.9ms, sample: 100
",
154,C,249943,2026-10-06T12:49:24.338779+00:00,2026-10-06T12:49:24.346903+00:00,15359.792153459,15359.800277989,1540.074720773,8.124529998895014,running,20.0,50.0,0.2,0.2,0.3,0.4,100,"The game is running normally
Target tick rate: 20.0 per second.
Average time per tick: 0.2ms (Target: 50.0ms)
Percentiles: P50: 0.2ms P95: 0.3ms P99: 0.4ms, sample: 100
",
155,A,249950,2026-10-06T12:49:34.326762+00:00,2026-10-06T12:49:34.332588+00:00,15369.7801336,15369.785962329,1550.062700913999,5.82872900122311,running,20.0,50.0,0.5,0.4,0.8,4.5,100,"The game is running normally
Target tick rate: 20.0 per second.
Average time per tick: 0.5ms (Target: 50.0ms)
Percentiles: P50: 0.4ms P95: 0.8ms P99: 4.5ms, sample: 100
",
155,B,249952,2026-10-06T12:49:34.329744+00:00,2026-10-06T12:49:34.331621+00:00,15369.783117293,15369.784995442,1550.0656846069996,1.8781489998218603,running,20.0,50.0,0.4,0.4,0.6,1.2,100,"The game is running normally
Target tick rate: 20.0 per second.
Average time per tick: 0.4ms (Target: 50.0ms)
Percentiles: P50: 0.4ms P95: 0.6ms P99: 1.2ms, sample: 100
",
155,C,249943,2026-10-06T12:49:34.330293+00:00,2026-10-06T12:49:34.336257+00:00,15369.783667534,15369.789630665,1550.066234848,5.963130999589339,running,20.0,50.0,0.2,0.2,0.3,0.5,100,"The game is running normally
Target tick rate: 20.0 per second.
Average time per tick: 0.2ms (Target: 50.0ms)
Percentiles: P50: 0.2ms P95: 0.3ms P99: 0.5ms, sample: 100
",
156,A,249950,2026-10-06T12:49:44.324052+00:00,2026-10-06T12:49:44.333609+00:00,15379.777423521,15379.786983797,1560.0599908349996,9.560275999319856,running,20.0,50.0,0.4,0.4,0.5,0.9,100,"The game is running normally
Target tick rate: 20.0 per second.
Average time per tick: 0.4ms (Target: 50.0ms)
Percentiles: P50: 0.4ms P95: 0.5ms P99: 0.9ms, sample: 100
",
156,B,249952,2026-10-06T12:49:44.324150+00:00,2026-10-06T12:49:44.329712+00:00,15379.777524197,15379.783086877,1560.060091510999,5.562680000366527,running,20.0,50.0,0.4,0.4,0.5,0.9,100,"The game is running normally
Target tick rate: 20.0 per second.
Average time per tick: 0.4ms (Target: 50.0ms)
Percentiles: P50: 0.4ms P95: 0.5ms P99: 0.9ms, sample: 100
",
156,C,249943,2026-10-06T12:49:44.324251+00:00,2026-10-06T12:49:44.328338+00:00,15379.77762561,15379.781711433,1560.0601929240001,4.085822998604272,running,20.0,50.0,0.2,0.2,0.3,0.5,100,"The game is running normally
Target tick rate: 20.0 per second.
Average time per tick: 0.2ms (Target: 50.0ms)
Percentiles: P50: 0.2ms P95: 0.3ms P99: 0.5ms, sample: 100
",
157,A,249950,2026-10-06T12:49:54.330331+00:00,2026-10-06T12:49:54.332950+00:00,15389.783703761,15389.786324565,1570.0662710750003,2.6208039998891763,running,20.0,50.0,0.4,0.5,0.6,0.7,100,"The game is running normally
Target tick rate: 20.0 per second.
Average time per tick: 0.4ms (Target: 50.0ms)
Percentiles: P50: 0.5ms P95: 0.6ms P99: 0.7ms, sample: 100
",
157,B,249952,2026-10-06T12:49:54.330428+00:00,2026-10-06T12:49:54.335623+00:00,15389.783802574,15389.788997331,1570.0663698879998,5.194756999117089,running,20.0,50.0,0.4,0.4,0.7,2.0,100,"The game is running normally
Target tick rate: 20.0 per second.
Average time per tick: 0.4ms (Target: 50.0ms)
Percentiles: P50: 0.4ms P95: 0.7ms P99: 2.0ms, sample: 100
",
157,C,249943,2026-10-06T12:49:54.332622+00:00,2026-10-06T12:49:54.336721+00:00,15389.785995941,15389.790095665,1570.0685632549994,4.099723999388516,running,20.0,50.0,0.2,0.2,0.3,0.7,100,"The game is running normally
Target tick rate: 20.0 per second.
Average time per tick: 0.2ms (Target: 50.0ms)
Percentiles: P50: 0.2ms P95: 0.3ms P99: 0.7ms, sample: 100
",
158,A,249950,2026-10-06T12:50:04.325795+00:00,2026-10-06T12:50:04.331355+00:00,15399.779166486,15399.784729597,1580.0617337999993,5.56311100081075,running,20.0,50.0,0.4,0.4,0.6,0.8,100,"The game is running normally
Target tick rate: 20.0 per second.
Average time per tick: 0.4ms (Target: 50.0ms)
Percentiles: P50: 0.4ms P95: 0.6ms P99: 0.8ms, sample: 100
",
158,B,249952,2026-10-06T12:50:04.326933+00:00,2026-10-06T12:50:04.332556+00:00,15399.780307494,15399.785930785,1580.0628748079998,5.62329099921044,running,20.0,50.0,0.4,0.4,0.5,0.6,100,"The game is running normally
Target tick rate: 20.0 per second.
Average time per tick: 0.4ms (Target: 50.0ms)
Percentiles: P50: 0.4ms P95: 0.5ms P99: 0.6ms, sample: 100
",
158,C,249943,2026-10-06T12:50:04.327391+00:00,2026-10-06T12:50:04.336100+00:00,15399.780764896,15399.789473908,1580.0633322100002,8.70901199959917,running,20.0,50.0,0.2,0.2,0.3,0.4,100,"The game is running normally
Target tick rate: 20.0 per second.
Average time per tick: 0.2ms (Target: 50.0ms)
Percentiles: P50: 0.2ms P95: 0.3ms P99: 0.4ms, sample: 100
",
159,A,249950,2026-10-06T12:50:14.324015+00:00,2026-10-06T12:50:14.331542+00:00,15409.777386638,15409.78491634,1590.059953951999,7.529702001193073,running,20.0,50.0,0.4,0.4,0.5,0.9,100,"The game is running normally
Target tick rate: 20.0 per second.
Average time per tick: 0.4ms (Target: 50.0ms)
Percentiles: P50: 0.4ms P95: 0.5ms P99: 0.9ms, sample: 100
",
159,B,249952,2026-10-06T12:50:14.324102+00:00,2026-10-06T12:50:14.327871+00:00,15409.777475907,15409.781245364,1590.0600432209994,3.76945700008946,running,20.0,50.0,0.4,0.3,0.6,1.1,100,"The game is running normally
Target tick rate: 20.0 per second.
Average time per tick: 0.4ms (Target: 50.0ms)
Percentiles: P50: 0.3ms P95: 0.6ms P99: 1.1ms, sample: 100
",
159,C,249943,2026-10-06T12:50:14.324229+00:00,2026-10-06T12:50:14.333914+00:00,15409.777603508,15409.787287865,1590.0601708220001,9.684356999059673,running,20.0,50.0,0.2,0.2,0.3,1.1,100,"The game is running normally
Target tick rate: 20.0 per second.
Average time per tick: 0.2ms (Target: 50.0ms)
Percentiles: P50: 0.2ms P95: 0.3ms P99: 1.1ms, sample: 100
",
160,A,249950,2026-10-06T12:50:24.324444+00:00,2026-10-06T12:50:24.327613+00:00,15419.777815537,15419.780984805,1600.0603828509993,3.1692680004198337,running,20.0,50.0,0.5,0.5,0.7,3.8,100,"The game is running normally
Target tick rate: 20.0 per second.
Average time per tick: 0.5ms (Target: 50.0ms)
Percentiles: P50: 0.5ms P95: 0.7ms P99: 3.8ms, sample: 100
",
160,B,249952,2026-10-06T12:50:24.327922+00:00,2026-10-06T12:50:24.334373+00:00,15419.781297274,15419.787743781,1600.063864587999,6.44650700087368,running,20.0,50.0,0.4,0.4,0.6,0.7,100,"The game is running normally
Target tick rate: 20.0 per second.
Average time per tick: 0.4ms (Target: 50.0ms)
Percentiles: P50: 0.4ms P95: 0.6ms P99: 0.7ms, sample: 100
",
160,C,249943,2026-10-06T12:50:24.328325+00:00,2026-10-06T12:50:24.336800+00:00,15419.781699017,15419.790173228,1600.064266330999,8.474211001157528,running,20.0,50.0,0.2,0.2,0.3,0.5,100,"The game is running normally
Target tick rate: 20.0 per second.
Average time per tick: 0.2ms (Target: 50.0ms)
Percentiles: P50: 0.2ms P95: 0.3ms P99: 0.5ms, sample: 100
",
161,A,249950,2026-10-06T12:50:34.324511+00:00,2026-10-06T12:50:34.330399+00:00,15429.777882882,15429.783772413,1610.0604501959988,5.889531001230353,running,20.0,50.0,0.5,0.5,0.8,1.3,100,"The game is running normally
Target tick rate: 20.0 per second.
Average time per tick: 0.5ms (Target: 50.0ms)
Percentiles: P50: 0.5ms P95: 0.8ms P99: 1.3ms, sample: 100
",
161,B,249952,2026-10-06T12:50:34.326664+00:00,2026-10-06T12:50:34.336583+00:00,15429.780037853,15429.789954348,1610.0626051669988,9.916495000652503,running,20.0,50.0,0.4,0.4,0.6,1.2,100,"The game is running normally
Target tick rate: 20.0 per second.
Average time per tick: 0.4ms (Target: 50.0ms)
Percentiles: P50: 0.4ms P95: 0.6ms P99: 1.2ms, sample: 100
",
161,C,249943,2026-10-06T12:50:34.326737+00:00,2026-10-06T12:50:34.331639+00:00,15429.780111358,15429.785013326,1610.0626786720004,4.901967999103363,running,20.0,50.0,0.2,0.2,0.3,2.0,100,"The game is running normally
Target tick rate: 20.0 per second.
Average time per tick: 0.2ms (Target: 50.0ms)
Percentiles: P50: 0.2ms P95: 0.3ms P99: 2.0ms, sample: 100
",
162,A,249950,2026-10-06T12:50:44.324839+00:00,2026-10-06T12:50:44.329352+00:00,15439.778211419,15439.782727127,1620.060778732999,4.515708000326413,running,20.0,50.0,0.5,0.5,1.0,2.4,100,"The game is running normally
Target tick rate: 20.0 per second.
Average time per tick: 0.5ms (Target: 50.0ms)
Percentiles: P50: 0.5ms P95: 1.0ms P99: 2.4ms, sample: 100
",
162,B,249952,2026-10-06T12:50:44.325587+00:00,2026-10-06T12:50:44.327748+00:00,15439.778961324,15439.781123049,1620.0615286379998,2.1617250004055677,running,20.0,50.0,0.5,0.5,0.8,1.0,100,"The game is running normally
Target tick rate: 20.0 per second.
Average time per tick: 0.5ms (Target: 50.0ms)
Percentiles: P50: 0.5ms P95: 0.8ms P99: 1.0ms, sample: 100
",
162,C,249943,2026-10-06T12:50:44.325639+00:00,2026-10-06T12:50:44.329148+00:00,15439.779013327,15439.782522675,1620.0615806409987,3.509348000079626,running,20.0,50.0,0.3,0.2,0.4,1.5,100,"The game is running normally
Target tick rate: 20.0 per second.
Average time per tick: 0.3ms (Target: 50.0ms)
Percentiles: P50: 0.2ms P95: 0.4ms P99: 1.5ms, sample: 100
",
163,A,249950,2026-10-06T12:50:54.324684+00:00,2026-10-06T12:50:54.333110+00:00,15449.778053955,15449.78648448,1630.060621269,8.430525000221678,running,20.0,50.0,0.5,0.4,0.8,1.6,100,"The game is running normally
Target tick rate: 20.0 per second.
Average time per tick: 0.5ms (Target: 50.0ms)
Percentiles: P50: 0.4ms P95: 0.8ms P99: 1.6ms, sample: 100
",
163,B,249952,2026-10-06T12:50:54.325673+00:00,2026-10-06T12:50:54.332526+00:00,15449.77904672,15449.785900268,1630.061614033999,6.853548000435694,running,20.0,50.0,0.5,0.4,0.8,1.5,100,"The game is running normally
Target tick rate: 20.0 per second.
Average time per tick: 0.5ms (Target: 50.0ms)
Percentiles: P50: 0.4ms P95: 0.8ms P99: 1.5ms, sample: 100
",
163,C,249943,2026-10-06T12:50:54.325758+00:00,2026-10-06T12:50:54.330782+00:00,15449.779132634,15449.784152809,1630.061699947999,5.0201750000269385,running,20.0,50.0,0.2,0.2,0.5,1.3,100,"The game is running normally
Target tick rate: 20.0 per second.
Average time per tick: 0.2ms (Target: 50.0ms)
Percentiles: P50: 0.2ms P95: 0.5ms P99: 1.3ms, sample: 100
",
164,A,249950,2026-10-06T12:51:04.324307+00:00,2026-10-06T12:51:04.327314+00:00,15459.777679247,15459.780688464,1640.060246560999,3.0092169999988982,running,20.0,50.0,0.6,0.5,1.0,9.2,100,"The game is running normally
Target tick rate: 20.0 per second.
Average time per tick: 0.6ms (Target: 50.0ms)
Percentiles: P50: 0.5ms P95: 1.0ms P99: 9.2ms, sample: 100
",
164,B,249952,2026-10-06T12:51:04.324489+00:00,2026-10-06T12:51:04.329571+00:00,15459.777859963,15459.782944565,1640.0604272769997,5.084602000351879,running,20.0,50.0,0.5,0.4,0.7,1.4,100,"The game is running normally
Target tick rate: 20.0 per second.
Average time per tick: 0.5ms (Target: 50.0ms)
Percentiles: P50: 0.4ms P95: 0.7ms P99: 1.4ms, sample: 100
",
164,C,249943,2026-10-06T12:51:04.324676+00:00,2026-10-06T12:51:04.328707+00:00,15459.778050094,15459.782081415,1640.0606174080003,4.031320999274612,running,20.0,50.0,0.2,0.2,0.4,0.6,100,"The game is running normally
Target tick rate: 20.0 per second.
Average time per tick: 0.2ms (Target: 50.0ms)
Percentiles: P50: 0.2ms P95: 0.4ms P99: 0.6ms, sample: 100
",
165,A,249950,2026-10-06T12:51:14.324083+00:00,2026-10-06T12:51:14.328274+00:00,15469.77745444,15469.781648636,1650.0600217539995,4.194196000753436,running,20.0,50.0,0.5,0.5,0.9,2.1,100,"The game is running normally
Target tick rate: 20.0 per second.
Average time per tick: 0.5ms (Target: 50.0ms)
Percentiles: P50: 0.5ms P95: 0.9ms P99: 2.1ms, sample: 100
",
165,B,249952,2026-10-06T12:51:14.324275+00:00,2026-10-06T12:51:14.325880+00:00,15469.777649168,15469.779254617,1650.0602164819993,1.6054490006354172,running,20.0,50.0,0.4,0.4,0.7,2.1,100,"The game is running normally
Target tick rate: 20.0 per second.
Average time per tick: 0.4ms (Target: 50.0ms)
Percentiles: P50: 0.4ms P95: 0.7ms P99: 2.1ms, sample: 100
",
165,C,249943,2026-10-06T12:51:14.324343+00:00,2026-10-06T12:51:14.327528+00:00,15469.777717801,15469.78090232,1650.0602851149997,3.1845190005697077,running,20.0,50.0,0.2,0.2,0.4,1.7,100,"The game is running normally
Target tick rate: 20.0 per second.
Average time per tick: 0.2ms (Target: 50.0ms)
Percentiles: P50: 0.2ms P95: 0.4ms P99: 1.7ms, sample: 100
",
166,A,249950,2026-10-06T12:51:24.324038+00:00,2026-10-06T12:51:24.325112+00:00,15479.777409784,15479.77848604,1660.0599770979989,1.0762560013972688,running,20.0,50.0,0.4,0.4,0.7,0.9,100,"The game is running normally
Target tick rate: 20.0 per second.
Average time per tick: 0.4ms (Target: 50.0ms)
Percentiles: P50: 0.4ms P95: 0.7ms P99: 0.9ms, sample: 100
",
166,B,249952,2026-10-06T12:51:24.325252+00:00,2026-10-06T12:51:24.326250+00:00,15479.778627082,15479.779624699,1660.0611943959993,0.9976170003938023,running,20.0,50.0,0.4,0.4,0.7,1.8,100,"The game is running normally
Target tick rate: 20.0 per second.
Average time per tick: 0.4ms (Target: 50.0ms)
Percentiles: P50: 0.4ms P95: 0.7ms P99: 1.8ms, sample: 100
",
166,C,249943,2026-10-06T12:51:24.326367+00:00,2026-10-06T12:51:24.337225+00:00,15479.779742436,15479.790596969,1660.0623097499993,10.854533000383526,running,20.0,50.0,0.2,0.2,0.4,0.4,100,"The game is running normally
Target tick rate: 20.0 per second.
Average time per tick: 0.2ms (Target: 50.0ms)
Percentiles: P50: 0.2ms P95: 0.4ms P99: 0.4ms, sample: 100
",
167,A,249950,2026-10-06T12:51:34.324036+00:00,2026-10-06T12:51:34.325777+00:00,15489.777406323,15489.779151943,1670.0599736370004,1.7456199984735576,running,20.0,50.0,0.7,0.5,0.8,14.1,100,"The game is running normally
Target tick rate: 20.0 per second.
Average time per tick: 0.7ms (Target: 50.0ms)
Percentiles: P50: 0.5ms P95: 0.8ms P99: 14.1ms, sample: 100
",
167,B,249952,2026-10-06T12:51:34.324256+00:00,2026-10-06T12:51:34.332475+00:00,15489.777630825,15489.785849211,1670.060198138999,8.218386001317413,running,20.0,50.0,0.5,0.4,0.8,1.3,100,"The game is running normally
Target tick rate: 20.0 per second.
Average time per tick: 0.5ms (Target: 50.0ms)
Percentiles: P50: 0.4ms P95: 0.8ms P99: 1.3ms, sample: 100
",
167,C,249943,2026-10-06T12:51:34.324440+00:00,2026-10-06T12:51:34.331858+00:00,15489.77781449,15489.785230642,1670.060381804,7.416152000587317,running,20.0,50.0,0.2,0.2,0.3,0.5,100,"The game is running normally
Target tick rate: 20.0 per second.
Average time per tick: 0.2ms (Target: 50.0ms)
Percentiles: P50: 0.2ms P95: 0.3ms P99: 0.5ms, sample: 100
",
168,A,249950,2026-10-06T12:51:44.324048+00:00,2026-10-06T12:51:44.328097+00:00,15499.777417842,15499.781472148,1680.059985156,4.0543060003983555,running,20.0,50.0,0.5,0.4,0.7,1.4,100,"The game is running normally
Target tick rate: 20.0 per second.
Average time per tick: 0.5ms (Target: 50.0ms)
Percentiles: P50: 0.4ms P95: 0.7ms P99: 1.4ms, sample: 100
",
168,B,249952,2026-10-06T12:51:44.324476+00:00,2026-10-06T12:51:44.326396+00:00,15499.777850702,15499.779770814,1680.060418015999,1.9201120012439787,running,20.0,50.0,0.4,0.4,0.5,0.7,100,"The game is running normally
Target tick rate: 20.0 per second.
Average time per tick: 0.4ms (Target: 50.0ms)
Percentiles: P50: 0.4ms P95: 0.5ms P99: 0.7ms, sample: 100
",
168,C,249943,2026-10-06T12:51:44.325279+00:00,2026-10-06T12:51:44.329138+00:00,15499.778653216,15499.782512089,1680.0612205300004,3.8588729985349346,running,20.0,50.0,0.3,0.2,0.3,5.4,100,"The game is running normally
Target tick rate: 20.0 per second.
Average time per tick: 0.3ms (Target: 50.0ms)
Percentiles: P50: 0.2ms P95: 0.3ms P99: 5.4ms, sample: 100
",
169,A,249950,2026-10-06T12:51:54.325605+00:00,2026-10-06T12:51:54.331841+00:00,15509.778976084,15509.785211694,1690.0615433980001,6.235609998839209,running,20.0,50.0,0.4,0.4,0.6,0.9,100,"The game is running normally
Target tick rate: 20.0 per second.
Average time per tick: 0.4ms (Target: 50.0ms)
Percentiles: P50: 0.4ms P95: 0.6ms P99: 0.9ms, sample: 100
",
169,B,249952,2026-10-06T12:51:54.325729+00:00,2026-10-06T12:51:54.337932+00:00,15509.7791033,15509.791305007,1690.061670613999,12.201707000713213,running,20.0,50.0,0.5,0.4,1.1,3.3,100,"The game is running normally
Target tick rate: 20.0 per second.
Average time per tick: 0.5ms (Target: 50.0ms)
Percentiles: P50: 0.4ms P95: 1.1ms P99: 3.3ms, sample: 100
",
169,C,249943,2026-10-06T12:51:54.325938+00:00,2026-10-06T12:51:54.332915+00:00,15509.779312464,15509.786289848,1690.061879777999,6.977384000492748,running,20.0,50.0,0.2,0.2,0.3,0.4,100,"The game is running normally
Target tick rate: 20.0 per second.
Average time per tick: 0.2ms (Target: 50.0ms)
Percentiles: P50: 0.2ms P95: 0.3ms P99: 0.4ms, sample: 100
",
170,A,249950,2026-10-06T12:52:04.328372+00:00,2026-10-06T12:52:04.331975+00:00,15519.781742882,15519.785349496,1700.0643101959995,3.606614000091213,running,20.0,50.0,0.5,0.5,0.8,1.5,100,"The game is running normally
Target tick rate: 20.0 per second.
Average time per tick: 0.5ms (Target: 50.0ms)
Percentiles: P50: 0.5ms P95: 0.8ms P99: 1.5ms, sample: 100
",
170,B,249952,2026-10-06T12:52:04.328719+00:00,2026-10-06T12:52:04.335113+00:00,15519.782093358,15519.788487587,1700.0646606720002,6.394228999852203,running,20.0,50.0,0.5,0.4,0.7,4.3,100,"The game is running normally
Target tick rate: 20.0 per second.
Average time per tick: 0.5ms (Target: 50.0ms)
Percentiles: P50: 0.4ms P95: 0.7ms P99: 4.3ms, sample: 100
",
170,C,249943,2026-10-06T12:52:04.329726+00:00,2026-10-06T12:52:04.336871+00:00,15519.783100375,15519.790245541,1700.0656676889994,7.145166000555037,running,20.0,50.0,0.2,0.2,0.3,0.5,100,"The game is running normally
Target tick rate: 20.0 per second.
Average time per tick: 0.2ms (Target: 50.0ms)
Percentiles: P50: 0.2ms P95: 0.3ms P99: 0.5ms, sample: 100
",
171,A,249950,2026-10-06T12:52:14.325340+00:00,2026-10-06T12:52:14.329127+00:00,15529.778711682,15529.782502102,1710.0612789959996,3.790419999859296,running,20.0,50.0,0.5,0.5,0.7,0.9,100,"The game is running normally
Target tick rate: 20.0 per second.
Average time per tick: 0.5ms (Target: 50.0ms)
Percentiles: P50: 0.5ms P95: 0.7ms P99: 0.9ms, sample: 100
",
171,B,249952,2026-10-06T12:52:14.325462+00:00,2026-10-06T12:52:14.329591+00:00,15529.77883659,15529.782965788,1710.0614039039992,4.1291979996458394,running,20.0,50.0,0.5,0.4,0.8,3.7,100,"The game is running normally
Target tick rate: 20.0 per second.
Average time per tick: 0.5ms (Target: 50.0ms)
Percentiles: P50: 0.4ms P95: 0.8ms P99: 3.7ms, sample: 100
",
171,C,249943,2026-10-06T12:52:14.326694+00:00,2026-10-06T12:52:14.329399+00:00,15529.780068108,15529.782773529,1710.0626354220003,2.7054209986090427,running,20.0,50.0,0.2,0.2,0.4,1.1,100,"The game is running normally
Target tick rate: 20.0 per second.
Average time per tick: 0.2ms (Target: 50.0ms)
Percentiles: P50: 0.2ms P95: 0.4ms P99: 1.1ms, sample: 100
",
172,A,249950,2026-10-06T12:52:24.326140+00:00,2026-10-06T12:52:24.339981+00:00,15539.779511946,15539.793353252,1720.0620792600002,13.841305999449105,running,20.0,50.0,0.5,0.5,0.9,2.3,100,"The game is running normally
Target tick rate: 20.0 per second.
Average time per tick: 0.5ms (Target: 50.0ms)
Percentiles: P50: 0.5ms P95: 0.9ms P99: 2.3ms, sample: 100
",
172,B,249952,2026-10-06T12:52:24.326528+00:00,2026-10-06T12:52:24.329069+00:00,15539.779902367,15539.782443922,1720.0624696809991,2.5415550007892307,running,20.0,50.0,0.5,0.4,0.9,1.6,100,"The game is running normally
Target tick rate: 20.0 per second.
Average time per tick: 0.5ms (Target: 50.0ms)
Percentiles: P50: 0.4ms P95: 0.9ms P99: 1.6ms, sample: 100
",
172,C,249943,2026-10-06T12:52:24.328224+00:00,2026-10-06T12:52:24.332490+00:00,15539.781598022,15539.785864086,1720.0641653359999,4.2660639992391225,running,20.0,50.0,0.2,0.2,0.4,0.7,100,"The game is running normally
Target tick rate: 20.0 per second.
Average time per tick: 0.2ms (Target: 50.0ms)
Percentiles: P50: 0.2ms P95: 0.4ms P99: 0.7ms, sample: 100
",
173,A,249950,2026-10-06T12:52:34.326919+00:00,2026-10-06T12:52:34.335113+00:00,15549.780290695,15549.788486777,1730.0628580089997,8.196082000722527,running,20.0,50.0,0.5,0.5,0.8,1.2,100,"The game is running normally
Target tick rate: 20.0 per second.
Average time per tick: 0.5ms (Target: 50.0ms)
Percentiles: P50: 0.5ms P95: 0.8ms P99: 1.2ms, sample: 100
",
173,B,249952,2026-10-06T12:52:34.327300+00:00,2026-10-06T12:52:34.337656+00:00,15549.780674426,15549.7910301,1730.0632417399993,10.355673999583814,running,20.0,50.0,0.5,0.4,1.0,4.1,100,"The game is running normally
Target tick rate: 20.0 per second.
Average time per tick: 0.5ms (Target: 50.0ms)
Percentiles: P50: 0.4ms P95: 1.0ms P99: 4.1ms, sample: 100
",
173,C,249943,2026-10-06T12:52:34.327351+00:00,2026-10-06T12:52:34.332036+00:00,15549.780725723,15549.785409463,1730.0632930369993,4.683740000473335,running,20.0,50.0,0.2,0.2,0.3,0.5,100,"The game is running normally
Target tick rate: 20.0 per second.
Average time per tick: 0.2ms (Target: 50.0ms)
Percentiles: P50: 0.2ms P95: 0.3ms P99: 0.5ms, sample: 100
",
174,A,249950,2026-10-06T12:52:44.326147+00:00,2026-10-06T12:52:44.337919+00:00,15559.779518421,15559.791292384,1740.0620857350004,11.77396299863176,running,20.0,50.0,0.5,0.5,0.9,1.4,100,"The game is running normally
Target tick rate: 20.0 per second.
Average time per tick: 0.5ms (Target: 50.0ms)
Percentiles: P50: 0.5ms P95: 0.9ms P99: 1.4ms, sample: 100
",
174,B,249952,2026-10-06T12:52:44.326318+00:00,2026-10-06T12:52:44.334342+00:00,15559.779692417,15559.787717122,1740.0622597309994,8.024705000934773,running,20.0,50.0,0.5,0.4,1.0,3.4,100,"The game is running normally
Target tick rate: 20.0 per second.
Average time per tick: 0.5ms (Target: 50.0ms)
Percentiles: P50: 0.4ms P95: 1.0ms P99: 3.4ms, sample: 100
",
174,C,249943,2026-10-06T12:52:44.327841+00:00,2026-10-06T12:52:44.334138+00:00,15559.781215268,15559.787510427,1740.0637825819995,6.295159000728745,running,20.0,50.0,0.2,0.2,0.4,2.1,100,"The game is running normally
Target tick rate: 20.0 per second.
Average time per tick: 0.2ms (Target: 50.0ms)
Percentiles: P50: 0.2ms P95: 0.4ms P99: 2.1ms, sample: 100
",
175,A,249950,2026-10-06T12:52:54.324335+00:00,2026-10-06T12:52:54.331573+00:00,15569.777705516,15569.784944542,1750.06027283,7.239025999297155,running,20.0,50.0,0.5,0.4,0.7,6.2,100,"The game is running normally
Target tick rate: 20.0 per second.
Average time per tick: 0.5ms (Target: 50.0ms)
Percentiles: P50: 0.4ms P95: 0.7ms P99: 6.2ms, sample: 100
",
175,B,249952,2026-10-06T12:52:54.324479+00:00,2026-10-06T12:52:54.331097+00:00,15569.777849628,15569.784470926,1750.0604169420003,6.621298000027309,running,20.0,50.0,0.4,0.4,0.6,2.9,100,"The game is running normally
Target tick rate: 20.0 per second.
Average time per tick: 0.4ms (Target: 50.0ms)
Percentiles: P50: 0.4ms P95: 0.6ms P99: 2.9ms, sample: 100
",
175,C,249943,2026-10-06T12:52:54.324683+00:00,2026-10-06T12:52:54.327303+00:00,15569.778057961,15569.780676832,1750.0606252750003,2.618870999867795,running,20.0,50.0,0.2,0.2,0.4,1.1,100,"The game is running normally
Target tick rate: 20.0 per second.
Average time per tick: 0.2ms (Target: 50.0ms)
Percentiles: P50: 0.2ms P95: 0.4ms P99: 1.1ms, sample: 100
",
176,A,249950,2026-10-06T12:53:04.325715+00:00,2026-10-06T12:53:04.327191+00:00,15579.779087301,15579.780566041,1760.0616546149995,1.4787399995839223,running,20.0,50.0,0.5,0.5,0.9,1.9,100,"The game is running normally
Target tick rate: 20.0 per second.
Average time per tick: 0.5ms (Target: 50.0ms)
Percentiles: P50: 0.5ms P95: 0.9ms P99: 1.9ms, sample: 100
",
176,B,249952,2026-10-06T12:53:04.326064+00:00,2026-10-06T12:53:04.329434+00:00,15579.779438578,15579.782809007,1760.0620058919994,3.3704289999150205,running,20.0,50.0,0.4,0.4,0.8,1.0,100,"The game is running normally
Target tick rate: 20.0 per second.
Average time per tick: 0.4ms (Target: 50.0ms)
Percentiles: P50: 0.4ms P95: 0.8ms P99: 1.0ms, sample: 100
",
176,C,249943,2026-10-06T12:53:04.327317+00:00,2026-10-06T12:53:04.329268+00:00,15579.78069232,15579.782642397,1760.0632596340001,1.950076999492012,running,20.0,50.0,0.2,0.2,0.3,0.5,100,"The game is running normally
Target tick rate: 20.0 per second.
Average time per tick: 0.2ms (Target: 50.0ms)
Percentiles: P50: 0.2ms P95: 0.3ms P99: 0.5ms, sample: 100
",
177,A,249950,2026-10-06T12:53:14.324912+00:00,2026-10-06T12:53:14.326928+00:00,15589.778284341,15589.78030229,1770.060851655,2.0179490002192324,running,20.0,50.0,0.5,0.4,0.6,3.5,100,"The game is running normally
Target tick rate: 20.0 per second.
Average time per tick: 0.5ms (Target: 50.0ms)
Percentiles: P50: 0.4ms P95: 0.6ms P99: 3.5ms, sample: 100
",
177,B,249952,2026-10-06T12:53:14.325007+00:00,2026-10-06T12:53:14.328414+00:00,15589.778381637,15589.781788981,1770.0609489509989,3.4073440001520794,running,20.0,50.0,0.4,0.4,0.5,1.3,100,"The game is running normally
Target tick rate: 20.0 per second.
Average time per tick: 0.4ms (Target: 50.0ms)
Percentiles: P50: 0.4ms P95: 0.5ms P99: 1.3ms, sample: 100
",
177,C,249943,2026-10-06T12:53:14.325106+00:00,2026-10-06T12:53:14.327525+00:00,15589.778481427,15589.780899336,1770.0610487409995,2.4179089996323455,running,20.0,50.0,0.2,0.2,0.3,0.4,100,"The game is running normally
Target tick rate: 20.0 per second.
Average time per tick: 0.2ms (Target: 50.0ms)
Percentiles: P50: 0.2ms P95: 0.3ms P99: 0.4ms, sample: 100
",
178,A,249950,2026-10-06T12:53:24.324702+00:00,2026-10-06T12:53:24.332219+00:00,15599.778073188,15599.785592374,1780.060640501999,7.519186001445632,running,20.0,50.0,0.4,0.4,0.6,0.8,100,"The game is running normally
Target tick rate: 20.0 per second.
Average time per tick: 0.4ms (Target: 50.0ms)
Percentiles: P50: 0.4ms P95: 0.6ms P99: 0.8ms, sample: 100
",
178,B,249952,2026-10-06T12:53:24.324821+00:00,2026-10-06T12:53:24.328190+00:00,15599.778195105,15599.781537122,1780.0607624189997,3.3420170002500527,running,20.0,50.0,0.4,0.4,0.5,1.2,100,"The game is running normally
Target tick rate: 20.0 per second.
Average time per tick: 0.4ms (Target: 50.0ms)
Percentiles: P50: 0.4ms P95: 0.5ms P99: 1.2ms, sample: 100
",
178,C,249943,2026-10-06T12:53:24.325067+00:00,2026-10-06T12:53:24.328752+00:00,15599.778441495,15599.782126997,1780.0610088089998,3.6855020007351413,running,20.0,50.0,0.2,0.2,0.3,0.5,100,"The game is running normally
Target tick rate: 20.0 per second.
Average time per tick: 0.2ms (Target: 50.0ms)
Percentiles: P50: 0.2ms P95: 0.3ms P99: 0.5ms, sample: 100
",
179,A,249950,2026-10-06T12:53:34.326845+00:00,2026-10-06T12:53:34.331597+00:00,15609.780217249,15609.784971425,1790.0627845629988,4.75417600137007,running,20.0,50.0,0.5,0.5,0.7,2.1,100,"The game is running normally
Target tick rate: 20.0 per second.
Average time per tick: 0.5ms (Target: 50.0ms)
Percentiles: P50: 0.5ms P95: 0.7ms P99: 2.1ms, sample: 100
",
179,B,249952,2026-10-06T12:53:34.327234+00:00,2026-10-06T12:53:34.335003+00:00,15609.780608937,15609.788378139,1790.0631762510002,7.769201998598874,running,20.0,50.0,0.4,0.4,0.6,1.5,100,"The game is running normally
Target tick rate: 20.0 per second.
Average time per tick: 0.4ms (Target: 50.0ms)
Percentiles: P50: 0.4ms P95: 0.6ms P99: 1.5ms, sample: 100
",
179,C,249943,2026-10-06T12:53:34.327269+00:00,2026-10-06T12:53:34.328637+00:00,15609.780644004,15609.782011677,1790.063211318,1.3676729995495407,running,20.0,50.0,0.2,0.2,0.3,0.5,100,"The game is running normally
Target tick rate: 20.0 per second.
Average time per tick: 0.2ms (Target: 50.0ms)
Percentiles: P50: 0.2ms P95: 0.3ms P99: 0.5ms, sample: 100
",
180,A,249950,2026-10-06T12:53:44.327204+00:00,2026-10-06T12:53:44.333272+00:00,15619.780575387,15619.786646711,1800.0631427009994,6.071324000004097,running,20.0,50.0,0.4,0.4,0.6,5.3,100,"The game is running normally
Target tick rate: 20.0 per second.
Average time per tick: 0.4ms (Target: 50.0ms)
Percentiles: P50: 0.4ms P95: 0.6ms P99: 5.3ms, sample: 100
",
180,B,249952,2026-10-06T12:53:44.327569+00:00,2026-10-06T12:53:44.329827+00:00,15619.780942934,15619.783201484,1800.0635102479991,2.25855000098818,running,20.0,50.0,0.4,0.4,0.5,5.9,100,"The game is running normally
Target tick rate: 20.0 per second.
Average time per tick: 0.4ms (Target: 50.0ms)
Percentiles: P50: 0.4ms P95: 0.5ms P99: 5.9ms, sample: 100
",
180,C,249943,2026-10-06T12:53:44.327880+00:00,2026-10-06T12:53:44.333973+00:00,15619.781254251,15619.787348108,1800.0638215649997,6.093857000450953,running,20.0,50.0,0.2,0.2,0.4,3.4,100,"The game is running normally
Target tick rate: 20.0 per second.
Average time per tick: 0.2ms (Target: 50.0ms)
Percentiles: P50: 0.2ms P95: 0.4ms P99: 3.4ms, sample: 100
",
181,A,249950,2026-10-06T12:53:54.326094+00:00,2026-10-06T12:53:54.330015+00:00,15629.779465493,15629.783390014,1810.062032807,3.924520999134984,running,20.0,50.0,0.4,0.3,0.7,1.1,100,"The game is running normally
Target tick rate: 20.0 per second.
Average time per tick: 0.4ms (Target: 50.0ms)
Percentiles: P50: 0.3ms P95: 0.7ms P99: 1.1ms, sample: 100
",
181,B,249952,2026-10-06T12:53:54.326264+00:00,2026-10-06T12:53:54.330707+00:00,15629.779638823,15629.784081792,1810.0622061369995,4.442969000592711,running,20.0,50.0,0.4,0.4,0.6,1.3,100,"The game is running normally
Target tick rate: 20.0 per second.
Average time per tick: 0.4ms (Target: 50.0ms)
Percentiles: P50: 0.4ms P95: 0.6ms P99: 1.3ms, sample: 100
",
181,C,249943,2026-10-06T12:53:54.327264+00:00,2026-10-06T12:53:54.334532+00:00,15629.780638975,15629.787905692,1810.063206289,7.266716998856282,running,20.0,50.0,0.2,0.2,0.3,2.4,100,"The game is running normally
Target tick rate: 20.0 per second.
Average time per tick: 0.2ms (Target: 50.0ms)
Percentiles: P50: 0.2ms P95: 0.3ms P99: 2.4ms, sample: 100
",
182,A,249950,2026-10-06T12:54:04.324032+00:00,2026-10-06T12:54:04.325268+00:00,15639.777404,15639.778642339,1820.059971314,1.2383390003378736,running,20.0,50.0,0.5,0.4,0.7,1.3,100,"The game is running normally
Target tick rate: 20.0 per second.
Average time per tick: 0.5ms (Target: 50.0ms)
Percentiles: P50: 0.4ms P95: 0.7ms P99: 1.3ms, sample: 100
",
182,B,249952,2026-10-06T12:54:04.325405+00:00,2026-10-06T12:54:04.330865+00:00,15639.778779886,15639.78423922,1820.0613472000005,5.459333999169758,running,20.0,50.0,0.4,0.4,0.5,0.8,100,"The game is running normally
Target tick rate: 20.0 per second.
Average time per tick: 0.4ms (Target: 50.0ms)
Percentiles: P50: 0.4ms P95: 0.5ms P99: 0.8ms, sample: 100
",
182,C,249943,2026-10-06T12:54:04.326690+00:00,2026-10-06T12:54:04.327932+00:00,15639.780063963,15639.781306157,1820.062631277,1.2421939991327235,running,20.0,50.0,0.2,0.2,0.3,0.6,100,"The game is running normally
Target tick rate: 20.0 per second.
Average time per tick: 0.2ms (Target: 50.0ms)
Percentiles: P50: 0.2ms P95: 0.3ms P99: 0.6ms, sample: 100
",
183,A,249950,2026-10-06T12:54:14.324052+00:00,2026-10-06T12:54:14.328365+00:00,15649.777423841,15649.781738607,1830.0599911549998,4.314765999879455,running,20.0,50.0,0.5,0.5,0.7,1.0,100,"The game is running normally
Target tick rate: 20.0 per second.
Average time per tick: 0.5ms (Target: 50.0ms)
Percentiles: P50: 0.5ms P95: 0.7ms P99: 1.0ms, sample: 100
",
183,B,249952,2026-10-06T12:54:14.324854+00:00,2026-10-06T12:54:14.333847+00:00,15649.778227893,15649.787221683,1830.0607952070004,8.993789999294677,running,20.0,50.0,0.4,0.4,0.6,0.9,100,"The game is running normally
Target tick rate: 20.0 per second.
Average time per tick: 0.4ms (Target: 50.0ms)
Percentiles: P50: 0.4ms P95: 0.6ms P99: 0.9ms, sample: 100
",
183,C,249943,2026-10-06T12:54:14.324904+00:00,2026-10-06T12:54:14.333555+00:00,15649.778277923,15649.786927596,1830.0608452369997,8.649673000036273,running,20.0,50.0,0.2,0.2,0.3,0.5,100,"The game is running normally
Target tick rate: 20.0 per second.
Average time per tick: 0.2ms (Target: 50.0ms)
Percentiles: P50: 0.2ms P95: 0.3ms P99: 0.5ms, sample: 100
",
184,A,249950,2026-10-06T12:54:24.324704+00:00,2026-10-06T12:54:24.330737+00:00,15659.778075517,15659.784111733,1840.0606428310002,6.036216000211425,running,20.0,50.0,0.4,0.4,0.6,0.9,100,"The game is running normally
Target tick rate: 20.0 per second.
Average time per tick: 0.4ms (Target: 50.0ms)
Percentiles: P50: 0.4ms P95: 0.6ms P99: 0.9ms, sample: 100
",
184,B,249952,2026-10-06T12:54:24.325060+00:00,2026-10-06T12:54:24.329400+00:00,15659.778435047,15659.782774741,1840.0610023609988,4.339694000009331,running,20.0,50.0,0.3,0.3,0.5,0.9,100,"The game is running normally
Target tick rate: 20.0 per second.
Average time per tick: 0.3ms (Target: 50.0ms)
Percentiles: P50: 0.3ms P95: 0.5ms P99: 0.9ms, sample: 100
",
184,C,249943,2026-10-06T12:54:24.325284+00:00,2026-10-06T12:54:24.327504+00:00,15659.778658668,15659.78087839,1840.061225981999,2.2197220005182317,running,20.0,50.0,0.2,0.2,0.3,1.0,100,"The game is running normally
Target tick rate: 20.0 per second.
Average time per tick: 0.2ms (Target: 50.0ms)
Percentiles: P50: 0.2ms P95: 0.3ms P99: 1.0ms, sample: 100
",
185,A,249950,2026-10-06T12:54:34.327592+00:00,2026-10-06T12:54:34.337097+00:00,15669.780961958,15669.790471191,1850.0635292719999,9.509232999334927,running,20.0,50.0,0.5,0.4,0.8,1.4,100,"The game is running normally
Target tick rate: 20.0 per second.
Average time per tick: 0.5ms (Target: 50.0ms)
Percentiles: P50: 0.4ms P95: 0.8ms P99: 1.4ms, sample: 100
",
185,B,249952,2026-10-06T12:54:34.327723+00:00,2026-10-06T12:54:34.330227+00:00,15669.781097466,15669.783602136,1850.0636647800002,2.504669999325415,running,20.0,50.0,0.4,0.4,0.6,0.7,100,"The game is running normally
Target tick rate: 20.0 per second.
Average time per tick: 0.4ms (Target: 50.0ms)
Percentiles: P50: 0.4ms P95: 0.6ms P99: 0.7ms, sample: 100
",
185,C,249943,2026-10-06T12:54:34.327830+00:00,2026-10-06T12:54:34.331342+00:00,15669.781204162,15669.784716543,1850.0637714759996,3.512380999382003,running,20.0,50.0,0.2,0.2,0.3,0.7,100,"The game is running normally
Target tick rate: 20.0 per second.
Average time per tick: 0.2ms (Target: 50.0ms)
Percentiles: P50: 0.2ms P95: 0.3ms P99: 0.7ms, sample: 100
",
186,A,249950,2026-10-06T12:54:44.325441+00:00,2026-10-06T12:54:44.332498+00:00,15679.778811974,15679.785872521,1860.0613792879994,7.060547000946826,running,20.0,50.0,0.5,0.5,0.8,0.9,100,"The game is running normally
Target tick rate: 20.0 per second.
Average time per tick: 0.5ms (Target: 50.0ms)
Percentiles: P50: 0.5ms P95: 0.8ms P99: 0.9ms, sample: 100
",
186,B,249952,2026-10-06T12:54:44.326102+00:00,2026-10-06T12:54:44.328352+00:00,15679.779476867,15679.781727004,1860.0620441809988,2.2501370003737975,running,20.0,50.0,0.5,0.4,0.7,2.8,100,"The game is running normally
Target tick rate: 20.0 per second.
Average time per tick: 0.5ms (Target: 50.0ms)
Percentiles: P50: 0.4ms P95: 0.7ms P99: 2.8ms, sample: 100
",
186,C,249943,2026-10-06T12:54:44.326156+00:00,2026-10-06T12:54:44.335267+00:00,15679.779530007,15679.788641062,1860.0620973209989,9.111055000175838,running,20.0,50.0,0.3,0.2,0.5,1.3,100,"The game is running normally
Target tick rate: 20.0 per second.
Average time per tick: 0.3ms (Target: 50.0ms)
Percentiles: P50: 0.2ms P95: 0.5ms P99: 1.3ms, sample: 100
",
187,A,249950,2026-10-06T12:54:54.325745+00:00,2026-10-06T12:54:54.328931+00:00,15689.779115766,15689.782305278,1870.061683079999,3.1895120009721722,running,20.0,50.0,0.5,0.5,0.9,3.5,100,"The game is running normally
Target tick rate: 20.0 per second.
Average time per tick: 0.5ms (Target: 50.0ms)
Percentiles: P50: 0.5ms P95: 0.9ms P99: 3.5ms, sample: 100
",
187,B,249952,2026-10-06T12:54:54.328223+00:00,2026-10-06T12:54:54.332732+00:00,15689.781595714,15689.786106104,1870.0641630279988,4.510390001087217,running,20.0,50.0,0.4,0.4,0.5,0.6,100,"The game is running normally
Target tick rate: 20.0 per second.
Average time per tick: 0.4ms (Target: 50.0ms)
Percentiles: P50: 0.4ms P95: 0.5ms P99: 0.6ms, sample: 100
",
187,C,249943,2026-10-06T12:54:54.328471+00:00,2026-10-06T12:54:54.333986+00:00,15689.781845192,15689.787360811,1870.064412505999,5.515619001016603,running,20.0,50.0,0.2,0.2,0.4,2.3,100,"The game is running normally
Target tick rate: 20.0 per second.
Average time per tick: 0.2ms (Target: 50.0ms)
Percentiles: P50: 0.2ms P95: 0.4ms P99: 2.3ms, sample: 100
",
188,A,249950,2026-10-06T12:55:04.326684+00:00,2026-10-06T12:55:04.328380+00:00,15699.780055039,15699.78175484,1880.0626223529998,1.6998009996314067,running,20.0,50.0,0.5,0.4,0.7,0.9,100,"The game is running normally
Target tick rate: 20.0 per second.
Average time per tick: 0.5ms (Target: 50.0ms)
Percentiles: P50: 0.4ms P95: 0.7ms P99: 0.9ms, sample: 100
",
188,B,249952,2026-10-06T12:55:04.326825+00:00,2026-10-06T12:55:04.330217+00:00,15699.780199385,15699.783591957,1880.0627666990003,3.3925719999388093,running,20.0,50.0,0.4,0.4,0.6,0.7,100,"The game is running normally
Target tick rate: 20.0 per second.
Average time per tick: 0.4ms (Target: 50.0ms)
Percentiles: P50: 0.4ms P95: 0.6ms P99: 0.7ms, sample: 100
",
188,C,249943,2026-10-06T12:55:04.327102+00:00,2026-10-06T12:55:04.328979+00:00,15699.780476216,15699.782354014,1880.063043529999,1.8777980003505945,running,20.0,50.0,0.2,0.2,0.4,1.6,100,"The game is running normally
Target tick rate: 20.0 per second.
Average time per tick: 0.2ms (Target: 50.0ms)
Percentiles: P50: 0.2ms P95: 0.4ms P99: 1.6ms, sample: 100
",
189,A,249950,2026-10-06T12:55:14.324912+00:00,2026-10-06T12:55:14.335031+00:00,15709.778268068,15709.788404743,1890.060835381999,10.136675000467221,running,20.0,50.0,0.4,0.4,0.7,0.7,100,"The game is running normally
Target tick rate: 20.0 per second.
Average time per tick: 0.4ms (Target: 50.0ms)
Percentiles: P50: 0.4ms P95: 0.7ms P99: 0.7ms, sample: 100
",
189,B,249952,2026-10-06T12:55:14.325043+00:00,2026-10-06T12:55:14.333752+00:00,15709.778414688,15709.78712382,1890.060982002,8.709132000149111,running,20.0,50.0,0.4,0.3,0.6,0.9,100,"The game is running normally
Target tick rate: 20.0 per second.
Average time per tick: 0.4ms (Target: 50.0ms)
Percentiles: P50: 0.3ms P95: 0.6ms P99: 0.9ms, sample: 100
",
189,C,249943,2026-10-06T12:55:14.326824+00:00,2026-10-06T12:55:14.332020+00:00,15709.780198251,15709.785393238,1890.0627655649987,5.194987001232221,running,20.0,50.0,0.2,0.2,0.3,0.5,100,"The game is running normally
Target tick rate: 20.0 per second.
Average time per tick: 0.2ms (Target: 50.0ms)
Percentiles: P50: 0.2ms P95: 0.3ms P99: 0.5ms, sample: 100
",
190,A,249950,2026-10-06T12:55:24.323994+00:00,2026-10-06T12:55:24.329038+00:00,15719.77736493,15719.782412476,1900.0599322439994,5.047546001151204,running,20.0,50.0,0.5,0.5,0.8,1.2,100,"The game is running normally
Target tick rate: 20.0 per second.
Average time per tick: 0.5ms (Target: 50.0ms)
Percentiles: P50: 0.5ms P95: 0.8ms P99: 1.2ms, sample: 100
",
190,B,249952,2026-10-06T12:55:24.324456+00:00,2026-10-06T12:55:24.328845+00:00,15719.777830368,15719.782217753,1900.0603976820003,4.387384999063215,running,20.0,50.0,0.4,0.4,0.5,0.9,100,"The game is running normally
Target tick rate: 20.0 per second.
Average time per tick: 0.4ms (Target: 50.0ms)
Percentiles: P50: 0.4ms P95: 0.5ms P99: 0.9ms, sample: 100
",
190,C,249943,2026-10-06T12:55:24.326697+00:00,2026-10-06T12:55:24.331799+00:00,15719.780071492,15719.785173159,1900.062638805999,5.101667000417365,running,20.0,50.0,0.2,0.2,0.4,0.5,100,"The game is running normally
Target tick rate: 20.0 per second.
Average time per tick: 0.2ms (Target: 50.0ms)
Percentiles: P50: 0.2ms P95: 0.4ms P99: 0.5ms, sample: 100
",
191,A,249950,2026-10-06T12:55:34.330727+00:00,2026-10-06T12:55:34.333289+00:00,15729.784098069,15729.786663419,1910.0666653829994,2.565349999713362,running,20.0,50.0,0.5,0.5,0.9,1.8,100,"The game is running normally
Target tick rate: 20.0 per second.
Average time per tick: 0.5ms (Target: 50.0ms)
Percentiles: P50: 0.5ms P95: 0.9ms P99: 1.8ms, sample: 100
",
191,B,249952,2026-10-06T12:55:34.330850+00:00,2026-10-06T12:55:34.339062+00:00,15729.784224944,15729.792436127,1910.0667922579996,8.211182999730227,running,20.0,50.0,0.5,0.4,0.8,1.4,100,"The game is running normally
Target tick rate: 20.0 per second.
Average time per tick: 0.5ms (Target: 50.0ms)
Percentiles: P50: 0.4ms P95: 0.8ms P99: 1.4ms, sample: 100
",
191,C,249943,2026-10-06T12:55:34.330955+00:00,2026-10-06T12:55:34.337051+00:00,15729.784325085,15729.790423326,1910.0668923989997,6.0982409995631315,running,20.0,50.0,0.3,0.2,0.5,1.0,100,"The game is running normally
Target tick rate: 20.0 per second.
Average time per tick: 0.3ms (Target: 50.0ms)
Percentiles: P50: 0.2ms P95: 0.5ms P99: 1.0ms, sample: 100
",
192,A,249950,2026-10-06T12:55:44.326002+00:00,2026-10-06T12:55:44.331026+00:00,15739.779372528,15739.784400423,1920.0619398420004,5.027894998420379,running,20.0,50.0,0.5,0.5,0.8,1.4,100,"The game is running normally
Target tick rate: 20.0 per second.
Average time per tick: 0.5ms (Target: 50.0ms)
Percentiles: P50: 0.5ms P95: 0.8ms P99: 1.4ms, sample: 100
",
192,B,249952,2026-10-06T12:55:44.326118+00:00,2026-10-06T12:55:44.329867+00:00,15739.779492403,15739.783240718,1920.062059717,3.7483149990293896,running,20.0,50.0,0.4,0.4,0.5,1.3,100,"The game is running normally
Target tick rate: 20.0 per second.
Average time per tick: 0.4ms (Target: 50.0ms)
Percentiles: P50: 0.4ms P95: 0.5ms P99: 1.3ms, sample: 100
",
192,C,249943,2026-10-06T12:55:44.326205+00:00,2026-10-06T12:55:44.331132+00:00,15739.779579804,15739.784506657,1920.0621471180002,4.926853000142728,running,20.0,50.0,0.2,0.2,0.3,0.4,100,"The game is running normally
Target tick rate: 20.0 per second.
Average time per tick: 0.2ms (Target: 50.0ms)
Percentiles: P50: 0.2ms P95: 0.3ms P99: 0.4ms, sample: 100
",
193,A,249950,2026-10-06T12:55:54.327365+00:00,2026-10-06T12:55:54.330233+00:00,15749.780735894,15749.783607444,1930.0633032080004,2.8715499993268168,running,20.0,50.0,0.5,0.5,0.7,0.9,100,"The game is running normally
Target tick rate: 20.0 per second.
Average time per tick: 0.5ms (Target: 50.0ms)
Percentiles: P50: 0.5ms P95: 0.7ms P99: 0.9ms, sample: 100
",
193,B,249952,2026-10-06T12:55:54.327490+00:00,2026-10-06T12:55:54.329676+00:00,15749.780864643,15749.783050193,1930.063431957,2.185549999921932,running,20.0,50.0,0.4,0.4,0.6,1.0,100,"The game is running normally
Target tick rate: 20.0 per second.
Average time per tick: 0.4ms (Target: 50.0ms)
Percentiles: P50: 0.4ms P95: 0.6ms P99: 1.0ms, sample: 100
",
193,C,249943,2026-10-06T12:55:54.327598+00:00,2026-10-06T12:55:54.331086+00:00,15749.780972138,15749.784461115,1930.0635394519995,3.4889769995061215,running,20.0,50.0,0.2,0.2,0.4,0.5,100,"The game is running normally
Target tick rate: 20.0 per second.
Average time per tick: 0.2ms (Target: 50.0ms)
Percentiles: P50: 0.2ms P95: 0.4ms P99: 0.5ms, sample: 100
",
194,A,249950,2026-10-06T12:56:04.326724+00:00,2026-10-06T12:56:04.331903+00:00,15759.780096154,15759.785277692,1940.0626634679993,5.1815380011248635,running,20.0,50.0,0.5,0.5,0.7,1.1,100,"The game is running normally
Target tick rate: 20.0 per second.
Average time per tick: 0.5ms (Target: 50.0ms)
Percentiles: P50: 0.5ms P95: 0.7ms P99: 1.1ms, sample: 100
",
194,B,249952,2026-10-06T12:56:04.327224+00:00,2026-10-06T12:56:04.331684+00:00,15759.780598879,15759.78505667,1940.0631661930001,4.457790999367717,running,20.0,50.0,0.4,0.4,0.6,1.0,100,"The game is running normally
Target tick rate: 20.0 per second.
Average time per tick: 0.4ms (Target: 50.0ms)
Percentiles: P50: 0.4ms P95: 0.6ms P99: 1.0ms, sample: 100
",
194,C,249943,2026-10-06T12:56:04.327351+00:00,2026-10-06T12:56:04.331307+00:00,15759.780721588,15759.784681151,1940.0632889019998,3.9595630005351268,running,20.0,50.0,0.2,0.2,0.3,0.4,100,"The game is running normally
Target tick rate: 20.0 per second.
Average time per tick: 0.2ms (Target: 50.0ms)
Percentiles: P50: 0.2ms P95: 0.3ms P99: 0.4ms, sample: 100
",
195,A,249950,2026-10-06T12:56:14.327033+00:00,2026-10-06T12:56:14.332288+00:00,15769.78040437,15769.785662343,1950.0629716839994,5.2579729999706615,running,20.0,50.0,0.4,0.4,0.8,1.0,100,"The game is running normally
Target tick rate: 20.0 per second.
Average time per tick: 0.4ms (Target: 50.0ms)
Percentiles: P50: 0.4ms P95: 0.8ms P99: 1.0ms, sample: 100
",
195,B,249952,2026-10-06T12:56:14.330097+00:00,2026-10-06T12:56:14.332536+00:00,15769.783469947,15769.7859106,1950.066037261,2.440652999212034,running,20.0,50.0,0.4,0.4,0.5,0.8,100,"The game is running normally
Target tick rate: 20.0 per second.
Average time per tick: 0.4ms (Target: 50.0ms)
Percentiles: P50: 0.4ms P95: 0.5ms P99: 0.8ms, sample: 100
",
195,C,249943,2026-10-06T12:56:14.330346+00:00,2026-10-06T12:56:14.339100+00:00,15769.783720453,15769.792473642,1950.0662877670002,8.75318899852573,running,20.0,50.0,0.2,0.2,0.4,0.5,100,"The game is running normally
Target tick rate: 20.0 per second.
Average time per tick: 0.2ms (Target: 50.0ms)
Percentiles: P50: 0.2ms P95: 0.4ms P99: 0.5ms, sample: 100
",
196,A,249950,2026-10-06T12:56:24.324192+00:00,2026-10-06T12:56:24.331042+00:00,15779.777562765,15779.784417063,1960.0601300790004,6.8542979988706065,running,20.0,50.0,0.5,0.4,0.7,0.8,100,"The game is running normally
Target tick rate: 20.0 per second.
Average time per tick: 0.5ms (Target: 50.0ms)
Percentiles: P50: 0.4ms P95: 0.7ms P99: 0.8ms, sample: 100
",
196,B,249952,2026-10-06T12:56:24.324368+00:00,2026-10-06T12:56:24.329971+00:00,15779.777742049,15779.783344649,1960.0603093629998,5.602600000202074,running,20.0,50.0,0.5,0.4,0.9,1.1,100,"The game is running normally
Target tick rate: 20.0 per second.
Average time per tick: 0.5ms (Target: 50.0ms)
Percentiles: P50: 0.4ms P95: 0.9ms P99: 1.1ms, sample: 100
",
196,C,249943,2026-10-06T12:56:24.324793+00:00,2026-10-06T12:56:24.338312+00:00,15779.778167608,15779.791684988,1960.060734921999,13.517380000848789,running,20.0,50.0,0.2,0.2,0.3,0.7,100,"The game is running normally
Target tick rate: 20.0 per second.
Average time per tick: 0.2ms (Target: 50.0ms)
Percentiles: P50: 0.2ms P95: 0.3ms P99: 0.7ms, sample: 100
",
197,A,249950,2026-10-06T12:56:34.324320+00:00,2026-10-06T12:56:34.329927+00:00,15789.777692098,15789.783301587,1970.0602594119991,5.609489000562462,running,20.0,50.0,0.4,0.4,0.6,0.8,100,"The game is running normally
Target tick rate: 20.0 per second.
Average time per tick: 0.4ms (Target: 50.0ms)
Percentiles: P50: 0.4ms P95: 0.6ms P99: 0.8ms, sample: 100
",
197,B,249952,2026-10-06T12:56:34.326695+00:00,2026-10-06T12:56:34.333857+00:00,15789.780069782,15789.787231681,1970.062637096,7.161899000493577,running,20.0,50.0,0.4,0.3,0.6,1.2,100,"The game is running normally
Target tick rate: 20.0 per second.
Average time per tick: 0.4ms (Target: 50.0ms)
Percentiles: P50: 0.3ms P95: 0.6ms P99: 1.2ms, sample: 100
",
197,C,249943,2026-10-06T12:56:34.326863+00:00,2026-10-06T12:56:34.331955+00:00,15789.780237278,15789.785330092,1970.0628045920002,5.0928139989991905,running,20.0,50.0,0.2,0.2,0.4,0.7,100,"The game is running normally
Target tick rate: 20.0 per second.
Average time per tick: 0.2ms (Target: 50.0ms)
Percentiles: P50: 0.2ms P95: 0.4ms P99: 0.7ms, sample: 100
",
198,A,249950,2026-10-06T12:56:44.325729+00:00,2026-10-06T12:56:44.328845+00:00,15799.779100314,15799.782219776,1980.0616676279988,3.119462000540807,running,20.0,50.0,0.5,0.4,0.7,6.5,100,"The game is running normally
Target tick rate: 20.0 per second.
Average time per tick: 0.5ms (Target: 50.0ms)
Percentiles: P50: 0.4ms P95: 0.7ms P99: 6.5ms, sample: 100
",
198,B,249952,2026-10-06T12:56:44.325951+00:00,2026-10-06T12:56:44.330095+00:00,15799.779325577,15799.783469978,1980.061892890999,4.144401000303333,running,20.0,50.0,0.5,0.4,0.7,3.4,100,"The game is running normally
Target tick rate: 20.0 per second.
Average time per tick: 0.5ms (Target: 50.0ms)
Percentiles: P50: 0.4ms P95: 0.7ms P99: 3.4ms, sample: 100
",
198,C,249943,2026-10-06T12:56:44.326050+00:00,2026-10-06T12:56:44.336915+00:00,15799.779424465,15799.790287992,1980.061991778999,10.863527000765316,running,20.0,50.0,0.2,0.2,0.3,0.6,100,"The game is running normally
Target tick rate: 20.0 per second.
Average time per tick: 0.2ms (Target: 50.0ms)
Percentiles: P50: 0.2ms P95: 0.3ms P99: 0.6ms, sample: 100
",
199,A,249950,2026-10-06T12:56:54.324439+00:00,2026-10-06T12:56:54.330970+00:00,15809.77781017,15809.784344739,1990.0603774840001,6.534568999995827,running,20.0,50.0,0.5,0.5,0.7,1.0,100,"The game is running normally
Target tick rate: 20.0 per second.
Average time per tick: 0.5ms (Target: 50.0ms)
Percentiles: P50: 0.5ms P95: 0.7ms P99: 1.0ms, sample: 100
",
199,B,249952,2026-10-06T12:56:54.326717+00:00,2026-10-06T12:56:54.331757+00:00,15809.780088946,15809.785131635,1990.0626562599991,5.0426890011294745,running,20.0,50.0,0.4,0.4,0.5,1.0,100,"The game is running normally
Target tick rate: 20.0 per second.
Average time per tick: 0.4ms (Target: 50.0ms)
Percentiles: P50: 0.4ms P95: 0.5ms P99: 1.0ms, sample: 100
",
199,C,249943,2026-10-06T12:56:54.326818+00:00,2026-10-06T12:56:54.330814+00:00,15809.780192943,15809.784186977,1990.0627602570003,3.994033999333624,running,20.0,50.0,0.3,0.2,0.4,4.3,100,"The game is running normally
Target tick rate: 20.0 per second.
Average time per tick: 0.3ms (Target: 50.0ms)
Percentiles: P50: 0.2ms P95: 0.4ms P99: 4.3ms, sample: 100
",
200,A,249950,2026-10-06T12:57:04.327666+00:00,2026-10-06T12:57:04.334738+00:00,15819.781038242,15819.788112957,2000.063605555999,7.074715000271681,running,20.0,50.0,0.4,0.4,0.6,0.6,100,"The game is running normally
Target tick rate: 20.0 per second.
Average time per tick: 0.4ms (Target: 50.0ms)
Percentiles: P50: 0.4ms P95: 0.6ms P99: 0.6ms, sample: 100
",
200,B,249952,2026-10-06T12:57:04.327783+00:00,2026-10-06T12:57:04.333725+00:00,15819.781157146,15819.787100086,2000.0637244600002,5.9429399989312515,running,20.0,50.0,0.4,0.3,0.5,0.6,100,"The game is running normally
Target tick rate: 20.0 per second.
Average time per tick: 0.4ms (Target: 50.0ms)
Percentiles: P50: 0.3ms P95: 0.5ms P99: 0.6ms, sample: 100
",
200,C,249943,2026-10-06T12:57:04.327853+00:00,2026-10-06T12:57:04.333028+00:00,15819.781227611,15819.786401868,2000.0637949249995,5.174256999453064,running,20.0,50.0,0.2,0.2,0.3,0.4,100,"The game is running normally
Target tick rate: 20.0 per second.
Average time per tick: 0.2ms (Target: 50.0ms)
Percentiles: P50: 0.2ms P95: 0.3ms P99: 0.4ms, sample: 100
",
201,A,249950,2026-10-06T12:57:14.324498+00:00,2026-10-06T12:57:14.331233+00:00,15829.777869372,15829.784607266,2010.0604366859989,6.737894000252709,running,20.0,50.0,0.4,0.4,0.6,4.1,100,"The game is running normally
Target tick rate: 20.0 per second.
Average time per tick: 0.4ms (Target: 50.0ms)
Percentiles: P50: 0.4ms P95: 0.6ms P99: 4.1ms, sample: 100
",
201,B,249952,2026-10-06T12:57:14.324624+00:00,2026-10-06T12:57:14.329381+00:00,15829.77799821,15829.782755281,2010.0605655239997,4.757070999403368,running,20.0,50.0,0.4,0.3,0.5,1.3,100,"The game is running normally
Target tick rate: 20.0 per second.
Average time per tick: 0.4ms (Target: 50.0ms)
Percentiles: P50: 0.3ms P95: 0.5ms P99: 1.3ms, sample: 100
",
201,C,249943,2026-10-06T12:57:14.325087+00:00,2026-10-06T12:57:14.331493+00:00,15829.778461175,15829.784868027,2010.061028488999,6.406852000509389,running,20.0,50.0,0.2,0.2,0.3,1.4,100,"The game is running normally
Target tick rate: 20.0 per second.
Average time per tick: 0.2ms (Target: 50.0ms)
Percentiles: P50: 0.2ms P95: 0.3ms P99: 1.4ms, sample: 100
",
202,A,249950,2026-10-06T12:57:24.325756+00:00,2026-10-06T12:57:24.331678+00:00,15839.77911959,15839.785052595,2020.0616869040005,5.933004998951219,running,20.0,50.0,0.4,0.4,0.7,1.3,100,"The game is running normally
Target tick rate: 20.0 per second.
Average time per tick: 0.4ms (Target: 50.0ms)
Percentiles: P50: 0.4ms P95: 0.7ms P99: 1.3ms, sample: 100
",
202,B,249952,2026-10-06T12:57:24.325903+00:00,2026-10-06T12:57:24.330928+00:00,15839.779277502,15839.784302094,2020.0618448160003,5.024591999244876,running,20.0,50.0,0.4,0.3,0.7,2.0,100,"The game is running normally
Target tick rate: 20.0 per second.
Average time per tick: 0.4ms (Target: 50.0ms)
Percentiles: P50: 0.3ms P95: 0.7ms P99: 2.0ms, sample: 100
",
202,C,249943,2026-10-06T12:57:24.329298+00:00,2026-10-06T12:57:24.332762+00:00,15839.782671787,15839.786136638,2020.065239100999,3.464851000899216,running,20.0,50.0,0.2,0.2,0.3,0.6,100,"The game is running normally
Target tick rate: 20.0 per second.
Average time per tick: 0.2ms (Target: 50.0ms)
Percentiles: P50: 0.2ms P95: 0.3ms P99: 0.6ms, sample: 100
",
203,A,249950,2026-10-06T12:57:34.324623+00:00,2026-10-06T12:57:34.327216+00:00,15849.777994856,15849.780590693,2030.0605621699997,2.5958370006264886,running,20.0,50.0,0.4,0.4,0.5,1.0,100,"The game is running normally
Target tick rate: 20.0 per second.
Average time per tick: 0.4ms (Target: 50.0ms)
Percentiles: P50: 0.4ms P95: 0.5ms P99: 1.0ms, sample: 100
",
203,B,249952,2026-10-06T12:57:34.325312+00:00,2026-10-06T12:57:34.330518+00:00,15849.778686429,15849.783892083,2030.0612537429988,5.205654000747018,running,20.0,50.0,0.4,0.3,0.5,1.6,100,"The game is running normally
Target tick rate: 20.0 per second.
Average time per tick: 0.4ms (Target: 50.0ms)
Percentiles: P50: 0.3ms P95: 0.5ms P99: 1.6ms, sample: 100
",
203,C,249943,2026-10-06T12:57:34.325372+00:00,2026-10-06T12:57:34.328492+00:00,15849.778746554,15849.781866708,2030.061313868,3.120153998679598,running,20.0,50.0,0.2,0.2,0.3,0.4,100,"The game is running normally
Target tick rate: 20.0 per second.
Average time per tick: 0.2ms (Target: 50.0ms)
Percentiles: P50: 0.2ms P95: 0.3ms P99: 0.4ms, sample: 100
",
204,A,249950,2026-10-06T12:57:44.326089+00:00,2026-10-06T12:57:44.327980+00:00,15859.779460325,15859.781354338,2040.062027639,1.8940129994007293,running,20.0,50.0,0.4,0.4,0.6,1.8,100,"The game is running normally
Target tick rate: 20.0 per second.
Average time per tick: 0.4ms (Target: 50.0ms)
Percentiles: P50: 0.4ms P95: 0.6ms P99: 1.8ms, sample: 100
",
204,B,249952,2026-10-06T12:57:44.326515+00:00,2026-10-06T12:57:44.328283+00:00,15859.779889148,15859.781658334,2040.0624564619993,1.769186001183698,running,20.0,50.0,0.4,0.3,0.5,1.4,100,"The game is running normally
Target tick rate: 20.0 per second.
Average time per tick: 0.4ms (Target: 50.0ms)
Percentiles: P50: 0.3ms P95: 0.5ms P99: 1.4ms, sample: 100
",
204,C,249943,2026-10-06T12:57:44.326563+00:00,2026-10-06T12:57:44.332227+00:00,15859.779937962,15859.785537657,2040.0625052759988,5.599695001365035,running,20.0,50.0,0.2,0.2,0.3,0.5,100,"The game is running normally
Target tick rate: 20.0 per second.
Average time per tick: 0.2ms (Target: 50.0ms)
Percentiles: P50: 0.2ms P95: 0.3ms P99: 0.5ms, sample: 100
",
205,A,249950,2026-10-06T12:57:54.324123+00:00,2026-10-06T12:57:54.334992+00:00,15869.777494161,15869.788366291,2050.060061475,10.872130000279867,running,20.0,50.0,0.4,0.4,0.6,1.5,100,"The game is running normally
Target tick rate: 20.0 per second.
Average time per tick: 0.4ms (Target: 50.0ms)
Percentiles: P50: 0.4ms P95: 0.6ms P99: 1.5ms, sample: 100
",
205,B,249952,2026-10-06T12:57:54.324723+00:00,2026-10-06T12:57:54.333466+00:00,15869.778087652,15869.786839209,2050.0606549659988,8.751557001232868,running,20.0,50.0,0.4,0.4,0.6,1.1,100,"The game is running normally
Target tick rate: 20.0 per second.
Average time per tick: 0.4ms (Target: 50.0ms)
Percentiles: P50: 0.4ms P95: 0.6ms P99: 1.1ms, sample: 100
",
205,C,249943,2026-10-06T12:57:54.324766+00:00,2026-10-06T12:57:54.328186+00:00,15869.778140141,15869.78153698,2050.060707454999,3.3968389998335624,running,20.0,50.0,0.2,0.2,0.3,0.6,100,"The game is running normally
Target tick rate: 20.0 per second.
Average time per tick: 0.2ms (Target: 50.0ms)
Percentiles: P50: 0.2ms P95: 0.3ms P99: 0.6ms, sample: 100
",
206,A,249950,2026-10-06T12:58:04.324804+00:00,2026-10-06T12:58:04.328086+00:00,15879.778171796,15879.781460653,2060.06073911,3.288856998551637,running,20.0,50.0,0.4,0.4,0.6,1.0,100,"The game is running normally
Target tick rate: 20.0 per second.
Average time per tick: 0.4ms (Target: 50.0ms)
Percentiles: P50: 0.4ms P95: 0.6ms P99: 1.0ms, sample: 100
",
206,B,249952,2026-10-06T12:58:04.326943+00:00,2026-10-06T12:58:04.328889+00:00,15879.780317251,15879.782263433,2060.062884564999,1.946182001120178,running,20.0,50.0,0.4,0.4,0.6,1.5,100,"The game is running normally
Target tick rate: 20.0 per second.
Average time per tick: 0.4ms (Target: 50.0ms)
Percentiles: P50: 0.4ms P95: 0.6ms P99: 1.5ms, sample: 100
",
206,C,249943,2026-10-06T12:58:04.327118+00:00,2026-10-06T12:58:04.335743+00:00,15879.780493025,15879.789116489,2060.063060339,8.623464000265813,running,20.0,50.0,0.2,0.2,0.3,0.9,100,"The game is running normally
Target tick rate: 20.0 per second.
Average time per tick: 0.2ms (Target: 50.0ms)
Percentiles: P50: 0.2ms P95: 0.3ms P99: 0.9ms, sample: 100
",
207,A,249950,2026-10-06T12:58:14.324945+00:00,2026-10-06T12:58:14.326300+00:00,15889.778316429,15889.779674928,2070.060883742999,1.3584990010713227,running,20.0,50.0,0.4,0.4,0.6,0.9,100,"The game is running normally
Target tick rate: 20.0 per second.
Average time per tick: 0.4ms (Target: 50.0ms)
Percentiles: P50: 0.4ms P95: 0.6ms P99: 0.9ms, sample: 100
",
207,B,249952,2026-10-06T12:58:14.325050+00:00,2026-10-06T12:58:14.335032+00:00,15889.77842395,15889.788405903,2070.0609912639993,9.981953000533395,running,20.0,50.0,0.4,0.4,0.7,1.3,100,"The game is running normally
Target tick rate: 20.0 per second.
Average time per tick: 0.4ms (Target: 50.0ms)
Percentiles: P50: 0.4ms P95: 0.7ms P99: 1.3ms, sample: 100
",
207,C,249943,2026-10-06T12:58:14.325098+00:00,2026-10-06T12:58:14.330102+00:00,15889.778473545,15889.783476054,2070.061040859,5.002509000405553,running,20.0,50.0,0.2,0.2,0.3,0.9,100,"The game is running normally
Target tick rate: 20.0 per second.
Average time per tick: 0.2ms (Target: 50.0ms)
Percentiles: P50: 0.2ms P95: 0.3ms P99: 0.9ms, sample: 100
",
208,A,249950,2026-10-06T12:58:24.328547+00:00,2026-10-06T12:58:24.339600+00:00,15899.781916154,15899.792974793,2080.064483467999,11.058639000111725,running,20.0,50.0,0.5,0.4,0.6,5.0,100,"The game is running normally
Target tick rate: 20.0 per second.
Average time per tick: 0.5ms (Target: 50.0ms)
Percentiles: P50: 0.4ms P95: 0.6ms P99: 5.0ms, sample: 100
",
208,B,249952,2026-10-06T12:58:24.331576+00:00,2026-10-06T12:58:24.337394+00:00,15899.784947975,15899.790767079,2080.067515289,5.819103998874198,running,20.0,50.0,0.4,0.4,0.6,4.2,100,"The game is running normally
Target tick rate: 20.0 per second.
Average time per tick: 0.4ms (Target: 50.0ms)
Percentiles: P50: 0.4ms P95: 0.6ms P99: 4.2ms, sample: 100
",
208,C,249943,2026-10-06T12:58:24.332819+00:00,2026-10-06T12:58:24.339133+00:00,15899.786192072,15899.792506981,2080.0687593860002,6.314909000138869,running,20.0,50.0,0.2,0.2,0.3,2.9,100,"The game is running normally
Target tick rate: 20.0 per second.
Average time per tick: 0.2ms (Target: 50.0ms)
Percentiles: P50: 0.2ms P95: 0.3ms P99: 2.9ms, sample: 100
",
209,A,249950,2026-10-06T12:58:34.324410+00:00,2026-10-06T12:58:34.331726+00:00,15909.777780935,15909.785101363,2090.0603482489987,7.320428001548862,running,20.0,50.0,0.4,0.4,0.6,1.2,100,"The game is running normally
Target tick rate: 20.0 per second.
Average time per tick: 0.4ms (Target: 50.0ms)
Percentiles: P50: 0.4ms P95: 0.6ms P99: 1.2ms, sample: 100
",
209,B,249952,2026-10-06T12:58:34.324500+00:00,2026-10-06T12:58:34.331470+00:00,15909.777875237,15909.784842835,2090.060442550999,6.9675980012107175,running,20.0,50.0,0.4,0.3,0.7,1.5,100,"The game is running normally
Target tick rate: 20.0 per second.
Average time per tick: 0.4ms (Target: 50.0ms)
Percentiles: P50: 0.3ms P95: 0.7ms P99: 1.5ms, sample: 100
",
209,C,249943,2026-10-06T12:58:34.324555+00:00,2026-10-06T12:58:34.332426+00:00,15909.777926384,15909.785800733,2090.060493698,7.8743489993939875,running,20.0,50.0,0.2,0.2,0.3,0.7,100,"The game is running normally
Target tick rate: 20.0 per second.
Average time per tick: 0.2ms (Target: 50.0ms)
Percentiles: P50: 0.2ms P95: 0.3ms P99: 0.7ms, sample: 100
",
210,A,249950,2026-10-06T12:58:44.324364+00:00,2026-10-06T12:58:44.330086+00:00,15919.777736384,15919.783461017,2100.060303697999,5.724632999772439,running,20.0,50.0,0.4,0.4,0.6,4.1,100,"The game is running normally
Target tick rate: 20.0 per second.
Average time per tick: 0.4ms (Target: 50.0ms)
Percentiles: P50: 0.4ms P95: 0.6ms P99: 4.1ms, sample: 100
",
210,B,249952,2026-10-06T12:58:44.324708+00:00,2026-10-06T12:58:44.326066+00:00,15919.778083205,15919.779440813,2100.060650518999,1.3576080000348156,running,20.0,50.0,0.5,0.3,1.0,4.6,100,"The game is running normally
Target tick rate: 20.0 per second.
Average time per tick: 0.5ms (Target: 50.0ms)
Percentiles: P50: 0.3ms P95: 1.0ms P99: 4.6ms, sample: 100
",
210,C,249943,2026-10-06T12:58:44.324959+00:00,2026-10-06T12:58:44.328577+00:00,15919.778334111,15919.781951761,2100.0609014250003,3.617649999796413,running,20.0,50.0,0.3,0.2,0.3,3.9,100,"The game is running normally
Target tick rate: 20.0 per second.
Average time per tick: 0.3ms (Target: 50.0ms)
Percentiles: P50: 0.2ms P95: 0.3ms P99: 3.9ms, sample: 100
",
211,A,249950,2026-10-06T12:58:54.327982+00:00,2026-10-06T12:58:54.329930+00:00,15929.781353114,15929.783304613,2110.0639204279996,1.9514989999152021,running,20.0,50.0,0.6,0.5,0.7,15.9,100,"The game is running normally
Target tick rate: 20.0 per second.
Average time per tick: 0.6ms (Target: 50.0ms)
Percentiles: P50: 0.5ms P95: 0.7ms P99: 15.9ms, sample: 100
",
211,B,249952,2026-10-06T12:58:54.328447+00:00,2026-10-06T12:58:54.331104+00:00,15929.781821497,15929.784478125,2110.064388810999,2.6566280012048082,running,20.0,50.0,0.4,0.4,0.7,1.7,100,"The game is running normally
Target tick rate: 20.0 per second.
Average time per tick: 0.4ms (Target: 50.0ms)
Percentiles: P50: 0.4ms P95: 0.7ms P99: 1.7ms, sample: 100
",
211,C,249943,2026-10-06T12:58:54.330124+00:00,2026-10-06T12:58:54.338356+00:00,15929.783498144,15929.791726875,2110.066065457999,8.228731001509004,running,20.0,50.0,0.2,0.2,0.3,0.4,100,"The game is running normally
Target tick rate: 20.0 per second.
Average time per tick: 0.2ms (Target: 50.0ms)
Percentiles: P50: 0.2ms P95: 0.3ms P99: 0.4ms, sample: 100
",
212,A,249950,2026-10-06T12:59:04.324309+00:00,2026-10-06T12:59:04.334695+00:00,15939.777680936,15939.788068388,2120.06024825,10.387451999122277,running,20.0,50.0,0.5,0.4,1.2,1.9,100,"The game is running normally
Target tick rate: 20.0 per second.
Average time per tick: 0.5ms (Target: 50.0ms)
Percentiles: P50: 0.4ms P95: 1.2ms P99: 1.9ms, sample: 100
",
212,B,249952,2026-10-06T12:59:04.324601+00:00,2026-10-06T12:59:04.329921+00:00,15939.777976289,15939.783293571,2120.060543603,5.317281998941326,running,20.0,50.0,0.5,0.4,0.8,1.4,100,"The game is running normally
Target tick rate: 20.0 per second.
Average time per tick: 0.5ms (Target: 50.0ms)
Percentiles: P50: 0.4ms P95: 0.8ms P99: 1.4ms, sample: 100
",
212,C,249943,2026-10-06T12:59:04.324970+00:00,2026-10-06T12:59:04.335005+00:00,15939.778345243,15939.788380206,2120.060912556999,10.034963001089636,running,20.0,50.0,0.3,0.2,0.4,3.6,100,"The game is running normally
Target tick rate: 20.0 per second.
Average time per tick: 0.3ms (Target: 50.0ms)
Percentiles: P50: 0.2ms P95: 0.4ms P99: 3.6ms, sample: 100
",
213,A,249950,2026-10-06T12:59:14.323993+00:00,2026-10-06T12:59:14.332348+00:00,15949.777364,15949.785721686,2130.059931313999,8.357685999726527,running,20.0,50.0,0.6,0.5,1.2,8.1,100,"The game is running normally
Target tick rate: 20.0 per second.
Average time per tick: 0.6ms (Target: 50.0ms)
Percentiles: P50: 0.5ms P95: 1.2ms P99: 8.1ms, sample: 100
",
213,B,249952,2026-10-06T12:59:14.324416+00:00,2026-10-06T12:59:14.327892+00:00,15949.777790501,15949.781266869,2130.0603578150003,3.4763679996103747,running,20.0,50.0,0.6,0.4,1.2,6.0,100,"The game is running normally
Target tick rate: 20.0 per second.
Average time per tick: 0.6ms (Target: 50.0ms)
Percentiles: P50: 0.4ms P95: 1.2ms P99: 6.0ms, sample: 100
",
213,C,249943,2026-10-06T12:59:14.324573+00:00,2026-10-06T12:59:14.327426+00:00,15949.777947356,15949.780799878,2130.06051467,2.8525220004667062,running,20.0,50.0,0.3,0.2,0.5,0.7,100,"The game is running normally
Target tick rate: 20.0 per second.
Average time per tick: 0.3ms (Target: 50.0ms)
Percentiles: P50: 0.2ms P95: 0.5ms P99: 0.7ms, sample: 100
",
214,A,249950,2026-10-06T12:59:24.324068+00:00,2026-10-06T12:59:24.330103+00:00,15959.77743923,15959.783477563,2140.0600065439994,6.038333000105922,running,20.0,50.0,0.5,0.4,0.8,3.4,100,"The game is running normally
Target tick rate: 20.0 per second.
Average time per tick: 0.5ms (Target: 50.0ms)
Percentiles: P50: 0.4ms P95: 0.8ms P99: 3.4ms, sample: 100
",
214,B,249952,2026-10-06T12:59:24.324514+00:00,2026-10-06T12:59:24.327820+00:00,15959.777889095,15959.781194301,2140.060456408999,3.3052060007321415,running,20.0,50.0,0.4,0.4,0.6,1.4,100,"The game is running normally
Target tick rate: 20.0 per second.
Average time per tick: 0.4ms (Target: 50.0ms)
Percentiles: P50: 0.4ms P95: 0.6ms P99: 1.4ms, sample: 100
",
214,C,249943,2026-10-06T12:59:24.324877+00:00,2026-10-06T12:59:24.326346+00:00,15959.778251609,15959.779720214,2140.060818922999,1.4686049998999806,running,20.0,50.0,0.2,0.2,0.4,1.5,100,"The game is running normally
Target tick rate: 20.0 per second.
Average time per tick: 0.2ms (Target: 50.0ms)
Percentiles: P50: 0.2ms P95: 0.4ms P99: 1.5ms, sample: 100
",
215,A,249950,2026-10-06T12:59:34.326034+00:00,2026-10-06T12:59:34.329090+00:00,15969.779406764,15969.782463343,2150.0619740780003,3.056578998439363,running,20.0,50.0,0.4,0.4,0.6,0.9,100,"The game is running normally
Target tick rate: 20.0 per second.
Average time per tick: 0.4ms (Target: 50.0ms)
Percentiles: P50: 0.4ms P95: 0.6ms P99: 0.9ms, sample: 100
",
215,B,249952,2026-10-06T12:59:34.326227+00:00,2026-10-06T12:59:34.330579+00:00,15969.779601356,15969.783953179,2150.0621686699997,4.351822999524302,running,20.0,50.0,0.4,0.4,0.8,1.5,100,"The game is running normally
Target tick rate: 20.0 per second.
Average time per tick: 0.4ms (Target: 50.0ms)
Percentiles: P50: 0.4ms P95: 0.8ms P99: 1.5ms, sample: 100
",
215,C,249943,2026-10-06T12:59:34.326408+00:00,2026-10-06T12:59:34.335930+00:00,15969.779782398,15969.789304512,2150.0623497119996,9.522113999992143,running,20.0,50.0,0.2,0.2,0.3,0.6,100,"The game is running normally
Target tick rate: 20.0 per second.
Average time per tick: 0.2ms (Target: 50.0ms)
Percentiles: P50: 0.2ms P95: 0.3ms P99: 0.6ms, sample: 100
",
216,A,249950,2026-10-06T12:59:44.324995+00:00,2026-10-06T12:59:44.336053+00:00,15979.778366862,15979.789425401,2160.060934175999,11.058539001169265,running,20.0,50.0,0.4,0.4,0.7,0.8,100,"The game is running normally
Target tick rate: 20.0 per second.
Average time per tick: 0.4ms (Target: 50.0ms)
Percentiles: P50: 0.4ms P95: 0.7ms P99: 0.8ms, sample: 100
",
216,B,249952,2026-10-06T12:59:44.325084+00:00,2026-10-06T12:59:44.326725+00:00,15979.77845879,15979.780100104,2160.061026104,1.6413140001532156,running,20.0,50.0,0.4,0.4,0.6,1.1,100,"The game is running normally
Target tick rate: 20.0 per second.
Average time per tick: 0.4ms (Target: 50.0ms)
Percentiles: P50: 0.4ms P95: 0.6ms P99: 1.1ms, sample: 100
",
216,C,249943,2026-10-06T12:59:44.325351+00:00,2026-10-06T12:59:44.328792+00:00,15979.778725511,15979.782166816,2160.0612928249993,3.4413049997965572,running,20.0,50.0,0.2,0.2,0.3,0.5,100,"The game is running normally
Target tick rate: 20.0 per second.
Average time per tick: 0.2ms (Target: 50.0ms)
Percentiles: P50: 0.2ms P95: 0.3ms P99: 0.5ms, sample: 100
",
217,A,249950,2026-10-06T12:59:54.324993+00:00,2026-10-06T12:59:54.329436+00:00,15989.778365279,15989.782808528,2170.060932593,4.443248999450589,running,20.0,50.0,0.5,0.4,0.9,2.0,100,"The game is running normally
Target tick rate: 20.0 per second.
Average time per tick: 0.5ms (Target: 50.0ms)
Percentiles: P50: 0.4ms P95: 0.9ms P99: 2.0ms, sample: 100
",
217,B,249952,2026-10-06T12:59:54.325208+00:00,2026-10-06T12:59:54.330709+00:00,15989.778582175,15989.784083632,2170.061149489,5.501456998899812,running,20.0,50.0,0.5,0.4,1.0,3.5,100,"The game is running normally
Target tick rate: 20.0 per second.
Average time per tick: 0.5ms (Target: 50.0ms)
Percentiles: P50: 0.4ms P95: 1.0ms P99: 3.5ms, sample: 100
",
217,C,249943,2026-10-06T12:59:54.325520+00:00,2026-10-06T12:59:54.330041+00:00,15989.778894634,15989.78341601,2170.061461948,4.521375998592703,running,20.0,50.0,0.2,0.2,0.4,0.9,100,"The game is running normally
Target tick rate: 20.0 per second.
Average time per tick: 0.2ms (Target: 50.0ms)
Percentiles: P50: 0.2ms P95: 0.4ms P99: 0.9ms, sample: 100
",
218,A,249950,2026-10-06T13:00:04.326891+00:00,2026-10-06T13:00:04.332648+00:00,15999.780263613,15999.786020904,2180.0628309269996,5.757291000918485,running,20.0,50.0,0.5,0.4,0.7,0.8,100,"The game is running normally
Target tick rate: 20.0 per second.
Average time per tick: 0.5ms (Target: 50.0ms)
Percentiles: P50: 0.4ms P95: 0.7ms P99: 0.8ms, sample: 100
",
218,B,249952,2026-10-06T13:00:04.329206+00:00,2026-10-06T13:00:04.331948+00:00,15999.782576349,15999.785323092,2180.0651436629996,2.7467430008982774,running,20.0,50.0,0.5,0.4,0.8,2.3,100,"The game is running normally
Target tick rate: 20.0 per second.
Average time per tick: 0.5ms (Target: 50.0ms)
Percentiles: P50: 0.4ms P95: 0.8ms P99: 2.3ms, sample: 100
",
218,C,249943,2026-10-06T13:00:04.329679+00:00,2026-10-06T13:00:04.333312+00:00,15999.783054226,15999.786686789,2180.0656215399995,3.632563000792288,running,20.0,50.0,0.2,0.2,0.4,1.4,100,"The game is running normally
Target tick rate: 20.0 per second.
Average time per tick: 0.2ms (Target: 50.0ms)
Percentiles: P50: 0.2ms P95: 0.4ms P99: 1.4ms, sample: 100
",
219,A,249950,2026-10-06T13:00:14.324558+00:00,2026-10-06T13:00:14.336637+00:00,16009.777929745,16009.790009106,2190.0604970589993,12.079361000360223,running,20.0,50.0,0.5,0.4,0.8,1.1,100,"The game is running normally
Target tick rate: 20.0 per second.
Average time per tick: 0.5ms (Target: 50.0ms)
Percentiles: P50: 0.4ms P95: 0.8ms P99: 1.1ms, sample: 100
",
219,B,249952,2026-10-06T13:00:14.325497+00:00,2026-10-06T13:00:14.331967+00:00,16009.778871488,16009.78534144,2190.0614388020003,6.4699519989517285,running,20.0,50.0,0.5,0.4,0.9,7.2,100,"The game is running normally
Target tick rate: 20.0 per second.
Average time per tick: 0.5ms (Target: 50.0ms)
Percentiles: P50: 0.4ms P95: 0.9ms P99: 7.2ms, sample: 100
",
219,C,249943,2026-10-06T13:00:14.330865+00:00,2026-10-06T13:00:14.337106+00:00,16009.784238404,16009.790480764,2190.066805717999,6.242360001124325,running,20.0,50.0,0.2,0.2,0.4,1.1,100,"The game is running normally
Target tick rate: 20.0 per second.
Average time per tick: 0.2ms (Target: 50.0ms)
Percentiles: P50: 0.2ms P95: 0.4ms P99: 1.1ms, sample: 100
",
220,A,249950,2026-10-06T13:00:24.324044+00:00,2026-10-06T13:00:24.328551+00:00,16019.777415109,16019.78190674,2200.0599824229994,4.491630999837071,running,20.0,50.0,0.5,0.4,0.9,2.1,100,"The game is running normally
Target tick rate: 20.0 per second.
Average time per tick: 0.5ms (Target: 50.0ms)
Percentiles: P50: 0.4ms P95: 0.9ms P99: 2.1ms, sample: 100
",
220,B,249952,2026-10-06T13:00:24.324148+00:00,2026-10-06T13:00:24.330082+00:00,16019.77752276,16019.783456747,2200.060090073999,5.933987000389607,running,20.0,50.0,0.4,0.4,0.9,1.5,100,"The game is running normally
Target tick rate: 20.0 per second.
Average time per tick: 0.4ms (Target: 50.0ms)
Percentiles: P50: 0.4ms P95: 0.9ms P99: 1.5ms, sample: 100
",
220,C,249943,2026-10-06T13:00:24.324355+00:00,2026-10-06T13:00:24.334594+00:00,16019.777729791,16019.787967988,2200.0602971049993,10.238197000944638,running,20.0,50.0,0.2,0.2,0.3,0.6,100,"The game is running normally
Target tick rate: 20.0 per second.
Average time per tick: 0.2ms (Target: 50.0ms)
Percentiles: P50: 0.2ms P95: 0.3ms P99: 0.6ms, sample: 100
",
221,A,249950,2026-10-06T13:00:34.326065+00:00,2026-10-06T13:00:34.332147+00:00,16029.779435458,16029.785521183,2210.0620027719997,6.08572499913862,running,20.0,50.0,0.5,0.4,0.7,1.7,100,"The game is running normally
Target tick rate: 20.0 per second.
Average time per tick: 0.5ms (Target: 50.0ms)
Percentiles: P50: 0.4ms P95: 0.7ms P99: 1.7ms, sample: 100
",
221,B,249952,2026-10-06T13:00:34.326757+00:00,2026-10-06T13:00:34.330190+00:00,16029.780131142,16029.783563614,2210.0626984560004,3.4324719999858644,running,20.0,50.0,0.5,0.4,0.7,1.4,100,"The game is running normally
Target tick rate: 20.0 per second.
Average time per tick: 0.5ms (Target: 50.0ms)
Percentiles: P50: 0.4ms P95: 0.7ms P99: 1.4ms, sample: 100
",
221,C,249943,2026-10-06T13:00:34.326987+00:00,2026-10-06T13:00:34.331538+00:00,16029.780361868,16029.784912279,2210.0629291820005,4.550410998490406,running,20.0,50.0,0.3,0.2,0.3,6.0,100,"The game is running normally
Target tick rate: 20.0 per second.
Average time per tick: 0.3ms (Target: 50.0ms)
Percentiles: P50: 0.2ms P95: 0.3ms P99: 6.0ms, sample: 100
",
222,A,249950,2026-10-06T13:00:44.325293+00:00,2026-10-06T13:00:44.327723+00:00,16039.778664827,16039.781097768,2220.061232140999,2.4329410007339902,running,20.0,50.0,0.5,0.5,0.6,0.9,100,"The game is running normally
Target tick rate: 20.0 per second.
Average time per tick: 0.5ms (Target: 50.0ms)
Percentiles: P50: 0.5ms P95: 0.6ms P99: 0.9ms, sample: 100
",
222,B,249952,2026-10-06T13:00:44.325705+00:00,2026-10-06T13:00:44.335495+00:00,16039.779079859,16039.788867235,2220.061647172999,9.787376000531367,running,20.0,50.0,0.5,0.4,0.8,3.6,100,"The game is running normally
Target tick rate: 20.0 per second.
Average time per tick: 0.5ms (Target: 50.0ms)
Percentiles: P50: 0.4ms P95: 0.8ms P99: 3.6ms, sample: 100
",
222,C,249943,2026-10-06T13:00:44.325752+00:00,2026-10-06T13:00:44.328747+00:00,16039.779126514,16039.78212165,2220.061693828,2.9951359992992366,running,20.0,50.0,0.3,0.2,0.5,3.7,100,"The game is running normally
Target tick rate: 20.0 per second.
Average time per tick: 0.3ms (Target: 50.0ms)
Percentiles: P50: 0.2ms P95: 0.5ms P99: 3.7ms, sample: 100
",
223,A,249950,2026-10-06T13:00:54.325338+00:00,2026-10-06T13:00:54.336256+00:00,16049.778710196,16049.789629596,2230.06127751,10.919399999693269,running,20.0,50.0,0.5,0.4,0.6,3.9,100,"The game is running normally
Target tick rate: 20.0 per second.
Average time per tick: 0.5ms (Target: 50.0ms)
Percentiles: P50: 0.4ms P95: 0.6ms P99: 3.9ms, sample: 100
",
223,B,249952,2026-10-06T13:00:54.326682+00:00,2026-10-06T13:00:54.334084+00:00,16049.780056667,16049.787456103,2230.062623980999,7.3994360009237425,running,20.0,50.0,0.4,0.4,0.6,2.6,100,"The game is running normally
Target tick rate: 20.0 per second.
Average time per tick: 0.4ms (Target: 50.0ms)
Percentiles: P50: 0.4ms P95: 0.6ms P99: 2.6ms, sample: 100
",
223,C,249943,2026-10-06T13:00:54.327580+00:00,2026-10-06T13:00:54.337266+00:00,16049.780954805,16049.790640614,2230.0635221190005,9.685808998256107,running,20.0,50.0,0.2,0.2,0.3,2.1,100,"The game is running normally
Target tick rate: 20.0 per second.
Average time per tick: 0.2ms (Target: 50.0ms)
Percentiles: P50: 0.2ms P95: 0.3ms P99: 2.1ms, sample: 100
",
224,A,249950,2026-10-06T13:01:04.328606+00:00,2026-10-06T13:01:04.332865+00:00,16059.781976921,16059.786239799,2240.0645442349996,4.262877999281045,running,20.0,50.0,0.4,0.4,0.6,0.7,100,"The game is running normally
Target tick rate: 20.0 per second.
Average time per tick: 0.4ms (Target: 50.0ms)
Percentiles: P50: 0.4ms P95: 0.6ms P99: 0.7ms, sample: 100
",
224,B,249952,2026-10-06T13:01:04.328716+00:00,2026-10-06T13:01:04.334676+00:00,16059.782090601,16059.788050297,2240.0646579149998,5.9596959999907995,running,20.0,50.0,0.5,0.4,0.6,7.1,100,"The game is running normally
Target tick rate: 20.0 per second.
Average time per tick: 0.5ms (Target: 50.0ms)
Percentiles: P50: 0.4ms P95: 0.6ms P99: 7.1ms, sample: 100
",
224,C,249943,2026-10-06T13:01:04.329012+00:00,2026-10-06T13:01:04.332135+00:00,16059.782386946,16059.785508802,2240.0649542600004,3.1218559997796547,running,20.0,50.0,0.2,0.2,0.4,1.8,100,"The game is running normally
Target tick rate: 20.0 per second.
Average time per tick: 0.2ms (Target: 50.0ms)
Percentiles: P50: 0.2ms P95: 0.4ms P99: 1.8ms, sample: 100
",
225,A,249950,2026-10-06T13:01:14.324064+00:00,2026-10-06T13:01:14.328140+00:00,16069.777434184,16069.781502521,2250.060001497999,4.0683370007172925,running,20.0,50.0,0.5,0.4,0.9,2.3,100,"The game is running normally
Target tick rate: 20.0 per second.
Average time per tick: 0.5ms (Target: 50.0ms)
Percentiles: P50: 0.4ms P95: 0.9ms P99: 2.3ms, sample: 100
",
225,B,249952,2026-10-06T13:01:14.325886+00:00,2026-10-06T13:01:14.334793+00:00,16069.779259304,16069.788167235,2250.061826617999,8.907931000067038,running,20.0,50.0,0.4,0.4,0.6,1.1,100,"The game is running normally
Target tick rate: 20.0 per second.
Average time per tick: 0.4ms (Target: 50.0ms)
Percentiles: P50: 0.4ms P95: 0.6ms P99: 1.1ms, sample: 100
",
225,C,249943,2026-10-06T13:01:14.325946+00:00,2026-10-06T13:01:14.331886+00:00,16069.779320946,16069.785260392,2250.0618882599993,5.939446000411408,running,20.0,50.0,0.2,0.2,0.4,0.9,100,"The game is running normally
Target tick rate: 20.0 per second.
Average time per tick: 0.2ms (Target: 50.0ms)
Percentiles: P50: 0.2ms P95: 0.4ms P99: 0.9ms, sample: 100
",
226,A,249950,2026-10-06T13:01:24.326051+00:00,2026-10-06T13:01:24.328298+00:00,16079.779422903,16079.78167295,2260.061990217,2.2500469985970994,running,20.0,50.0,0.5,0.5,0.8,1.4,100,"The game is running normally
Target tick rate: 20.0 per second.
Average time per tick: 0.5ms (Target: 50.0ms)
Percentiles: P50: 0.5ms P95: 0.8ms P99: 1.4ms, sample: 100
",
226,B,249952,2026-10-06T13:01:24.326185+00:00,2026-10-06T13:01:24.333076+00:00,16079.779559919,16079.786447106,2260.062127232999,6.887187000756967,running,20.0,50.0,0.5,0.4,0.9,1.9,100,"The game is running normally
Target tick rate: 20.0 per second.
Average time per tick: 0.5ms (Target: 50.0ms)
Percentiles: P50: 0.4ms P95: 0.9ms P99: 1.9ms, sample: 100
",
226,C,249943,2026-10-06T13:01:24.326692+00:00,2026-10-06T13:01:24.328658+00:00,16079.780066299,16079.782033091,2260.062633612999,1.966792000530404,running,20.0,50.0,0.3,0.2,0.5,0.7,100,"The game is running normally
Target tick rate: 20.0 per second.
Average time per tick: 0.3ms (Target: 50.0ms)
Percentiles: P50: 0.2ms P95: 0.5ms P99: 0.7ms, sample: 100
",
