scope,scenario,repeat,phase,server,metric,run,status,group_status,reason,samples,first_read_utc,last_read_utc,sample_point_span_seconds,CPU_process_percent,heap_used_sample_mean_bytes,heap_used_sample_max_bytes,GC_GCT_delta_seconds,queried_tick_window_mean_ms
individual,same,1,low_flow,A,cpu_rss,A,UNMEASURED,,,0,,,,,,,,
individual,same,1,low_flow,A,heap_gc,A,UNMEASURED,,,0,,,,,,,,
individual,same,1,low_flow,A,tick,A,UNMEASURED,,,0,,,,,,,,
individual,same,1,low_flow,B,cpu_rss,A,UNMEASURED,,,0,,,,,,,,
individual,same,1,low_flow,B,heap_gc,A,UNMEASURED,,,0,,,,,,,,
individual,same,1,low_flow,B,tick,A,UNMEASURED,,,0,,,,,,,,
individual,same,1,low_flow,C,cpu_rss,A,UNMEASURED,,,0,,,,,,,,
individual,same,1,low_flow,C,heap_gc,A,UNMEASURED,,,0,,,,,,,,
individual,same,1,low_flow,C,tick,A,UNMEASURED,,,0,,,,,,,,
individual,same,1,warmup,A,cpu_rss,A,UNMEASURED,,,0,,,,,,,,
individual,same,1,warmup,A,heap_gc,A,UNMEASURED,,,0,,,,,,,,
individual,same,1,warmup,A,tick,A,UNMEASURED,,,0,,,,,,,,
individual,same,1,warmup,B,cpu_rss,A,UNMEASURED,,,0,,,,,,,,
individual,same,1,warmup,B,heap_gc,A,UNMEASURED,,,0,,,,,,,,
individual,same,1,warmup,B,tick,A,UNMEASURED,,,0,,,,,,,,
individual,same,1,warmup,C,cpu_rss,A,UNMEASURED,,,0,,,,,,,,
individual,same,1,warmup,C,heap_gc,A,UNMEASURED,,,0,,,,,,,,
individual,same,1,warmup,C,tick,A,UNMEASURED,,,0,,,,,,,,
individual,same,1,steady,A,cpu_rss,A,UNMEASURED,,,0,,,,,,,,
individual,same,1,steady,A,heap_gc,A,UNMEASURED,,,0,,,,,,,,
individual,same,1,steady,A,tick,A,UNMEASURED,,,0,,,,,,,,
individual,same,1,steady,B,cpu_rss,A,UNMEASURED,,,0,,,,,,,,
individual,same,1,steady,B,heap_gc,A,UNMEASURED,,,0,,,,,,,,
individual,same,1,steady,B,tick,A,UNMEASURED,,,0,,,,,,,,
individual,same,1,steady,C,cpu_rss,A,UNMEASURED,,,0,,,,,,,,
individual,same,1,steady,C,heap_gc,A,UNMEASURED,,,0,,,,,,,,
individual,same,1,steady,C,tick,A,UNMEASURED,,,0,,,,,,,,
individual,cross,1,low_flow,A,cpu_rss,A,OBSERVED,,,21,2026-10-06T09:09:50.655790+00:00,2026-10-06T09:11:30.657066+00:00,99.99967837333679,7.6600246366816505,,,,
individual,cross,1,low_flow,A,heap_gc,A,OBSERVED,,,21,2026-10-06T09:09:50.657711+00:00,2026-10-06T09:11:30.780003+00:00,99.9800431728363,,362577192.85714287,491113164,0.018000000000000016,
individual,cross,1,low_flow,A,tick,A,UNMEASURED,,,0,,,,,,,,
individual,cross,1,low_flow,B,cpu_rss,A,OBSERVED,,,21,2026-10-06T09:09:50.656049+00:00,2026-10-06T09:11:30.658254+00:00,99.99958038330078,8.370035122065108,,,,
individual,cross,1,low_flow,B,heap_gc,A,OBSERVED,,,21,2026-10-06T09:09:50.658946+00:00,2026-10-06T09:11:30.846802+00:00,99.99616074562073,,350457348.5714286,432013312,0.008999999999999897,
individual,cross,1,low_flow,B,tick,A,UNMEASURED,,,0,,,,,,,,
individual,cross,1,low_flow,C,cpu_rss,A,OBSERVED,,,21,2026-10-06T09:09:50.656357+00:00,2026-10-06T09:11:30.657696+00:00,99.99945735931396,6.970037822261055,,,,
individual,cross,1,low_flow,C,heap_gc,A,OBSERVED,,,21,2026-10-06T09:09:50.658380+00:00,2026-10-06T09:11:30.867191+00:00,100.02165031433105,,459435061.2380952,474314854,0.0,
individual,cross,1,low_flow,C,tick,A,UNMEASURED,,,0,,,,,,,,
individual,cross,1,warmup,A,cpu_rss,A,OBSERVED,,,5,2026-10-06T09:11:40.655781+00:00,2026-10-06T09:12:00.659262+00:00,20.000882863998413,7.9996468699889665,,,,
individual,cross,1,warmup,A,heap_gc,A,OBSERVED,,,5,2026-10-06T09:11:40.657563+00:00,2026-10-06T09:12:00.887896+00:00,20.04038715362549,,300461977.2,317029478,0.0,
individual,cross,1,warmup,A,tick,A,UNMEASURED,,,0,,,,,,,,
individual,cross,1,warmup,B,cpu_rss,A,OBSERVED,,,5,2026-10-06T09:11:40.655895+00:00,2026-10-06T09:12:00.657430+00:00,19.99925947189331,11.500425819427896,,,,
individual,cross,1,warmup,B,heap_gc,A,OBSERVED,,,5,2026-10-06T09:11:40.658984+00:00,2026-10-06T09:12:00.849373+00:00,20.01943349838257,,296030412.4,427731558,0.014999999999999902,
individual,cross,1,warmup,B,tick,A,UNMEASURED,,,0,,,,,,,,
individual,cross,1,warmup,C,cpu_rss,A,OBSERVED,,,5,2026-10-06T09:11:40.656042+00:00,2026-10-06T09:12:00.659923+00:00,20.001483917236328,8.84934341533877,,,,
individual,cross,1,warmup,C,heap_gc,A,OBSERVED,,,5,2026-10-06T09:11:40.656936+00:00,2026-10-06T09:12:00.870866+00:00,20.004364013671875,,481025740.4,483752038,0.0,
individual,cross,1,warmup,C,tick,A,UNMEASURED,,,0,,,,,,,,
individual,cross,1,steady,A,cpu_rss,A,OBSERVED,,,23,2026-10-06T09:12:10.655825+00:00,2026-10-06T09:14:00.656838+00:00,109.99920439720154,8.327332956812763,,,,
individual,cross,1,steady,A,heap_gc,A,OBSERVED,,,23,2026-10-06T09:12:10.658422+00:00,2026-10-06T09:14:00.861671+00:00,109.99586725234985,,391690920.7826087,491093094,0.006000000000000005,
individual,cross,1,steady,A,tick,A,UNMEASURED,,,0,,,,,,,,
individual,cross,1,steady,B,cpu_rss,A,OBSERVED,,,23,2026-10-06T09:12:10.655974+00:00,2026-10-06T09:14:00.658001+00:00,110.00083017349243,9.07265880108324,,,,
individual,cross,1,steady,B,heap_gc,A,OBSERVED,,,23,2026-10-06T09:12:10.657475+00:00,2026-10-06T09:14:00.899804+00:00,110.02071928977966,,337599612.26086956,429828710,0.0050000000000001155,
individual,cross,1,steady,B,tick,A,UNMEASURED,,,0,,,,,,,,
individual,cross,1,steady,C,cpu_rss,A,OBSERVED,,,23,2026-10-06T09:12:10.656120+00:00,2026-10-06T09:14:00.659723+00:00,110.00082492828369,7.3090360960854275,,,,
individual,cross,1,steady,C,heap_gc,A,OBSERVED,,,23,2026-10-06T09:12:10.659303+00:00,2026-10-06T09:14:00.855417+00:00,109.9734411239624,,504267655.3913044,521500774,0.0,
individual,cross,1,steady,C,tick,A,UNMEASURED,,,0,,,,,,,,
individual,mixed,1,low_flow,A,cpu_rss,A,OBSERVED,,,32,2026-10-06T09:14:10.655779+00:00,2026-10-06T09:16:45.657978+00:00,155.00069332122803,8.341898170225273,,,,
individual,mixed,1,low_flow,A,heap_gc,A,OBSERVED,,,32,2026-10-06T09:14:10.656656+00:00,2026-10-06T09:16:45.833427+00:00,155.02713060379028,,355189631.75,487130214,0.006000000000000005,
individual,mixed,1,low_flow,A,tick,A,UNMEASURED,,,0,,,,,,,,
individual,mixed,1,low_flow,B,cpu_rss,A,OBSERVED,,,32,2026-10-06T09:14:10.656871+00:00,2026-10-06T09:16:45.657271+00:00,154.9993453025818,8.329067438831913,,,,
individual,mixed,1,low_flow,B,heap_gc,A,OBSERVED,,,32,2026-10-06T09:14:10.657675+00:00,2026-10-06T09:16:45.801991+00:00,154.95805406570435,,346210866.53125,436120166,0.016999999999999904,
individual,mixed,1,low_flow,B,tick,A,UNMEASURED,,,0,,,,,,,,
individual,mixed,1,low_flow,C,cpu_rss,A,OBSERVED,,,32,2026-10-06T09:14:10.657091+00:00,2026-10-06T09:16:45.658788+00:00,154.9999008178711,7.219359458267356,,,,
individual,mixed,1,low_flow,C,heap_gc,A,OBSERVED,,,32,2026-10-06T09:14:10.658359+00:00,2026-10-06T09:16:45.871077+00:00,155.00431656837463,,243662848,266338304,0.0,
individual,mixed,1,low_flow,C,tick,A,UNMEASURED,,,0,,,,,,,,
individual,mixed,1,warmup,A,cpu_rss,A,OBSERVED,,,6,2026-10-06T09:16:50.655870+00:00,2026-10-06T09:17:15.659106+00:00,25.000122547149658,8.719957255763754,,,,
individual,mixed,1,warmup,A,heap_gc,A,OBSERVED,,,6,2026-10-06T09:16:50.658778+00:00,2026-10-06T09:17:15.840825+00:00,24.982534170150757,,420239189.3333333,453968384,0.0,
individual,mixed,1,warmup,A,tick,A,UNMEASURED,,,0,,,,,,,,
individual,mixed,1,warmup,B,cpu_rss,A,OBSERVED,,,6,2026-10-06T09:16:50.656053+00:00,2026-10-06T09:17:15.657303+00:00,24.99945569038391,7.56016460281176,,,,
individual,mixed,1,warmup,B,heap_gc,A,OBSERVED,,,6,2026-10-06T09:16:50.658229+00:00,2026-10-06T09:17:15.845450+00:00,25.020182847976685,,297372979,314150195,0.0,
individual,mixed,1,warmup,B,tick,A,UNMEASURED,,,0,,,,,,,,
individual,mixed,1,warmup,C,cpu_rss,A,OBSERVED,,,6,2026-10-06T09:16:50.656129+00:00,2026-10-06T09:17:15.658257+00:00,25.000414848327637,6.9998838443957405,,,,
individual,mixed,1,warmup,C,heap_gc,A,OBSERVED,,,6,2026-10-06T09:16:50.657363+00:00,2026-10-06T09:17:15.820271+00:00,24.994105577468872,,271755946.6666667,274726912,0.0,
individual,mixed,1,warmup,C,tick,A,UNMEASURED,,,0,,,,,,,,
individual,mixed,1,steady,A,cpu_rss,A,OBSERVED,,,23,2026-10-06T09:17:25.655822+00:00,2026-10-06T09:19:15.658666+00:00,110.00012135505676,9.00908097002243,,,,
individual,mixed,1,steady,A,heap_gc,A,OBSERVED,,,23,2026-10-06T09:17:25.658440+00:00,2026-10-06T09:19:15.842036+00:00,109.9954469203949,,349026913.5652174,484377088,0.016999999999999904,
individual,mixed,1,steady,A,tick,A,UNMEASURED,,,0,,,,,,,,
individual,mixed,1,steady,B,cpu_rss,A,OBSERVED,,,23,2026-10-06T09:17:25.655939+00:00,2026-10-06T09:19:15.657829+00:00,110.00016212463379,8.11816985313351,,,,
individual,mixed,1,steady,B,heap_gc,A,OBSERVED,,,23,2026-10-06T09:17:25.657528+00:00,2026-10-06T09:19:15.873874+00:00,110.01103115081787,,335123437.9130435,426347827,0.0040000000000000036,
individual,mixed,1,steady,B,tick,A,UNMEASURED,,,0,,,,,,,,
individual,mixed,1,steady,C,cpu_rss,A,OBSERVED,,,23,2026-10-06T09:17:25.656049+00:00,2026-10-06T09:19:15.657155+00:00,110.00003170967102,6.927270730350223,,,,
individual,mixed,1,steady,C,heap_gc,A,OBSERVED,,,23,2026-10-06T09:17:25.657070+00:00,2026-10-06T09:19:15.873500+00:00,110.01226043701172,,295516070.95652175,311427072,0.0,
individual,mixed,1,steady,C,tick,A,UNMEASURED,,,0,,,,,,,,
individual,cross,2,low_flow,A,cpu_rss,A,OBSERVED,,,35,2026-10-06T09:19:25.655813+00:00,2026-10-06T09:22:15.656839+00:00,169.99905586242676,7.247099072109002,,,,
individual,cross,2,low_flow,A,heap_gc,A,OBSERVED,,,35,2026-10-06T09:19:25.658693+00:00,2026-10-06T09:22:15.828854+00:00,170.00209951400757,,354055313.8857143,404207206,0.0,
individual,cross,2,low_flow,A,tick,A,UNMEASURED,,,0,,,,,,,,
individual,cross,2,low_flow,B,cpu_rss,A,OBSERVED,,,35,2026-10-06T09:19:25.655962+00:00,2026-10-06T09:22:15.658036+00:00,170.0000569820404,8.288232515997649,,,,
individual,cross,2,low_flow,B,heap_gc,A,OBSERVED,,,35,2026-10-06T09:19:25.657839+00:00,2026-10-06T09:22:15.820107+00:00,169.98217487335205,,340393617.9714286,431746355,0.016000000000000014,
individual,cross,2,low_flow,B,tick,A,UNMEASURED,,,0,,,,,,,,
individual,cross,2,low_flow,C,cpu_rss,A,OBSERVED,,,35,2026-10-06T09:19:25.656024+00:00,2026-10-06T09:22:15.657615+00:00,170.00019907951355,6.876462535512842,,,,
individual,cross,2,low_flow,C,heap_gc,A,OBSERVED,,,35,2026-10-06T09:19:25.657122+00:00,2026-10-06T09:22:15.780634+00:00,169.94955015182495,,341566142.17142856,365953024,0.0,
individual,cross,2,low_flow,C,tick,A,UNMEASURED,,,0,,,,,,,,
individual,cross,2,warmup,A,cpu_rss,A,OBSERVED,,,5,2026-10-06T09:22:25.655846+00:00,2026-10-06T09:22:45.659013+00:00,20.00100350379944,8.649566006382404,,,,
individual,cross,2,warmup,A,heap_gc,A,OBSERVED,,,5,2026-10-06T09:22:25.656971+00:00,2026-10-06T09:22:45.853873+00:00,20.001497983932495,,430841036.4,448247398,0.0,
individual,cross,2,warmup,A,tick,A,UNMEASURED,,,0,,,,,,,,
individual,cross,2,warmup,B,cpu_rss,A,OBSERVED,,,5,2026-10-06T09:22:25.655980+00:00,2026-10-06T09:22:45.657333+00:00,19.999906301498413,9.25004333575998,,,,
individual,cross,2,warmup,B,heap_gc,A,OBSERVED,,,5,2026-10-06T09:22:25.657459+00:00,2026-10-06T09:22:45.822877+00:00,19.98567843437195,,320834354.6,346419609,0.0,
individual,cross,2,warmup,B,tick,A,UNMEASURED,,,0,,,,,,,,
individual,cross,2,warmup,C,cpu_rss,A,OBSERVED,,,5,2026-10-06T09:22:25.656039+00:00,2026-10-06T09:22:45.658110+00:00,20.00006127357483,7.3999773288467185,,,,
individual,cross,2,warmup,C,heap_gc,A,OBSERVED,,,5,2026-10-06T09:22:25.657942+00:00,2026-10-06T09:22:45.857298+00:00,20.01613759994507,,372244480,375390208,0.0,
individual,cross,2,warmup,C,tick,A,UNMEASURED,,,0,,,,,,,,
individual,cross,2,steady,A,cpu_rss,A,OBSERVED,,,23,2026-10-06T09:22:55.655817+00:00,2026-10-06T09:24:45.658789+00:00,110.00061655044556,8.099954599721656,,,,
individual,cross,2,steady,A,heap_gc,A,OBSERVED,,,23,2026-10-06T09:22:55.657531+00:00,2026-10-06T09:24:45.899626+00:00,110.02187705039978,,341115249.1304348,488093286,0.006000000000000005,
individual,cross,2,steady,A,tick,A,UNMEASURED,,,0,,,,,,,,
individual,cross,2,steady,B,cpu_rss,A,OBSERVED,,,23,2026-10-06T09:22:55.655929+00:00,2026-10-06T09:24:45.658059+00:00,109.99983167648315,8.563649467850857,,,,
individual,cross,2,steady,B,heap_gc,A,OBSERVED,,,23,2026-10-06T09:22:55.658370+00:00,2026-10-06T09:24:45.807013+00:00,109.97595429420471,,355198058.6956522,432806912,0.0040000000000000036,
individual,cross,2,steady,B,tick,A,UNMEASURED,,,0,,,,,,,,
individual,cross,2,steady,C,cpu_rss,A,OBSERVED,,,23,2026-10-06T09:22:55.655971+00:00,2026-10-06T09:24:45.657049+00:00,110.00009751319885,7.081811903907879,,,,
individual,cross,2,steady,C,heap_gc,A,OBSERVED,,,23,2026-10-06T09:22:55.656824+00:00,2026-10-06T09:24:45.898040+00:00,110.00096368789673,,395677874.0869565,413138944,0.0,
individual,cross,2,steady,C,tick,A,UNMEASURED,,,0,,,,,,,,
individual,mixed,2,low_flow,A,cpu_rss,A,OBSERVED,,,32,2026-10-06T09:24:55.655811+00:00,2026-10-06T09:27:30.662151+00:00,155.00169944763184,8.40635944407968,,,,
individual,mixed,2,low_flow,A,heap_gc,A,OBSERVED,,,32,2026-10-06T09:24:55.658738+00:00,2026-10-06T09:27:30.852691+00:00,154.98348999023438,,383966514.8125,492977254,0.027000000000000135,
individual,mixed,2,low_flow,A,tick,A,UNMEASURED,,,0,,,,,,,,
individual,mixed,2,low_flow,B,cpu_rss,A,OBSERVED,,,32,2026-10-06T09:24:55.655902+00:00,2026-10-06T09:27:30.657138+00:00,154.9996120929718,8.445182425455597,,,,
individual,mixed,2,low_flow,B,heap_gc,A,OBSERVED,,,32,2026-10-06T09:24:55.657938+00:00,2026-10-06T09:27:30.786464+00:00,154.95534563064575,,325969996.375,429663027,0.03299999999999992,
individual,mixed,2,low_flow,B,tick,A,UNMEASURED,,,0,,,,,,,,
individual,mixed,2,low_flow,C,cpu_rss,A,OBSERVED,,,32,2026-10-06T09:24:55.655939+00:00,2026-10-06T09:27:30.658077+00:00,155.00054550170898,7.283845333225321,,,,
individual,mixed,2,low_flow,C,heap_gc,A,OBSERVED,,,32,2026-10-06T09:24:55.657130+00:00,2026-10-06T09:27:30.834780+00:00,154.99140310287476,,439910400,462422016,0.0,
individual,mixed,2,low_flow,C,tick,A,UNMEASURED,,,0,,,,,,,,
individual,mixed,2,warmup,A,cpu_rss,A,OBSERVED,,,6,2026-10-06T09:27:35.655782+00:00,2026-10-06T09:28:00.656943+00:00,24.999614000320435,9.080140197248303,,,,
individual,mixed,2,warmup,A,heap_gc,A,OBSERVED,,,6,2026-10-06T09:27:35.657720+00:00,2026-10-06T09:28:00.854923+00:00,25.005072832107544,,298464768,333592064,0.0,
individual,mixed,2,warmup,A,tick,A,UNMEASURED,,,0,,,,,,,,
individual,mixed,2,warmup,B,cpu_rss,A,OBSERVED,,,6,2026-10-06T09:27:35.655878+00:00,2026-10-06T09:28:00.657567+00:00,25.0003182888031,7.799900695157806,,,,
individual,mixed,2,warmup,B,heap_gc,A,OBSERVED,,,6,2026-10-06T09:27:35.656945+00:00,2026-10-06T09:28:00.839578+00:00,25.021118640899658,,373611382.6666667,392310988,0.0,
individual,mixed,2,warmup,B,tick,A,UNMEASURED,,,0,,,,,,,,
individual,mixed,2,warmup,C,cpu_rss,A,OBSERVED,,,6,2026-10-06T09:27:35.656003+00:00,2026-10-06T09:28:00.658282+00:00,25.000035047531128,7.07999007455314,,,,
individual,mixed,2,warmup,C,heap_gc,A,OBSERVED,,,6,2026-10-06T09:27:35.658346+00:00,2026-10-06T09:28:00.876718+00:00,25.019458770751953,,468363946.6666667,471859200,0.0,
individual,mixed,2,warmup,C,tick,A,UNMEASURED,,,0,,,,,,,,
individual,mixed,2,steady,A,cpu_rss,A,OBSERVED,,,24,2026-10-06T09:28:05.655836+00:00,2026-10-06T09:30:00.658258+00:00,115.00000476837158,9.026086582263172,,,,
individual,mixed,2,steady,A,heap_gc,A,OBSERVED,,,23,2026-10-06T09:28:05.658252+00:00,2026-10-06T09:30:00.886797+00:00,115.01471090316772,,373722214.0869565,490878464,0.006999999999999895,
individual,mixed,2,steady,A,tick,A,UNMEASURED,,,0,,,,,,,,
individual,mixed,2,steady,B,cpu_rss,A,OBSERVED,,,24,2026-10-06T09:28:05.655948+00:00,2026-10-06T09:30:00.656863+00:00,115.00000476837158,7.747825765699891,,,,
individual,mixed,2,steady,B,heap_gc,A,OBSERVED,,,24,2026-10-06T09:28:05.656875+00:00,2026-10-06T09:30:00.832590+00:00,114.99100494384766,,328254309.9166667,427962572,0.0040000000000000036,
individual,mixed,2,steady,B,tick,A,UNMEASURED,,,0,,,,,,,,
individual,mixed,2,steady,C,cpu_rss,A,OBSERVED,,,24,2026-10-06T09:28:05.656219+00:00,2026-10-06T09:30:00.657805+00:00,114.99994039535522,6.8782644345783295,,,,
individual,mixed,2,steady,C,heap_gc,A,OBSERVED,,,24,2026-10-06T09:28:05.657727+00:00,2026-10-06T09:30:00.795076+00:00,114.96991038322449,,491126784,508559360,0.0,
individual,mixed,2,steady,C,tick,A,UNMEASURED,,,0,,,,,,,,
individual,same,2,low_flow,A,cpu_rss,A,OBSERVED,,,36,2026-10-06T09:30:10.655802+00:00,2026-10-06T09:33:05.657810+00:00,174.9998757839203,8.754291928136134,,,,
individual,same,2,low_flow,A,heap_gc,A,OBSERVED,,,36,2026-10-06T09:30:10.658100+00:00,2026-10-06T09:33:05.840148+00:00,174.9854290485382,,357345037.4444444,489675673,0.038999999999999924,
individual,same,2,low_flow,A,tick,A,UNMEASURED,,,0,,,,,,,,
individual,same,2,low_flow,B,cpu_rss,A,OBSERVED,,,36,2026-10-06T09:30:10.655896+00:00,2026-10-06T09:33:05.657107+00:00,174.999840259552,7.21714944497536,,,,
individual,same,2,low_flow,B,heap_gc,A,OBSERVED,,,36,2026-10-06T09:30:10.657476+00:00,2026-10-06T09:33:05.858385+00:00,175.03793144226074,,372228323.1111111,434246246,0.007000000000000117,
individual,same,2,low_flow,B,tick,A,UNMEASURED,,,0,,,,,,,,
individual,same,2,low_flow,C,cpu_rss,A,OBSERVED,,,36,2026-10-06T09:30:10.655952+00:00,2026-10-06T09:33:05.658707+00:00,175.00090956687927,7.445675586629101,,,,
individual,same,2,low_flow,C,heap_gc,A,OBSERVED,,,36,2026-10-06T09:30:10.656950+00:00,2026-10-06T09:33:05.872345+00:00,175.01780819892883,,472587539.8333333,552599552,0.050999999999999934,
individual,same,2,low_flow,C,tick,A,UNMEASURED,,,0,,,,,,,,
individual,same,2,warmup,A,cpu_rss,A,OBSERVED,,,6,2026-10-06T09:33:10.655803+00:00,2026-10-06T09:33:35.657406+00:00,25.00039029121399,11.999812663141922,,,,
individual,same,2,warmup,A,heap_gc,A,OBSERVED,,,6,2026-10-06T09:33:10.656689+00:00,2026-10-06T09:33:35.783499+00:00,24.981566190719604,,418063700.6666667,489303244,0.006000000000000005,
individual,same,2,warmup,A,tick,A,UNMEASURED,,,0,,,,,,,,
individual,same,2,warmup,B,cpu_rss,A,OBSERVED,,,6,2026-10-06T09:33:10.656904+00:00,2026-10-06T09:33:35.658595+00:00,25.000038862228394,7.279988683336656,,,,
individual,same,2,warmup,B,heap_gc,A,OBSERVED,,,6,2026-10-06T09:33:10.657614+00:00,2026-10-06T09:33:35.865059+00:00,25.0321524143219,,256003651.66666666,260547481,0.0,
individual,same,2,warmup,B,tick,A,UNMEASURED,,,0,,,,,,,,
individual,same,2,warmup,C,cpu_rss,A,OBSERVED,,,6,2026-10-06T09:33:10.657101+00:00,2026-10-06T09:33:35.657969+00:00,24.999316453933716,7.280199054056979,,,,
individual,same,2,warmup,C,heap_gc,A,OBSERVED,,,6,2026-10-06T09:33:10.658321+00:00,2026-10-06T09:33:35.879449+00:00,25.00259566307068,,234332603.33333334,238177382,0.0,
individual,same,2,warmup,C,tick,A,UNMEASURED,,,0,,,,,,,,
individual,same,2,steady,A,cpu_rss,A,OBSERVED,,,24,2026-10-06T09:33:40.655756+00:00,2026-10-06T09:35:35.656967+00:00,115.00005435943604,10.130429994048168,,,,
individual,same,2,steady,A,heap_gc,A,OBSERVED,,,24,2026-10-06T09:33:40.656952+00:00,2026-10-06T09:35:35.800689+00:00,114.97365760803223,,350448490.6666667,482344960,0.02300000000000013,
individual,same,2,steady,A,tick,A,UNMEASURED,,,0,,,,,,,,
individual,same,2,steady,B,cpu_rss,A,OBSERVED,,,24,2026-10-06T09:33:40.655860+00:00,2026-10-06T09:35:35.658568+00:00,115.0009536743164,7.191244712127097,,,,
individual,same,2,steady,B,heap_gc,A,OBSERVED,,,24,2026-10-06T09:33:40.658073+00:00,2026-10-06T09:35:35.930782+00:00,115.03677797317505,,284358894.3333333,305636249,0.0,
individual,same,2,steady,B,tick,A,UNMEASURED,,,0,,,,,,,,
individual,same,2,steady,C,cpu_rss,A,OBSERVED,,,24,2026-10-06T09:33:40.655910+00:00,2026-10-06T09:35:35.659325+00:00,115.00161743164062,7.095552377644141,,,,
individual,same,2,steady,C,heap_gc,A,OBSERVED,,,24,2026-10-06T09:33:40.657511+00:00,2026-10-06T09:35:35.900288+00:00,115.00424861907959,,258012944.66666666,275926118,0.0,
individual,same,2,steady,C,tick,A,UNMEASURED,,,0,,,,,,,,
individual,mixed,3,low_flow,A,cpu_rss,A,OBSERVED,,,32,2026-10-06T09:35:45.655799+00:00,2026-10-06T09:38:20.658526+00:00,155.00028443336487,8.116114138750627,,,,
individual,mixed,3,low_flow,A,heap_gc,A,OBSERVED,,,32,2026-10-06T09:35:45.658016+00:00,2026-10-06T09:38:20.789366+00:00,154.96319961547852,,371285807.6875,497485414,0.014999999999999902,
individual,mixed,3,low_flow,A,tick,A,UNMEASURED,,,0,,,,,,,,
individual,mixed,3,low_flow,B,cpu_rss,A,OBSERVED,,,32,2026-10-06T09:35:45.655947+00:00,2026-10-06T09:38:20.658941+00:00,155.00028204917908,8.683855165972775,,,,
individual,mixed,3,low_flow,B,heap_gc,A,OBSERVED,,,32,2026-10-06T09:35:45.658439+00:00,2026-10-06T09:38:20.845411+00:00,155.01314163208008,,344551897.375,428319641,0.05599999999999983,
individual,mixed,3,low_flow,B,tick,A,UNMEASURED,,,0,,,,,,,,
individual,mixed,3,low_flow,C,cpu_rss,A,OBSERVED,,,32,2026-10-06T09:35:45.656054+00:00,2026-10-06T09:38:20.657637+00:00,155.0003538131714,7.258047948432498,,,,
individual,mixed,3,low_flow,C,heap_gc,A,OBSERVED,,,32,2026-10-06T09:35:45.657098+00:00,2026-10-06T09:38:20.856878+00:00,155.01801586151123,,301681766,324160614,0.0,
individual,mixed,3,low_flow,C,tick,A,UNMEASURED,,,0,,,,,,,,
individual,mixed,3,warmup,A,cpu_rss,A,OBSERVED,,,6,2026-10-06T09:38:25.655788+00:00,2026-10-06T09:38:50.657475+00:00,24.999611616134644,9.40014603460205,,,,
individual,mixed,3,warmup,A,heap_gc,A,OBSERVED,,,6,2026-10-06T09:38:25.658282+00:00,2026-10-06T09:38:50.861557+00:00,25.020041942596436,,329160328.3333333,365510963,0.0,
individual,mixed,3,warmup,A,tick,A,UNMEASURED,,,0,,,,,,,,
individual,mixed,3,warmup,B,cpu_rss,A,OBSERVED,,,6,2026-10-06T09:38:25.655889+00:00,2026-10-06T09:38:50.657057+00:00,24.99968433380127,7.680096973880655,,,,
individual,mixed,3,warmup,B,heap_gc,A,OBSERVED,,,6,2026-10-06T09:38:25.657717+00:00,2026-10-06T09:38:50.894001+00:00,25.00715160369873,,341508283.3333333,440357888,0.0040000000000000036,
individual,mixed,3,warmup,B,tick,A,UNMEASURED,,,0,,,,,,,,
individual,mixed,3,warmup,C,cpu_rss,A,OBSERVED,,,6,2026-10-06T09:38:25.655964+00:00,2026-10-06T09:38:50.658259+00:00,25.000611782073975,6.99982870521109,,,,
individual,mixed,3,warmup,C,heap_gc,A,OBSERVED,,,6,2026-10-06T09:38:25.657113+00:00,2026-10-06T09:38:50.851275+00:00,24.98363494873047,,329753019.3333333,333597798,0.0,
individual,mixed,3,warmup,C,tick,A,UNMEASURED,,,0,,,,,,,,
individual,mixed,3,steady,A,cpu_rss,A,OBSERVED,,,24,2026-10-06T09:38:55.655821+00:00,2026-10-06T09:40:50.658535+00:00,115.00074625015259,9.09559315141064,,,,
individual,mixed,3,steady,A,heap_gc,A,OBSERVED,,,24,2026-10-06T09:38:55.657033+00:00,2026-10-06T09:40:50.868366+00:00,115.01673769950867,,369388646.3333333,485048627,0.01200000000000001,
individual,mixed,3,steady,A,tick,A,UNMEASURED,,,0,,,,,,,,
individual,mixed,3,steady,B,cpu_rss,A,OBSERVED,,,24,2026-10-06T09:38:55.655991+00:00,2026-10-06T09:40:50.657610+00:00,114.99991655349731,7.617396831696732,,,,
individual,mixed,3,steady,B,heap_gc,A,OBSERVED,,,24,2026-10-06T09:38:55.657714+00:00,2026-10-06T09:40:50.806431+00:00,114.95367503166199,,352409633.3333333,433849036,0.0,
individual,mixed,3,steady,B,tick,A,UNMEASURED,,,0,,,,,,,,
individual,mixed,3,steady,C,cpu_rss,A,OBSERVED,,,24,2026-10-06T09:38:55.656136+00:00,2026-10-06T09:40:50.659508+00:00,115.000479221344,6.8869278229321,,,,
individual,mixed,3,steady,C,heap_gc,A,OBSERVED,,,24,2026-10-06T09:38:55.658439+00:00,2026-10-06T09:40:50.859350+00:00,115.0085756778717,,353477051.3333333,371346534,0.0,
individual,mixed,3,steady,C,tick,A,UNMEASURED,,,0,,,,,,,,
individual,same,3,low_flow,A,cpu_rss,A,OBSERVED,,,35,2026-10-06T09:41:00.655821+00:00,2026-10-06T09:43:50.657503+00:00,169.99968123435974,8.10001518827368,,,,
individual,same,3,low_flow,A,heap_gc,A,OBSERVED,,,35,2026-10-06T09:41:00.658139+00:00,2026-10-06T09:43:50.847571+00:00,169.9898762702942,,355637502.05714285,492438016,0.009000000000000119,
individual,same,3,low_flow,A,tick,A,UNMEASURED,,,0,,,,,,,,
individual,same,3,low_flow,B,cpu_rss,A,OBSERVED,,,35,2026-10-06T09:41:00.655925+00:00,2026-10-06T09:43:50.659069+00:00,170.00081729888916,7.329376527698257,,,,
individual,same,3,low_flow,B,heap_gc,A,OBSERVED,,,35,2026-10-06T09:41:00.657489+00:00,2026-10-06T09:43:50.802950+00:00,169.98181629180908,,270601300.62857145,445383372,0.0050000000000001155,
individual,same,3,low_flow,B,tick,A,UNMEASURED,,,0,,,,,,,,
individual,same,3,low_flow,C,cpu_rss,A,OBSERVED,,,35,2026-10-06T09:41:00.656108+00:00,2026-10-06T09:43:50.658297+00:00,169.9999394416809,7.117649594311145,,,,
individual,same,3,low_flow,C,heap_gc,A,OBSERVED,,,35,2026-10-06T09:41:00.658823+00:00,2026-10-06T09:43:50.821509+00:00,169.96302247047424,,399088859.0285714,422726758,0.0,
individual,same,3,low_flow,C,tick,A,UNMEASURED,,,0,,,,,,,,
individual,same,3,warmup,A,cpu_rss,A,OBSERVED,,,5,2026-10-06T09:44:00.657578+00:00,2026-10-06T09:44:20.657653+00:00,19.996558904647827,9.601652010005319,,,,
individual,same,3,warmup,A,heap_gc,A,OBSERVED,,,5,2026-10-06T09:44:00.662756+00:00,2026-10-06T09:44:20.806001+00:00,19.96021342277527,,451154022,487854182,0.0,
individual,same,3,warmup,A,tick,A,UNMEASURED,,,0,,,,,,,,
individual,same,3,warmup,B,cpu_rss,A,OBSERVED,,,5,2026-10-06T09:44:00.657686+00:00,2026-10-06T09:44:20.657129+00:00,19.997726917266846,7.300829769504236,,,,
individual,same,3,warmup,B,heap_gc,A,OBSERVED,,,5,2026-10-06T09:44:00.659889+00:00,2026-10-06T09:44:20.846732+00:00,20.0025691986084,,303073689.4,306848563,0.0,
individual,same,3,warmup,B,tick,A,UNMEASURED,,,0,,,,,,,,
individual,same,3,warmup,C,cpu_rss,A,OBSERVED,,,5,2026-10-06T09:44:00.659296+00:00,2026-10-06T09:44:20.658358+00:00,19.99725580215454,7.150981185358122,,,,
individual,same,3,warmup,C,heap_gc,A,OBSERVED,,,5,2026-10-06T09:44:00.660791+00:00,2026-10-06T09:44:20.876975+00:00,20.01899814605713,,429437644.4,432163942,0.0,
individual,same,3,warmup,C,tick,A,UNMEASURED,,,0,,,,,,,,
individual,same,3,steady,A,cpu_rss,A,OBSERVED,,,23,2026-10-06T09:44:30.655838+00:00,2026-10-06T09:46:20.659337+00:00,110.00130724906921,9.608976715219384,,,,
individual,same,3,steady,A,heap_gc,A,OBSERVED,,,23,2026-10-06T09:44:30.656708+00:00,2026-10-06T09:46:20.895325+00:00,110.058837890625,,347260825,482804633,0.0030000000000001137,
individual,same,3,steady,A,tick,A,UNMEASURED,,,0,,,,,,,,
individual,same,3,steady,B,cpu_rss,A,OBSERVED,,,23,2026-10-06T09:44:30.656976+00:00,2026-10-06T09:46:20.657488+00:00,109.99945783615112,7.163671671670955,,,,
individual,same,3,steady,B,heap_gc,A,OBSERVED,,,23,2026-10-06T09:44:30.657546+00:00,2026-10-06T09:46:20.868031+00:00,110.01546907424927,,331649664.9130435,351937331,0.0,
individual,same,3,steady,B,tick,A,UNMEASURED,,,0,,,,,,,,
individual,same,3,steady,C,cpu_rss,A,OBSERVED,,,23,2026-10-06T09:44:30.657732+00:00,2026-10-06T09:46:20.658706+00:00,109.99940919876099,7.100038133739334,,,,
individual,same,3,steady,C,heap_gc,A,OBSERVED,,,23,2026-10-06T09:44:30.658261+00:00,2026-10-06T09:46:20.921781+00:00,110.03367948532104,,453682545.1304348,469912678,0.0,
individual,same,3,steady,C,tick,A,UNMEASURED,,,0,,,,,,,,
individual,cross,3,low_flow,A,cpu_rss,A,OBSERVED,,,36,2026-10-06T09:46:30.655777+00:00,2026-10-06T09:49:25.657893+00:00,175.00049257278442,7.611407147588499,,,,
individual,cross,3,low_flow,A,heap_gc,A,OBSERVED,,,36,2026-10-06T09:46:30.656952+00:00,2026-10-06T09:49:25.773597+00:00,174.9610834121704,,378389287.1388889,498629017,0.006999999999999895,
individual,cross,3,low_flow,A,tick,A,OBSERVED,,,11,2026-10-06T09:47:37.250504+00:00,2026-10-06T09:49:17.253398+00:00,99.99983644485474,,,,,0.3
individual,cross,3,low_flow,B,cpu_rss,A,OBSERVED,,,36,2026-10-06T09:46:30.655950+00:00,2026-10-06T09:49:25.657026+00:00,174.99910354614258,9.262904592951754,,,,
individual,cross,3,low_flow,B,heap_gc,A,OBSERVED,,,36,2026-10-06T09:46:30.658795+00:00,2026-10-06T09:49:25.844696+00:00,174.98884344100952,,344605123.75,443163443,0.03299999999999992,
individual,cross,3,low_flow,B,tick,A,OBSERVED,,,11,2026-10-06T09:47:37.250958+00:00,2026-10-06T09:49:17.253648+00:00,99.99792957305908,,,,,0.3090909090909091
individual,cross,3,low_flow,C,cpu_rss,A,OBSERVED,,,36,2026-10-06T09:46:30.656104+00:00,2026-10-06T09:49:25.658378+00:00,175.00039792060852,7.354268991913204,,,,
individual,cross,3,low_flow,C,heap_gc,A,OBSERVED,,,36,2026-10-06T09:46:30.657694+00:00,2026-10-06T09:49:25.861128+00:00,175.01038002967834,,501428212.2222222,531778662,0.0,
individual,cross,3,low_flow,C,tick,A,OBSERVED,,,11,2026-10-06T09:47:37.251232+00:00,2026-10-06T09:49:17.256623+00:00,99.99606609344482,,,,,0.2
individual,cross,3,warmup,A,cpu_rss,A,OBSERVED,,,6,2026-10-06T09:49:30.655801+00:00,2026-10-06T09:49:55.657466+00:00,24.99991226196289,8.960031445422894,,,,
individual,cross,3,warmup,A,heap_gc,A,OBSERVED,,,6,2026-10-06T09:49:30.657655+00:00,2026-10-06T09:49:55.814718+00:00,24.97225546836853,,304075980,326096076,0.0,
individual,cross,3,warmup,A,tick,A,OBSERVED,,,1,2026-10-06T09:49:47.250597+00:00,2026-10-06T09:49:47.252386+00:00,0.0,,,,,0.3
individual,cross,3,warmup,B,cpu_rss,A,OBSERVED,,,6,2026-10-06T09:49:30.655903+00:00,2026-10-06T09:49:55.656821+00:00,24.99991011619568,9.280033364988324,,,,
individual,cross,3,warmup,B,heap_gc,A,OBSERVED,,,6,2026-10-06T09:49:30.657047+00:00,2026-10-06T09:49:55.863340+00:00,25.00805425643921,,359858141.6666667,392189235,0.0,
individual,cross,3,warmup,B,tick,A,OBSERVED,,,1,2026-10-06T09:49:47.250761+00:00,2026-10-06T09:49:47.252664+00:00,0.0,,,,,0.4
individual,cross,3,warmup,C,cpu_rss,A,OBSERVED,,,6,2026-10-06T09:49:30.655966+00:00,2026-10-06T09:49:55.658149+00:00,25.000036239624023,7.239989505020105,,,,
individual,cross,3,warmup,C,heap_gc,A,OBSERVED,,,6,2026-10-06T09:49:30.658110+00:00,2026-10-06T09:49:55.806143+00:00,24.970054626464844,,538419643.3333334,542264422,0.0,
individual,cross,3,warmup,C,tick,A,OBSERVED,,,1,2026-10-06T09:49:47.250808+00:00,2026-10-06T09:49:47.254215+00:00,0.0,,,,,0.2
individual,cross,3,steady,A,cpu_rss,A,OBSERVED,,,24,2026-10-06T09:50:00.655776+00:00,2026-10-06T09:51:55.657369+00:00,114.99968957901001,9.339155644086448,,,,
individual,cross,3,steady,A,heap_gc,A,OBSERVED,,,24,2026-10-06T09:50:00.658039+00:00,2026-10-06T09:51:55.897621+00:00,115.0104591846466,,379294732.0833333,491771084,0.018999999999999906,
individual,cross,3,steady,A,tick,A,OBSERVED,,,11,2026-10-06T09:50:17.252345+00:00,2026-10-06T09:51:57.252088+00:00,99.99633693695068,,,,,0.4
individual,cross,3,steady,B,cpu_rss,A,OBSERVED,,,24,2026-10-06T09:50:00.655905+00:00,2026-10-06T09:51:55.656862+00:00,115.00005793571472,9.695647289354332,,,,
individual,cross,3,steady,B,heap_gc,A,OBSERVED,,,24,2026-10-06T09:50:00.656776+00:00,2026-10-06T09:51:55.836820+00:00,114.97276067733765,,346517699.75,440423731,0.029000000000000137,
individual,cross,3,steady,B,tick,A,OBSERVED,,,11,2026-10-06T09:50:17.252510+00:00,2026-10-06T09:51:57.252980+00:00,99.99809718132019,,,,,0.38181818181818183
individual,cross,3,steady,C,cpu_rss,A,OBSERVED,,,24,2026-10-06T09:50:00.655955+00:00,2026-10-06T09:51:55.658441+00:00,115.0007061958313,7.330389767906949,,,,
individual,cross,3,steady,C,heap_gc,A,OBSERVED,,,24,2026-10-06T09:50:00.657270+00:00,2026-10-06T09:51:55.918727+00:00,115.02325081825256,,364484590.4166667,560090214,0.01200000000000001,
individual,cross,3,steady,C,tick,A,OBSERVED,,,11,2026-10-06T09:50:17.252788+00:00,2026-10-06T09:51:57.252563+00:00,99.99591994285583,,,,,0.2
individual,same,1,low_flow,A,cpu_rss,B,OBSERVED,,,34,2026-10-06T11:34:01.180211+00:00,2026-10-06T11:36:46.180698+00:00,164.99886107444763,12.545541142044703,,,,
individual,same,1,low_flow,A,heap_gc,B,OBSERVED,,,34,2026-10-06T11:34:01.182298+00:00,2026-10-06T11:36:46.363873+00:00,165.01718163490295,,406823996.2352941,606076928,0.013000000000000123,
individual,same,1,low_flow,A,tick,B,OBSERVED,,,16,2026-10-06T11:34:11.329246+00:00,2026-10-06T11:36:41.335537+00:00,150.00147557258606,,,,,0.6124999999999999
individual,same,1,low_flow,B,cpu_rss,B,OBSERVED,,,34,2026-10-06T11:34:01.180390+00:00,2026-10-06T11:36:46.181820+00:00,164.99896597862244,8.933389317063806,,,,
individual,same,1,low_flow,B,heap_gc,B,OBSERVED,,,34,2026-10-06T11:34:01.183133+00:00,2026-10-06T11:36:46.400096+00:00,164.98210334777832,,408451343.0588235,446261760,0.0,
individual,same,1,low_flow,B,tick,B,OBSERVED,,,16,2026-10-06T11:34:11.332149+00:00,2026-10-06T11:36:41.331237+00:00,149.9959785938263,,,,,0.42500000000000004
individual,same,1,low_flow,C,cpu_rss,B,OBSERVED,,,34,2026-10-06T11:34:01.180438+00:00,2026-10-06T11:36:46.181251+00:00,164.99954438209534,8.884873018831687,,,,
individual,same,1,low_flow,C,heap_gc,B,OBSERVED,,,34,2026-10-06T11:34:01.181481+00:00,2026-10-06T11:36:46.391939+00:00,165.0038776397705,,322190396.2352941,351272960,0.0,
individual,same,1,low_flow,C,tick,B,OBSERVED,,,16,2026-10-06T11:34:11.334680+00:00,2026-10-06T11:36:41.332810+00:00,149.994530916214,,,,,0.2875
individual,same,1,warmup,A,cpu_rss,B,OBSERVED,,,5,2026-10-06T11:36:56.179832+00:00,2026-10-06T11:37:16.180681+00:00,19.998562335968018,11.450823121826973,,,,
individual,same,1,warmup,A,heap_gc,B,OBSERVED,,,5,2026-10-06T11:36:56.183285+00:00,2026-10-06T11:37:16.362536+00:00,19.994180917739868,,502625894.4,535760896,0.0,
individual,same,1,warmup,A,tick,B,OBSERVED,,,1,2026-10-06T11:37:11.328935+00:00,2026-10-06T11:37:11.332060+00:00,0.0,,,,,0.6
individual,same,1,warmup,B,cpu_rss,B,OBSERVED,,,5,2026-10-06T11:36:56.180340+00:00,2026-10-06T11:37:16.181852+00:00,20.00067949295044,8.099724814704382,,,,
individual,same,1,warmup,B,heap_gc,B,OBSERVED,,,5,2026-10-06T11:36:56.181151+00:00,2026-10-06T11:37:16.413794+00:00,20.029878616333008,,456537804.8,460941824,0.0,
individual,same,1,warmup,B,tick,B,OBSERVED,,,1,2026-10-06T11:37:11.329026+00:00,2026-10-06T11:37:11.331300+00:00,0.0,,,,,0.4
individual,same,1,warmup,C,cpu_rss,B,OBSERVED,,,5,2026-10-06T11:36:56.181255+00:00,2026-10-06T11:37:16.182349+00:00,19.999982833862305,7.700006608968681,,,,
individual,same,1,warmup,C,heap_gc,B,OBSERVED,,,5,2026-10-06T11:36:56.182364+00:00,2026-10-06T11:37:16.397376+00:00,19.972721338272095,,359242137.6,363855872,0.0,
individual,same,1,warmup,C,tick,B,OBSERVED,,,1,2026-10-06T11:37:11.329094+00:00,2026-10-06T11:37:11.339751+00:00,0.0,,,,,0.3
individual,same,1,steady,A,cpu_rss,B,OBSERVED,,,23,2026-10-06T11:37:26.179487+00:00,2026-10-06T11:39:16.182275+00:00,110.00052428245544,11.34540047095985,,,,
individual,same,1,steady,A,heap_gc,B,OBSERVED,,,23,2026-10-06T11:37:26.181298+00:00,2026-10-06T11:39:16.340588+00:00,109.97782731056213,,441024333.9130435,619646976,0.03200000000000003,
individual,same,1,steady,A,tick,B,OBSERVED,,,10,2026-10-06T11:37:41.328742+00:00,2026-10-06T11:39:11.339187+00:00,90.00323152542114,,,,,0.54
individual,same,1,steady,B,cpu_rss,B,OBSERVED,,,23,2026-10-06T11:37:26.179589+00:00,2026-10-06T11:39:16.180769+00:00,110.00009036064148,8.809083672777717,,,,
individual,same,1,steady,B,heap_gc,B,OBSERVED,,,23,2026-10-06T11:37:26.180657+00:00,2026-10-06T11:39:16.374992+00:00,110.01217293739319,,492900596.8695652,519662080,0.0,
individual,same,1,steady,B,tick,B,OBSERVED,,,10,2026-10-06T11:37:41.332002+00:00,2026-10-06T11:39:11.340138+00:00,90.00227618217468,,,,,0.4
individual,same,1,steady,C,cpu_rss,B,OBSERVED,,,23,2026-10-06T11:37:26.179639+00:00,2026-10-06T11:39:16.181456+00:00,109.99987983703613,8.290918147829984,,,,
individual,same,1,steady,C,heap_gc,B,OBSERVED,,,23,2026-10-06T11:37:26.181962+00:00,2026-10-06T11:39:16.456110+00:00,110.03923606872559,,388155481.04347825,408944640,0.0,
individual,same,1,steady,C,tick,B,OBSERVED,,,10,2026-10-06T11:37:41.332099+00:00,2026-10-06T11:39:11.341927+00:00,90.00282382965088,,,,,0.25
individual,cross,1,low_flow,A,cpu_rss,B,OBSERVED,,,35,2026-10-06T11:39:26.179952+00:00,2026-10-06T11:42:16.181106+00:00,169.99969458580017,8.688250903030571,,,,
individual,cross,1,low_flow,A,heap_gc,B,OBSERVED,,,35,2026-10-06T11:39:26.181316+00:00,2026-10-06T11:42:16.346279+00:00,169.98425483703613,,380451810.74285716,623841280,0.0129999999999999,
individual,cross,1,low_flow,A,tick,B,OBSERVED,,,16,2026-10-06T11:39:41.329707+00:00,2026-10-06T11:42:11.336783+00:00,149.99944353103638,,,,,0.44375000000000003
individual,cross,1,low_flow,B,cpu_rss,B,OBSERVED,,,35,2026-10-06T11:39:26.180107+00:00,2026-10-06T11:42:16.182684+00:00,170.00013709068298,11.323520280299242,,,,
individual,cross,1,low_flow,B,heap_gc,B,OBSERVED,,,35,2026-10-06T11:39:26.182023+00:00,2026-10-06T11:42:16.384763+00:00,169.99719429016113,,470214992.45714283,632908288,0.030000000000000027,
individual,cross,1,low_flow,B,tick,B,OBSERVED,,,16,2026-10-06T11:39:41.330692+00:00,2026-10-06T11:42:11.339247+00:00,150.00073194503784,,,,,0.42500000000000004
individual,cross,1,low_flow,C,cpu_rss,B,OBSERVED,,,35,2026-10-06T11:39:26.180185+00:00,2026-10-06T11:42:16.181922+00:00,169.99802708625793,8.205977586387919,,,,
individual,cross,1,low_flow,C,heap_gc,B,OBSERVED,,,35,2026-10-06T11:39:26.185688+00:00,2026-10-06T11:42:16.348236+00:00,169.96989583969116,,383209589.0285714,455081984,0.01200000000000001,
individual,cross,1,low_flow,C,tick,B,OBSERVED,,,16,2026-10-06T11:39:41.330742+00:00,2026-10-06T11:42:11.341594+00:00,150.00174736976624,,,,,0.20625000000000002
individual,cross,1,warmup,A,cpu_rss,B,OBSERVED,,,5,2026-10-06T11:42:26.179533+00:00,2026-10-06T11:42:46.181891+00:00,19.99985384941101,9.10006649900397,,,,
individual,cross,1,warmup,A,heap_gc,B,OBSERVED,,,5,2026-10-06T11:42:26.182183+00:00,2026-10-06T11:42:46.417433+00:00,20.02248764038086,,410141491.2,429854720,0.0,
individual,cross,1,warmup,A,tick,B,OBSERVED,,,1,2026-10-06T11:42:41.332918+00:00,2026-10-06T11:42:41.339765+00:00,0.0,,,,,0.4
individual,cross,1,warmup,B,cpu_rss,B,OBSERVED,,,5,2026-10-06T11:42:26.179642+00:00,2026-10-06T11:42:46.181319+00:00,19.999820947647095,10.900097584405932,,,,
individual,cross,1,warmup,B,heap_gc,B,OBSERVED,,,5,2026-10-06T11:42:26.181697+00:00,2026-10-06T11:42:46.390059+00:00,19.993664264678955,,417333248,663224320,0.0050000000000001155,
individual,cross,1,warmup,B,tick,B,OBSERVED,,,1,2026-10-06T11:42:41.333705+00:00,2026-10-06T11:42:41.337471+00:00,0.0,,,,,0.4
individual,cross,1,warmup,C,cpu_rss,B,OBSERVED,,,5,2026-10-06T11:42:26.179729+00:00,2026-10-06T11:42:46.180736+00:00,19.999807357788086,8.4500813921185,,,,
individual,cross,1,warmup,C,heap_gc,B,OBSERVED,,,5,2026-10-06T11:42:26.181127+00:00,2026-10-06T11:42:46.332297+00:00,19.97787833213806,,250190233.6,253755392,0.0,
individual,cross,1,warmup,C,tick,B,OBSERVED,,,1,2026-10-06T11:42:41.333758+00:00,2026-10-06T11:42:41.338491+00:00,0.0,,,,,0.2
individual,cross,1,steady,A,cpu_rss,B,OBSERVED,,,23,2026-10-06T11:42:56.179585+00:00,2026-10-06T11:44:46.181996+00:00,109.9996931552887,8.981843236646313,,,,
individual,cross,1,steady,A,heap_gc,B,OBSERVED,,,23,2026-10-06T11:42:56.182565+00:00,2026-10-06T11:44:46.374018+00:00,110.00646448135376,,498435748.65217394,621744128,0.008000000000000007,
individual,cross,1,steady,A,tick,B,OBSERVED,,,10,2026-10-06T11:43:11.332350+00:00,2026-10-06T11:44:41.336249+00:00,89.99449563026428,,,,,0.45
individual,cross,1,steady,B,cpu_rss,B,OBSERVED,,,23,2026-10-06T11:42:56.179697+00:00,2026-10-06T11:44:46.180864+00:00,109.99961614608765,9.463669387877461,,,,
individual,cross,1,steady,B,heap_gc,B,OBSERVED,,,23,2026-10-06T11:42:56.181598+00:00,2026-10-06T11:44:46.344093+00:00,109.97722625732422,,409674084.17391306,526385152,0.0,
individual,cross,1,steady,B,tick,B,OBSERVED,,,10,2026-10-06T11:43:11.333440+00:00,2026-10-06T11:44:41.330526+00:00,89.99389266967773,,,,,0.41000000000000003
individual,cross,1,steady,C,cpu_rss,B,OBSERVED,,,23,2026-10-06T11:42:56.179856+00:00,2026-10-06T11:44:46.181525+00:00,109.99896264076233,7.681890626183674,,,,
individual,cross,1,steady,C,heap_gc,B,OBSERVED,,,22,2026-10-06T11:42:56.183470+00:00,2026-10-06T11:44:46.382888+00:00,109.98965311050415,,278158615.27272725,297795584,0.0,
individual,cross,1,steady,C,tick,B,OBSERVED,,,10,2026-10-06T11:43:11.342502+00:00,2026-10-06T11:44:41.335987+00:00,89.98825454711914,,,,,0.21000000000000002
individual,mixed,1,low_flow,A,cpu_rss,B,OBSERVED,,,34,2026-10-06T11:45:01.179570+00:00,2026-10-06T11:47:46.181955+00:00,165.00062227249146,9.090874806052627,,,,
individual,mixed,1,low_flow,A,heap_gc,B,OBSERVED,,,34,2026-10-06T11:45:01.180632+00:00,2026-10-06T11:47:46.393710+00:00,164.98936343193054,,412408277.2352941,612408729,0.03600000000000003,
individual,mixed,1,low_flow,A,tick,B,OBSERVED,,,16,2026-10-06T11:45:11.333215+00:00,2026-10-06T11:47:41.344086+00:00,150.00104188919067,,,,,0.41250000000000003
individual,mixed,1,low_flow,B,cpu_rss,B,OBSERVED,,,34,2026-10-06T11:45:01.180925+00:00,2026-10-06T11:47:46.180899+00:00,164.99872398376465,8.472792796491923,,,,
individual,mixed,1,low_flow,B,heap_gc,B,OBSERVED,,,34,2026-10-06T11:45:01.182225+00:00,2026-10-06T11:47:46.376910+00:00,164.98713541030884,,487751155.64705884,683671552,0.0039999999999997815,
individual,mixed,1,low_flow,B,tick,B,OBSERVED,,,16,2026-10-06T11:45:11.334691+00:00,2026-10-06T11:47:41.343227+00:00,149.99933457374573,,,,,0.3875
individual,mixed,1,low_flow,C,cpu_rss,B,OBSERVED,,,34,2026-10-06T11:45:01.180965+00:00,2026-10-06T11:47:46.181495+00:00,164.9992995262146,7.406092047111097,,,,
individual,mixed,1,low_flow,C,heap_gc,B,OBSERVED,,,34,2026-10-06T11:45:01.181768+00:00,2026-10-06T11:47:46.343240+00:00,165.00053119659424,,329561268.7058824,356515840,0.0,
individual,mixed,1,low_flow,C,tick,B,OBSERVED,,,16,2026-10-06T11:45:11.334739+00:00,2026-10-06T11:47:41.343577+00:00,149.99787855148315,,,,,0.2
individual,mixed,1,warmup,A,cpu_rss,B,OBSERVED,,,6,2026-10-06T11:47:51.179551+00:00,2026-10-06T11:48:16.180802+00:00,24.99920654296875,9.320295810169693,,,,
individual,mixed,1,warmup,A,heap_gc,B,OBSERVED,,,6,2026-10-06T11:47:51.182383+00:00,2026-10-06T11:48:16.339425+00:00,24.978176593780518,,467880003.6666667,504929689,0.0,
individual,mixed,1,warmup,A,tick,B,OBSERVED,,,2,2026-10-06T11:48:01.328883+00:00,2026-10-06T11:48:11.335276+00:00,10.000226020812988,,,,,0.45
individual,mixed,1,warmup,B,cpu_rss,B,OBSERVED,,,6,2026-10-06T11:47:51.179655+00:00,2026-10-06T11:48:16.181437+00:00,25.000375032424927,8.599870990781097,,,,
individual,mixed,1,warmup,B,heap_gc,B,OBSERVED,,,6,2026-10-06T11:47:51.180705+00:00,2026-10-06T11:48:16.394764+00:00,24.98746657371521,,535722734.6666667,690337894,0.007000000000000117,
individual,mixed,1,warmup,B,tick,B,OBSERVED,,,2,2026-10-06T11:48:01.329179+00:00,2026-10-06T11:48:11.335049+00:00,10.000795841217041,,,,,0.45
individual,mixed,1,warmup,C,cpu_rss,B,OBSERVED,,,6,2026-10-06T11:47:51.179728+00:00,2026-10-06T11:48:16.182032+00:00,25.000227689743042,7.8799282328466145,,,,
individual,mixed,1,warmup,C,heap_gc,B,OBSERVED,,,6,2026-10-06T11:47:51.181723+00:00,2026-10-06T11:48:16.393473+00:00,24.995015859603882,,362632533.3333333,367001600,0.0,
individual,mixed,1,warmup,C,tick,B,OBSERVED,,,2,2026-10-06T11:48:01.329447+00:00,2026-10-06T11:48:11.336284+00:00,10.000415325164795,,,,,0.2
individual,mixed,1,steady,A,cpu_rss,B,OBSERVED,,,23,2026-10-06T11:48:26.179561+00:00,2026-10-06T11:50:16.180538+00:00,110.00000476837158,9.80909048387828,,,,
individual,mixed,1,steady,A,heap_gc,B,OBSERVED,,,23,2026-10-06T11:48:26.180520+00:00,2026-10-06T11:50:16.361927+00:00,109.97184705734253,,422707653.5217391,613981593,0.010999999999999899,
individual,mixed,1,steady,A,tick,B,OBSERVED,,,10,2026-10-06T11:48:41.330800+00:00,2026-10-06T11:50:11.339501+00:00,89.99557685852051,,,,,0.5
individual,mixed,1,steady,B,cpu_rss,B,OBSERVED,,,23,2026-10-06T11:48:26.180758+00:00,2026-10-06T11:50:16.183578+00:00,110.00045108795166,8.972690477522097,,,,
individual,mixed,1,steady,B,heap_gc,B,OBSERVED,,,23,2026-10-06T11:48:26.182702+00:00,2026-10-06T11:50:16.386296+00:00,110.00014805793762,,382319927.65217394,484442112,0.0,
individual,mixed,1,steady,B,tick,B,OBSERVED,,,10,2026-10-06T11:48:41.332429+00:00,2026-10-06T11:50:11.332355+00:00,89.99374198913574,,,,,0.41000000000000003
individual,mixed,1,steady,C,cpu_rss,B,OBSERVED,,,23,2026-10-06T11:48:26.180802+00:00,2026-10-06T11:50:16.182940+00:00,110.00073075294495,7.545404419759083,,,,
individual,mixed,1,steady,C,heap_gc,B,OBSERVED,,,23,2026-10-06T11:48:26.182296+00:00,2026-10-06T11:50:16.388393+00:00,110.02574014663696,,391392389.5652174,411041792,0.0,
individual,mixed,1,steady,C,tick,B,OBSERVED,,,10,2026-10-06T11:48:41.332655+00:00,2026-10-06T11:50:11.336196+00:00,89.99653100967407,,,,,0.21000000000000002
individual,cross,2,low_flow,A,cpu_rss,B,OBSERVED,,,34,2026-10-06T11:50:26.179604+00:00,2026-10-06T11:53:11.180925+00:00,164.99926257133484,8.497007672345616,,,,
individual,cross,2,low_flow,A,heap_gc,B,OBSERVED,,,34,2026-10-06T11:50:26.182387+00:00,2026-10-06T11:53:11.362116+00:00,165.0276186466217,,479128442.88235295,622894489,0.008000000000000007,
individual,cross,2,low_flow,A,tick,B,OBSERVED,,,16,2026-10-06T11:50:41.330033+00:00,2026-10-06T11:53:11.336653+00:00,149.99622297286987,,,,,0.43125
individual,cross,2,low_flow,B,cpu_rss,B,OBSERVED,,,34,2026-10-06T11:50:26.179721+00:00,2026-10-06T11:53:11.183242+00:00,165.00111150741577,9.254483112566014,,,,
individual,cross,2,low_flow,B,heap_gc,B,OBSERVED,,,34,2026-10-06T11:50:26.180999+00:00,2026-10-06T11:53:11.449109+00:00,165.00343227386475,,466393762.11764705,687865856,0.0040000000000000036,
individual,cross,2,low_flow,B,tick,B,OBSERVED,,,16,2026-10-06T11:50:41.330193+00:00,2026-10-06T11:53:11.335218+00:00,150.0009479522705,,,,,0.41250000000000003
individual,cross,2,low_flow,C,cpu_rss,B,OBSERVED,,,34,2026-10-06T11:50:26.179755+00:00,2026-10-06T11:53:11.181858+00:00,165.0000512599945,8.327270140267736,,,,
individual,cross,2,low_flow,C,heap_gc,B,OBSERVED,,,34,2026-10-06T11:50:26.181779+00:00,2026-10-06T11:53:11.404057+00:00,165.01686334609985,,394341677.1764706,456130560,0.038999999999999924,
individual,cross,2,low_flow,C,tick,B,OBSERVED,,,16,2026-10-06T11:50:41.330281+00:00,2026-10-06T11:53:11.336068+00:00,150.00171279907227,,,,,0.23125
individual,cross,2,warmup,A,cpu_rss,B,OBSERVED,,,5,2026-10-06T11:53:21.179577+00:00,2026-10-06T11:53:41.182277+00:00,20.00080919265747,8.849641946735682,,,,
individual,cross,2,warmup,A,heap_gc,B,OBSERVED,,,5,2026-10-06T11:53:21.180634+00:00,2026-10-06T11:53:41.366782+00:00,19.957510471343994,,320107314.6,338352537,0.0,
individual,cross,2,warmup,A,tick,B,OBSERVED,,,2,2026-10-06T11:53:31.330462+00:00,2026-10-06T11:53:41.350823+00:00,10.004675388336182,,,,,0.55
individual,cross,2,warmup,B,cpu_rss,B,OBSERVED,,,5,2026-10-06T11:53:21.181031+00:00,2026-10-06T11:53:41.181483+00:00,19.998587369918823,9.650681642159613,,,,
individual,cross,2,warmup,B,heap_gc,B,OBSERVED,,,5,2026-10-06T11:53:21.182935+00:00,2026-10-06T11:53:41.366286+00:00,19.945258855819702,,590414232.8,611595468,0.0,
individual,cross,2,warmup,B,tick,B,OBSERVED,,,2,2026-10-06T11:53:31.338394+00:00,2026-10-06T11:53:41.329987+00:00,9.98811674118042,,,,,0.4
individual,cross,2,warmup,C,cpu_rss,B,OBSERVED,,,5,2026-10-06T11:53:21.181079+00:00,2026-10-06T11:53:41.180888+00:00,19.998697519302368,7.450485205658463,,,,
individual,cross,2,warmup,C,heap_gc,B,OBSERVED,,,5,2026-10-06T11:53:21.182131+00:00,2026-10-06T11:53:41.369906+00:00,19.965543270111084,,247149363.2,251133952,0.0,
individual,cross,2,warmup,C,tick,B,OBSERVED,,,2,2026-10-06T11:53:31.339959+00:00,2026-10-06T11:53:41.344940+00:00,9.986586570739746,,,,,0.2
individual,cross,2,steady,A,cpu_rss,B,OBSERVED,,,23,2026-10-06T11:53:51.179528+00:00,2026-10-06T11:55:41.181164+00:00,110.00006604194641,8.927267367508081,,,,
individual,cross,2,steady,A,heap_gc,B,OBSERVED,,,23,2026-10-06T11:53:51.181034+00:00,2026-10-06T11:55:41.363897+00:00,110.00052285194397,,463680164.1304348,567990681,0.0,
individual,cross,2,steady,A,tick,B,OBSERVED,,,11,2026-10-06T11:54:01.328928+00:00,2026-10-06T11:55:41.337862+00:00,100.00203204154968,,,,,0.4454545454545455
individual,cross,2,steady,B,cpu_rss,B,OBSERVED,,,23,2026-10-06T11:53:51.179634+00:00,2026-10-06T11:55:41.182068+00:00,110.00076103210449,10.072657585310921,,,,
individual,cross,2,steady,B,heap_gc,B,OBSERVED,,,23,2026-10-06T11:53:51.180542+00:00,2026-10-06T11:55:41.349369+00:00,109.99468278884888,,417587520.34782606,688141516,0.006999999999999895,
individual,cross,2,steady,B,tick,B,OBSERVED,,,11,2026-10-06T11:54:01.329409+00:00,2026-10-06T11:55:41.334728+00:00,100.00243949890137,,,,,0.4272727272727273
individual,cross,2,steady,C,cpu_rss,B,OBSERVED,,,23,2026-10-06T11:53:51.179677+00:00,2026-10-06T11:55:41.180773+00:00,109.99953770637512,7.636395729609667,,,,
individual,cross,2,steady,C,heap_gc,B,OBSERVED,,,23,2026-10-06T11:53:51.181795+00:00,2026-10-06T11:55:41.354647+00:00,109.99431419372559,,274886477.9130435,295174144,0.0,
individual,cross,2,steady,C,tick,B,OBSERVED,,,11,2026-10-06T11:54:01.329579+00:00,2026-10-06T11:55:41.332818+00:00,100.00161409378052,,,,,0.2181818181818182
individual,mixed,2,low_flow,A,cpu_rss,B,OBSERVED,,,34,2026-10-06T11:55:56.179492+00:00,2026-10-06T11:58:41.180633+00:00,164.99929881095886,8.90306813778067,,,,
individual,mixed,2,low_flow,A,heap_gc,B,OBSERVED,,,34,2026-10-06T11:55:56.182106+00:00,2026-10-06T11:58:41.354819+00:00,164.9912633895874,,414836904.0588235,616225177,0.02400000000000002,
individual,mixed,2,low_flow,A,tick,B,OBSERVED,,,16,2026-10-06T11:56:11.334703+00:00,2026-10-06T11:58:41.336136+00:00,149.99804854393005,,,,,0.41250000000000003
individual,mixed,2,low_flow,B,cpu_rss,B,OBSERVED,,,34,2026-10-06T11:55:56.179590+00:00,2026-10-06T11:58:41.181963+00:00,165.00066423416138,8.436329674555347,,,,
individual,mixed,2,low_flow,B,heap_gc,B,OBSERVED,,,34,2026-10-06T11:55:56.180712+00:00,2026-10-06T11:58:41.388674+00:00,165.01319313049316,,466092032,684720128,0.006000000000000005,
individual,mixed,2,low_flow,B,tick,B,OBSERVED,,,16,2026-10-06T11:56:11.334813+00:00,2026-10-06T11:58:41.336441+00:00,149.99660205841064,,,,,0.4
individual,mixed,2,low_flow,C,cpu_rss,B,OBSERVED,,,34,2026-10-06T11:55:56.179670+00:00,2026-10-06T11:58:41.181520+00:00,165.0000810623169,7.369693349064132,,,,
individual,mixed,2,low_flow,C,heap_gc,B,OBSERVED,,,34,2026-10-06T11:55:56.181454+00:00,2026-10-06T11:58:41.352835+00:00,164.98053884506226,,327186552.4705882,353894400,0.0,
individual,mixed,2,low_flow,C,tick,B,OBSERVED,,,16,2026-10-06T11:56:11.334923+00:00,2026-10-06T11:58:41.342808+00:00,150.0002064704895,,,,,0.20625000000000002
individual,mixed,2,warmup,A,cpu_rss,B,OBSERVED,,,6,2026-10-06T11:58:46.179544+00:00,2026-10-06T11:59:11.181070+00:00,24.999987602233887,10.000004959108905,,,,
individual,mixed,2,warmup,A,heap_gc,B,OBSERVED,,,6,2026-10-06T11:58:46.181064+00:00,2026-10-06T11:59:11.356885+00:00,24.970529556274414,,379946051.6666667,418568601,0.0,
individual,mixed,2,warmup,A,tick,B,OBSERVED,,,2,2026-10-06T11:59:01.329114+00:00,2026-10-06T11:59:11.332965+00:00,9.99928617477417,,,,,0.45
individual,mixed,2,warmup,B,cpu_rss,B,OBSERVED,,,6,2026-10-06T11:58:46.179652+00:00,2026-10-06T11:59:11.182377+00:00,24.998313426971436,9.000607207254259,,,,
individual,mixed,2,warmup,B,heap_gc,B,OBSERVED,,,6,2026-10-06T11:58:46.185742+00:00,2026-10-06T11:59:11.374949+00:00,24.977184534072876,,486714026.6666667,510656512,0.0,
individual,mixed,2,warmup,B,tick,B,OBSERVED,,,2,2026-10-06T11:59:01.329255+00:00,2026-10-06T11:59:11.333667+00:00,9.999817848205566,,,,,0.4
individual,mixed,2,warmup,C,cpu_rss,B,OBSERVED,,,6,2026-10-06T11:58:46.179863+00:00,2026-10-06T11:59:11.181694+00:00,24.997371196746826,7.680807653285789,,,,
individual,mixed,2,warmup,C,heap_gc,B,OBSERVED,,,6,2026-10-06T11:58:46.186879+00:00,2026-10-06T11:59:11.388531+00:00,25.00802493095398,,360710144,365428736,0.0,
individual,mixed,2,warmup,C,tick,B,OBSERVED,,,2,2026-10-06T11:59:01.329534+00:00,2026-10-06T11:59:11.333156+00:00,9.998966217041016,,,,,0.2
individual,mixed,2,steady,A,cpu_rss,B,OBSERVED,,,23,2026-10-06T11:59:21.179574+00:00,2026-10-06T12:01:11.182382+00:00,110.00069427490234,10.78175013183165,,,,
individual,mixed,2,steady,A,heap_gc,B,OBSERVED,,,23,2026-10-06T11:59:21.180987+00:00,2026-10-06T12:01:11.371920+00:00,110.00361061096191,,440353239.5217391,625138073,0.03200000000000003,
individual,mixed,2,steady,A,tick,B,OBSERVED,,,10,2026-10-06T11:59:31.329803+00:00,2026-10-06T12:01:01.339093+00:00,90.00399494171143,,,,,0.47000000000000003
individual,mixed,2,steady,B,cpu_rss,B,OBSERVED,,,23,2026-10-06T11:59:21.179724+00:00,2026-10-06T12:01:11.182911+00:00,110.0005555152893,8.499957074035331,,,,
individual,mixed,2,steady,B,heap_gc,B,OBSERVED,,,23,2026-10-06T11:59:21.181772+00:00,2026-10-06T12:01:11.460536+00:00,110.03279876708984,,534345149.04347825,688914432,0.0040000000000000036,
individual,mixed,2,steady,B,tick,B,OBSERVED,,,9,2026-10-06T11:59:31.329895+00:00,2026-10-06T12:00:51.334482+00:00,79.99893641471863,,,,,0.41111111111111115
individual,mixed,2,steady,C,cpu_rss,B,OBSERVED,,,23,2026-10-06T11:59:21.179850+00:00,2026-10-06T12:01:11.181306+00:00,109.9993724822998,7.481860863637467,,,,
individual,mixed,2,steady,C,heap_gc,B,OBSERVED,,,23,2026-10-06T11:59:21.182552+00:00,2026-10-06T12:01:11.363051+00:00,109.97153282165527,,389044491.1304348,408420352,0.0,
individual,mixed,2,steady,C,tick,B,OBSERVED,,,10,2026-10-06T11:59:31.330201+00:00,2026-10-06T12:01:01.346825+00:00,90.00797986984253,,,,,0.21000000000000002
individual,same,2,low_flow,A,cpu_rss,B,OBSERVED,,,35,2026-10-06T12:01:21.179595+00:00,2026-10-06T12:04:11.180970+00:00,169.9999270439148,9.50588643242506,,,,
individual,same,2,low_flow,A,heap_gc,B,OBSERVED,,,35,2026-10-06T12:01:21.181076+00:00,2026-10-06T12:04:11.411422+00:00,170.00349259376526,,448615716.37142855,612253491,0.03299999999999992,
individual,same,2,low_flow,A,tick,B,UNMEASURED,,,0,,,,,,,,
individual,same,2,low_flow,B,cpu_rss,B,OBSERVED,,,35,2026-10-06T12:01:21.179744+00:00,2026-10-06T12:04:11.183145+00:00,170.0000195503235,7.92941085280854,,,,
individual,same,2,low_flow,B,heap_gc,B,OBSERVED,,,35,2026-10-06T12:01:21.183084+00:00,2026-10-06T12:04:11.374823+00:00,169.97661662101746,,329378405.6,362303692,0.0,
individual,same,2,low_flow,B,tick,B,UNMEASURED,,,0,,,,,,,,
individual,same,2,low_flow,C,cpu_rss,B,OBSERVED,,,35,2026-10-06T12:01:21.179799+00:00,2026-10-06T12:04:11.181848+00:00,169.99997186660767,7.60588361164299,,,,
individual,same,2,low_flow,C,heap_gc,B,OBSERVED,,,35,2026-10-06T12:01:21.181957+00:00,2026-10-06T12:04:11.359671+00:00,169.97744035720825,,411173718.28571427,456654848,0.006999999999999895,
individual,same,2,low_flow,C,tick,B,UNMEASURED,,,0,,,,,,,,
individual,same,2,warmup,A,cpu_rss,B,OBSERVED,,,6,2026-10-06T12:04:16.179729+00:00,2026-10-06T12:04:41.182070+00:00,25.000185012817383,9.99992599542072,,,,
individual,same,2,warmup,A,heap_gc,B,OBSERVED,,,6,2026-10-06T12:04:16.181503+00:00,2026-10-06T12:04:41.378393+00:00,24.979984760284424,,378770568.3333333,612253491,0.010000000000000009,
individual,same,2,warmup,A,tick,B,UNMEASURED,,,0,,,,,,,,
individual,same,2,warmup,B,cpu_rss,B,OBSERVED,,,6,2026-10-06T12:04:16.180066+00:00,2026-10-06T12:04:41.180741+00:00,24.998507738113403,7.760463225739755,,,,
individual,same,2,warmup,B,heap_gc,B,OBSERVED,,,6,2026-10-06T12:04:16.183299+00:00,2026-10-06T12:04:41.380877+00:00,25.006581783294678,,370342774.6666667,374886604,0.0,
individual,same,2,warmup,B,tick,B,UNMEASURED,,,0,,,,,,,,
individual,same,2,warmup,C,cpu_rss,B,OBSERVED,,,6,2026-10-06T12:04:16.180276+00:00,2026-10-06T12:04:41.181428+00:00,24.999282360076904,7.120204389717231,,,,
individual,same,2,warmup,C,heap_gc,B,OBSERVED,,,6,2026-10-06T12:04:16.182286+00:00,2026-10-06T12:04:41.368070+00:00,24.97371220588684,,240273373.66666666,244817203,0.0,
individual,same,2,warmup,C,tick,B,UNMEASURED,,,0,,,,,,,,
individual,same,2,steady,A,cpu_rss,B,OBSERVED,,,24,2026-10-06T12:04:46.179597+00:00,2026-10-06T12:06:41.182139+00:00,115.00005912780762,9.599995064116007,,,,
individual,same,2,steady,A,heap_gc,B,OBSERVED,,,24,2026-10-06T12:04:46.181949+00:00,2026-10-06T12:06:41.374994+00:00,115.02729201316833,,424052978.9166667,616447795,0.010000000000000009,
individual,same,2,steady,A,tick,B,UNMEASURED,,,0,,,,,,,,
individual,same,2,steady,B,cpu_rss,B,OBSERVED,,,24,2026-10-06T12:04:46.179722+00:00,2026-10-06T12:06:41.181265+00:00,115.0000171661377,7.660868421673722,,,,
individual,same,2,steady,B,heap_gc,B,OBSERVED,,,24,2026-10-06T12:04:46.181161+00:00,2026-10-06T12:06:41.403222+00:00,115.00339317321777,,401974817.3333333,426266828,0.0,
individual,same,2,steady,B,tick,B,UNMEASURED,,,0,,,,,,,,
individual,same,2,steady,C,cpu_rss,B,OBSERVED,,,24,2026-10-06T12:04:46.179764+00:00,2026-10-06T12:06:41.180611+00:00,114.99900221824646,7.4000642056438375,,,,
individual,same,2,steady,C,heap_gc,B,OBSERVED,,,24,2026-10-06T12:04:46.182556+00:00,2026-10-06T12:06:41.365828+00:00,114.99017357826233,,264871219,283614515,0.0,
individual,same,2,steady,C,tick,B,UNMEASURED,,,0,,,,,,,,
individual,mixed,3,low_flow,A,cpu_rss,B,OBSERVED,,,34,2026-10-06T12:06:51.179573+00:00,2026-10-06T12:09:36.181913+00:00,165.00016736984253,9.260596667002389,,,,
individual,mixed,3,low_flow,A,heap_gc,B,OBSERVED,,,34,2026-10-06T12:06:51.181535+00:00,2026-10-06T12:09:36.436795+00:00,165.04186987876892,,419680604.6764706,611714969,0.039000000000000146,
individual,mixed,3,low_flow,A,tick,B,UNMEASURED,,,0,,,,,,,,
individual,mixed,3,low_flow,B,cpu_rss,B,OBSERVED,,,34,2026-10-06T12:06:51.179725+00:00,2026-10-06T12:09:36.181323+00:00,164.99916696548462,9.369744274668982,,,,
individual,mixed,3,low_flow,B,heap_gc,B,OBSERVED,,,34,2026-10-06T12:06:51.182945+00:00,2026-10-06T12:09:36.338138+00:00,164.94597458839417,,480341714.35294116,693653708,0.007000000000000117,
individual,mixed,3,low_flow,B,tick,B,UNMEASURED,,,0,,,,,,,,
individual,mixed,3,low_flow,C,cpu_rss,B,OBSERVED,,,34,2026-10-06T12:06:51.180047+00:00,2026-10-06T12:09:36.180757+00:00,164.9991843700409,7.65458329277247,,,,
individual,mixed,3,low_flow,C,heap_gc,B,OBSERVED,,,34,2026-10-06T12:06:51.182071+00:00,2026-10-06T12:09:36.442744+00:00,165.02190232276917,,312265312.1764706,337091891,0.0,
individual,mixed,3,low_flow,C,tick,B,UNMEASURED,,,0,,,,,,,,
individual,mixed,3,warmup,A,cpu_rss,B,OBSERVED,,,5,2026-10-06T12:09:46.179554+00:00,2026-10-06T12:10:06.180686+00:00,19.999627828598022,8.50015817578921,,,,
individual,mixed,3,warmup,A,heap_gc,B,OBSERVED,,,5,2026-10-06T12:09:46.181413+00:00,2026-10-06T12:10:06.353428+00:00,19.97915506362915,,511841586.4,542879436,0.0,
individual,mixed,3,warmup,A,tick,B,UNMEASURED,,,0,,,,,,,,
individual,mixed,3,warmup,B,cpu_rss,B,OBSERVED,,,5,2026-10-06T12:09:46.179666+00:00,2026-10-06T12:10:06.181260+00:00,19.999691486358643,10.45016120086426,,,,
individual,mixed,3,warmup,B,heap_gc,B,OBSERVED,,,5,2026-10-06T12:09:46.181869+00:00,2026-10-06T12:10:06.425780+00:00,19.989389419555664,,504428748.8,522464256,0.0,
individual,mixed,3,warmup,B,tick,B,UNMEASURED,,,0,,,,,,,,
individual,mixed,3,warmup,C,cpu_rss,B,OBSERVED,,,5,2026-10-06T12:09:46.179733+00:00,2026-10-06T12:10:06.181658+00:00,20.00043249130249,6.999848631317438,,,,
individual,mixed,3,warmup,C,heap_gc,B,OBSERVED,,,5,2026-10-06T12:09:46.180842+00:00,2026-10-06T12:10:06.429114+00:00,20.004330158233643,,344222207.8,347577651,0.0,
individual,mixed,3,warmup,C,tick,B,UNMEASURED,,,0,,,,,,,,
individual,mixed,3,steady,A,cpu_rss,B,OBSERVED,,,24,2026-10-06T12:10:16.179567+00:00,2026-10-06T12:12:11.180765+00:00,114.99996972084045,9.46087205623699,,,,
individual,mixed,3,steady,A,heap_gc,B,OBSERVED,,,24,2026-10-06T12:10:16.180845+00:00,2026-10-06T12:12:11.466088+00:00,115.0412950515747,,430873890,620474060,0.008999999999999897,
individual,mixed,3,steady,A,tick,B,UNMEASURED,,,0,,,,,,,,
individual,mixed,3,steady,B,cpu_rss,B,OBSERVED,,,24,2026-10-06T12:10:16.179689+00:00,2026-10-06T12:12:11.182033+00:00,115.00022554397583,8.373896620157065,,,,
individual,mixed,3,steady,B,heap_gc,B,OBSERVED,,,24,2026-10-06T12:10:16.182966+00:00,2026-10-06T12:12:11.424961+00:00,115.02470827102661,,519195093.3333333,691284992,0.0040000000000000036,
individual,mixed,3,steady,B,tick,B,UNMEASURED,,,0,,,,,,,,
individual,mixed,3,steady,C,cpu_rss,B,OBSERVED,,,24,2026-10-06T12:10:16.179823+00:00,2026-10-06T12:12:11.182832+00:00,115.00133776664734,7.147742939025176,,,,
individual,mixed,3,steady,C,heap_gc,B,OBSERVED,,,24,2026-10-06T12:10:16.181631+00:00,2026-10-06T12:12:11.394728+00:00,115.02712535858154,,369816200.3333333,388472115,0.0,
individual,mixed,3,steady,C,tick,B,UNMEASURED,,,0,,,,,,,,
individual,same,3,low_flow,A,cpu_rss,B,OBSERVED,,,34,2026-10-06T12:12:21.179582+00:00,2026-10-06T12:15:06.181291+00:00,165.00002932548523,9.272725624683774,,,,
individual,same,3,low_flow,A,heap_gc,B,OBSERVED,,,34,2026-10-06T12:12:21.181277+00:00,2026-10-06T12:15:06.449771+00:00,165.0279393196106,,446891923.0882353,639861145,0.016000000000000014,
individual,same,3,low_flow,A,tick,B,UNMEASURED,,,0,,,,,,,,
individual,same,3,low_flow,B,cpu_rss,B,OBSERVED,,,34,2026-10-06T12:12:21.179740+00:00,2026-10-06T12:15:06.182906+00:00,164.99999952316284,8.066666689978724,,,,
individual,same,3,low_flow,B,heap_gc,B,OBSERVED,,,34,2026-10-06T12:12:21.182921+00:00,2026-10-06T12:15:06.401592+00:00,165.00960063934326,,355991552,387973120,0.0,
individual,same,3,low_flow,B,tick,B,UNMEASURED,,,0,,,,,,,,
individual,same,3,low_flow,C,cpu_rss,B,OBSERVED,,,34,2026-10-06T12:12:21.179902+00:00,2026-10-06T12:15:06.182024+00:00,164.99992299079895,7.600003547092123,,,,
individual,same,3,low_flow,C,heap_gc,B,OBSERVED,,,34,2026-10-06T12:12:21.182150+00:00,2026-10-06T12:15:06.342189+00:00,164.97134637832642,,416907028.88235295,441949491,0.0,
individual,same,3,low_flow,C,tick,B,UNMEASURED,,,0,,,,,,,,
individual,same,3,warmup,A,cpu_rss,B,OBSERVED,,,5,2026-10-06T12:15:16.179560+00:00,2026-10-06T12:15:36.180853+00:00,19.999148845672607,10.45044474706364,,,,
individual,same,3,warmup,A,heap_gc,B,OBSERVED,,,5,2026-10-06T12:15:16.182580+00:00,2026-10-06T12:15:36.351352+00:00,19.96057653427124,,368957030,405657190,0.0,
individual,same,3,warmup,A,tick,B,UNMEASURED,,,0,,,,,,,,
individual,same,3,warmup,B,cpu_rss,B,OBSERVED,,,5,2026-10-06T12:15:16.179790+00:00,2026-10-06T12:15:36.181891+00:00,20.00039577484131,8.199837735526005,,,,
individual,same,3,warmup,B,heap_gc,B,OBSERVED,,,5,2026-10-06T12:15:16.181084+00:00,2026-10-06T12:15:36.396411+00:00,19.962982654571533,,395942297.6,399507456,0.0,
individual,same,3,warmup,B,tick,B,UNMEASURED,,,0,,,,,,,,
individual,same,3,warmup,C,cpu_rss,B,OBSERVED,,,5,2026-10-06T12:15:16.180316+00:00,2026-10-06T12:15:36.182543+00:00,20.00013542175293,8.149944816009313,,,,
individual,same,3,warmup,C,heap_gc,B,OBSERVED,,,5,2026-10-06T12:15:16.181770+00:00,2026-10-06T12:15:36.436794+00:00,19.999823331832886,,448031231.8,451386675,0.0,
individual,same,3,warmup,C,tick,B,UNMEASURED,,,0,,,,,,,,
individual,same,3,steady,A,cpu_rss,B,OBSERVED,,,24,2026-10-06T12:15:46.179537+00:00,2026-10-06T12:17:41.180865+00:00,114.99952173233032,9.93917177030019,,,,
individual,same,3,steady,A,heap_gc,B,OBSERVED,,,24,2026-10-06T12:15:46.181857+00:00,2026-10-06T12:17:41.418782+00:00,115.01823806762695,,439929155.6666667,634246758,0.0020000000000000018,
individual,same,3,steady,A,tick,B,UNMEASURED,,,0,,,,,,,,
individual,same,3,steady,B,cpu_rss,B,OBSERVED,,,24,2026-10-06T12:15:46.179681+00:00,2026-10-06T12:17:41.181431+00:00,114.99957609176636,7.965246752466766,,,,
individual,same,3,steady,B,heap_gc,B,OBSERVED,,,24,2026-10-06T12:15:46.182338+00:00,2026-10-06T12:17:41.366195+00:00,114.95456552505493,,427644245.3333333,450887680,0.0,
individual,same,3,steady,B,tick,B,UNMEASURED,,,0,,,,,,,,
individual,same,3,steady,C,cpu_rss,B,OBSERVED,,,24,2026-10-06T12:15:46.179844+00:00,2026-10-06T12:17:41.182320+00:00,115.00064373016357,7.730391510554845,,,,
individual,same,3,steady,C,heap_gc,B,OBSERVED,,,24,2026-10-06T12:15:46.181033+00:00,2026-10-06T12:17:41.422004+00:00,115.03333520889282,,260940961.75,456629555,0.017000000000000126,
individual,same,3,steady,C,tick,B,UNMEASURED,,,0,,,,,,,,
individual,cross,3,low_flow,A,cpu_rss,B,OBSERVED,,,34,2026-10-06T12:17:51.179579+00:00,2026-10-06T12:20:36.180864+00:00,164.99934434890747,8.157608172998236,,,,
individual,cross,3,low_flow,A,heap_gc,B,OBSERVED,,,34,2026-10-06T12:17:51.182158+00:00,2026-10-06T12:20:36.404889+00:00,165.0242476463318,,534005933.88235295,611477196,0.0,
individual,cross,3,low_flow,A,tick,B,UNMEASURED,,,0,,,,,,,,
individual,cross,3,low_flow,B,cpu_rss,B,OBSERVED,,,34,2026-10-06T12:17:51.179756+00:00,2026-10-06T12:20:36.181478+00:00,165.00003743171692,8.684846514613831,,,,
individual,cross,3,low_flow,B,heap_gc,B,OBSERVED,,,34,2026-10-06T12:17:51.181336+00:00,2026-10-06T12:20:36.398964+00:00,164.99441814422607,,482126931.88235295,693108736,0.004999999999999893,
individual,cross,3,low_flow,B,tick,B,UNMEASURED,,,0,,,,,,,,
individual,cross,3,low_flow,C,cpu_rss,B,OBSERVED,,,34,2026-10-06T12:17:51.179966+00:00,2026-10-06T12:20:36.182318+00:00,164.999418258667,7.593966168024252,,,,
individual,cross,3,low_flow,C,heap_gc,B,OBSERVED,,,34,2026-10-06T12:17:51.183364+00:00,2026-10-06T12:20:36.341588+00:00,164.97721409797668,,288929562.7058824,313262694,0.0,
individual,cross,3,low_flow,C,tick,B,UNMEASURED,,,0,,,,,,,,
individual,cross,3,warmup,A,cpu_rss,B,OBSERVED,,,5,2026-10-06T12:20:46.179563+00:00,2026-10-06T12:21:06.180735+00:00,19.999624729156494,8.200153863933087,,,,
individual,cross,3,warmup,A,heap_gc,B,OBSERVED,,,5,2026-10-06T12:20:46.181451+00:00,2026-10-06T12:21:06.382336+00:00,19.990110635757446,,482344078.8,647128780,0.006000000000000005,
individual,cross,3,warmup,A,tick,B,UNMEASURED,,,0,,,,,,,,
individual,cross,3,warmup,B,cpu_rss,B,OBSERVED,,,5,2026-10-06T12:20:46.179677+00:00,2026-10-06T12:21:06.181427+00:00,20.000317096710205,8.599863650576546,,,,
individual,cross,3,warmup,B,heap_gc,B,OBSERVED,,,5,2026-10-06T12:20:46.180805+00:00,2026-10-06T12:21:06.409489+00:00,20.033586263656616,,601172376.8,623402188,0.0,
individual,cross,3,warmup,B,tick,B,UNMEASURED,,,0,,,,,,,,
individual,cross,3,warmup,C,cpu_rss,B,OBSERVED,,,5,2026-10-06T12:20:46.179728+00:00,2026-10-06T12:21:06.181984+00:00,19.99993920326233,7.500022798845932,,,,
individual,cross,3,warmup,C,heap_gc,B,OBSERVED,,,5,2026-10-06T12:20:46.182133+00:00,2026-10-06T12:21:06.405185+00:00,20.01465153694153,,319973580.4,322699878,0.0,
individual,cross,3,warmup,C,tick,B,UNMEASURED,,,0,,,,,,,,
individual,cross,3,steady,A,cpu_rss,B,OBSERVED,,,23,2026-10-06T12:21:16.179590+00:00,2026-10-06T12:23:06.182151+00:00,109.9996612071991,8.400025871529941,,,,
individual,cross,3,steady,A,heap_gc,B,OBSERVED,,,23,2026-10-06T12:21:16.182782+00:00,2026-10-06T12:23:06.358001+00:00,110.02144122123718,,382788291.6956522,491019571,0.0,
individual,cross,3,steady,A,tick,B,UNMEASURED,,,0,,,,,,,,
individual,cross,3,steady,B,cpu_rss,B,OBSERVED,,,23,2026-10-06T12:21:16.179727+00:00,2026-10-06T12:23:06.181011+00:00,109.99990272521973,8.87273511903053,,,,
individual,cross,3,steady,B,heap_gc,B,OBSERVED,,,23,2026-10-06T12:21:16.181189+00:00,2026-10-06T12:23:06.423300+00:00,110.0254955291748,,405325378.6086956,687365324,0.0050000000000001155,
individual,cross,3,steady,B,tick,B,UNMEASURED,,,0,,,,,,,,
individual,cross,3,steady,C,cpu_rss,B,OBSERVED,,,23,2026-10-06T12:21:16.179852+00:00,2026-10-06T12:23:06.181558+00:00,109.99977445602417,7.345469606603849,,,,
individual,cross,3,steady,C,heap_gc,B,OBSERVED,,,23,2026-10-06T12:21:16.181934+00:00,2026-10-06T12:23:06.356036+00:00,109.9863908290863,,344492022.6956522,362545766,0.0,
individual,cross,3,steady,C,tick,B,UNMEASURED,,,0,,,,,,,,
common,cross,1,low_flow,A,cpu_rss,A,OBSERVED,COMMON_OBSERVED_SLICE,,19,2026-10-06T09:09:55.655850+00:00,2026-10-06T09:11:25.657880+00:00,89.99972033500671,7.744468509519262,,,,
common,cross,1,low_flow,A,cpu_rss,B,OBSERVED,COMMON_OBSERVED_SLICE,,18,2026-10-06T11:40:46.179506+00:00,2026-10-06T11:42:11.183238+00:00,85.00119042396545,8.658702264391938,,,,
common,cross,1,low_flow,A,heap_gc,A,OBSERVED,COMMON_OBSERVED_SLICE,,19,2026-10-06T09:09:55.658412+00:00,2026-10-06T09:11:25.826835+00:00,89.97620177268982,,361907000,491113164,0.018000000000000016,
common,cross,1,low_flow,A,heap_gc,B,OBSERVED,COMMON_OBSERVED_SLICE,,18,2026-10-06T11:40:46.180971+00:00,2026-10-06T11:42:11.440544+00:00,85.0415678024292,,329657457.7777778,369037312,0.0,
common,cross,1,low_flow,A,tick,ALL_SUPPLIED,UNMEASURED,NO_COMMON_MEASUREMENT,Fewer than two contained real samples,,,,,,,,,
common,cross,1,low_flow,B,cpu_rss,A,OBSERVED,COMMON_OBSERVED_SLICE,,19,2026-10-06T09:09:55.655952+00:00,2026-10-06T09:11:25.657014+00:00,89.99962425231934,8.466702014929393,,,,
common,cross,1,low_flow,B,cpu_rss,B,OBSERVED,COMMON_OBSERVED_SLICE,,18,2026-10-06T11:40:46.179623+00:00,2026-10-06T11:42:11.182106+00:00,85.00005674362183,10.847051582341258,,,,
common,cross,1,low_flow,B,heap_gc,A,OBSERVED,COMMON_OBSERVED_SLICE,,19,2026-10-06T09:09:55.657743+00:00,2026-10-06T09:11:25.854895+00:00,90.03185820579529,,345188405.57894737,432013312,0.008999999999999897,
common,cross,1,low_flow,B,heap_gc,B,OBSERVED,COMMON_OBSERVED_SLICE,,18,2026-10-06T11:40:46.182136+00:00,2026-10-06T11:42:11.320599+00:00,84.97381138801575,,496675498.6666667,612892672,0.0,
common,cross,1,low_flow,B,tick,ALL_SUPPLIED,UNMEASURED,NO_COMMON_MEASUREMENT,Fewer than two contained real samples,,,,,,,,,
common,cross,1,low_flow,C,cpu_rss,A,OBSERVED,COMMON_OBSERVED_SLICE,,19,2026-10-06T09:09:55.656000+00:00,2026-10-06T09:11:25.659504+00:00,90.00120210647583,6.822131100800275,,,,
common,cross,1,low_flow,C,cpu_rss,B,OBSERVED,COMMON_OBSERVED_SLICE,,18,2026-10-06T11:40:46.179757+00:00,2026-10-06T11:42:11.181240+00:00,84.99981307983398,8.388253740397426,,,,
common,cross,1,low_flow,C,heap_gc,A,OBSERVED,COMMON_OBSERVED_SLICE,,19,2026-10-06T09:09:55.657180+00:00,2026-10-06T09:11:25.873194+00:00,90.01159739494324,,459414037.15789473,472217702,0.0,
common,cross,1,low_flow,C,heap_gc,B,OBSERVED,COMMON_OBSERVED_SLICE,,18,2026-10-06T11:40:46.181702+00:00,2026-10-06T11:42:11.371896+00:00,85.01429009437561,,353078840.8888889,455081984,0.01200000000000001,
common,cross,1,low_flow,C,tick,ALL_SUPPLIED,UNMEASURED,NO_COMMON_MEASUREMENT,Fewer than two contained real samples,,,,,,,,,
common,cross,1,steady,A,cpu_rss,A,OBSERVED,COMMON_OBSERVED_SLICE,,21,2026-10-06T09:12:15.655775+00:00,2026-10-06T09:13:55.658248+00:00,100.00008010864258,8.359993302922845,,,,
common,cross,1,steady,A,cpu_rss,B,OBSERVED,COMMON_OBSERVED_SLICE,,21,2026-10-06T11:43:01.179496+00:00,2026-10-06T11:44:41.183115+00:00,100.00138974189758,8.999874924967438,,,,
common,cross,1,steady,A,heap_gc,A,OBSERVED,COMMON_OBSERVED_SLICE,,21,2026-10-06T09:12:15.658131+00:00,2026-10-06T09:13:55.805363+00:00,99.96785354614258,,400588073.04761904,491093094,0.006000000000000005,
common,cross,1,steady,A,heap_gc,B,OBSERVED,COMMON_OBSERVED_SLICE,,21,2026-10-06T11:43:01.180386+00:00,2026-10-06T11:44:41.408813+00:00,100.01835536956787,,511853070.5714286,621744128,0.008000000000000007,
common,cross,1,steady,A,tick,ALL_SUPPLIED,UNMEASURED,NO_COMMON_MEASUREMENT,Fewer than two contained real samples,,,,,,,,,
common,cross,1,steady,B,cpu_rss,A,OBSERVED,COMMON_OBSERVED_SLICE,,21,2026-10-06T09:12:15.655878+00:00,2026-10-06T09:13:55.656622+00:00,99.9998664855957,9.090012136475558,,,,
common,cross,1,steady,B,cpu_rss,B,OBSERVED,COMMON_OBSERVED_SLICE,,21,2026-10-06T11:43:01.180619+00:00,2026-10-06T11:44:41.181810+00:00,99.99947738647461,9.490049596282764,,,,
common,cross,1,steady,B,heap_gc,A,OBSERVED,COMMON_OBSERVED_SLICE,,21,2026-10-06T09:12:15.656913+00:00,2026-10-06T09:13:55.795761+00:00,99.9842300415039,,338053343.9047619,429828710,0.0050000000000001155,
common,cross,1,steady,B,heap_gc,B,OBSERVED,COMMON_OBSERVED_SLICE,,21,2026-10-06T11:43:01.181968+00:00,2026-10-06T11:44:41.384618+00:00,100.01818704605103,,409743555.04761904,515899392,0.0,
common,cross,1,steady,B,tick,ALL_SUPPLIED,UNMEASURED,NO_COMMON_MEASUREMENT,Fewer than two contained real samples,,,,,,,,,
common,cross,1,steady,C,cpu_rss,A,OBSERVED,COMMON_OBSERVED_SLICE,,21,2026-10-06T09:12:15.655953+00:00,2026-10-06T09:13:55.657405+00:00,100.00035357475281,7.2999741891343035,,,,
common,cross,1,steady,C,cpu_rss,B,OBSERVED,COMMON_OBSERVED_SLICE,,21,2026-10-06T11:43:01.180660+00:00,2026-10-06T11:44:41.180982+00:00,99.99931192398071,7.690052913409966,,,,
common,cross,1,steady,C,heap_gc,A,OBSERVED,COMMON_OBSERVED_SLICE,,21,2026-10-06T09:12:15.657452+00:00,2026-10-06T09:13:55.788777+00:00,99.96723055839539,,504224236.0952381,519403622,0.0,
common,cross,1,steady,C,heap_gc,B,OBSERVED,COMMON_OBSERVED_SLICE,,20,2026-10-06T11:43:01.181513+00:00,2026-10-06T11:44:41.423077+00:00,100.03030633926392,,278187212.8,295698432,0.0,
common,cross,1,steady,C,tick,ALL_SUPPLIED,UNMEASURED,NO_COMMON_MEASUREMENT,Fewer than two contained real samples,,,,,,,,,
common,cross,1,warmup,A,cpu_rss,A,OBSERVED,COMMON_OBSERVED_SLICE,,3,2026-10-06T09:11:45.655825+00:00,2026-10-06T09:11:55.657703+00:00,10.000398635864258,8.099677117821216,,,,
common,cross,1,warmup,A,cpu_rss,B,OBSERVED,COMMON_OBSERVED_SLICE,,3,2026-10-06T11:42:31.179529+00:00,2026-10-06T11:42:41.182735+00:00,10.000723361968994,9.29932732202787,,,,
common,cross,1,warmup,A,heap_gc,A,OBSERVED,COMMON_OBSERVED_SLICE,,3,2026-10-06T09:11:45.656895+00:00,2026-10-06T09:11:55.848802+00:00,10.028650760650635,,300601787.3333333,308640870,0.0,
common,cross,1,warmup,A,heap_gc,B,OBSERVED,COMMON_OBSERVED_SLICE,,3,2026-10-06T11:42:31.181569+00:00,2026-10-06T11:42:41.361671+00:00,9.996720790863037,,409931776,419368960,0.0,
common,cross,1,warmup,A,tick,ALL_SUPPLIED,UNMEASURED,NO_COMMON_MEASUREMENT,Fewer than two contained real samples,,,,,,,,,
common,cross,1,warmup,B,cpu_rss,A,OBSERVED,COMMON_OBSERVED_SLICE,,3,2026-10-06T09:11:45.655923+00:00,2026-10-06T09:11:55.658096+00:00,9.999893188476562,9.100097199524638,,,,
common,cross,1,warmup,B,cpu_rss,B,OBSERVED,COMMON_OBSERVED_SLICE,,3,2026-10-06T11:42:31.179641+00:00,2026-10-06T11:42:41.181388+00:00,10.0004723072052,10.899485209460295,,,,
common,cross,1,warmup,B,heap_gc,A,OBSERVED,COMMON_OBSERVED_SLICE,,3,2026-10-06T09:11:45.658300+00:00,2026-10-06T09:11:55.831280+00:00,10.010694026947021,,257512720.66666666,268348006,0.0,
common,cross,1,warmup,B,heap_gc,B,OBSERVED,COMMON_OBSERVED_SLICE,,3,2026-10-06T11:42:31.180721+00:00,2026-10-06T11:42:41.368238+00:00,9.999476909637451,,388497408,663224320,0.0050000000000001155,
common,cross,1,warmup,B,tick,ALL_SUPPLIED,UNMEASURED,NO_COMMON_MEASUREMENT,Fewer than two contained real samples,,,,,,,,,
common,cross,1,warmup,C,cpu_rss,A,OBSERVED,COMMON_OBSERVED_SLICE,,3,2026-10-06T09:11:45.656011+00:00,2026-10-06T09:11:55.656990+00:00,9.999639749526978,10.300371071355087,,,,
common,cross,1,warmup,C,cpu_rss,B,OBSERVED,COMMON_OBSERVED_SLICE,,3,2026-10-06T11:42:31.179752+00:00,2026-10-06T11:42:41.182112+00:00,10.000208854675293,8.7998162117242,,,,
common,cross,1,warmup,C,heap_gc,A,OBSERVED,COMMON_OBSERVED_SLICE,,3,2026-10-06T09:11:45.657680+00:00,2026-10-06T09:11:55.817307+00:00,9.970471620559692,,480955835.3333333,482703462,0.0,
common,cross,1,warmup,C,heap_gc,B,OBSERVED,COMMON_OBSERVED_SLICE,,3,2026-10-06T11:42:31.182036+00:00,2026-10-06T11:42:41.389204+00:00,9.998532772064209,,250260138.66666666,252706816,0.0,
common,cross,1,warmup,C,tick,ALL_SUPPLIED,UNMEASURED,NO_COMMON_MEASUREMENT,Fewer than two contained real samples,,,,,,,,,
common,cross,2,low_flow,A,cpu_rss,A,OBSERVED,COMMON_OBSERVED_SLICE,,32,2026-10-06T09:19:35.655778+00:00,2026-10-06T09:22:10.656604+00:00,154.99988412857056,7.264521559680621,,,,
common,cross,2,low_flow,A,cpu_rss,B,OBSERVED,COMMON_OBSERVED_SLICE,,32,2026-10-06T11:50:31.179524+00:00,2026-10-06T11:53:06.183033+00:00,155.00123643875122,8.516061099432566,,,,
common,cross,2,low_flow,A,heap_gc,A,OBSERVED,COMMON_OBSERVED_SLICE,,32,2026-10-06T09:19:35.656844+00:00,2026-10-06T09:22:10.836025+00:00,155.0225055217743,,355415654,400012902,0.0,
common,cross,2,low_flow,A,heap_gc,B,OBSERVED,COMMON_OBSERVED_SLICE,,32,2026-10-06T11:50:31.180607+00:00,2026-10-06T11:53:06.361427+00:00,154.9820535182953,,484146809,622894489,0.008000000000000007,
common,cross,2,low_flow,A,tick,ALL_SUPPLIED,UNMEASURED,NO_COMMON_MEASUREMENT,Fewer than two contained real samples,,,,,,,,,
common,cross,2,low_flow,B,cpu_rss,A,OBSERVED,COMMON_OBSERVED_SLICE,,32,2026-10-06T09:19:35.655883+00:00,2026-10-06T09:22:10.658451+00:00,155.00062036514282,8.341902096611065,,,,
common,cross,2,low_flow,B,cpu_rss,B,OBSERVED,COMMON_OBSERVED_SLICE,,32,2026-10-06T11:50:31.179642+00:00,2026-10-06T11:53:06.181149+00:00,154.99999117851257,9.277419882842853,,,,
common,cross,2,low_flow,B,heap_gc,A,OBSERVED,COMMON_OBSERVED_SLICE,,32,2026-10-06T09:19:35.658153+00:00,2026-10-06T09:22:10.783396+00:00,154.97296905517578,,343680252.5,431746355,0.016000000000000014,
common,cross,2,low_flow,B,heap_gc,B,OBSERVED,COMMON_OBSERVED_SLICE,,32,2026-10-06T11:50:31.181275+00:00,2026-10-06T11:53:06.386024+00:00,154.97180795669556,,462668453.875,687865856,0.0040000000000000036,
common,cross,2,low_flow,B,tick,ALL_SUPPLIED,UNMEASURED,NO_COMMON_MEASUREMENT,Fewer than two contained real samples,,,,,,,,,
common,cross,2,low_flow,C,cpu_rss,A,OBSERVED,COMMON_OBSERVED_SLICE,,32,2026-10-06T09:19:35.655973+00:00,2026-10-06T09:22:10.657877+00:00,155.00071024894714,6.890291007600433,,,,
common,cross,2,low_flow,C,cpu_rss,B,OBSERVED,COMMON_OBSERVED_SLICE,,32,2026-10-06T11:50:31.179703+00:00,2026-10-06T11:53:06.181905+00:00,154.99998593330383,8.34838785441442,,,,
common,cross,2,low_flow,C,heap_gc,A,OBSERVED,COMMON_OBSERVED_SLICE,,32,2026-10-06T09:19:35.657366+00:00,2026-10-06T09:22:10.831298+00:00,155.00153279304504,,342261760,364904448,0.0,
common,cross,2,low_flow,C,heap_gc,B,OBSERVED,COMMON_OBSERVED_SLICE,,32,2026-10-06T11:50:31.182210+00:00,2026-10-06T11:53:06.372667+00:00,154.97751665115356,,398557184,456130560,0.038999999999999924,
common,cross,2,low_flow,C,tick,ALL_SUPPLIED,UNMEASURED,NO_COMMON_MEASUREMENT,Fewer than two contained real samples,,,,,,,,,
common,cross,2,steady,A,cpu_rss,A,OBSERVED,COMMON_OBSERVED_SLICE,,21,2026-10-06T09:23:00.655842+00:00,2026-10-06T09:24:40.658035+00:00,99.99986481666565,8.050010882273137,,,,
common,cross,2,steady,A,cpu_rss,B,OBSERVED,COMMON_OBSERVED_SLICE,,21,2026-10-06T11:53:56.179572+00:00,2026-10-06T11:55:36.180594+00:00,99.99888563156128,9.06010096290565,,,,
common,cross,2,steady,A,heap_gc,A,OBSERVED,COMMON_OBSERVED_SLICE,,21,2026-10-06T09:23:00.658277+00:00,2026-10-06T09:24:40.894368+00:00,100.00172591209412,,333024821.2380952,488093286,0.006000000000000005,
common,cross,2,steady,A,heap_gc,B,OBSERVED,COMMON_OBSERVED_SLICE,,21,2026-10-06T11:53:56.182811+00:00,2026-10-06T11:55:36.411548+00:00,100.00011777877808,,463732267.28571427,559602073,0.0,
common,cross,2,steady,A,tick,ALL_SUPPLIED,UNMEASURED,NO_COMMON_MEASUREMENT,Fewer than two contained real samples,,,,,,,,,
common,cross,2,steady,B,cpu_rss,A,OBSERVED,COMMON_OBSERVED_SLICE,,21,2026-10-06T09:23:00.655957+00:00,2026-10-06T09:24:40.657080+00:00,99.99991416931152,8.500007295614783,,,,
common,cross,2,steady,B,cpu_rss,B,OBSERVED,COMMON_OBSERVED_SLICE,,21,2026-10-06T11:53:56.179815+00:00,2026-10-06T11:55:36.181700+00:00,100.00037693977356,10.249961363818844,,,,
common,cross,2,steady,B,heap_gc,A,OBSERVED,COMMON_OBSERVED_SLICE,,21,2026-10-06T09:23:00.657218+00:00,2026-10-06T09:24:40.830556+00:00,99.98465132713318,,350771980.04761904,431354265,0.0040000000000000036,
common,cross,2,steady,B,heap_gc,B,OBSERVED,COMMON_OBSERVED_SLICE,,21,2026-10-06T11:53:56.181962+00:00,2026-10-06T11:55:36.387923+00:00,100.00972986221313,,407312578.85714287,688141516,0.006999999999999895,
common,cross,2,steady,B,tick,ALL_SUPPLIED,UNMEASURED,NO_COMMON_MEASUREMENT,Fewer than two contained real samples,,,,,,,,,
common,cross,2,steady,C,cpu_rss,A,OBSERVED,COMMON_OBSERVED_SLICE,,21,2026-10-06T09:23:00.656222+00:00,2026-10-06T09:24:40.658527+00:00,100.00026082992554,7.039981637621128,,,,
common,cross,2,steady,C,cpu_rss,B,OBSERVED,COMMON_OBSERVED_SLICE,,21,2026-10-06T11:53:56.179894+00:00,2026-10-06T11:55:36.182338+00:00,100.0009765625,7.699924805421811,,,,
common,cross,2,steady,C,heap_gc,A,OBSERVED,COMMON_OBSERVED_SLICE,,21,2026-10-06T09:23:00.657787+00:00,2026-10-06T09:24:40.864905+00:00,100.04512882232666,,395662677.3333333,412090368,0.0,
common,cross,2,steady,C,heap_gc,B,OBSERVED,COMMON_OBSERVED_SLICE,,21,2026-10-06T11:53:56.181400+00:00,2026-10-06T11:55:36.372556+00:00,100.01918029785156,,274851742.47619045,293076992,0.0,
common,cross,2,steady,C,tick,ALL_SUPPLIED,UNMEASURED,NO_COMMON_MEASUREMENT,Fewer than two contained real samples,,,,,,,,,
common,cross,2,warmup,A,cpu_rss,A,OBSERVED,COMMON_OBSERVED_SLICE,,3,2026-10-06T09:22:30.655820+00:00,2026-10-06T09:22:40.657061+00:00,9.99941349029541,8.800516158813208,,,,
common,cross,2,warmup,A,cpu_rss,B,OBSERVED,COMMON_OBSERVED_SLICE,,3,2026-10-06T11:53:26.179566+00:00,2026-10-06T11:53:36.182075+00:00,9.999818325042725,8.80015987686692,,,,
common,cross,2,warmup,A,heap_gc,A,OBSERVED,COMMON_OBSERVED_SLICE,,3,2026-10-06T09:22:30.658226+00:00,2026-10-06T09:22:40.824516+00:00,9.980047225952148,,430421606,438810214,0.0,
common,cross,2,warmup,A,heap_gc,B,OBSERVED,COMMON_OBSERVED_SLICE,,3,2026-10-06T11:53:26.182407+00:00,2026-10-06T11:53:36.314561+00:00,9.967777013778687,,320177219.6666667,329963929,0.0,
common,cross,2,warmup,A,tick,ALL_SUPPLIED,UNMEASURED,NO_COMMON_MEASUREMENT,Fewer than two contained real samples,,,,,,,,,
common,cross,2,warmup,B,cpu_rss,A,OBSERVED,COMMON_OBSERVED_SLICE,,3,2026-10-06T09:22:30.655917+00:00,2026-10-06T09:22:40.657679+00:00,10.000144243240356,9.199867298132881,,,,
common,cross,2,warmup,B,cpu_rss,B,OBSERVED,COMMON_OBSERVED_SLICE,,3,2026-10-06T11:53:26.179724+00:00,2026-10-06T11:53:36.180786+00:00,9.999485969543457,9.800503775742918,,,,
common,cross,2,warmup,B,heap_gc,A,OBSERVED,COMMON_OBSERVED_SLICE,,3,2026-10-06T09:22:30.657445+00:00,2026-10-06T09:22:40.844807+00:00,9.973177671432495,,320904259.6666667,333836697,0.0,
common,cross,2,warmup,B,heap_gc,B,OBSERVED,COMMON_OBSERVED_SLICE,,3,2026-10-06T11:53:26.181749+00:00,2026-10-06T11:53:36.367859+00:00,9.973801851272583,,590274422.6666666,600061132,0.0,
common,cross,2,warmup,B,tick,ALL_SUPPLIED,UNMEASURED,NO_COMMON_MEASUREMENT,Fewer than two contained real samples,,,,,,,,,
common,cross,2,warmup,C,cpu_rss,A,OBSERVED,COMMON_OBSERVED_SLICE,,3,2026-10-06T09:22:30.655974+00:00,2026-10-06T09:22:40.658937+00:00,10.000073432922363,7.599944191388731,,,,
common,cross,2,warmup,C,cpu_rss,B,OBSERVED,COMMON_OBSERVED_SLICE,,3,2026-10-06T11:53:26.179914+00:00,2026-10-06T11:53:36.181572+00:00,10.00013542175293,7.799894372463152,,,,
common,cross,2,warmup,C,heap_gc,A,OBSERVED,COMMON_OBSERVED_SLICE,,3,2026-10-06T09:22:30.658967+00:00,2026-10-06T09:22:40.839543+00:00,10.011577129364014,,372244480,374341632,0.0,
common,cross,2,warmup,C,heap_gc,B,OBSERVED,COMMON_OBSERVED_SLICE,,3,2026-10-06T11:53:26.181114+00:00,2026-10-06T11:53:36.381915+00:00,9.998003005981445,,247289173.33333334,249036800,0.0,
common,cross,2,warmup,C,tick,ALL_SUPPLIED,UNMEASURED,NO_COMMON_MEASUREMENT,Fewer than two contained real samples,,,,,,,,,
common,cross,3,low_flow,A,cpu_rss,A,OBSERVED,COMMON_OBSERVED_SLICE,,33,2026-10-06T09:46:40.655820+00:00,2026-10-06T09:49:20.658040+00:00,160.00022077560425,7.599989513173284,,,,
common,cross,3,low_flow,A,cpu_rss,B,OBSERVED,COMMON_OBSERVED_SLICE,,32,2026-10-06T12:17:56.179533+00:00,2026-10-06T12:20:31.181386+00:00,154.9998598098755,8.148394466609254,,,,
common,cross,3,low_flow,A,heap_gc,A,OBSERVED,COMMON_OBSERVED_SLICE,,33,2026-10-06T09:46:40.657627+00:00,2026-10-06T09:49:20.881634+00:00,160.00590348243713,,377802453.42424244,498629017,0.006999999999999895,
common,cross,3,low_flow,A,heap_gc,B,OBSERVED,COMMON_OBSERVED_SLICE,,32,2026-10-06T12:17:56.181753+00:00,2026-10-06T12:20:31.404655+00:00,154.97420120239258,,534013644,606234316,0.0,
common,cross,3,low_flow,A,tick,ALL_SUPPLIED,UNMEASURED,NO_COMMON_MEASUREMENT,Fewer than two contained real samples,,,,,,,,,
common,cross,3,low_flow,B,cpu_rss,A,OBSERVED,COMMON_OBSERVED_SLICE,,33,2026-10-06T09:46:40.655934+00:00,2026-10-06T09:49:20.657200+00:00,159.99957418441772,9.243774600895414,,,,
common,cross,3,low_flow,B,cpu_rss,B,OBSERVED,COMMON_OBSERVED_SLICE,,32,2026-10-06T12:17:56.179685+00:00,2026-10-06T12:20:31.182263+00:00,155.00076937675476,8.658021540125718,,,,
common,cross,3,low_flow,B,heap_gc,A,OBSERVED,COMMON_OBSERVED_SLICE,,33,2026-10-06T09:46:40.658104+00:00,2026-10-06T09:49:20.842077+00:00,160.02612209320068,,344116906.1212121,443163443,0.03299999999999992,
common,cross,3,low_flow,B,heap_gc,B,OBSERVED,COMMON_OBSERVED_SLICE,,32,2026-10-06T12:17:56.180792+00:00,2026-10-06T12:20:31.382929+00:00,155.01299262046814,,480326706.75,693108736,0.004999999999999893,
common,cross,3,low_flow,B,tick,ALL_SUPPLIED,UNMEASURED,NO_COMMON_MEASUREMENT,Fewer than two contained real samples,,,,,,,,,
common,cross,3,low_flow,C,cpu_rss,A,OBSERVED,COMMON_OBSERVED_SLICE,,33,2026-10-06T09:46:40.655995+00:00,2026-10-06T09:49:20.658932+00:00,159.99998593330383,7.331250644540482,,,,
common,cross,3,low_flow,C,cpu_rss,B,OBSERVED,COMMON_OBSERVED_SLICE,,32,2026-10-06T12:17:56.179767+00:00,2026-10-06T12:20:31.182890+00:00,154.99998593330383,7.580645849255772,,,,
common,cross,3,low_flow,C,heap_gc,A,OBSERVED,COMMON_OBSERVED_SLICE,,33,2026-10-06T09:46:40.658980+00:00,2026-10-06T09:49:20.810956+00:00,159.98007822036743,,502100783.6969697,528632934,0.0,
common,cross,3,low_flow,C,heap_gc,B,OBSERVED,COMMON_OBSERVED_SLICE,,32,2026-10-06T12:17:56.183142+00:00,2026-10-06T12:20:31.342895+00:00,154.97381234169006,,288948838,312214118,0.0,
common,cross,3,low_flow,C,tick,ALL_SUPPLIED,UNMEASURED,NO_COMMON_MEASUREMENT,Fewer than two contained real samples,,,,,,,,,
common,cross,3,steady,A,cpu_rss,A,OBSERVED,COMMON_OBSERVED_SLICE,,22,2026-10-06T09:50:05.655821+00:00,2026-10-06T09:51:50.656976+00:00,104.99945592880249,9.48576343743496,,,,
common,cross,3,steady,A,cpu_rss,B,OBSERVED,COMMON_OBSERVED_SLICE,,21,2026-10-06T12:21:21.179509+00:00,2026-10-06T12:23:01.180986+00:00,99.99988198280334,8.47000999606838,,,,
common,cross,3,steady,A,heap_gc,A,OBSERVED,COMMON_OBSERVED_SLICE,,22,2026-10-06T09:50:05.658086+00:00,2026-10-06T09:51:50.818235+00:00,104.99037027359009,,386498652.3636364,491771084,0.018999999999999906,
common,cross,3,steady,A,heap_gc,B,OBSERVED,COMMON_OBSERVED_SLICE,,21,2026-10-06T12:21:21.181261+00:00,2026-10-06T12:23:01.384027+00:00,99.96009516716003,,382666717.6666667,479485235,0.0,
common,cross,3,steady,A,tick,ALL_SUPPLIED,UNMEASURED,NO_COMMON_MEASUREMENT,Fewer than two contained real samples,,,,,,,,,
common,cross,3,steady,B,cpu_rss,A,OBSERVED,COMMON_OBSERVED_SLICE,,22,2026-10-06T09:50:05.655929+00:00,2026-10-06T09:51:50.658736+00:00,105.00140857696533,9.80939221634363,,,,
common,cross,3,steady,B,cpu_rss,B,OBSERVED,COMMON_OBSERVED_SLICE,,21,2026-10-06T12:21:21.180001+00:00,2026-10-06T12:23:01.181879+00:00,99.9994649887085,8.860047402253992,,,,
common,cross,3,steady,B,heap_gc,A,OBSERVED,COMMON_OBSERVED_SLICE,,22,2026-10-06T09:50:05.657318+00:00,2026-10-06T09:51:50.903553+00:00,105.02195858955383,,348118583.3181818,440423731,0.029000000000000137,
common,cross,3,steady,B,heap_gc,B,OBSERVED,COMMON_OBSERVED_SLICE,,21,2026-10-06T12:21:21.182621+00:00,2026-10-06T12:23:01.352679+00:00,99.98781895637512,,393195558.85714287,687365324,0.0050000000000001155,
common,cross,3,steady,B,tick,ALL_SUPPLIED,UNMEASURED,NO_COMMON_MEASUREMENT,Fewer than two contained real samples,,,,,,,,,
common,cross,3,steady,C,cpu_rss,A,OBSERVED,COMMON_OBSERVED_SLICE,,22,2026-10-06T09:50:05.656130+00:00,2026-10-06T09:51:50.659435+00:00,105.0019416809082,7.361768626613419,,,,
common,cross,3,steady,C,cpu_rss,B,OBSERVED,COMMON_OBSERVED_SLICE,,21,2026-10-06T12:21:21.180142+00:00,2026-10-06T12:23:01.182795+00:00,100.00024175643921,7.349982230944699,,,,
common,cross,3,steady,C,heap_gc,A,OBSERVED,COMMON_OBSERVED_SLICE,,22,2026-10-06T09:50:05.656809+00:00,2026-10-06T09:51:50.794944+00:00,104.94231843948364,,361811483.40909094,560090214,0.01200000000000001,
common,cross,3,steady,C,heap_gc,B,OBSERVED,COMMON_OBSERVED_SLICE,,21,2026-10-06T12:21:21.181922+00:00,2026-10-06T12:23:01.426694+00:00,100.03474855422974,,344470313.04761904,360448614,0.0,
common,cross,3,steady,C,tick,ALL_SUPPLIED,UNMEASURED,NO_COMMON_MEASUREMENT,Fewer than two contained real samples,,,,,,,,,
common,cross,3,warmup,A,cpu_rss,A,OBSERVED,COMMON_OBSERVED_SLICE,,3,2026-10-06T09:49:35.655796+00:00,2026-10-06T09:49:45.656646+00:00,9.999142169952393,9.800840745568518,,,,
common,cross,3,warmup,A,cpu_rss,B,OBSERVED,COMMON_OBSERVED_SLICE,,3,2026-10-06T12:20:51.179521+00:00,2026-10-06T12:21:01.181902+00:00,9.99994945526123,7.900039930545661,,,,
common,cross,3,warmup,A,heap_gc,A,OBSERVED,COMMON_OBSERVED_SLICE,,3,2026-10-06T09:49:35.658359+00:00,2026-10-06T09:49:45.859878+00:00,9.994699478149414,,299881676,308270284,0.0,
common,cross,3,warmup,A,heap_gc,B,OBSERVED,COMMON_OBSERVED_SLICE,,3,2026-10-06T12:20:51.182039+00:00,2026-10-06T12:21:01.364680+00:00,9.984556436538696,,509109145,647128780,0.006000000000000005,
common,cross,3,warmup,A,tick,ALL_SUPPLIED,UNMEASURED,NO_COMMON_MEASUREMENT,Fewer than two contained real samples,,,,,,,,,
common,cross,3,warmup,B,cpu_rss,A,OBSERVED,COMMON_OBSERVED_SLICE,,3,2026-10-06T09:49:35.655902+00:00,2026-10-06T09:49:45.657880+00:00,10.000645875930786,8.999418749203656,,,,
common,cross,3,warmup,B,cpu_rss,B,OBSERVED,COMMON_OBSERVED_SLICE,,3,2026-10-06T12:20:51.179640+00:00,2026-10-06T12:21:01.181114+00:00,9.999871492385864,8.000102807412576,,,,
common,cross,3,warmup,B,heap_gc,A,OBSERVED,COMMON_OBSERVED_SLICE,,3,2026-10-06T09:49:35.657566+00:00,2026-10-06T09:49:45.814301+00:00,9.982950210571289,,353042397.6666667,365974835,0.0,
common,cross,3,warmup,B,heap_gc,B,OBSERVED,COMMON_OBSERVED_SLICE,,3,2026-10-06T12:20:51.181432+00:00,2026-10-06T12:21:01.372400+00:00,10.024728775024414,,600683041.3333334,610819276,0.0,
common,cross,3,warmup,B,tick,ALL_SUPPLIED,UNMEASURED,NO_COMMON_MEASUREMENT,Fewer than two contained real samples,,,,,,,,,
common,cross,3,warmup,C,cpu_rss,A,OBSERVED,COMMON_OBSERVED_SLICE,,3,2026-10-06T09:49:35.655970+00:00,2026-10-06T09:49:45.658400+00:00,10.001251220703125,7.399074212516226,,,,
common,cross,3,warmup,C,cpu_rss,B,OBSERVED,COMMON_OBSERVED_SLICE,,3,2026-10-06T12:20:51.179798+00:00,2026-10-06T12:21:01.182354+00:00,10.000849962234497,6.9994050770019465,,,,
common,cross,3,warmup,C,heap_gc,A,OBSERVED,COMMON_OBSERVED_SLICE,,3,2026-10-06T09:49:35.656958+00:00,2026-10-06T09:49:45.948787+00:00,10.042415618896484,,537720592.6666666,539118694,0.0,
common,cross,3,warmup,C,heap_gc,B,OBSERVED,COMMON_OBSERVED_SLICE,,3,2026-10-06T12:20:51.180779+00:00,2026-10-06T12:21:01.409743+00:00,9.998430967330933,,319903675.3333333,321651302,0.0,
common,cross,3,warmup,C,tick,ALL_SUPPLIED,UNMEASURED,NO_COMMON_MEASUREMENT,Fewer than two contained real samples,,,,,,,,,
common,mixed,1,low_flow,A,cpu_rss,A,OBSERVED,COMMON_OBSERVED_SLICE,,29,2026-10-06T09:14:20.655827+00:00,2026-10-06T09:16:40.659282+00:00,140.0010862350464,8.29279280055591,,,,
common,mixed,1,low_flow,A,cpu_rss,B,OBSERVED,COMMON_OBSERVED_SLICE,,32,2026-10-06T11:45:06.179544+00:00,2026-10-06T11:47:41.185097+00:00,155.00210738182068,9.141811191698624,,,,
common,mixed,1,low_flow,A,heap_gc,A,OBSERVED,COMMON_OBSERVED_SLICE,,29,2026-10-06T09:14:20.657089+00:00,2026-10-06T09:16:40.855446+00:00,139.97739124298096,,359389017.79310346,487130214,0.006000000000000005,
common,mixed,1,low_flow,A,heap_gc,B,OBSERVED,COMMON_OBSERVED_SLICE,,32,2026-10-06T11:45:06.180936+00:00,2026-10-06T11:47:41.370095+00:00,154.9647831916809,,415882649,612408729,0.03600000000000003,
common,mixed,1,low_flow,A,tick,ALL_SUPPLIED,UNMEASURED,NO_COMMON_MEASUREMENT,Fewer than two contained real samples,,,,,,,,,
common,mixed,1,low_flow,B,cpu_rss,A,OBSERVED,COMMON_OBSERVED_SLICE,,29,2026-10-06T09:14:20.655932+00:00,2026-10-06T09:16:40.657311+00:00,139.99959468841553,8.307166907078447,,,,
common,mixed,1,low_flow,B,cpu_rss,B,OBSERVED,COMMON_OBSERVED_SLICE,,32,2026-10-06T11:45:06.179681+00:00,2026-10-06T11:47:41.180946+00:00,154.99970054626465,8.516145485106936,,,,
common,mixed,1,low_flow,B,heap_gc,A,OBSERVED,COMMON_OBSERVED_SLICE,,29,2026-10-06T09:14:20.658129+00:00,2026-10-06T09:16:40.871761+00:00,139.9921157360077,,345527016.3448276,436120166,0.016999999999999904,
common,mixed,1,low_flow,B,heap_gc,B,OBSERVED,COMMON_OBSERVED_SLICE,,32,2026-10-06T11:45:06.181634+00:00,2026-10-06T11:47:41.364087+00:00,154.9623990058899,,480180239.6875,683671552,0.0039999999999997815,
common,mixed,1,low_flow,B,tick,ALL_SUPPLIED,UNMEASURED,NO_COMMON_MEASUREMENT,Fewer than two contained real samples,,,,,,,,,
common,mixed,1,low_flow,C,cpu_rss,A,OBSERVED,COMMON_OBSERVED_SLICE,,29,2026-10-06T09:14:20.656033+00:00,2026-10-06T09:16:40.658066+00:00,140.00029850006104,7.207127490514319,,,,
common,mixed,1,low_flow,C,cpu_rss,B,OBSERVED,COMMON_OBSERVED_SLICE,,32,2026-10-06T11:45:06.179724+00:00,2026-10-06T11:47:41.186774+00:00,155.00251388549805,7.470846575142816,,,,
common,mixed,1,low_flow,C,heap_gc,A,OBSERVED,COMMON_OBSERVED_SLICE,,29,2026-10-06T09:14:20.657491+00:00,2026-10-06T09:16:40.791459+00:00,139.99716472625732,,244462839.1724138,264241152,0.0,
common,mixed,1,low_flow,C,heap_gc,B,OBSERVED,COMMON_OBSERVED_SLICE,,32,2026-10-06T11:45:06.182482+00:00,2026-10-06T11:47:41.362928+00:00,155.0141797065735,,329547776,354418688,0.0,
common,mixed,1,low_flow,C,tick,ALL_SUPPLIED,UNMEASURED,NO_COMMON_MEASUREMENT,Fewer than two contained real samples,,,,,,,,,
common,mixed,1,steady,A,cpu_rss,A,OBSERVED,COMMON_OBSERVED_SLICE,,21,2026-10-06T09:17:30.655783+00:00,2026-10-06T09:19:10.659096+00:00,100.00101280212402,8.749911380711687,,,,
common,mixed,1,steady,A,cpu_rss,B,OBSERVED,COMMON_OBSERVED_SLICE,,21,2026-10-06T11:48:31.179589+00:00,2026-10-06T11:50:11.181369+00:00,99.99983096122742,9.870016684155033,,,,
common,mixed,1,steady,A,heap_gc,A,OBSERVED,COMMON_OBSERVED_SLICE,,21,2026-10-06T09:17:30.657113+00:00,2026-10-06T09:19:10.805834+00:00,99.99949669837952,,345746168.28571427,482279014,0.0029999999999998916,
common,mixed,1,steady,A,heap_gc,B,OBSERVED,COMMON_OBSERVED_SLICE,,21,2026-10-06T11:48:31.181668+00:00,2026-10-06T11:50:11.327822+00:00,99.95984196662903,,414053102.3333333,613981593,0.010999999999999899,
common,mixed,1,steady,A,tick,ALL_SUPPLIED,UNMEASURED,NO_COMMON_MEASUREMENT,Fewer than two contained real samples,,,,,,,,,
common,mixed,1,steady,B,cpu_rss,A,OBSERVED,COMMON_OBSERVED_SLICE,,21,2026-10-06T09:17:30.655944+00:00,2026-10-06T09:19:10.657514+00:00,99.99949407577515,8.130041131847571,,,,
common,mixed,1,steady,B,cpu_rss,B,OBSERVED,COMMON_OBSERVED_SLICE,,21,2026-10-06T11:48:31.179751+00:00,2026-10-06T11:50:11.180635+00:00,99.99884700775146,8.990103655198274,,,,
common,mixed,1,steady,B,heap_gc,A,OBSERVED,COMMON_OBSERVED_SLICE,,21,2026-10-06T09:17:30.658537+00:00,2026-10-06T09:19:10.843261+00:00,99.97814750671387,,337020815.5714286,426347827,0.0040000000000000036,
common,mixed,1,steady,B,heap_gc,B,OBSERVED,COMMON_OBSERVED_SLICE,,21,2026-10-06T11:48:31.182858+00:00,2026-10-06T11:50:11.413584+00:00,100.01860404014587,,382380714.6666667,475004928,0.0,
common,mixed,1,steady,B,tick,ALL_SUPPLIED,UNMEASURED,NO_COMMON_MEASUREMENT,Fewer than two contained real samples,,,,,,,,,
common,mixed,1,steady,C,cpu_rss,A,OBSERVED,COMMON_OBSERVED_SLICE,,21,2026-10-06T09:17:30.656289+00:00,2026-10-06T09:19:10.658561+00:00,100.00032210350037,6.979977517248082,,,,
common,mixed,1,steady,C,cpu_rss,B,OBSERVED,COMMON_OBSERVED_SLICE,,21,2026-10-06T11:48:31.179922+00:00,2026-10-06T11:50:11.181930+00:00,100.00042867660522,7.5999674207176575,,,,
common,mixed,1,steady,C,heap_gc,A,OBSERVED,COMMON_OBSERVED_SLICE,,21,2026-10-06T09:17:30.657778+00:00,2026-10-06T09:19:10.880605+00:00,100.02070784568787,,295548635.4285714,310378496,0.0,
common,mixed,1,steady,C,heap_gc,B,OBSERVED,COMMON_OBSERVED_SLICE,,21,2026-10-06T11:48:31.180871+00:00,2026-10-06T11:50:11.389903+00:00,100.01748824119568,,391418441.14285713,408944640,0.0,
common,mixed,1,steady,C,tick,ALL_SUPPLIED,UNMEASURED,NO_COMMON_MEASUREMENT,Fewer than two contained real samples,,,,,,,,,
common,mixed,1,warmup,A,cpu_rss,A,OBSERVED,COMMON_OBSERVED_SLICE,,4,2026-10-06T09:16:55.655852+00:00,2026-10-06T09:17:10.658901+00:00,14.999679803848267,8.800187852418945,,,,
common,mixed,1,warmup,A,cpu_rss,B,OBSERVED,COMMON_OBSERVED_SLICE,,4,2026-10-06T11:47:56.179551+00:00,2026-10-06T11:48:11.180883+00:00,14.999252319335938,9.00044863076057,,,,
common,mixed,1,warmup,A,heap_gc,A,OBSERVED,COMMON_OBSERVED_SLICE,,4,2026-10-06T09:16:55.659506+00:00,2026-10-06T09:17:10.866545+00:00,15.03446626663208,,420413952,440336896,0.0,
common,mixed,1,warmup,A,heap_gc,B,OBSERVED,COMMON_OBSERVED_SLICE,,4,2026-10-06T11:47:56.182461+00:00,2026-10-06T11:48:11.421062+00:00,15.03931450843811,,468229529,489201049,0.0,
common,mixed,1,warmup,A,tick,ALL_SUPPLIED,UNMEASURED,NO_COMMON_MEASUREMENT,Fewer than two contained real samples,,,,,,,,,
common,mixed,1,warmup,B,cpu_rss,A,OBSERVED,COMMON_OBSERVED_SLICE,,4,2026-10-06T09:16:55.657624+00:00,2026-10-06T09:17:10.657939+00:00,14.998905897140503,7.333868267082774,,,,
common,mixed,1,warmup,B,cpu_rss,B,OBSERVED,COMMON_OBSERVED_SLICE,,4,2026-10-06T11:47:56.179714+00:00,2026-10-06T11:48:11.182457+00:00,14.99955129623413,8.333582620660337,,,,
common,mixed,1,warmup,B,heap_gc,A,OBSERVED,COMMON_OBSERVED_SLICE,,4,2026-10-06T09:16:55.658426+00:00,2026-10-06T09:17:10.858157+00:00,14.983216524124146,,297635123,308907315,0.0,
common,mixed,1,warmup,B,heap_gc,B,OBSERVED,COMMON_OBSERVED_SLICE,,4,2026-10-06T11:47:56.183384+00:00,2026-10-06T11:48:11.366855+00:00,14.997722148895264,,573327948.5,690337894,0.007000000000000117,
common,mixed,1,warmup,B,tick,ALL_SUPPLIED,UNMEASURED,NO_COMMON_MEASUREMENT,Fewer than two contained real samples,,,,,,,,,
common,mixed,1,warmup,C,cpu_rss,A,OBSERVED,COMMON_OBSERVED_SLICE,,4,2026-10-06T09:16:55.658700+00:00,2026-10-06T09:17:10.657252+00:00,14.996742725372314,6.934839245061282,,,,
common,mixed,1,warmup,C,cpu_rss,B,OBSERVED,COMMON_OBSERVED_SLICE,,4,2026-10-06T11:47:56.179795+00:00,2026-10-06T11:48:11.181653+00:00,15.000181674957275,7.999903107862997,,,,
common,mixed,1,warmup,C,heap_gc,A,OBSERVED,COMMON_OBSERVED_SLICE,,4,2026-10-06T09:16:55.661057+00:00,2026-10-06T09:17:10.829489+00:00,14.978475570678711,,272105472,274726912,0.0,
common,mixed,1,warmup,C,heap_gc,B,OBSERVED,COMMON_OBSERVED_SLICE,,4,2026-10-06T11:47:56.181292+00:00,2026-10-06T11:48:11.393313+00:00,15.018904685974121,,362545152,364904448,0.0,
common,mixed,1,warmup,C,tick,ALL_SUPPLIED,UNMEASURED,NO_COMMON_MEASUREMENT,Fewer than two contained real samples,,,,,,,,,
common,mixed,2,low_flow,A,cpu_rss,A,OBSERVED,COMMON_OBSERVED_SLICE,,28,2026-10-06T09:25:05.655831+00:00,2026-10-06T09:27:20.658947+00:00,135.00060176849365,8.362925684850445,,,,
common,mixed,2,low_flow,A,cpu_rss,B,OBSERVED,COMMON_OBSERVED_SLICE,,32,2026-10-06T11:56:01.179535+00:00,2026-10-06T11:58:36.180648+00:00,154.9993245601654,8.883909680945056,,,,
common,mixed,2,low_flow,A,heap_gc,A,OBSERVED,COMMON_OBSERVED_SLICE,,28,2026-10-06T09:25:05.657763+00:00,2026-10-06T09:27:20.848859+00:00,134.97888922691345,,383033811.71428573,488816742,0.015000000000000124,
common,mixed,2,low_flow,A,heap_gc,B,OBSERVED,COMMON_OBSERVED_SLICE,,32,2026-10-06T11:56:01.182047+00:00,2026-10-06T11:58:36.396133+00:00,154.98960494995117,,411900313,616225177,0.02400000000000002,
common,mixed,2,low_flow,A,tick,ALL_SUPPLIED,UNMEASURED,NO_COMMON_MEASUREMENT,Fewer than two contained real samples,,,,,,,,,
common,mixed,2,low_flow,B,cpu_rss,A,OBSERVED,COMMON_OBSERVED_SLICE,,28,2026-10-06T09:25:05.655949+00:00,2026-10-06T09:27:20.658487+00:00,134.9997160434723,8.49631416728792,,,,
common,mixed,2,low_flow,B,cpu_rss,B,OBSERVED,COMMON_OBSERVED_SLICE,,32,2026-10-06T11:56:01.179645+00:00,2026-10-06T11:58:36.181800+00:00,155.0004906654358,8.425779779103825,,,,
common,mixed,2,low_flow,B,heap_gc,A,OBSERVED,COMMON_OBSERVED_SLICE,,28,2026-10-06T09:25:05.659077+00:00,2026-10-06T09:27:20.863905+00:00,134.99983835220337,,329553349.0714286,429663027,0.03299999999999992,
common,mixed,2,low_flow,B,heap_gc,B,OBSERVED,COMMON_OBSERVED_SLICE,,32,2026-10-06T11:56:01.180863+00:00,2026-10-06T11:58:36.392573+00:00,154.97591400146484,,466911232,684720128,0.006000000000000005,
common,mixed,2,low_flow,B,tick,ALL_SUPPLIED,UNMEASURED,NO_COMMON_MEASUREMENT,Fewer than two contained real samples,,,,,,,,,
common,mixed,2,low_flow,C,cpu_rss,A,OBSERVED,COMMON_OBSERVED_SLICE,,28,2026-10-06T09:25:05.656010+00:00,2026-10-06T09:27:20.657429+00:00,135.0002086162567,7.28147022938473,,,,
common,mixed,2,low_flow,C,cpu_rss,B,OBSERVED,COMMON_OBSERVED_SLICE,,32,2026-10-06T11:56:01.179808+00:00,2026-10-06T11:58:36.181289+00:00,154.99899077415466,7.354886598333195,,,,
common,mixed,2,low_flow,C,heap_gc,A,OBSERVED,COMMON_OBSERVED_SLICE,,28,2026-10-06T09:25:05.657079+00:00,2026-10-06T09:27:20.794287+00:00,134.95970964431763,,439915081.14285713,459276288,0.0,
common,mixed,2,low_flow,C,heap_gc,B,OBSERVED,COMMON_OBSERVED_SLICE,,32,2026-10-06T11:56:01.183296+00:00,2026-10-06T11:58:36.377296+00:00,154.98009538650513,,327188480,351797248,0.0,
common,mixed,2,low_flow,C,tick,ALL_SUPPLIED,UNMEASURED,NO_COMMON_MEASUREMENT,Fewer than two contained real samples,,,,,,,,,
common,mixed,2,steady,A,cpu_rss,A,OBSERVED,COMMON_OBSERVED_SLICE,,21,2026-10-06T09:28:10.655918+00:00,2026-10-06T09:29:50.656761+00:00,99.99894285202026,9.120096412914984,,,,
common,mixed,2,steady,A,cpu_rss,B,OBSERVED,COMMON_OBSERVED_SLICE,,21,2026-10-06T11:59:26.179570+00:00,2026-10-06T12:01:06.181075+00:00,99.99922513961792,10.4100806635908,,,,
common,mixed,2,steady,A,heap_gc,A,OBSERVED,COMMON_OBSERVED_SLICE,,20,2026-10-06T09:28:10.658734+00:00,2026-10-06T09:29:50.786227+00:00,99.98306775093079,,370686975.7,490878464,0.006999999999999895,
common,mixed,2,steady,A,heap_gc,B,OBSERVED,COMMON_OBSERVED_SLICE,,21,2026-10-06T11:59:26.182597+00:00,2026-10-06T12:01:06.403105+00:00,99.98266768455505,,441144095.28571427,625138073,0.03200000000000003,
common,mixed,2,steady,A,tick,ALL_SUPPLIED,UNMEASURED,NO_COMMON_MEASUREMENT,Fewer than two contained real samples,,,,,,,,,
common,mixed,2,steady,B,cpu_rss,A,OBSERVED,COMMON_OBSERVED_SLICE,,21,2026-10-06T09:28:10.656016+00:00,2026-10-06T09:29:50.658024+00:00,100.00048089027405,7.7599626830941775,,,,
common,mixed,2,steady,B,cpu_rss,B,OBSERVED,COMMON_OBSERVED_SLICE,,21,2026-10-06T11:59:26.179694+00:00,2026-10-06T12:01:06.181729+00:00,100.00033831596375,8.519971175577416,,,,
common,mixed,2,steady,B,heap_gc,A,OBSERVED,COMMON_OBSERVED_SLICE,,21,2026-10-06T09:28:10.656939+00:00,2026-10-06T09:29:50.827979+00:00,99.97198557853699,,320901655.9047619,427962572,0.0040000000000000036,
common,mixed,2,steady,B,heap_gc,B,OBSERVED,COMMON_OBSERVED_SLICE,,21,2026-10-06T11:59:26.181053+00:00,2026-10-06T12:01:06.392314+00:00,99.98658871650696,,546561696.7619047,688914432,0.0040000000000000036,
common,mixed,2,steady,B,tick,ALL_SUPPLIED,UNMEASURED,NO_COMMON_MEASUREMENT,Fewer than two contained real samples,,,,,,,,,
common,mixed,2,steady,C,cpu_rss,A,OBSERVED,COMMON_OBSERVED_SLICE,,21,2026-10-06T09:28:10.656067+00:00,2026-10-06T09:29:50.657273+00:00,99.99967694282532,6.860022161793763,,,,
common,mixed,2,steady,C,cpu_rss,B,OBSERVED,COMMON_OBSERVED_SLICE,,21,2026-10-06T11:59:26.179752+00:00,2026-10-06T12:01:06.182121+00:00,100.00009155273438,7.469993161017002,,,,
common,mixed,2,steady,C,heap_gc,A,OBSERVED,COMMON_OBSERVED_SLICE,,21,2026-10-06T09:28:10.657846+00:00,2026-10-06T09:29:50.836882+00:00,99.97014546394348,,490334110.47619045,505413632,0.0,
common,mixed,2,steady,C,heap_gc,B,OBSERVED,COMMON_OBSERVED_SLICE,,21,2026-10-06T11:59:26.181991+00:00,2026-10-06T12:01:06.399603+00:00,100.03082704544067,,389046662.0952381,407371776,0.0,
common,mixed,2,steady,C,tick,ALL_SUPPLIED,UNMEASURED,NO_COMMON_MEASUREMENT,Fewer than two contained real samples,,,,,,,,,
common,mixed,2,warmup,A,cpu_rss,A,OBSERVED,COMMON_OBSERVED_SLICE,,4,2026-10-06T09:27:40.655938+00:00,2026-10-06T09:27:55.658542+00:00,15.00007438659668,9.266620712508264,,,,
common,mixed,2,warmup,A,cpu_rss,B,OBSERVED,COMMON_OBSERVED_SLICE,,4,2026-10-06T11:58:51.179533+00:00,2026-10-06T11:59:06.181995+00:00,14.999820470809937,9.933452222975536,,,,
common,mixed,2,warmup,A,heap_gc,A,OBSERVED,COMMON_OBSERVED_SLICE,,4,2026-10-06T09:27:40.658266+00:00,2026-10-06T09:27:55.852817+00:00,14.987673282623291,,298464768,319960576,0.0,
common,mixed,2,warmup,A,heap_gc,B,OBSERVED,COMMON_OBSERVED_SLICE,,4,2026-10-06T11:58:51.182398+00:00,2026-10-06T11:59:06.349672+00:00,14.973867893218994,,380033433,403888537,0.0,
common,mixed,2,warmup,A,tick,ALL_SUPPLIED,UNMEASURED,NO_COMMON_MEASUREMENT,Fewer than two contained real samples,,,,,,,,,
common,mixed,2,warmup,B,cpu_rss,A,OBSERVED,COMMON_OBSERVED_SLICE,,4,2026-10-06T09:27:40.656124+00:00,2026-10-06T09:27:55.657230+00:00,14.999757289886475,8.066797192884218,,,,
common,mixed,2,warmup,B,cpu_rss,B,OBSERVED,COMMON_OBSERVED_SLICE,,4,2026-10-06T11:58:51.179726+00:00,2026-10-06T11:59:06.180784+00:00,14.99953818321228,8.600264783110326,,,,
common,mixed,2,warmup,B,heap_gc,A,OBSERVED,COMMON_OBSERVED_SLICE,,4,2026-10-06T09:27:40.657542+00:00,2026-10-06T09:27:55.893300+00:00,15.039265871047974,,373436620,383922380,0.0,
common,mixed,2,warmup,B,heap_gc,B,OBSERVED,COMMON_OBSERVED_SLICE,,4,2026-10-06T11:58:51.181676+00:00,2026-10-06T11:59:06.399915+00:00,14.98903512954712,,486539264,500170752,0.0,
common,mixed,2,warmup,B,tick,ALL_SUPPLIED,UNMEASURED,NO_COMMON_MEASUREMENT,Fewer than two contained real samples,,,,,,,,,
common,mixed,2,warmup,C,cpu_rss,A,OBSERVED,COMMON_OBSERVED_SLICE,,4,2026-10-06T09:27:40.656323+00:00,2026-10-06T09:27:55.657823+00:00,14.999326229095459,7.266993085900342,,,,
common,mixed,2,warmup,C,cpu_rss,B,OBSERVED,COMMON_OBSERVED_SLICE,,4,2026-10-06T11:58:51.179852+00:00,2026-10-06T11:59:06.181399+00:00,15.00019383430481,7.666567597080008,,,,
common,mixed,2,warmup,C,heap_gc,A,OBSERVED,COMMON_OBSERVED_SLICE,,4,2026-10-06T09:27:40.658911+00:00,2026-10-06T09:27:55.861282+00:00,14.991547107696533,,468451328,470810624,0.0,
common,mixed,2,warmup,C,heap_gc,B,OBSERVED,COMMON_OBSERVED_SLICE,,4,2026-10-06T11:58:51.180961+00:00,2026-10-06T11:59:06.399551+00:00,15.013123512268066,,360710144,363331584,0.0,
common,mixed,2,warmup,C,tick,ALL_SUPPLIED,UNMEASURED,NO_COMMON_MEASUREMENT,Fewer than two contained real samples,,,,,,,,,
common,mixed,3,low_flow,A,cpu_rss,A,OBSERVED,COMMON_OBSERVED_SLICE,,29,2026-10-06T09:35:55.655809+00:00,2026-10-06T09:38:15.656801+00:00,139.9993336200714,8.07860988159626,,,,
common,mixed,3,low_flow,A,cpu_rss,B,OBSERVED,COMMON_OBSERVED_SLICE,,31,2026-10-06T12:07:01.179558+00:00,2026-10-06T12:09:31.182549+00:00,150.00005173683167,9.299996792317554,,,,
common,mixed,3,low_flow,A,heap_gc,A,OBSERVED,COMMON_OBSERVED_SLICE,,29,2026-10-06T09:35:55.658107+00:00,2026-10-06T09:38:15.803582+00:00,139.99078130722046,,368998689.20689654,497485414,0.014999999999999902,
common,mixed,3,low_flow,A,heap_gc,B,OBSERVED,COMMON_OBSERVED_SLICE,,31,2026-10-06T12:07:01.182438+00:00,2026-10-06T12:09:31.422879+00:00,150.01327085494995,,423003303.7741935,611714969,0.039000000000000146,
common,mixed,3,low_flow,A,tick,ALL_SUPPLIED,UNMEASURED,NO_COMMON_MEASUREMENT,Fewer than two contained real samples,,,,,,,,,
common,mixed,3,low_flow,B,cpu_rss,A,OBSERVED,COMMON_OBSERVED_SLICE,,29,2026-10-06T09:35:55.655932+00:00,2026-10-06T09:38:15.657476+00:00,140.00002002716064,8.735713036060524,,,,
common,mixed,3,low_flow,B,cpu_rss,B,OBSERVED,COMMON_OBSERVED_SLICE,,31,2026-10-06T12:07:01.179931+00:00,2026-10-06T12:09:31.181032+00:00,149.9988796710968,9.186735281100411,,,,
common,mixed,3,low_flow,B,heap_gc,A,OBSERVED,COMMON_OBSERVED_SLICE,,29,2026-10-06T09:35:55.657370+00:00,2026-10-06T09:38:15.822991+00:00,139.97488045692444,,343389713.44827586,428319641,0.05599999999999983,
common,mixed,3,low_flow,B,heap_gc,B,OBSERVED,COMMON_OBSERVED_SLICE,,31,2026-10-06T12:07:01.183039+00:00,2026-10-06T12:09:31.401424+00:00,150.00127792358398,,483181950.7096774,693653708,0.007000000000000117,
common,mixed,3,low_flow,B,tick,ALL_SUPPLIED,UNMEASURED,NO_COMMON_MEASUREMENT,Fewer than two contained real samples,,,,,,,,,
common,mixed,3,low_flow,C,cpu_rss,A,OBSERVED,COMMON_OBSERVED_SLICE,,29,2026-10-06T09:35:55.656080+00:00,2026-10-06T09:38:15.658006+00:00,139.9997799396515,7.228582790888918,,,,
common,mixed,3,low_flow,C,cpu_rss,B,OBSERVED,COMMON_OBSERVED_SLICE,,31,2026-10-06T12:07:01.180072+00:00,2026-10-06T12:09:31.181684+00:00,150.00014352798462,7.653326010223626,,,,
common,mixed,3,low_flow,C,heap_gc,A,OBSERVED,COMMON_OBSERVED_SLICE,,29,2026-10-06T09:35:55.658577+00:00,2026-10-06T09:38:15.822435+00:00,139.98086762428284,,302393622.55172414,322063462,0.0,
common,mixed,3,low_flow,C,heap_gc,B,OBSERVED,COMMON_OBSERVED_SLICE,,31,2026-10-06T12:07:01.181560+00:00,2026-10-06T12:09:31.343684+00:00,149.9545168876648,,313042293.0645161,336043315,0.0,
common,mixed,3,low_flow,C,tick,ALL_SUPPLIED,UNMEASURED,NO_COMMON_MEASUREMENT,Fewer than two contained real samples,,,,,,,,,
common,mixed,3,steady,A,cpu_rss,A,OBSERVED,COMMON_OBSERVED_SLICE,,22,2026-10-06T09:39:00.655800+00:00,2026-10-06T09:40:45.657745+00:00,105.00036859512329,9.142825047612131,,,,
common,mixed,3,steady,A,cpu_rss,B,OBSERVED,COMMON_OBSERVED_SLICE,,22,2026-10-06T12:10:21.179516+00:00,2026-10-06T12:12:06.182903+00:00,105.00118565559387,9.48560717463615,,,,
common,mixed,3,steady,A,heap_gc,A,OBSERVED,COMMON_OBSERVED_SLICE,,22,2026-10-06T09:39:00.657041+00:00,2026-10-06T09:40:45.885791+00:00,105.04045414924622,,365496952.95454544,485048627,0.01200000000000001,
common,mixed,3,steady,A,heap_gc,B,OBSERVED,COMMON_OBSERVED_SLICE,,22,2026-10-06T12:10:21.180589+00:00,2026-10-06T12:12:06.452036+00:00,105.0301947593689,,419177336.90909094,620474060,0.008999999999999897,
common,mixed,3,steady,A,tick,ALL_SUPPLIED,UNMEASURED,NO_COMMON_MEASUREMENT,Fewer than two contained real samples,,,,,,,,,
common,mixed,3,steady,B,cpu_rss,A,OBSERVED,COMMON_OBSERVED_SLICE,,22,2026-10-06T09:39:00.655898+00:00,2026-10-06T09:40:45.657284+00:00,104.99984288215637,7.676201962555236,,,,
common,mixed,3,steady,B,cpu_rss,B,OBSERVED,COMMON_OBSERVED_SLICE,,22,2026-10-06T12:10:21.179641+00:00,2026-10-06T12:12:06.180659+00:00,104.99969291687012,8.380976891967777,,,,
common,mixed,3,steady,B,heap_gc,A,OBSERVED,COMMON_OBSERVED_SLICE,,22,2026-10-06T09:39:00.657643+00:00,2026-10-06T09:40:45.894890+00:00,105.02696347236633,,352536733.45454544,426509004,0.0,
common,mixed,3,steady,B,heap_gc,B,OBSERVED,COMMON_OBSERVED_SLICE,,22,2026-10-06T12:10:21.181310+00:00,2026-10-06T12:12:06.451625+00:00,105.02764320373535,,527823220.3636364,691284992,0.0040000000000000036,
common,mixed,3,steady,B,tick,ALL_SUPPLIED,UNMEASURED,NO_COMMON_MEASUREMENT,Fewer than two contained real samples,,,,,,,,,
common,mixed,3,steady,C,cpu_rss,A,OBSERVED,COMMON_OBSERVED_SLICE,,22,2026-10-06T09:39:00.656073+00:00,2026-10-06T09:40:45.658717+00:00,105.00026607513428,6.866649266241643,,,,
common,mixed,3,steady,C,cpu_rss,B,OBSERVED,COMMON_OBSERVED_SLICE,,22,2026-10-06T12:10:21.179741+00:00,2026-10-06T12:12:06.181635+00:00,104.99969387054443,7.10478261888796,,,,
common,mixed,3,steady,C,heap_gc,A,OBSERVED,COMMON_OBSERVED_SLICE,,22,2026-10-06T09:39:00.658194+00:00,2026-10-06T09:40:45.832064+00:00,104.99353647232056,,353473079.45454544,369249382,0.0,
common,mixed,3,steady,C,heap_gc,B,OBSERVED,COMMON_OBSERVED_SLICE,,22,2026-10-06T12:10:21.182221+00:00,2026-10-06T12:12:06.382739+00:00,105.00385475158691,,369836059.72727275,387423539,0.0,
common,mixed,3,steady,C,tick,ALL_SUPPLIED,UNMEASURED,NO_COMMON_MEASUREMENT,Fewer than two contained real samples,,,,,,,,,
common,mixed,3,warmup,A,cpu_rss,A,OBSERVED,COMMON_OBSERVED_SLICE,,3,2026-10-06T09:38:35.655844+00:00,2026-10-06T09:38:45.657882+00:00,9.993521213531494,9.606223667190923,,,,
common,mixed,3,warmup,A,cpu_rss,B,OBSERVED,COMMON_OBSERVED_SLICE,,3,2026-10-06T12:09:51.179528+00:00,2026-10-06T12:10:01.180675+00:00,9.996636867523193,8.702926909613346,,,,
common,mixed,3,warmup,A,heap_gc,A,OBSERVED,COMMON_OBSERVED_SLICE,,3,2026-10-06T09:38:35.670844+00:00,2026-10-06T09:38:45.845191+00:00,9.990151405334473,,336500360.3333333,351879475,0.0,
common,mixed,3,warmup,A,heap_gc,B,OBSERVED,COMMON_OBSERVED_SLICE,,3,2026-10-06T12:09:51.187410+00:00,2026-10-06T12:10:01.374745+00:00,9.982229471206665,,511422156,527150796,0.0,
common,mixed,3,warmup,A,tick,ALL_SUPPLIED,UNMEASURED,NO_COMMON_MEASUREMENT,Fewer than two contained real samples,,,,,,,,,
common,mixed,3,warmup,B,cpu_rss,A,OBSERVED,COMMON_OBSERVED_SLICE,,3,2026-10-06T09:38:35.655973+00:00,2026-10-06T09:38:45.657099+00:00,9.999943017959595,7.700043876421231,,,,
common,mixed,3,warmup,B,cpu_rss,B,OBSERVED,COMMON_OBSERVED_SLICE,,3,2026-10-06T12:09:51.179632+00:00,2026-10-06T12:10:01.181903+00:00,9.997670650482178,12.702958963133387,,,,
common,mixed,3,warmup,B,heap_gc,A,OBSERVED,COMMON_OBSERVED_SLICE,,3,2026-10-06T09:38:35.657201+00:00,2026-10-06T09:38:45.853715+00:00,10.022693634033203,,310888584,440357888,0.0040000000000000036,
common,mixed,3,warmup,B,heap_gc,B,OBSERVED,COMMON_OBSERVED_SLICE,,3,2026-10-06T12:09:51.187895+00:00,2026-10-06T12:10:01.371891+00:00,9.99415636062622,,504638464,514075648,0.0,
common,mixed,3,warmup,B,tick,ALL_SUPPLIED,UNMEASURED,NO_COMMON_MEASUREMENT,Fewer than two contained real samples,,,,,,,,,
common,mixed,3,warmup,C,cpu_rss,A,OBSERVED,COMMON_OBSERVED_SLICE,,3,2026-10-06T09:38:35.656024+00:00,2026-10-06T09:38:45.658326+00:00,10.000211954116821,6.599860113247821,,,,
common,mixed,3,warmup,C,cpu_rss,B,OBSERVED,COMMON_OBSERVED_SLICE,,3,2026-10-06T12:09:51.179719+00:00,2026-10-06T12:10:01.182412+00:00,10.001463890075684,6.699019337207419,,,,
common,mixed,3,warmup,C,heap_gc,A,OBSERVED,COMMON_OBSERVED_SLICE,,3,2026-10-06T09:38:35.657979+00:00,2026-10-06T09:38:45.878515+00:00,10.028959274291992,,330452070,332549222,0.0,
common,mixed,3,warmup,C,heap_gc,B,OBSERVED,COMMON_OBSERVED_SLICE,,3,2026-10-06T12:09:51.180776+00:00,2026-10-06T12:10:01.414761+00:00,10.029370307922363,,344082397.6666667,345480499,0.0,
common,mixed,3,warmup,C,tick,ALL_SUPPLIED,UNMEASURED,NO_COMMON_MEASUREMENT,Fewer than two contained real samples,,,,,,,,,
common,same,1,low_flow,A,cpu_rss,ALL_SUPPLIED,UNMEASURED,NO_COMMON_MEASUREMENT,Fewer than two contained real samples,,,,,,,,,
common,same,1,low_flow,A,heap_gc,ALL_SUPPLIED,UNMEASURED,NO_COMMON_MEASUREMENT,Fewer than two contained real samples,,,,,,,,,
common,same,1,low_flow,A,tick,ALL_SUPPLIED,UNMEASURED,NO_COMMON_MEASUREMENT,Fewer than two contained real samples,,,,,,,,,
common,same,1,low_flow,B,cpu_rss,ALL_SUPPLIED,UNMEASURED,NO_COMMON_MEASUREMENT,Fewer than two contained real samples,,,,,,,,,
common,same,1,low_flow,B,heap_gc,ALL_SUPPLIED,UNMEASURED,NO_COMMON_MEASUREMENT,Fewer than two contained real samples,,,,,,,,,
common,same,1,low_flow,B,tick,ALL_SUPPLIED,UNMEASURED,NO_COMMON_MEASUREMENT,Fewer than two contained real samples,,,,,,,,,
common,same,1,low_flow,C,cpu_rss,ALL_SUPPLIED,UNMEASURED,NO_COMMON_MEASUREMENT,Fewer than two contained real samples,,,,,,,,,
common,same,1,low_flow,C,heap_gc,ALL_SUPPLIED,UNMEASURED,NO_COMMON_MEASUREMENT,Fewer than two contained real samples,,,,,,,,,
common,same,1,low_flow,C,tick,ALL_SUPPLIED,UNMEASURED,NO_COMMON_MEASUREMENT,Fewer than two contained real samples,,,,,,,,,
common,same,1,steady,A,cpu_rss,ALL_SUPPLIED,UNMEASURED,NO_COMMON_MEASUREMENT,Fewer than two contained real samples,,,,,,,,,
common,same,1,steady,A,heap_gc,ALL_SUPPLIED,UNMEASURED,NO_COMMON_MEASUREMENT,Fewer than two contained real samples,,,,,,,,,
common,same,1,steady,A,tick,ALL_SUPPLIED,UNMEASURED,NO_COMMON_MEASUREMENT,Fewer than two contained real samples,,,,,,,,,
common,same,1,steady,B,cpu_rss,ALL_SUPPLIED,UNMEASURED,NO_COMMON_MEASUREMENT,Fewer than two contained real samples,,,,,,,,,
common,same,1,steady,B,heap_gc,ALL_SUPPLIED,UNMEASURED,NO_COMMON_MEASUREMENT,Fewer than two contained real samples,,,,,,,,,
common,same,1,steady,B,tick,ALL_SUPPLIED,UNMEASURED,NO_COMMON_MEASUREMENT,Fewer than two contained real samples,,,,,,,,,
common,same,1,steady,C,cpu_rss,ALL_SUPPLIED,UNMEASURED,NO_COMMON_MEASUREMENT,Fewer than two contained real samples,,,,,,,,,
common,same,1,steady,C,heap_gc,ALL_SUPPLIED,UNMEASURED,NO_COMMON_MEASUREMENT,Fewer than two contained real samples,,,,,,,,,
common,same,1,steady,C,tick,ALL_SUPPLIED,UNMEASURED,NO_COMMON_MEASUREMENT,Fewer than two contained real samples,,,,,,,,,
common,same,1,warmup,A,cpu_rss,ALL_SUPPLIED,UNMEASURED,NO_COMMON_MEASUREMENT,Fewer than two contained real samples,,,,,,,,,
common,same,1,warmup,A,heap_gc,ALL_SUPPLIED,UNMEASURED,NO_COMMON_MEASUREMENT,Fewer than two contained real samples,,,,,,,,,
common,same,1,warmup,A,tick,ALL_SUPPLIED,UNMEASURED,NO_COMMON_MEASUREMENT,Fewer than two contained real samples,,,,,,,,,
common,same,1,warmup,B,cpu_rss,ALL_SUPPLIED,UNMEASURED,NO_COMMON_MEASUREMENT,Fewer than two contained real samples,,,,,,,,,
common,same,1,warmup,B,heap_gc,ALL_SUPPLIED,UNMEASURED,NO_COMMON_MEASUREMENT,Fewer than two contained real samples,,,,,,,,,
common,same,1,warmup,B,tick,ALL_SUPPLIED,UNMEASURED,NO_COMMON_MEASUREMENT,Fewer than two contained real samples,,,,,,,,,
common,same,1,warmup,C,cpu_rss,ALL_SUPPLIED,UNMEASURED,NO_COMMON_MEASUREMENT,Fewer than two contained real samples,,,,,,,,,
common,same,1,warmup,C,heap_gc,ALL_SUPPLIED,UNMEASURED,NO_COMMON_MEASUREMENT,Fewer than two contained real samples,,,,,,,,,
common,same,1,warmup,C,tick,ALL_SUPPLIED,UNMEASURED,NO_COMMON_MEASUREMENT,Fewer than two contained real samples,,,,,,,,,
common,same,2,low_flow,A,cpu_rss,A,OBSERVED,COMMON_OBSERVED_SLICE,,32,2026-10-06T09:30:20.655841+00:00,2026-10-06T09:32:55.657560+00:00,154.99973917007446,8.741950194594963,,,,
common,same,2,low_flow,A,cpu_rss,B,OBSERVED,COMMON_OBSERVED_SLICE,,31,2026-10-06T12:01:31.179549+00:00,2026-10-06T12:04:01.180771+00:00,149.99985265731812,9.486675985281892,,,,
common,same,2,low_flow,A,heap_gc,A,OBSERVED,COMMON_OBSERVED_SLICE,,32,2026-10-06T09:30:20.658015+00:00,2026-10-06T09:32:55.863118+00:00,154.99216532707214,,349018984.8125,489675673,0.038999999999999924,
common,same,2,low_flow,A,heap_gc,B,OBSERVED,COMMON_OBSERVED_SLICE,,31,2026-10-06T12:01:31.181105+00:00,2026-10-06T12:04:01.402285+00:00,150.01595640182495,,440794402.483871,612253491,0.03299999999999992,
common,same,2,low_flow,A,tick,ALL_SUPPLIED,UNMEASURED,NO_COMMON_MEASUREMENT,Fewer than two contained real samples,,,,,,,,,
common,same,2,low_flow,B,cpu_rss,A,OBSERVED,COMMON_OBSERVED_SLICE,,32,2026-10-06T09:30:20.655974+00:00,2026-10-06T09:32:55.656916+00:00,154.99981260299683,7.161298980683678,,,,
common,same,2,low_flow,B,cpu_rss,B,OBSERVED,COMMON_OBSERVED_SLICE,,31,2026-10-06T12:01:31.179706+00:00,2026-10-06T12:04:01.181890+00:00,150.0007927417755,7.879958354852147,,,,
common,same,2,low_flow,B,heap_gc,A,OBSERVED,COMMON_OBSERVED_SLICE,,32,2026-10-06T09:30:20.657223+00:00,2026-10-06T09:32:55.796562+00:00,154.95351767539978,,379166111.5625,434246246,0.007000000000000117,
common,same,2,low_flow,B,heap_gc,B,OBSERVED,COMMON_OBSERVED_SLICE,,31,2026-10-06T12:01:31.181665+00:00,2026-10-06T12:04:01.370780+00:00,149.9829921722412,,329358110.58064514,359157964,0.0,
common,same,2,low_flow,B,tick,ALL_SUPPLIED,UNMEASURED,NO_COMMON_MEASUREMENT,Fewer than two contained real samples,,,,,,,,,
common,same,2,low_flow,C,cpu_rss,A,OBSERVED,COMMON_OBSERVED_SLICE,,32,2026-10-06T09:30:20.656099+00:00,2026-10-06T09:32:55.658232+00:00,154.9997594356537,7.451624468355937,,,,
common,same,2,low_flow,C,cpu_rss,B,OBSERVED,COMMON_OBSERVED_SLICE,,31,2026-10-06T12:01:31.179795+00:00,2026-10-06T12:04:01.182920+00:00,150.00141668319702,7.566595203544792,,,,
common,same,2,low_flow,C,heap_gc,A,OBSERVED,COMMON_OBSERVED_SLICE,,32,2026-10-06T09:30:20.658853+00:00,2026-10-06T09:32:55.852543+00:00,154.99277067184448,,485383151.9375,552599552,0.050999999999999934,
common,same,2,low_flow,C,heap_gc,B,OBSERVED,COMMON_OBSERVED_SLICE,,31,2026-10-06T12:01:31.182378+00:00,2026-10-06T12:04:01.383545+00:00,149.99039483070374,,422557583.67741936,456654848,0.006999999999999895,
common,same,2,low_flow,C,tick,ALL_SUPPLIED,UNMEASURED,NO_COMMON_MEASUREMENT,Fewer than two contained real samples,,,,,,,,,
common,same,2,steady,A,cpu_rss,A,OBSERVED,COMMON_OBSERVED_SLICE,,22,2026-10-06T09:33:45.655858+00:00,2026-10-06T09:35:30.657124+00:00,104.99983191490173,10.142873379674946,,,,
common,same,2,steady,A,cpu_rss,B,OBSERVED,COMMON_OBSERVED_SLICE,,22,2026-10-06T12:04:51.179489+00:00,2026-10-06T12:06:36.181680+00:00,105.00008583068848,9.552373143935586,,,,
common,same,2,steady,A,heap_gc,A,OBSERVED,COMMON_OBSERVED_SLICE,,22,2026-10-06T09:33:45.657428+00:00,2026-10-06T09:35:30.849818+00:00,104.9974935054779,,351447552,482344960,0.02300000000000013,
common,same,2,steady,A,heap_gc,B,OBSERVED,COMMON_OBSERVED_SLICE,,22,2026-10-06T12:04:51.181551+00:00,2026-10-06T12:06:36.403644+00:00,105.01245069503784,,434231295.72727275,616447795,0.010000000000000009,
common,same,2,steady,A,tick,ALL_SUPPLIED,UNMEASURED,NO_COMMON_MEASUREMENT,Fewer than two contained real samples,,,,,,,,,
common,same,2,steady,B,cpu_rss,A,OBSERVED,COMMON_OBSERVED_SLICE,,22,2026-10-06T09:33:45.655976+00:00,2026-10-06T09:35:30.658058+00:00,105.00007915496826,7.180946967546407,,,,
common,same,2,steady,B,cpu_rss,B,OBSERVED,COMMON_OBSERVED_SLICE,,22,2026-10-06T12:04:51.179606+00:00,2026-10-06T12:06:36.180572+00:00,104.99989223480225,7.628579258050966,,,,
common,same,2,steady,B,heap_gc,A,OBSERVED,COMMON_OBSERVED_SLICE,,22,2026-10-06T09:33:45.657858+00:00,2026-10-06T09:35:30.832948+00:00,104.96987199783325,,284378753.72727275,304587673,0.0,
common,same,2,steady,B,heap_gc,B,OBSERVED,COMMON_OBSERVED_SLICE,,22,2026-10-06T12:04:51.180811+00:00,2026-10-06T12:06:36.380276+00:00,105.00857329368591,,401958929.8181818,424169676,0.0,
common,same,2,steady,B,tick,ALL_SUPPLIED,UNMEASURED,NO_COMMON_MEASUREMENT,Fewer than two contained real samples,,,,,,,,,
common,same,2,steady,C,cpu_rss,A,OBSERVED,COMMON_OBSERVED_SLICE,,22,2026-10-06T09:33:45.656330+00:00,2026-10-06T09:35:30.658511+00:00,104.99992036819458,7.095243476257589,,,,
common,same,2,steady,C,cpu_rss,B,OBSERVED,COMMON_OBSERVED_SLICE,,22,2026-10-06T12:04:51.179902+00:00,2026-10-06T12:06:36.181154+00:00,104.99950051307678,7.400035202103007,,,,
common,same,2,steady,C,heap_gc,A,OBSERVED,COMMON_OBSERVED_SLICE,,22,2026-10-06T09:33:45.658593+00:00,2026-10-06T09:35:30.862794+00:00,104.99936103820801,,258005000.9090909,273828966,0.0,
common,same,2,steady,C,heap_gc,B,OBSERVED,COMMON_OBSERVED_SLICE,,22,2026-10-06T12:04:51.182247+00:00,2026-10-06T12:06:36.340575+00:00,104.96627283096313,,264883134.63636363,282565939,0.0,
common,same,2,steady,C,tick,ALL_SUPPLIED,UNMEASURED,NO_COMMON_MEASUREMENT,Fewer than two contained real samples,,,,,,,,,
common,same,2,warmup,A,cpu_rss,A,OBSERVED,COMMON_OBSERVED_SLICE,,4,2026-10-06T09:33:15.655833+00:00,2026-10-06T09:33:30.658108+00:00,15.000589847564697,12.999488818878449,,,,
common,same,2,warmup,A,cpu_rss,B,OBSERVED,COMMON_OBSERVED_SLICE,,4,2026-10-06T12:04:21.179565+00:00,2026-10-06T12:04:36.181973+00:00,15.000062227249146,9.26662822421436,,,,
common,same,2,warmup,A,heap_gc,A,OBSERVED,COMMON_OBSERVED_SLICE,,4,2026-10-06T09:33:15.656923+00:00,2026-10-06T09:33:30.869861+00:00,15.013156414031982,,462040268,489303244,0.0,
common,same,2,warmup,A,heap_gc,B,OBSERVED,COMMON_OBSERVED_SLICE,,4,2026-10-06T12:04:21.181868+00:00,2026-10-06T12:04:36.454417+00:00,15.02469778060913,,346701619,612253491,0.010000000000000009,
common,same,2,warmup,A,tick,ALL_SUPPLIED,UNMEASURED,NO_COMMON_MEASUREMENT,Fewer than two contained real samples,,,,,,,,,
common,same,2,warmup,B,cpu_rss,A,OBSERVED,COMMON_OBSERVED_SLICE,,4,2026-10-06T09:33:15.657218+00:00,2026-10-06T09:33:30.657302+00:00,14.998695850372314,7.267298509643065,,,,
common,same,2,warmup,B,cpu_rss,B,OBSERVED,COMMON_OBSERVED_SLICE,,4,2026-10-06T12:04:21.179688+00:00,2026-10-06T12:04:36.181361+00:00,14.999990940093994,7.7333380042210065,,,,
common,same,2,warmup,B,heap_gc,A,OBSERVED,COMMON_OBSERVED_SLICE,,4,2026-10-06T09:33:15.658659+00:00,2026-10-06T09:33:30.852244+00:00,15.005887031555176,,256091033,258450329,0.0,
common,same,2,warmup,B,heap_gc,B,OBSERVED,COMMON_OBSERVED_SLICE,,4,2026-10-06T12:04:21.181394+00:00,2026-10-06T12:04:36.443581+00:00,15.046388864517212,,370430156,372789452,0.0,
common,same,2,warmup,B,tick,ALL_SUPPLIED,UNMEASURED,NO_COMMON_MEASUREMENT,Fewer than two contained real samples,,,,,,,,,
common,same,2,warmup,C,cpu_rss,A,OBSERVED,COMMON_OBSERVED_SLICE,,4,2026-10-06T09:33:15.657259+00:00,2026-10-06T09:33:30.658895+00:00,14.999829292297363,7.200081940629686,,,,
common,same,2,warmup,C,cpu_rss,B,OBSERVED,COMMON_OBSERVED_SLICE,,4,2026-10-06T12:04:21.179777+00:00,2026-10-06T12:04:36.180865+00:00,15.000057697296143,6.8666402542282565,,,,
common,same,2,warmup,C,heap_gc,A,OBSERVED,COMMON_OBSERVED_SLICE,,4,2026-10-06T09:33:15.658018+00:00,2026-10-06T09:33:30.876408+00:00,15.0132417678833,,234245222,236080230,0.0,
common,same,2,warmup,C,heap_gc,B,OBSERVED,COMMON_OBSERVED_SLICE,,4,2026-10-06T12:04:21.180802+00:00,2026-10-06T12:04:36.373747+00:00,14.992822885513306,,240098611,242720051,0.0,
common,same,2,warmup,C,tick,ALL_SUPPLIED,UNMEASURED,NO_COMMON_MEASUREMENT,Fewer than two contained real samples,,,,,,,,,
common,same,3,low_flow,A,cpu_rss,A,OBSERVED,COMMON_OBSERVED_SLICE,,33,2026-10-06T09:41:05.655813+00:00,2026-10-06T09:43:45.656916+00:00,159.99976325035095,8.112512003964822,,,,
common,same,3,low_flow,A,cpu_rss,B,OBSERVED,COMMON_OBSERVED_SLICE,,31,2026-10-06T12:12:31.179554+00:00,2026-10-06T12:15:01.181230+00:00,150.00009393692017,9.273327525947833,,,,
common,same,3,low_flow,A,heap_gc,A,OBSERVED,COMMON_OBSERVED_SLICE,,33,2026-10-06T09:41:05.657412+00:00,2026-10-06T09:43:45.838462+00:00,159.99991130828857,,351425569.6363636,492438016,0.009000000000000119,
common,same,3,low_flow,A,heap_gc,B,OBSERVED,COMMON_OBSERVED_SLICE,,31,2026-10-06T12:12:31.181027+00:00,2026-10-06T12:15:01.421880+00:00,150.00027918815613,,442856705.12903225,639861145,0.016000000000000014,
common,same,3,low_flow,A,tick,ALL_SUPPLIED,UNMEASURED,NO_COMMON_MEASUREMENT,Fewer than two contained real samples,,,,,,,,,
common,same,3,low_flow,B,cpu_rss,A,OBSERVED,COMMON_OBSERVED_SLICE,,33,2026-10-06T09:41:05.656018+00:00,2026-10-06T09:43:45.658072+00:00,159.99939131736755,7.325027866357776,,,,
common,same,3,low_flow,B,cpu_rss,B,OBSERVED,COMMON_OBSERVED_SLICE,,31,2026-10-06T12:12:31.179673+00:00,2026-10-06T12:15:01.183119+00:00,150.00048160552979,8.086640702860798,,,,
common,same,3,low_flow,B,heap_gc,A,OBSERVED,COMMON_OBSERVED_SLICE,,33,2026-10-06T09:41:05.659224+00:00,2026-10-06T09:43:45.832954+00:00,160.01982307434082,,264555997.66666666,294265651,0.0,
common,same,3,low_flow,B,heap_gc,B,OBSERVED,COMMON_OBSERVED_SLICE,,31,2026-10-06T12:12:31.182242+00:00,2026-10-06T12:15:01.429902+00:00,150.0423469543457,,356955565.41935486,385875968,0.0,
common,same,3,low_flow,B,tick,ALL_SUPPLIED,UNMEASURED,NO_COMMON_MEASUREMENT,Fewer than two contained real samples,,,,,,,,,
common,same,3,low_flow,C,cpu_rss,A,OBSERVED,COMMON_OBSERVED_SLICE,,33,2026-10-06T09:41:05.656204+00:00,2026-10-06T09:43:45.657547+00:00,159.99952220916748,7.13752131401406,,,,
common,same,3,low_flow,C,cpu_rss,B,OBSERVED,COMMON_OBSERVED_SLICE,,31,2026-10-06T12:12:31.179721+00:00,2026-10-06T12:15:01.181952+00:00,150.00031161308289,7.619984170088278,,,,
common,same,3,low_flow,C,heap_gc,A,OBSERVED,COMMON_OBSERVED_SLICE,,33,2026-10-06T09:41:05.658348+00:00,2026-10-06T09:43:45.843299+00:00,159.9992699623108,,399117910.4848485,421678182,0.0,
common,same,3,low_flow,C,heap_gc,B,OBSERVED,COMMON_OBSERVED_SLICE,,31,2026-10-06T12:12:31.181533+00:00,2026-10-06T12:15:01.369796+00:00,149.98766136169434,,417629292.8064516,439852339,0.0,
common,same,3,low_flow,C,tick,ALL_SUPPLIED,UNMEASURED,NO_COMMON_MEASUREMENT,Fewer than two contained real samples,,,,,,,,,
common,same,3,steady,A,cpu_rss,A,OBSERVED,COMMON_OBSERVED_SLICE,,21,2026-10-06T09:44:35.655846+00:00,2026-10-06T09:46:15.658163+00:00,100.00071263313293,9.519932157809192,,,,
common,same,3,steady,A,cpu_rss,B,OBSERVED,COMMON_OBSERVED_SLICE,,21,2026-10-06T12:15:51.179551+00:00,2026-10-06T12:17:31.181005+00:00,99.99957919120789,9.950041870650999,,,,
common,same,3,steady,A,heap_gc,A,OBSERVED,COMMON_OBSERVED_SLICE,,21,2026-10-06T09:44:35.656731+00:00,2026-10-06T09:46:15.818372+00:00,99.96156716346741,,348927531.28571427,482804633,0.0030000000000001137,
common,same,3,steady,A,heap_gc,B,OBSERVED,COMMON_OBSERVED_SLICE,,21,2026-10-06T12:15:51.181886+00:00,2026-10-06T12:17:31.375284+00:00,100.01355028152466,,441101682,634246758,0.0020000000000000018,
common,same,3,steady,A,tick,ALL_SUPPLIED,UNMEASURED,NO_COMMON_MEASUREMENT,Fewer than two contained real samples,,,,,,,,,
common,same,3,steady,B,cpu_rss,A,OBSERVED,COMMON_OBSERVED_SLICE,,21,2026-10-06T09:44:35.657210+00:00,2026-10-06T09:46:15.659082+00:00,100.00005054473877,7.149996386053038,,,,
common,same,3,steady,B,cpu_rss,B,OBSERVED,COMMON_OBSERVED_SLICE,,21,2026-10-06T12:15:51.179650+00:00,2026-10-06T12:17:31.181961+00:00,100.0007393360138,7.939941297154514,,,,
common,same,3,steady,B,heap_gc,A,OBSERVED,COMMON_OBSERVED_SLICE,,21,2026-10-06T09:44:35.657739+00:00,2026-10-06T09:46:15.944969+00:00,100.0538547039032,,331664861.6666667,349840179,0.0,
common,same,3,steady,B,heap_gc,B,OBSERVED,COMMON_OBSERVED_SLICE,,21,2026-10-06T12:15:51.180570+00:00,2026-10-06T12:17:31.405454+00:00,100.02690696716309,,426670567.61904764,446693376,0.0,
common,same,3,steady,B,tick,ALL_SUPPLIED,UNMEASURED,NO_COMMON_MEASUREMENT,Fewer than two contained real samples,,,,,,,,,
common,same,3,steady,C,cpu_rss,A,OBSERVED,COMMON_OBSERVED_SLICE,,21,2026-10-06T09:44:35.657889+00:00,2026-10-06T09:46:15.657482+00:00,99.99860000610352,7.080099120955542,,,,
common,same,3,steady,C,cpu_rss,B,OBSERVED,COMMON_OBSERVED_SLICE,,21,2026-10-06T12:15:51.180776+00:00,2026-10-06T12:17:31.182573+00:00,100.00019025802612,7.719985312108327,,,,
common,same,3,steady,C,heap_gc,A,OBSERVED,COMMON_OBSERVED_SLICE,,21,2026-10-06T09:44:35.658432+00:00,2026-10-06T09:46:15.872387+00:00,100.01823830604553,,453684716.0952381,468864102,0.0,
common,same,3,steady,C,heap_gc,B,OBSERVED,COMMON_OBSERVED_SLICE,,21,2026-10-06T12:15:51.181424+00:00,2026-10-06T12:17:31.420790+00:00,100.00343751907349,,251832383,456629555,0.017000000000000126,
common,same,3,steady,C,tick,ALL_SUPPLIED,UNMEASURED,NO_COMMON_MEASUREMENT,Fewer than two contained real samples,,,,,,,,,
common,same,3,warmup,A,cpu_rss,A,OBSERVED,COMMON_OBSERVED_SLICE,,3,2026-10-06T09:44:05.655843+00:00,2026-10-06T09:44:15.656919+00:00,9.999919414520264,9.300074945100171,,,,
common,same,3,warmup,A,cpu_rss,B,OBSERVED,COMMON_OBSERVED_SLICE,,3,2026-10-06T12:15:21.179544+00:00,2026-10-06T12:15:31.181427+00:00,10.00038194656372,10.399602790745206,,,,
common,same,3,warmup,A,heap_gc,A,OBSERVED,COMMON_OBSERVED_SLICE,,3,2026-10-06T09:44:05.657065+00:00,2026-10-06T09:44:15.851467+00:00,9.9871985912323,,451154022,470028390,0.0,
common,same,3,warmup,A,heap_gc,B,OBSERVED,COMMON_OBSERVED_SLICE,,3,2026-10-06T12:15:21.180703+00:00,2026-10-06T12:15:31.366882+00:00,9.988892078399658,,368607504.6666667,384685670,0.0,
common,same,3,warmup,A,tick,ALL_SUPPLIED,UNMEASURED,NO_COMMON_MEASUREMENT,Fewer than two contained real samples,,,,,,,,,
common,same,3,warmup,B,cpu_rss,A,OBSERVED,COMMON_OBSERVED_SLICE,,3,2026-10-06T09:44:05.655996+00:00,2026-10-06T09:44:15.658130+00:00,9.999461650848389,7.300393016038844,,,,
common,same,3,warmup,B,cpu_rss,B,OBSERVED,COMMON_OBSERVED_SLICE,,3,2026-10-06T12:15:21.181004+00:00,2026-10-06T12:15:31.183398+00:00,9.999502658843994,8.200407840031989,,,,
common,same,3,warmup,B,heap_gc,A,OBSERVED,COMMON_OBSERVED_SLICE,,3,2026-10-06T09:44:05.659145+00:00,2026-10-06T09:44:15.866574+00:00,10.023452758789062,,303003784.3333333,304751411,0.0,
common,same,3,warmup,B,heap_gc,B,OBSERVED,COMMON_OBSERVED_SLICE,,3,2026-10-06T12:15:21.183090+00:00,2026-10-06T12:15:31.421801+00:00,10.028284549713135,,396012202.6666667,397410304,0.0,
common,same,3,warmup,B,tick,ALL_SUPPLIED,UNMEASURED,NO_COMMON_MEASUREMENT,Fewer than two contained real samples,,,,,,,,,
common,same,3,warmup,C,cpu_rss,A,OBSERVED,COMMON_OBSERVED_SLICE,,3,2026-10-06T09:44:05.656045+00:00,2026-10-06T09:44:15.657606+00:00,9.9998197555542,7.000126173386152,,,,
common,same,3,warmup,C,cpu_rss,B,OBSERVED,COMMON_OBSERVED_SLICE,,3,2026-10-06T12:15:21.181051+00:00,2026-10-06T12:15:31.182294+00:00,9.999593257904053,8.100329474498855,,,,
common,same,3,warmup,C,heap_gc,A,OBSERVED,COMMON_OBSERVED_SLICE,,3,2026-10-06T09:44:05.657957+00:00,2026-10-06T09:44:15.804306+00:00,9.96186351776123,,429367739.3333333,431115366,0.0,
common,same,3,warmup,C,heap_gc,B,OBSERVED,COMMON_OBSERVED_SLICE,,3,2026-10-06T12:15:21.181886+00:00,2026-10-06T12:15:31.442712+00:00,9.999062538146973,,447891421.6666667,449289523,0.0,
common,same,3,warmup,C,tick,ALL_SUPPLIED,UNMEASURED,NO_COMMON_MEASUREMENT,Fewer than two contained real samples,,,,,,,,,
