utc,offset_seconds,server,pid,cpu_total_seconds,cpu_process_percent,rss_bytes,rss_high_water_bytes,fd_count,threads,heap_committed_bytes,heap_used_bytes,YGC,YGCT,FGC,FGCT,CGC,CGCT,GCT,sample_duration_seconds,error
2026-10-06T11:33:41.180378+00:00,0.01698150299853296,A,152079,43.52,,1004257280,1004257280,263,58,687865856,333447168,28,0.983,0,0.0,10,0.159,1.141,0.6301840800006175,
2026-10-06T11:33:41.180724+00:00,0.017327271998510696,B,152066,37.64,,894316544,894316544,262,58,770703360,369189171,25,0.955,0,0.0,8,0.097,1.052,0.5075404590006656,
2026-10-06T11:33:41.181481+00:00,0.018086931999278022,C,152065,42.71,,821379072,830136320,262,59,498073600,267386880,28,1.0,0,0.0,10,0.108,1.108,0.5358087179993163,
2026-10-06T11:33:46.179592+00:00,5.016193763000047,A,152079,46.4,57.6090761947188,1009057792,1009057792,269,59,687865856,605028352,28,0.983,0,0.0,10,0.159,1.141,0.5137270859995624,
2026-10-06T11:33:46.180260+00:00,5.0168654909994075,B,152066,38.24,12.001108376763343,901668864,901668864,262,58,770703360,375480627,25,0.955,0,0.0,8,0.097,1.052,0.4892649329995038,
2026-10-06T11:33:46.180307+00:00,5.016912405999392,C,152065,43.68,19.40455823163185,824143872,830136320,262,57,498073600,272629760,28,1.0,0,0.0,10,0.108,1.108,0.47651207799935946,
2026-10-06T11:33:51.179523+00:00,10.016126230999362,A,152079,47.04,12.800172884256808,1010102272,1010102272,269,60,687865856,628097024,29,0.983,0,0.0,10,0.159,1.141,0.442160321999836,
2026-10-06T11:33:51.179645+00:00,10.016250437000053,B,152066,41.85,72.2088824723907,1098539008,1098539008,268,60,770703360,353987072,26,0.99,0,0.0,8,0.097,1.087,0.4753557999993063,
2026-10-06T11:33:51.179690+00:00,10.016296045998388,C,152065,44.31,12.60155341869561,830222336,830222336,262,57,498073600,281018368,28,1.0,0,0.0,10,0.108,1.108,0.46893969000120705,
2026-10-06T11:33:56.179578+00:00,15.016179673999432,A,152079,47.77,14.599843948107852,1010974720,1010974720,269,59,687865856,269484032,29,1.027,0,0.0,10,0.159,1.186,0.40870730099959474,
2026-10-06T11:33:56.179720+00:00,15.01632540799983,B,152066,42.48,12.59981107591324,1099718656,1099718656,268,61,770703360,363424256,26,0.99,0,0.0,8,0.097,1.087,0.4196820919987658,
2026-10-06T11:33:56.180134+00:00,15.016739333999794,C,152065,44.83,10.399078042695518,830558208,830558208,262,57,498073600,283115520,28,1.0,0,0.0,10,0.108,1.108,0.38683290500011935,
2026-10-06T11:34:01.180211+00:00,20.016813409998576,A,152079,48.98,24.196933106484178,1012613120,1012613120,269,59,687865856,287309824,29,1.027,0,0.0,10,0.159,1.186,0.3941241130014532,
2026-10-06T11:34:01.180390+00:00,20.016995502999634,B,152066,43.25,15.397936383964423,1100345344,1100345344,268,61,770703360,367618560,26,0.99,0,0.0,8,0.097,1.087,0.4564018909986771,
2026-10-06T11:34:01.180438+00:00,20.017043365000063,C,152065,45.36,10.599355493469446,832675840,832675840,262,57,498073600,291504128,28,1.0,0,0.0,10,0.108,1.108,0.46006241599934583,
2026-10-06T11:34:06.179517+00:00,25.016119930998684,A,152079,49.96,19.602718814767847,1013645312,1013645312,270,60,687865856,303038464,29,1.027,0,0.0,10,0.159,1.186,0.4810239830003411,
2026-10-06T11:34:06.179676+00:00,25.01628129799974,B,152066,43.78,10.60151433090834,1104080896,1104080896,268,62,770703360,370764288,26,0.99,0,0.0,8,0.097,1.087,0.5068109469993942,
2026-10-06T11:34:06.179783+00:00,25.016388693999033,C,152065,45.91,11.001440464808317,833089536,833089536,262,57,498073600,292552704,28,1.0,0,0.0,10,0.108,1.108,0.4135939560001134,
2026-10-06T11:34:11.179892+00:00,30.01649431899932,A,152079,50.72,15.198861945692798,1014202368,1014202368,270,59,687865856,320864256,29,1.027,0,0.0,10,0.159,1.186,0.35839823199967213,
2026-10-06T11:34:11.181181+00:00,30.017786808999517,B,152066,44.27,9.79705008666587,1104400384,1104400384,268,61,770703360,372861440,26,0.99,0,0.0,8,0.097,1.087,0.3559047090002423,
2026-10-06T11:34:11.181235+00:00,30.017840028998762,C,152065,46.36,8.997388355074882,833179648,833179648,262,57,498073600,295698432,28,1.0,0,0.0,10,0.108,1.108,0.4354751450009644,
2026-10-06T11:34:16.179561+00:00,35.01616279999871,A,152079,51.4,13.600901791473857,1014644736,1014644736,270,58,687865856,337641472,29,1.027,0,0.0,10,0.159,1.186,0.5309814350002853,
2026-10-06T11:34:16.179761+00:00,35.01636349099863,B,152066,44.77,10.002847446566168,1104506880,1104506880,268,59,770703360,376007168,26,0.99,0,0.0,8,0.097,1.087,0.4928924600008031,
2026-10-06T11:34:16.179884+00:00,35.01648960099919,C,152065,46.82,9.202485458805857,833474560,833474560,262,56,498073600,297795584,28,1.0,0,0.0,10,0.108,1.108,0.4416062000000238,
2026-10-06T11:34:21.179539+00:00,40.016142068998306,A,152079,52.08,13.600056388554894,1014968320,1014968320,270,57,687865856,354418688,29,1.027,0,0.0,10,0.159,1.186,0.47325780800019857,
2026-10-06T11:34:21.179795+00:00,40.01640041099927,B,152066,45.39,12.39990843907445,1104760832,1104760832,268,59,770703360,378104320,26,0.99,0,0.0,8,0.097,1.087,0.41491995499927725,
2026-10-06T11:34:21.179856+00:00,40.016461031998915,C,152065,47.33,10.200058281093535,833732608,833732608,262,55,498073600,299892736,28,1.0,0,0.0,10,0.108,1.108,0.44016129600095155,
2026-10-06T11:34:26.179605+00:00,45.01620679199914,A,152079,52.67,11.799847255695317,1015332864,1015332864,270,58,687865856,367001600,29,1.027,0,0.0,10,0.159,1.186,0.49049161199945956,
2026-10-06T11:34:26.179761+00:00,45.016352475999156,B,152066,46.03,12.800122714776762,1106554880,1106554880,268,59,770703360,381250048,26,0.99,0,0.0,8,0.097,1.087,0.4749509659995965,
2026-10-06T11:34:26.181197+00:00,45.01780179599882,C,152065,47.78,8.997587271780054,833937408,833937408,263,55,498073600,300941312,28,1.0,0,0.0,10,0.108,1.108,0.441552796999531,
2026-10-06T11:34:31.179547+00:00,50.01614962399981,A,152079,53.2,10.600121197544327,1015529472,1015529472,270,57,687865856,382730240,29,1.027,0,0.0,10,0.159,1.186,0.38739535300010175,
2026-10-06T11:34:31.179649+00:00,50.01625453699853,B,152066,46.44,8.200160623107209,1106526208,1106526208,268,58,770703360,383347200,26,0.99,0,0.0,8,0.097,1.087,0.30386928700136195,
2026-10-06T11:34:31.179720+00:00,50.01632536299985,C,152065,48.2,8.402481140085724,834203648,834203648,263,55,498073600,303038464,28,1.0,0,0.0,10,0.108,1.108,0.3874428089984576,
2026-10-06T11:34:36.179646+00:00,55.01624819299832,A,152079,53.81,12.199759496384864,1015775232,1015775232,270,57,687865856,398458880,29,1.027,0,0.0,10,0.159,1.186,0.45431471400115697,
2026-10-06T11:34:36.179766+00:00,55.0163712429985,B,152066,46.83,7.7998179428894865,1106563072,1106563072,268,57,770703360,386492928,26,0.99,0,0.0,8,0.097,1.087,0.46143108300020685,
2026-10-06T11:34:36.179843+00:00,55.01644900999963,C,152065,48.56,7.199821952723305,834269184,834269184,263,54,498073600,305135616,28,1.0,0,0.0,10,0.108,1.108,0.4787761679999676,
2026-10-06T11:34:41.179536+00:00,60.01613897599964,A,152079,54.39,11.600253388971781,1016045568,1016045568,270,57,687865856,416284672,29,1.027,0,0.0,10,0.159,1.186,0.4331618099986372,
2026-10-06T11:34:41.179660+00:00,60.016265660999125,B,152066,47.25,8.400177381504648,1106903040,1106903040,268,57,770703360,388590080,26,0.99,0,0.0,8,0.097,1.087,0.3890063229991938,
2026-10-06T11:34:41.179749+00:00,60.0163551149999,C,152065,49.31,15.000281690289071,834482176,834482176,263,53,498073600,307232768,28,1.0,0,0.0,10,0.108,1.108,0.42937663500015333,
2026-10-06T11:34:46.179514+00:00,65.01611636899906,A,152079,54.99,12.000054257046724,1023741952,1023741952,270,56,687865856,430964736,29,1.027,0,0.0,10,0.159,1.186,0.40955921999920974,
2026-10-06T11:34:46.180589+00:00,65.01719459699962,B,152066,47.68,8.598402526869208,1106948096,1106948096,268,57,770703360,390687232,26,0.99,0,0.0,8,0.097,1.087,0.43594078599926434,
2026-10-06T11:34:46.180641+00:00,65.01724652499979,C,152065,50.04,14.597397546770813,834568192,834568192,263,53,498073600,308281344,28,1.0,0,0.0,10,0.108,1.108,0.4060852669990709,
2026-10-06T11:34:51.179533+00:00,70.01613544499924,A,152079,55.54,10.999958032959679,1016774656,1023660032,270,56,687865856,448790528,29,1.027,0,0.0,10,0.159,1.186,0.40684101400074724,
2026-10-06T11:34:51.179713+00:00,70.0163182439992,B,152066,48.09,8.201437470867146,1106960384,1106960384,268,55,770703360,393832960,26,0.99,0,0.0,8,0.097,1.087,0.47754111500034924,
2026-10-06T11:34:51.179819+00:00,70.01642494399857,C,152065,50.49,9.001479088840508,834502656,834502656,263,50,498073600,310378496,28,1.0,0,0.0,10,0.108,1.108,0.45520171700081846,
2026-10-06T11:34:56.179514+00:00,75.01611649599909,A,152079,56.23,13.800052299438573,1016877056,1023660032,270,55,687865856,464519168,29,1.027,0,0.0,10,0.159,1.186,0.41500647599968943,
2026-10-06T11:34:56.179670+00:00,75.01627312099845,B,152066,48.5,8.200074002388996,1107030016,1107030016,268,54,770703360,394881536,26,0.99,0,0.0,8,0.097,1.087,0.4046520510000846,
2026-10-06T11:34:56.179763+00:00,75.01636881499871,C,152065,50.91,8.400094297778223,834519040,834519040,263,50,498073600,312475648,28,1.0,0,0.0,10,0.108,1.108,0.4609815730000264,
2026-10-06T11:35:01.179569+00:00,80.0161721939985,A,152079,56.85,12.399861870500251,1017044992,1023660032,270,55,687865856,480247808,29,1.027,0,0.0,10,0.159,1.186,0.38022214000011445,
2026-10-06T11:35:01.179695+00:00,80.01628277499913,B,152066,48.91,8.199984167469388,1107214336,1107214336,268,51,770703360,399075840,26,0.99,0,0.0,8,0.097,1.087,0.41804578300070716,
2026-10-06T11:35:01.179756+00:00,80.01636216899897,C,152065,51.3,7.800010367773398,834478080,834478080,263,48,498073600,313524224,28,1.0,0,0.0,10,0.108,1.108,0.44526185500035353,
2026-10-06T11:35:06.179546+00:00,85.01614710699869,A,152079,57.35,10.000050174251369,1017135104,1023660032,270,55,687865856,493879296,29,1.027,0,0.0,10,0.159,1.186,0.39217264900071314,
2026-10-06T11:35:06.179674+00:00,85.0162791449984,B,152066,49.35,8.800006388806002,1107922944,1107922944,268,51,770703360,401172992,26,0.99,0,0.0,8,0.097,1.087,0.40939157100001466,
2026-10-06T11:35:06.179728+00:00,85.01633279599992,C,152065,51.69,7.80004582214772,834678784,834678784,263,48,498073600,315621376,28,1.0,0,0.0,10,0.108,1.108,0.38499209099973086,
2026-10-06T11:35:11.179525+00:00,90.01612815899898,A,152079,57.97,12.400046991217298,1017438208,1023660032,270,55,687865856,508559360,29,1.027,0,0.0,10,0.159,1.186,0.3098132520008221,
2026-10-06T11:35:11.180615+00:00,90.0172200879988,B,152066,49.8,8.99830662127379,1109143552,1109143552,268,51,770703360,402221568,26,0.99,0,0.0,8,0.097,1.087,0.4045845010004996,
2026-10-06T11:35:11.180650+00:00,90.01725553599863,C,152065,52.09,7.998523888415613,834703360,834703360,263,48,498073600,317718528,28,1.0,0,0.0,10,0.108,1.108,0.41980367799988016,
2026-10-06T11:35:16.179497+00:00,95.01609942899995,A,152079,58.84,17.400099980971206,1017532416,1023660032,270,54,687865856,524288000,29,1.027,0,0.0,10,0.159,1.186,0.40289504599968495,
2026-10-06T11:35:16.179605+00:00,95.01621082599922,B,152066,50.23,8.601736281111764,1110065152,1110065152,268,50,770703360,405367296,26,0.99,0,0.0,8,0.097,1.087,0.4298607879991323,
2026-10-06T11:35:16.179636+00:00,95.01624094599902,C,152065,52.76,13.402719653065414,834752512,834752512,263,47,498073600,319815680,28,1.0,0,0.0,10,0.108,1.108,0.3489861270008987,
2026-10-06T11:35:21.182803+00:00,100.01940427099908,A,152079,59.49,12.991413086480735,1017643008,1023660032,270,54,687865856,542113792,29,1.027,0,0.0,10,0.159,1.186,0.539721469000142,
2026-10-06T11:35:21.183231+00:00,100.01983679399927,B,152066,50.7,9.393188120091736,1110126592,1110126592,268,50,770703360,408513024,26,0.99,0,0.0,8,0.097,1.087,0.4733246230007353,
2026-10-06T11:35:21.183383+00:00,100.01998878299855,C,152065,53.17,8.19385815105058,834772992,834772992,263,47,498073600,321912832,28,1.0,0,0.0,10,0.108,1.108,0.44561918700128444,
2026-10-06T11:35:26.179555+00:00,105.0161557219999,A,152079,60.06,11.4074115070469,1017888768,1023660032,270,54,687865856,556793856,29,1.027,0,0.0,10,0.159,1.186,0.4592787669989775,
2026-10-06T11:35:26.180934+00:00,105.01753966899923,B,152066,51.17,9.404320579982512,1110618112,1110618112,268,50,770703360,410610176,26,0.99,0,0.0,8,0.097,1.087,0.4425864740005636,
2026-10-06T11:35:26.181124+00:00,105.01772914799949,C,152065,53.62,9.00406918197143,834826240,834826240,263,47,498073600,322961408,28,1.0,0,0.0,10,0.108,1.108,0.5077289000000746,
2026-10-06T11:35:31.179533+00:00,110.01613568099856,A,152079,60.83,15.400061726531444,1018216448,1023660032,270,53,687865856,575668224,29,1.027,0,0.0,10,0.159,1.186,0.5031432249998034,
2026-10-06T11:35:31.180630+00:00,110.01723585299987,B,152066,51.62,9.00054690203028,1111449600,1111449600,268,49,770703360,412707328,26,0.99,0,0.0,8,0.097,1.087,0.5120673799992801,
2026-10-06T11:35:31.180669+00:00,110.01727391999884,C,152065,54.02,8.000728431121598,834924544,834924544,263,47,498073600,325058560,28,1.0,0,0.0,10,0.108,1.108,0.5215966089999711,
2026-10-06T11:35:36.179521+00:00,115.01612374199976,A,152079,61.51,13.600032474154261,1018388480,1023660032,270,53,687865856,590348288,29,1.027,0,0.0,10,0.159,1.186,0.4178613169988239,
2026-10-06T11:35:36.181024+00:00,115.01762941199922,B,152066,52.22,11.99905553274231,1111629824,1111629824,268,49,770703360,414804480,26,0.99,0,0.0,8,0.097,1.087,0.41610621200015885,
2026-10-06T11:35:36.181196+00:00,115.01780150499872,C,152065,54.36,6.799282560102206,834867200,834867200,263,46,498073600,327155712,28,1.0,0,0.0,10,0.108,1.108,0.4134840910010098,
2026-10-06T11:35:41.179571+00:00,120.016161431,A,152079,61.99,9.599927637665077,1018449920,1023660032,270,53,687865856,606076928,29,1.027,0,0.0,10,0.159,1.186,0.46910132599987264,
2026-10-06T11:35:41.179668+00:00,120.0162729779986,B,152066,52.61,7.802116611249682,1111638016,1111638016,268,49,770703360,417950208,26,0.99,0,0.0,8,0.097,1.087,0.4694836300004681,
2026-10-06T11:35:41.181341+00:00,120.01794614899882,C,152065,54.77,8.199762790702088,834834432,834834432,263,45,498073600,329252864,28,1.0,0,0.0,10,0.108,1.108,0.47844831499969587,
2026-10-06T11:35:46.179520+00:00,125.01612182699864,A,152079,62.56,11.400090297838334,1018523648,1023660032,270,53,687865856,249499648,30,1.04,0,0.0,10,0.159,1.199,0.4014002570002049,
2026-10-06T11:35:46.179662+00:00,125.01626764699904,B,152066,52.98,7.4000078898877035,1111683072,1111683072,268,49,770703360,420047360,26,0.99,0,0.0,8,0.097,1.087,0.4145612960001017,
2026-10-06T11:35:46.179924+00:00,125.016530031,C,152065,55.15,7.602153109169437,834920448,834920448,263,45,498073600,331350016,28,1.0,0,0.0,10,0.108,1.108,0.4521199599985266,
2026-10-06T11:35:51.179526+00:00,130.01612889399985,A,152079,63.04,9.599986431376799,1018654720,1023660032,270,53,687865856,264179712,30,1.04,0,0.0,10,0.159,1.199,0.41683147799994913,
2026-10-06T11:35:51.179648+00:00,130.01625308999974,B,152066,53.4,8.400024455830065,1112023040,1112023040,268,49,770703360,422144512,26,0.99,0,0.0,8,0.097,1.087,0.38729712900021696,
2026-10-06T11:35:51.179737+00:00,130.01634317599928,C,152065,55.56,8.200306453653734,835067904,835067904,263,45,498073600,332398592,28,1.0,0,0.0,10,0.108,1.108,0.39558959399982996,
2026-10-06T11:35:56.179532+00:00,135.01613523299966,A,152079,63.56,10.399986814897174,1018650624,1023660032,270,52,687865856,279908352,30,1.04,0,0.0,10,0.159,1.199,0.4028069879987015,
2026-10-06T11:35:56.180766+00:00,135.01737169899934,B,152066,53.82,8.398121157218789,1111961600,1111961600,268,48,770703360,424241664,26,0.99,0,0.0,8,0.097,1.087,0.43499135399906663,
2026-10-06T11:35:56.180806+00:00,135.01741163399856,C,152065,55.97,8.19824810324673,835076096,835076096,263,45,498073600,334495744,28,1.0,0,0.0,10,0.108,1.108,0.3807751399999688,
2026-10-06T11:36:01.179553+00:00,140.0161544529983,A,152079,64.09,10.599959253759517,1018597376,1023660032,270,51,687865856,295636992,30,1.04,0,0.0,10,0.159,1.199,0.4089860170006432,
2026-10-06T11:36:01.179689+00:00,140.01629143799983,B,152066,54.25,8.601858450441467,1112080384,1112080384,268,48,770703360,427387392,26,0.99,0,0.0,8,0.097,1.087,0.4208513719986513,
2026-10-06T11:36:01.180023+00:00,140.0166283339986,C,152065,56.38,8.201284813278868,835080192,835080192,263,45,498073600,336592896,28,1.0,0,0.0,10,0.108,1.108,0.3567757670007268,
2026-10-06T11:36:06.179530+00:00,145.0161323029988,A,152079,64.64,11.000048730214706,1018658816,1023660032,270,51,687865856,311365632,30,1.04,0,0.0,10,0.159,1.199,0.4465561489996617,
2026-10-06T11:36:06.179659+00:00,145.01626427599876,B,152066,54.71,9.200049978353471,1112121344,1112121344,268,48,770703360,428435968,26,0.99,0,0.0,8,0.097,1.087,0.45481542000015907,
2026-10-06T11:36:06.179707+00:00,145.016312112999,C,152065,56.78,8.000505985599975,835092480,835092480,263,45,498073600,337641472,28,1.0,0,0.0,10,0.108,1.108,0.491729896999459,
2026-10-06T11:36:11.179523+00:00,150.01612486399972,A,152079,65.37,14.600021721909744,1018843136,1023660032,270,51,687865856,329191424,30,1.04,0,0.0,10,0.159,1.199,0.3898554409988719,
2026-10-06T11:36:11.179702+00:00,150.01630661199852,B,152066,55.08,7.399937343250844,1112141824,1112141824,268,48,770703360,430533120,26,0.99,0,0.0,8,0.097,1.087,0.36428759500086016,
2026-10-06T11:36:11.179754+00:00,150.01635984099994,C,152065,57.15,7.399929363232833,835178496,835178496,263,45,498073600,339738624,28,1.0,0,0.0,10,0.108,1.108,0.45056968399876496,
2026-10-06T11:36:16.179513+00:00,155.01611580899953,A,152079,66.31,18.800034046862333,1019052032,1023660032,270,50,687865856,341774336,30,1.04,0,0.0,10,0.159,1.199,0.4229540359992825,
2026-10-06T11:36:16.179821+00:00,155.0164262899998,B,152066,55.47,7.799813306786624,1112117248,1112117248,268,47,770703360,432630272,26,0.99,0,0.0,8,0.097,1.087,0.300311110999246,
2026-10-06T11:36:16.179947+00:00,155.01655239399952,C,152065,57.55,7.999691927064719,835121152,835121152,263,44,498073600,340787200,28,1.0,0,0.0,10,0.108,1.108,0.41324938899924746,
2026-10-06T11:36:21.179591+00:00,160.0161927279987,A,152079,66.79,9.59985231779356,1019150336,1023660032,271,51,687865856,356454400,30,1.04,0,0.0,10,0.159,1.199,0.38525060400024813,
2026-10-06T11:36:21.179693+00:00,160.01629829099875,B,152066,55.92,9.000230404100249,1112154112,1112154112,268,47,770703360,435776000,26,0.99,0,0.0,8,0.097,1.087,0.4453876770003262,
2026-10-06T11:36:21.179818+00:00,160.01642349899885,C,152065,57.98,8.600221705116484,835153920,835153920,263,44,498073600,342884352,28,1.0,0,0.0,10,0.108,1.108,0.41569793400049093,
2026-10-06T11:36:26.179522+00:00,165.01612500099873,A,152079,67.39,12.000162547001619,1019269120,1023660032,271,51,687865856,371134464,30,1.04,0,0.0,10,0.159,1.199,0.3977535200010607,
2026-10-06T11:36:26.179637+00:00,165.0162420759989,B,152066,56.33,8.200092193636232,1112178688,1112178688,268,47,770703360,436824576,26,0.99,0,0.0,8,0.097,1.087,0.3833818750008504,
2026-10-06T11:36:26.179902+00:00,165.01650738499848,C,152065,58.4,8.399859073885002,835170304,835170304,263,44,498073600,344981504,28,1.0,0,0.0,10,0.108,1.108,0.47822669800007134,
2026-10-06T11:36:31.179569+00:00,170.01617102099954,A,152079,68.1,14.1998693044005,1019281408,1023660032,271,50,687865856,386863104,30,1.04,0,0.0,10,0.159,1.199,0.42619855900011316,
2026-10-06T11:36:31.179731+00:00,170.01633305399992,B,152066,56.78,8.999836242577874,1112190976,1112190976,268,46,770703360,439970304,26,0.99,0,0.0,8,0.097,1.087,0.4526957149992086,
2026-10-06T11:36:31.179852+00:00,170.0164570699999,C,152065,58.85,9.0000905679089,835203072,835203072,263,44,498073600,346030080,28,1.0,0,0.0,10,0.108,1.108,0.4000321739986248,
2026-10-06T11:36:36.179546+00:00,175.01614756899835,A,152079,68.6,10.000046904222375,1019367424,1023660032,271,50,687865856,402591744,30,1.04,0,0.0,10,0.159,1.199,0.44022254800074734,
2026-10-06T11:36:36.180765+00:00,175.0173708149996,B,152066,57.22,8.798173919647514,1112215552,1112215552,268,46,770703360,442067456,26,0.99,0,0.0,8,0.097,1.087,0.4927901409992046,
2026-10-06T11:36:36.180952+00:00,175.01755736499945,C,152065,59.26,8.19819591320619,835133440,835133440,263,43,498073600,348127232,28,1.0,0,0.0,10,0.108,1.108,0.4855941650002933,
2026-10-06T11:36:41.179568+00:00,180.01617093799905,A,152079,69.15,10.999948588438974,1019457536,1023660032,271,50,687865856,419368960,30,1.04,0,0.0,10,0.159,1.199,0.355998773000465,
2026-10-06T11:36:41.179672+00:00,180.01627679599915,B,152066,57.63,8.201794583822569,1112395776,1112395776,269,48,770703360,444164608,26,0.99,0,0.0,8,0.097,1.087,0.4571483920008177,
2026-10-06T11:36:41.179733+00:00,180.0163391999995,C,152065,59.68,8.402047015920589,835059712,835059712,263,42,498073600,350224384,28,1.0,0,0.0,10,0.108,1.108,0.472230748999209,
2026-10-06T11:36:46.179533+00:00,185.01613586799976,A,152079,69.68,10.60007434891999,1019518976,1023660032,271,50,687865856,434049024,30,1.04,0,0.0,10,0.159,1.199,0.40357212299932144,
2026-10-06T11:36:46.179635+00:00,185.01624056499895,B,152066,57.99,7.2000521730183245,1112354816,1112354816,269,47,770703360,446261760,26,0.99,0,0.0,8,0.097,1.087,0.4312325110004167,
2026-10-06T11:36:46.179757+00:00,185.016361942,C,152065,60.02,6.799969071020051,835063808,835063808,263,42,498073600,351272960,28,1.0,0,0.0,10,0.108,1.108,0.4216722369983472,
2026-10-06T11:36:51.182789+00:00,190.01939163099996,A,152079,70.18,9.993492711237602,1019609088,1023660032,271,50,687865856,452923392,30,1.04,0,0.0,10,0.159,1.199,0.5499008469996625,
2026-10-06T11:36:51.184475+00:00,190.02108038599908,B,152066,58.42,8.591683557897992,1112428544,1112428544,269,47,770703360,449407488,26,0.99,0,0.0,8,0.097,1.087,0.4390116569993552,
2026-10-06T11:36:51.184540+00:00,190.02114567899844,C,152065,60.41,7.792544503309385,835182592,835182592,263,42,498073600,354418688,28,1.0,0,0.0,10,0.108,1.108,0.4381258630000957,
2026-10-06T11:36:56.179832+00:00,195.01643453799988,A,152079,70.75,11.406746161845634,1019625472,1023660032,271,49,687865856,469700608,30,1.04,0,0.0,10,0.159,1.199,0.43662180399951467,
2026-10-06T11:36:56.180340+00:00,195.01694576999944,B,152066,58.89,9.407779511137557,1112440832,1112440832,269,46,770703360,451504640,26,0.99,0,0.0,8,0.097,1.087,0.34261055199931434,
2026-10-06T11:36:56.181255+00:00,195.0178603079985,C,152065,60.82,8.205391551089106,835272704,835272704,263,42,498073600,355467264,28,1.0,0,0.0,10,0.108,1.108,0.470337823000591,
2026-10-06T11:37:01.179550+00:00,200.01615220599888,A,152079,71.34,11.80066634114833,1019985920,1023660032,271,49,687865856,486477824,30,1.04,0,0.0,10,0.159,1.199,0.3998493680010142,
2026-10-06T11:37:01.179660+00:00,200.0162649799986,B,152066,59.25,7.200980471100187,1112473600,1112473600,269,46,770703360,454650368,26,0.99,0,0.0,8,0.097,1.087,0.46809135600051377,
2026-10-06T11:37:01.179700+00:00,200.01630532999843,C,152065,61.16,6.802115427968795,835280896,835280896,263,42,498073600,357564416,28,1.0,0,0.0,10,0.108,1.108,0.46331328400083294,
2026-10-06T11:37:06.179538+00:00,205.01614001399867,A,152079,71.85,10.200024871740899,1020059648,1023660032,271,49,687865856,501157888,30,1.04,0,0.0,10,0.159,1.199,0.46740970599967113,
2026-10-06T11:37:06.179679+00:00,205.01628445499955,B,152066,59.68,8.599966503128824,1112522752,1112522752,269,46,770703360,456747520,26,0.99,0,0.0,8,0.097,1.087,0.4843032509998011,
2026-10-06T11:37:06.179790+00:00,205.01639283799886,C,152065,61.54,7.599866990167277,835301376,835301376,263,42,498073600,358612992,28,1.0,0,0.0,10,0.108,1.108,0.45590203299980203,
2026-10-06T11:37:11.179511+00:00,210.0161142349989,A,152079,72.5,13.000067025745087,1020198912,1023660032,271,49,687865856,520032256,30,1.04,0,0.0,10,0.159,1.199,0.4270660910005972,
2026-10-06T11:37:11.179639+00:00,210.01624442999855,B,152066,60.1,8.40006724253999,1112592384,1112592384,269,46,770703360,458844672,26,0.99,0,0.0,8,0.097,1.087,0.4993772830002854,
2026-10-06T11:37:11.179711+00:00,210.01631551199898,C,152065,61.93,7.800120630425401,835313664,835313664,263,42,498073600,360710144,28,1.0,0,0.0,10,0.108,1.108,0.3689954210003634,
2026-10-06T11:37:16.179561+00:00,215.0161627819998,A,152079,73.04,10.79989513949628,1020260352,1023660032,271,48,687865856,535760896,30,1.04,0,0.0,10,0.159,1.199,0.4641311499999574,
2026-10-06T11:37:16.180998+00:00,215.01760355499937,B,152066,60.51,8.197771640722353,1112539136,1112539136,269,45,770703360,460941824,26,0.99,0,0.0,8,0.097,1.087,0.4414331690004474,
2026-10-06T11:37:16.181235+00:00,215.0178408009997,C,152065,62.36,8.597377302992951,835383296,835383296,263,42,498073600,363855872,28,1.0,0,0.0,10,0.108,1.108,0.4683896559999994,
2026-10-06T11:37:21.179534+00:00,220.0161363399984,A,152079,73.57,10.600056057339158,1020280832,1023660032,271,47,687865856,552538112,30,1.04,0,0.0,10,0.159,1.199,0.45250349400157575,
2026-10-06T11:37:21.179650+00:00,220.01625575899925,B,152066,60.98,9.402534539688691,1112576000,1112576000,269,45,770703360,464087552,26,0.99,0,0.0,8,0.097,1.087,0.4852044389990624,
2026-10-06T11:37:21.179711+00:00,220.0163169059997,C,152065,62.77,8.202499949732239,835334144,835334144,263,41,498073600,364904448,28,1.0,0,0.0,10,0.108,1.108,0.3678409929998452,
2026-10-06T11:37:26.179487+00:00,225.0160903849992,A,152079,74.36,15.800145219132379,1020538880,1023660032,271,47,687865856,570363904,30,1.04,0,0.0,10,0.159,1.199,0.3843248510002013,
2026-10-06T11:37:26.179589+00:00,225.01619453700005,B,152066,61.4,8.400102854218085,1112596480,1112596480,269,45,770703360,467233280,26,0.99,0,0.0,8,0.097,1.087,0.3673098699982802,
2026-10-06T11:37:26.179639+00:00,225.01624468599948,C,152065,63.19,8.400121331352771,835383296,835383296,263,41,498073600,367001600,28,1.0,0,0.0,10,0.108,1.108,0.42567577000045276,
2026-10-06T11:37:31.179573+00:00,230.01617514499958,A,152079,74.9,10.799816921502828,1020604416,1023660032,271,47,687865856,587141120,30,1.04,0,0.0,10,0.159,1.199,0.4172995360004279,
2026-10-06T11:37:31.179698+00:00,230.0163024049998,B,152066,61.79,7.799831729550586,1112621056,1112621056,269,45,770703360,469330432,26,0.99,0,0.0,8,0.097,1.087,0.3780957170001784,
2026-10-06T11:37:31.179771+00:00,230.0163764809986,C,152065,63.58,7.799794405220678,835395584,835395584,263,41,498073600,369098752,28,1.0,0,0.0,10,0.108,1.108,0.39024344100107555,
2026-10-06T11:37:36.179558+00:00,235.0161607049995,A,152079,75.46,11.20003234569337,1020645376,1023660032,271,47,687865856,602869760,30,1.04,0,0.0,10,0.159,1.199,0.367373752000276,
2026-10-06T11:37:36.179667+00:00,235.01627255399944,B,152066,62.26,9.400056120215709,1112743936,1112743936,269,45,770703360,471427584,26,0.99,0,0.0,8,0.097,1.087,0.4736093779993098,
2026-10-06T11:37:36.179814+00:00,235.01641585299876,C,152065,63.97,7.799938580163385,835399680,835399680,263,41,498073600,371195904,28,1.0,0,0.0,10,0.108,1.108,0.474584176999997,
2026-10-06T11:37:41.179553+00:00,240.0161556669991,A,152079,76.04,11.600011688172913,1020854272,1023660032,271,47,687865856,619646976,30,1.04,0,0.0,10,0.159,1.199,0.36144641999999294,
2026-10-06T11:37:41.179667+00:00,240.01627273799932,B,152066,62.71,8.999999668800298,1112764416,1112764416,269,45,770703360,473524736,26,0.99,0,0.0,8,0.097,1.087,0.4257165380004153,
2026-10-06T11:37:41.179890+00:00,240.01649592299873,C,152065,64.42,8.999855876308112,835366912,835366912,263,40,498073600,373293056,28,1.0,0,0.0,10,0.108,1.108,0.42747486699954607,
2026-10-06T11:37:46.179540+00:00,245.01614203899953,A,152079,77.15,22.200060508483038,1020919808,1023660032,271,47,687865856,255791104,31,1.053,0,0.0,12,0.178,1.231,0.5825155689999519,
2026-10-06T11:37:46.179690+00:00,245.01629548899837,B,152066,63.18,9.399957228316381,1112788992,1112788992,269,45,770703360,475621888,26,0.99,0,0.0,8,0.097,1.087,0.5866058390001854,
2026-10-06T11:37:46.179753+00:00,245.0163584339989,C,152065,64.86,8.800241987293766,835379200,835379200,263,40,498073600,374341632,28,1.0,0,0.0,10,0.108,1.108,0.5969598150004458,
2026-10-06T11:37:51.179522+00:00,250.016124451,A,152079,77.67,10.400036583167642,1021001728,1023660032,271,48,687865856,273616896,31,1.053,0,0.0,12,0.178,1.231,0.4177101569985098,
2026-10-06T11:37:51.179648+00:00,250.01625269799842,B,152066,63.59,8.200070177840574,1112805376,1112805376,269,45,770703360,477719040,26,0.99,0,0.0,8,0.097,1.087,0.49663677100033965,
2026-10-06T11:37:51.179745+00:00,250.01635042499947,C,152065,65.3,8.800014095861531,835424256,835424256,263,40,498073600,376438784,28,1.0,0,0.0,10,0.108,1.108,0.47437047899984464,
2026-10-06T11:37:56.179567+00:00,255.01616935899983,A,152079,78.23,11.1998994069839,1020919808,1023660032,271,47,687865856,292491264,31,1.053,0,0.0,12,0.178,1.231,0.35819522199926723,
2026-10-06T11:37:56.179723+00:00,255.01632783199966,B,152066,64.06,9.399858750200186,1112776704,1112776704,269,44,770703360,479816192,26,0.99,0,0.0,8,0.097,1.087,0.4427628060002462,
2026-10-06T11:37:56.179845+00:00,255.01644976999887,C,152065,65.74,8.799825156274983,835469312,835469312,263,40,498073600,378535936,28,1.0,0,0.0,10,0.108,1.108,0.4072737370006507,
2026-10-06T11:38:01.180349+00:00,260.01695072299844,A,152079,78.7,9.398531265205884,1020919808,1023660032,271,47,687865856,309268480,31,1.053,0,0.0,12,0.178,1.231,0.43432173400105967,
2026-10-06T11:38:01.181811+00:00,260.01841555199826,B,152066,64.51,8.996243672434614,1112817664,1112817664,269,44,770703360,482961920,26,0.99,0,0.0,8,0.097,1.087,0.4821257120001974,
2026-10-06T11:38:01.182249+00:00,260.0188542199994,C,152065,66.14,7.996154729151549,835551232,835551232,263,40,498073600,380633088,28,1.0,0,0.0,10,0.108,1.108,0.43316537799910293,
2026-10-06T11:38:06.179542+00:00,265.0161445629983,A,152079,79.35,13.002096353999537,1020923904,1023660032,271,47,687865856,328142848,31,1.053,0,0.0,12,0.178,1.231,0.5397982530012086,
2026-10-06T11:38:06.179662+00:00,265.0162660809983,B,152066,65.01,10.004300790884935,1112887296,1112887296,269,44,770703360,485059072,26,0.99,0,0.0,8,0.097,1.087,0.5220877670017217,
2026-10-06T11:38:06.179718+00:00,265.0163233909989,C,152065,66.57,8.604355230349425,835612672,835612672,263,40,498073600,381681664,28,1.0,0,0.0,10,0.108,1.108,0.551920660000178,
2026-10-06T11:38:11.179485+00:00,270.0160872519991,A,152079,79.86,10.200116915778546,1020923904,1023660032,271,47,687865856,341774336,31,1.053,0,0.0,12,0.178,1.231,0.36271633700016537,
2026-10-06T11:38:11.179622+00:00,270.0162275629991,B,152066,65.46,9.000069332932448,1112948736,1112948736,269,44,770703360,487156224,26,0.99,0,0.0,8,0.097,1.087,0.43522741299966583,
2026-10-06T11:38:11.179684+00:00,270.0162898459985,C,152065,66.99,8.400056355978808,835629056,835629056,263,40,498073600,383778816,28,1.0,0,0.0,10,0.108,1.108,0.3603850430008606,
2026-10-06T11:38:16.179505+00:00,275.0161076839995,A,152079,80.37,10.199958318889646,1020923904,1023660032,271,47,687865856,358551552,31,1.053,0,0.0,12,0.178,1.231,0.3851353219997691,
2026-10-06T11:38:16.179622+00:00,275.01622661799956,B,152066,65.91,9.000001700999578,1113063424,1113063424,269,44,770703360,490301952,26,0.99,0,0.0,8,0.097,1.087,0.40525985899876105,
2026-10-06T11:38:16.179674+00:00,275.0162793519994,C,152065,67.39,8.000016790433866,835645440,835645440,263,40,498073600,385875968,28,1.0,0,0.0,10,0.108,1.108,0.5058791400006157,
2026-10-06T11:38:21.179521+00:00,280.0161225059983,A,152079,80.9,10.599968577455769,1020923904,1023660032,271,47,687865856,374280192,31,1.053,0,0.0,12,0.178,1.231,0.4674276750010904,
2026-10-06T11:38:21.179696+00:00,280.0162990159988,B,152066,66.32,8.199881269000343,1113079808,1113079808,269,44,770703360,492399104,26,0.99,0,0.0,8,0.097,1.087,0.4898534109997854,
2026-10-06T11:38:21.180101+00:00,280.01670631199886,C,152065,67.77,7.599351076213631,835645440,835645440,263,40,498073600,387973120,28,1.0,0,0.0,10,0.108,1.108,0.5217236740008957,
2026-10-06T11:38:26.179548+00:00,285.0161481599989,A,152079,81.45,10.999943561488115,1020928000,1023660032,271,47,687865856,391057408,31,1.053,0,0.0,12,0.178,1.231,0.3974230610001541,
2026-10-06T11:38:26.179686+00:00,285.01629173999936,B,152066,66.74,8.4000122236969,1113137152,1113137152,269,44,770703360,494496256,26,0.99,0,0.0,8,0.097,1.087,0.3775836459990387,
2026-10-06T11:38:26.179751+00:00,285.01635693299977,C,152065,68.17,8.000559045462406,835653632,835653632,263,40,498073600,390070272,28,1.0,0,0.0,10,0.108,1.108,0.4305823729991971,
2026-10-06T11:38:31.179549+00:00,290.01615184899856,A,152079,81.96,10.199992474446102,1020932096,1023660032,271,47,687865856,405737472,31,1.053,0,0.0,12,0.178,1.231,0.45754050700088555,
2026-10-06T11:38:31.179668+00:00,290.01627295599974,B,152066,67.14,8.000030054512417,1113149440,1113149440,269,44,770703360,496593408,26,0.99,0,0.0,8,0.097,1.087,0.4424255189987889,
2026-10-06T11:38:31.179733+00:00,290.01633829399907,C,152065,68.55,7.600028331386587,835653632,835653632,263,40,498073600,391118848,28,1.0,0,0.0,10,0.108,1.108,0.4062266439996165,
2026-10-06T11:38:36.179564+00:00,295.01616583599935,A,152079,82.48,10.399970907119958,1020964864,1023660032,271,47,687865856,423563264,31,1.053,0,0.0,12,0.178,1.231,0.5546731150006963,
2026-10-06T11:38:36.179713+00:00,295.01631883699883,B,152066,67.55,8.19992475585187,1113513984,1113513984,269,46,770703360,500787712,26,0.99,0,0.0,8,0.097,1.087,0.45396361100029026,
2026-10-06T11:38:36.179823+00:00,295.01642783499847,C,152065,68.91,7.199871063269882,835665920,835665920,263,40,498073600,393216000,28,1.0,0,0.0,10,0.108,1.108,0.58299857700149,
2026-10-06T11:38:41.179553+00:00,300.0161560489996,A,152079,82.99,10.20001996551834,1021136896,1023660032,271,47,687865856,439291904,31,1.053,0,0.0,12,0.178,1.231,0.4180091500002163,
2026-10-06T11:38:41.179655+00:00,300.0162603009994,B,152066,67.98,8.600100683097848,1113538560,1113538560,269,46,770703360,502884864,26,0.99,0,0.0,8,0.097,1.087,0.3716499019992625,
2026-10-06T11:38:41.179724+00:00,300.0163295989987,C,152065,69.33,8.400165039722197,835960832,835960832,263,42,498073600,396361728,28,1.0,0,0.0,10,0.108,1.108,0.3639203410002665,
2026-10-06T11:38:46.179526+00:00,305.01612834799926,A,152079,83.58,11.800065374723113,1021149184,1023660032,271,47,687865856,458166272,31,1.053,0,0.0,12,0.178,1.231,0.3913905400004296,
2026-10-06T11:38:46.179651+00:00,305.01625624499866,B,152066,68.38,8.000006489606312,1113550848,1113550848,269,46,770703360,504982016,26,0.99,0,0.0,8,0.097,1.087,0.3991945840007247,
2026-10-06T11:38:46.179712+00:00,305.01631727699896,C,152065,69.72,7.8000192223669895,835989504,835989504,263,42,498073600,398458880,28,1.0,0,0.0,10,0.108,1.108,0.4054742990010709,
2026-10-06T11:38:51.179494+00:00,310.01609626699974,A,152079,84.06,9.600061595914365,1021079552,1023660032,271,46,687865856,473894912,31,1.053,0,0.0,12,0.178,1.231,0.39334215099916037,
2026-10-06T11:38:51.179626+00:00,310.0162284649996,B,152066,68.82,8.800048893069972,1113604096,1113604096,269,46,770703360,508127744,26,0.99,0,0.0,8,0.097,1.087,0.4904086360002111,
2026-10-06T11:38:51.181531+00:00,310.01813647999916,C,152065,70.21,9.796435658971493,836030464,836030464,263,42,498073600,400556032,28,1.0,0,0.0,10,0.108,1.108,0.5031222369998432,
2026-10-06T11:38:56.179543+00:00,315.0161456609985,A,152079,84.61,10.999891334276116,1021079552,1023660032,271,46,687865856,492769280,31,1.053,0,0.0,12,0.178,1.231,0.2969845890002034,
2026-10-06T11:38:56.180685+00:00,315.01729069999965,B,152066,69.22,7.998300784993144,1113640960,1113640960,269,46,770703360,510224896,26,0.99,0,0.0,8,0.097,1.087,0.4070117869996466,
2026-10-06T11:38:56.180729+00:00,315.0173347309992,C,152065,70.64,8.601379229439212,836075520,836075520,263,42,498073600,401604608,28,1.0,0,0.0,10,0.108,1.108,0.34283756500008167,
2026-10-06T11:39:01.179538+00:00,320.01613996800006,A,152079,85.2,11.800013435491724,1021079552,1023660032,271,46,687865856,510595072,31,1.053,0,0.0,12,0.178,1.231,0.5239347739989171,
2026-10-06T11:39:01.179653+00:00,320.01625768399936,B,152066,69.62,8.001653167150206,1113653248,1113653248,269,46,770703360,513370624,26,0.99,0,0.0,8,0.097,1.087,0.43493496799965214,
2026-10-06T11:39:01.179710+00:00,320.016315932,C,152065,71.11,9.40191573246776,836120576,836120576,263,42,498073600,403701760,28,1.0,0,0.0,10,0.108,1.108,0.5002236099990114,
2026-10-06T11:39:06.179548+00:00,325.01614975099983,A,152079,85.77,11.399977694804035,1021091840,1023660032,271,46,687865856,527372288,31,1.053,0,0.0,12,0.178,1.231,0.4779076459999487,
2026-10-06T11:39:06.179693+00:00,325.01629901399974,B,152066,70.08,9.199923953427765,1113759744,1113759744,269,46,770703360,515467776,26,0.99,0,0.0,8,0.097,1.087,0.4686732589998428,
2026-10-06T11:39:06.179730+00:00,325.0163362399999,C,152065,71.5,7.799968319648879,836165632,836165632,263,42,498073600,405798912,28,1.0,0,0.0,10,0.108,1.108,0.5109910359988135,
2026-10-06T11:39:11.179548+00:00,330.0161503199997,A,152079,86.32,10.999998748200317,1021095936,1023660032,271,46,687865856,545198080,31,1.053,0,0.0,12,0.178,1.231,0.4114885939998203,
2026-10-06T11:39:11.179655+00:00,330.0162600149997,B,152066,70.63,11.000085798469211,1113812992,1113812992,269,46,770703360,517564928,26,0.99,0,0.0,8,0.097,1.087,0.4571864049994474,
2026-10-06T11:39:11.179718+00:00,330.0163232039995,C,152065,71.92,8.400021900537775,836186112,836186112,263,42,498073600,407896064,28,1.0,0,0.0,10,0.108,1.108,0.4176851510001143,
2026-10-06T11:39:16.179558+00:00,335.01616011199985,A,152079,86.84,10.399979632679827,1021104128,1023660032,271,46,687865856,561975296,31,1.053,0,0.0,12,0.178,1.231,0.34192273099870363,
2026-10-06T11:39:16.179658+00:00,335.0162637079993,B,152066,71.09,9.199993204885917,1113853952,1113853952,269,46,770703360,519662080,26,0.99,0,0.0,8,0.097,1.087,0.3651323289996071,
2026-10-06T11:39:16.179906+00:00,335.01651103399854,C,152065,72.31,7.799706996208474,836239360,836239360,263,42,498073600,408944640,28,1.0,0,0.0,10,0.108,1.108,0.47208063600010064,
2026-10-06T11:39:21.179572+00:00,340.01617442599854,A,152079,87.51,13.399961638593366,1021104128,1023660032,271,46,687865856,578752512,31,1.053,0,0.0,12,0.178,1.231,0.4144488640013151,
2026-10-06T11:39:21.180725+00:00,340.0173306309989,B,152066,71.57,9.597951944863993,1113907200,1113907200,269,46,770703360,522807808,26,0.99,0,0.0,8,0.097,1.087,0.483050254999398,
2026-10-06T11:39:21.180927+00:00,340.01753265499974,C,152065,72.71,7.998365740316711,836247552,836247552,263,42,498073600,411041792,28,1.0,0,0.0,10,0.108,1.108,0.470730671999263,
2026-10-06T11:39:26.179952+00:00,345.01655330099857,A,152079,88.01,9.999242307414107,1021112320,1023660032,271,46,687865856,592384000,31,1.053,0,0.0,12,0.178,1.231,0.38838211800066347,
2026-10-06T11:39:26.180107+00:00,345.0167117639994,B,152066,72.18,12.201510222404421,1114411008,1114411008,269,46,770703360,532244992,26,0.99,0,0.0,8,0.097,1.087,0.4088957929998287,
2026-10-06T11:39:26.180185+00:00,345.0167684939988,C,152065,73.15,8.801345128940866,836292608,836292608,263,42,498073600,413138944,28,1.0,0,0.0,10,0.108,1.108,0.44795058499948937,
2026-10-06T11:39:31.179521+00:00,350.0161238309993,A,152079,88.41,8.000687211025998,1021112320,1023660032,271,46,687865856,595529728,31,1.053,0,0.0,12,0.178,1.231,0.4568624829989858,
2026-10-06T11:39:31.179634+00:00,350.01623907999965,B,152066,72.96,15.601474913512595,1114816512,1114816512,269,46,770703360,551119360,26,0.99,0,0.0,8,0.097,1.087,0.43938917000014044,
2026-10-06T11:39:31.179786+00:00,350.0163910929987,C,152065,73.49,6.800513304104286,836296704,836296704,263,42,498073600,415236096,28,1.0,0,0.0,10,0.108,1.108,0.41104103600082453,
2026-10-06T11:39:36.179609+00:00,355.01621050099857,A,152079,88.84,8.599850930185331,1021190144,1023660032,271,47,687865856,601821184,31,1.053,0,0.0,12,0.178,1.231,0.4719037920003757,
2026-10-06T11:39:36.180786+00:00,355.0173905119991,B,152066,73.88,18.39576370580296,1115271168,1115271168,269,46,770703360,568945152,26,0.99,0,0.0,8,0.097,1.087,0.5144403020003665,
2026-10-06T11:39:36.180856+00:00,355.01746087799984,C,152065,73.86,7.39841705688013,836317184,836317184,263,42,498073600,417333248,28,1.0,0,0.0,10,0.108,1.108,0.5227774549985043,
2026-10-06T11:39:41.179563+00:00,360.01616589199875,A,152079,89.34,10.000089218795623,1021206528,1023660032,271,47,687865856,606015488,31,1.053,0,0.0,12,0.178,1.231,0.3873735260003741,
2026-10-06T11:39:41.180911+00:00,360.0175164889988,B,152066,74.5,12.399687584912265,1115488256,1115488256,269,46,770703360,586770944,26,0.99,0,0.0,8,0.097,1.087,0.48544880600093165,
2026-10-06T11:39:41.181224+00:00,360.0178291329994,C,152065,74.23,7.399455022738866,836165632,836165632,263,40,498073600,418381824,28,1.0,0,0.0,10,0.108,1.108,0.5077161699991848,
2026-10-06T11:39:46.179478+00:00,365.0160796909986,A,152079,89.85,10.200175853071883,1021218816,1023660032,271,47,687865856,611258368,31,1.053,0,0.0,12,0.178,1.231,0.42256469600033597,
2026-10-06T11:39:46.180701+00:00,365.017306492,B,152066,75.12,12.400520814431056,1115725824,1115725824,269,46,770703360,601451008,26,0.99,0,0.0,8,0.097,1.087,0.4258907879993785,
2026-10-06T11:39:46.180864+00:00,365.0174696719987,C,152065,74.63,8.000575178951827,836177920,836177920,263,40,498073600,420478976,28,1.0,0,0.0,10,0.108,1.108,0.3940714609998395,
2026-10-06T11:39:51.179560+00:00,370.0161624069988,A,152079,90.29,8.799854422248247,1021231104,1023660032,271,47,687865856,615452672,31,1.053,0,0.0,12,0.178,1.231,0.4901449010012584,
2026-10-06T11:39:51.179684+00:00,370.0162885509999,B,152066,75.63,10.202077022497294,1115820032,1115820032,269,46,770703360,618228224,26,0.99,0,0.0,8,0.097,1.087,0.5018320439994568,
2026-10-06T11:39:51.179786+00:00,370.0163914349996,C,152065,75.12,9.802113800353952,836263936,836263936,263,40,498073600,421527552,28,1.0,0,0.0,10,0.108,1.108,0.44514493299902824,
2026-10-06T11:39:56.179573+00:00,375.0161747059992,A,152079,90.77,9.599976385977026,1021243392,1023660032,271,47,687865856,620695552,31,1.053,0,0.0,12,0.178,1.231,0.4847741199992015,
2026-10-06T11:39:56.179707+00:00,375.01631181599987,B,152066,76.22,11.799945094855586,1116041216,1116041216,269,46,770703360,632908288,26,0.99,0,0.0,8,0.097,1.087,0.48990878899894597,
2026-10-06T11:39:56.179778+00:00,375.01638275799996,C,152065,75.51,7.800013536142942,836308992,836308992,263,40,498073600,423624704,28,1.0,0,0.0,10,0.108,1.108,0.4053203189996566,
2026-10-06T11:40:01.179646+00:00,380.0162416309995,A,152079,91.23,9.199876859647873,1021247488,1023660032,271,47,687865856,623841280,31,1.053,0,0.0,12,0.178,1.231,0.47759391500039783,
2026-10-06T11:40:01.179860+00:00,380.0164651819996,B,152066,76.92,13.999570588372265,1116426240,1116426240,269,46,770703360,253231104,27,1.02,0,0.0,8,0.097,1.117,0.37051010399954976,
2026-10-06T11:40:01.179916+00:00,380.01652113599994,C,152065,75.99,9.599734321592654,836345856,836345856,263,40,498073600,424673280,28,1.0,0,0.0,10,0.108,1.108,0.48103821899894683,
2026-10-06T11:40:06.179731+00:00,385.0163338069997,A,152079,91.74,10.199811964425924,1021251584,1023660032,271,47,687865856,251596800,32,1.066,0,0.0,12,0.178,1.244,0.43941328300024907,
2026-10-06T11:40:06.179824+00:00,385.0164293049984,B,152066,77.44,10.400074624697899,1116565504,1116565504,269,46,770703360,268959744,27,1.02,0,0.0,8,0.097,1.117,0.3801858170008927,
2026-10-06T11:40:06.180067+00:00,385.0166725809995,C,152065,76.42,8.599739522490472,836395008,836395008,263,40,498073600,426770432,28,1.0,0,0.0,10,0.108,1.108,0.397893078999914,
2026-10-06T11:40:11.179843+00:00,390.01644502899944,A,152079,92.15,8.199817599977989,1021251584,1023660032,271,47,687865856,254742528,32,1.066,0,0.0,12,0.178,1.244,0.385802586999489,
2026-10-06T11:40:11.179978+00:00,390.0165808819984,B,152066,77.93,9.799702918086345,1116635136,1116635136,269,46,770703360,282591232,27,1.02,0,0.0,8,0.097,1.117,0.34288426300008723,
2026-10-06T11:40:11.180150+00:00,390.016755749999,C,152065,76.8,7.599873585223456,836415488,836415488,263,40,498073600,427819008,28,1.0,0,0.0,10,0.108,1.108,0.4195317690009688,
2026-10-06T11:40:16.179496+00:00,395.0160987759991,A,152079,92.54,7.800540192089131,1021255680,1023660032,271,47,687865856,261033984,32,1.066,0,0.0,12,0.178,1.244,0.4171655350000947,
2026-10-06T11:40:16.179630+00:00,395.0162348799986,B,152066,78.42,9.800678210851943,1116749824,1116749824,269,46,770703360,299368448,27,1.02,0,0.0,8,0.097,1.117,0.4864925050005695,
2026-10-06T11:40:16.179789+00:00,395.01639458499994,C,152065,77.21,8.200592353385835,836648960,836648960,264,42,498073600,429916160,28,1.0,0,0.0,10,0.108,1.108,0.3886486219998915,
2026-10-06T11:40:21.179565+00:00,400.0161669939989,A,152079,92.95,8.199888124006655,1021255680,1023660032,271,47,687865856,264179712,32,1.066,0,0.0,12,0.178,1.244,0.3925506609994045,
2026-10-06T11:40:21.179705+00:00,400.016310215,B,152066,79.29,17.399737838145267,1117474816,1117474816,269,46,770703360,311951360,27,1.02,0,0.0,8,0.097,1.117,0.47918938099974184,
2026-10-06T11:40:21.179862+00:00,400.01646749999964,C,152065,77.67,9.199865838357207,836657152,836657152,264,41,498073600,432013312,28,1.0,0,0.0,10,0.108,1.108,0.4589098380001815,
2026-10-06T11:40:26.179541+00:00,405.0161439659987,A,152079,93.39,8.800040529466994,1021263872,1023660032,271,47,687865856,270471168,32,1.066,0,0.0,12,0.178,1.244,0.3821885170000314,
2026-10-06T11:40:26.179666+00:00,405.01627101699887,B,152066,79.76,9.400073692819776,1117601792,1117601792,269,46,770703360,325582848,27,1.02,0,0.0,8,0.097,1.117,0.3713850799995271,
2026-10-06T11:40:26.179778+00:00,405.0163837359996,C,152065,78.04,7.400123972796997,836689920,836689920,264,41,498073600,433061888,28,1.0,0,0.0,10,0.108,1.108,0.4109727159993781,
2026-10-06T11:40:31.179548+00:00,410.0161512859995,A,152079,93.74,6.9999897520137635,1021263872,1023660032,271,47,687865856,273616896,32,1.066,0,0.0,12,0.178,1.244,0.36591709399908723,
2026-10-06T11:40:31.179687+00:00,410.0162891079999,B,152066,80.24,9.599965265403478,1117749248,1117749248,269,46,770703360,338165760,27,1.02,0,0.0,8,0.097,1.117,0.39841569399868604,
2026-10-06T11:40:31.179858+00:00,410.01646244899894,C,152065,78.41,7.399883506594734,836714496,836714496,264,41,498073600,435159040,28,1.0,0,0.0,10,0.108,1.108,0.38013112299995555,
2026-10-06T11:40:36.179550+00:00,415.01615230699826,A,152079,94.17,8.599998243882641,1021267968,1023660032,271,47,687865856,279908352,32,1.066,0,0.0,12,0.178,1.244,0.4639118570012215,
2026-10-06T11:40:36.179668+00:00,415.01627334799923,B,152066,80.75,10.200032150502825,1117806592,1117806592,269,46,770703360,351797248,27,1.02,0,0.0,8,0.097,1.117,0.366059273999781,
2026-10-06T11:40:36.179871+00:00,415.0164729529988,C,152065,78.79,7.599984033953926,836722688,836722688,264,41,498073600,437256192,28,1.0,0,0.0,10,0.108,1.108,0.41592016399954446,
2026-10-06T11:40:41.179543+00:00,420.01614548499856,A,152079,94.59,8.400011460975175,1021272064,1023660032,271,47,687865856,284102656,32,1.066,0,0.0,12,0.178,1.244,0.3720339290011907,
2026-10-06T11:40:41.179666+00:00,420.016270737,B,152066,81.23,9.600005013121196,1118040064,1118040064,269,46,770703360,365428736,27,1.02,0,0.0,8,0.097,1.117,0.404594380999697,
2026-10-06T11:40:41.179782+00:00,420.0163875379985,C,152065,79.22,8.600146916310115,836784128,836784128,264,41,498073600,438304768,28,1.0,0,0.0,10,0.108,1.108,0.4467071939998277,
2026-10-06T11:40:46.179506+00:00,425.0161083029998,A,152079,94.98,7.800058004349449,1021280256,1023660032,271,47,687865856,290394112,32,1.066,0,0.0,12,0.178,1.244,0.3975067119990854,
2026-10-06T11:40:46.179623+00:00,425.0162281569992,B,152066,81.68,9.000076644654218,1118445568,1118445568,269,46,770703360,379060224,27,1.02,0,0.0,8,0.097,1.117,0.4188456310002948,
2026-10-06T11:40:46.179757+00:00,425.01636193899867,C,152065,79.54,6.400032766887723,836812800,836812800,264,41,498073600,440401920,28,1.0,0,0.0,10,0.108,1.108,0.3911127499995928,
2026-10-06T11:40:51.179496+00:00,430.01609856899995,A,152079,95.38,8.00001557442988,1021280256,1023660032,271,47,687865856,293539840,32,1.066,0,0.0,12,0.178,1.244,0.5011940119984502,
2026-10-06T11:40:51.179636+00:00,430.0162406219988,B,152066,82.25,11.399971579871627,1120149504,1120149504,269,47,770703360,394788864,27,1.02,0,0.0,8,0.097,1.117,0.4599381240004732,
2026-10-06T11:40:51.179763+00:00,430.01636795899867,C,152065,79.93,7.799990608811318,836820992,836820992,264,41,498073600,441450496,28,1.0,0,0.0,10,0.108,1.108,0.3733162059997994,
2026-10-06T11:40:56.179520+00:00,435.0161211979994,A,152079,95.8,8.399961983453045,1021280256,1023660032,271,47,687865856,299831296,32,1.066,0,0.0,12,0.178,1.244,0.3930436760001612,
2026-10-06T11:40:56.179661+00:00,435.0162626149995,B,152066,82.82,11.399949856178829,1120690176,1120690176,269,46,770703360,409468928,27,1.02,0,0.0,8,0.097,1.117,0.42405346499981533,
2026-10-06T11:40:56.179835+00:00,435.0164404269999,C,152065,80.28,6.999898546268586,836825088,836825088,264,41,498073600,443547648,28,1.0,0,0.0,10,0.108,1.108,0.39097083900014695,
2026-10-06T11:41:01.181223+00:00,440.0178240689984,A,152079,96.22,8.397140150712602,1021280256,1023660032,271,47,687865856,304025600,32,1.066,0,0.0,12,0.178,1.244,0.5323570350010414,
2026-10-06T11:41:01.181353+00:00,440.0179581449993,B,152066,83.31,9.796677887748812,1120870400,1120870400,269,46,770703360,423100416,27,1.02,0,0.0,8,0.097,1.117,0.5206199679996644,
2026-10-06T11:41:01.181405+00:00,440.01801062899904,C,152065,80.69,8.197425677162732,836837376,836837376,264,41,498073600,444596224,28,1.0,0,0.0,10,0.108,1.108,0.48432896600024833,
2026-10-06T11:41:06.179554+00:00,445.01615546099856,A,152079,96.67,9.003004497065296,1021288448,1023660032,271,47,687865856,309268480,32,1.066,0,0.0,12,0.178,1.244,0.4890565220011922,
2026-10-06T11:41:06.179698+00:00,445.01630289199966,B,152066,83.9,11.803907690722545,1120923648,1120923648,269,46,770703360,434634752,27,1.02,0,0.0,8,0.097,1.117,0.4001305259989749,
2026-10-06T11:41:06.179822+00:00,445.01642710299893,C,152065,81.11,8.402661166485473,836841472,836841472,264,41,498073600,446693376,28,1.0,0,0.0,10,0.108,1.108,0.44936960300037754,
2026-10-06T11:41:11.179529+00:00,450.016131675,A,152079,97.0,6.600031397667435,1021288448,1023660032,271,47,687865856,313462784,32,1.066,0,0.0,12,0.178,1.244,0.3933762990000105,
2026-10-06T11:41:11.179632+00:00,450.01623671299967,B,152066,84.45,11.00014559572699,1121214464,1121214464,269,46,770703360,448266240,27,1.02,0,0.0,8,0.097,1.117,0.4518664549996174,
2026-10-06T11:41:11.179684+00:00,450.0162888569994,C,152065,81.61,10.000276499644096,836890624,836890624,264,41,498073600,447741952,28,1.0,0,0.0,10,0.108,1.108,0.37142274500001804,
2026-10-06T11:41:16.179549+00:00,455.0161508959991,A,152079,97.54,10.799958482801685,1021288448,1023660032,271,47,687865856,318705664,32,1.066,0,0.0,12,0.178,1.244,0.415918265000073,
2026-10-06T11:41:16.179671+00:00,455.0162768249993,B,152066,84.99,10.799913358775722,1121312768,1121312768,269,46,770703360,460849152,27,1.02,0,0.0,8,0.097,1.117,0.4408198010005435,
2026-10-06T11:41:16.179933+00:00,455.0165383779986,C,152065,82.08,9.399530923930339,836943872,836943872,264,41,498073600,449839104,28,1.0,0,0.0,10,0.108,1.108,0.4745042510003259,
2026-10-06T11:41:21.179525+00:00,460.0161256529991,A,152079,97.95,8.200041398728908,1021288448,1023660032,271,47,687865856,321851392,32,1.066,0,0.0,12,0.178,1.244,0.3851579180009139,
2026-10-06T11:41:21.179681+00:00,460.01628702999915,B,152066,85.46,9.399980814639411,1121349632,1121349632,269,46,770703360,475529216,27,1.02,0,0.0,8,0.097,1.117,0.42699717200048326,
2026-10-06T11:41:21.179843+00:00,460.01644853299877,C,152065,82.47,7.8001401607182785,836947968,836947968,264,41,498073600,451936256,28,1.0,0,0.0,10,0.108,1.108,0.3861146090002876,
2026-10-06T11:41:26.179547+00:00,465.01614897699983,A,152079,98.36,8.199961748817183,1021288448,1023660032,271,47,687865856,328142848,32,1.066,0,0.0,12,0.178,1.244,0.32520043600015924,
2026-10-06T11:41:26.179657+00:00,465.01626169099836,B,152066,85.92,9.200046623997887,1121374208,1121374208,269,46,770703360,489160704,27,1.02,0,0.0,8,0.097,1.117,0.40899341400108824,
2026-10-06T11:41:26.179733+00:00,465.01633878199937,C,152065,82.85,7.6001668251808425,836947968,836947968,264,41,498073600,452984832,28,1.0,0,0.0,10,0.108,1.108,0.4247326429995155,
2026-10-06T11:41:31.179561+00:00,470.0161633909993,A,152079,98.77,8.199976361108977,1021288448,1023660032,271,47,687865856,331288576,32,1.066,0,0.0,12,0.178,1.244,0.44235254200066265,
2026-10-06T11:41:31.179700+00:00,470.0163054689983,B,152066,86.4,9.599915946976086,1121390592,1121390592,269,46,770703360,503840768,27,1.02,0,0.0,8,0.097,1.117,0.4027382440017391,
2026-10-06T11:41:31.179815+00:00,470.0164201259995,C,152065,83.27,8.399863344303029,836972544,836972544,264,41,498073600,455081984,28,1.0,0,0.0,10,0.108,1.108,0.46084006799901545,
2026-10-06T11:41:36.179632+00:00,475.0162328639999,A,152079,99.22,8.999874950336453,1021288448,1023660032,271,47,687865856,336531456,32,1.066,0,0.0,12,0.178,1.244,0.47147261899954174,
2026-10-06T11:41:36.179852+00:00,475.01645751199976,B,152066,86.92,10.399683760173344,1121456128,1121456128,269,46,770703360,519569408,27,1.02,0,0.0,8,0.097,1.117,0.35591914499855193,
2026-10-06T11:41:36.179937+00:00,475.01653896899916,C,152065,83.72,8.999786087685074,837021696,837021696,264,41,498073600,228589568,29,1.012,0,0.0,10,0.108,1.12,0.4125674299993989,
2026-10-06T11:41:41.179508+00:00,480.0161103479986,A,152079,99.63,8.200200931165494,1021288448,1023660032,271,47,687865856,340725760,32,1.066,0,0.0,12,0.178,1.244,0.4203355740010011,
2026-10-06T11:41:41.179663+00:00,480.01626592699904,B,152066,87.43,10.20039084837771,1121505280,1121505280,269,46,770703360,532152320,27,1.02,0,0.0,8,0.097,1.117,0.39242702800038387,
2026-10-06T11:41:41.179759+00:00,480.0163652659994,C,152065,84.09,7.400257089371154,837025792,837025792,264,41,498073600,231735296,29,1.012,0,0.0,10,0.108,1.12,0.4213570219999383,
2026-10-06T11:41:46.179529+00:00,485.0161307639992,A,152079,99.98,6.999971417716104,1021288448,1023660032,271,47,687865856,347017216,32,1.066,0,0.0,12,0.178,1.244,0.45752356000048167,
2026-10-06T11:41:46.179647+00:00,485.01625194699955,B,152066,87.94,10.200028519278526,1121615872,1121615872,269,46,770703360,544735232,27,1.02,0,0.0,8,0.097,1.117,0.3916111529997579,
2026-10-06T11:41:46.179758+00:00,485.01636389399937,C,152065,84.49,8.0000021952005,837095424,837095424,264,41,498073600,231735296,29,1.012,0,0.0,10,0.108,1.12,0.40566248600043764,
2026-10-06T11:41:51.179567+00:00,490.0161694879989,A,152079,100.37,7.799939591028256,1021288448,1023660032,271,47,687865856,349114368,32,1.066,0,0.0,12,0.178,1.244,0.365886641000543,
2026-10-06T11:41:51.180768+00:00,490.01737376599885,B,152066,88.48,10.797577414502106,1121714176,1121714176,269,46,770703360,556269568,27,1.02,0,0.0,8,0.097,1.117,0.39985611900010554,
2026-10-06T11:41:51.180922+00:00,490.017527005999,C,152065,84.88,7.798185967265235,837099520,837099520,264,41,498073600,234881024,29,1.012,0,0.0,10,0.108,1.12,0.38305684300030407,
2026-10-06T11:41:56.179587+00:00,495.01618946599956,A,152079,100.83,9.199963240625578,1021296640,1023660032,271,47,687865856,355405824,32,1.066,0,0.0,12,0.178,1.244,0.46628278699972725,
2026-10-06T11:41:56.179690+00:00,495.0162955449996,B,152066,89.02,10.802329459692716,1121755136,1121755136,269,46,770703360,570949632,27,1.02,0,0.0,8,0.097,1.117,0.4660523059992556,
2026-10-06T11:41:56.179743+00:00,495.016348354,C,152065,85.3,8.40198060224651,837111808,837111808,264,41,498073600,235929600,29,1.012,0,0.0,10,0.108,1.12,0.4743100269988645,
2026-10-06T11:42:01.179602+00:00,500.0162041979984,A,152079,101.28,8.999973482480318,1021296640,1023660032,271,47,687865856,359600128,32,1.066,0,0.0,12,0.178,1.244,0.4653130560000136,
2026-10-06T11:42:01.179723+00:00,500.01632792799865,B,152066,89.57,10.999928757863435,1121828864,1121828864,269,46,770703360,584581120,27,1.02,0,0.0,8,0.097,1.117,0.46121901700098533,
2026-10-06T11:42:01.180057+00:00,500.0166629409996,C,152065,85.78,9.599396030961021,837169152,837169152,264,41,498073600,238026752,29,1.012,0,0.0,10,0.108,1.12,0.4009405130000232,
2026-10-06T11:42:06.179464+00:00,505.0160671649992,A,152079,101.85,11.400312443801042,1021317120,1023660032,271,47,687865856,365891584,32,1.066,0,0.0,12,0.178,1.244,0.45828628900017065,
2026-10-06T11:42:06.180571+00:00,505.01717690999976,B,152066,90.23,13.197759068019451,1122017280,1122017280,269,46,770703360,600309760,27,1.02,0,0.0,8,0.097,1.117,0.5361494970002241,
2026-10-06T11:42:06.180623+00:00,505.0172277919992,C,152065,86.21,8.599028566023664,837214208,837214208,264,41,498073600,239075328,29,1.012,0,0.0,10,0.108,1.12,0.5997527109993825,
2026-10-06T11:42:11.179620+00:00,510.0162208639995,A,152079,102.34,9.799698759219687,1021321216,1023660032,271,47,687865856,369037312,32,1.066,0,0.0,12,0.178,1.244,0.42031891099941276,
2026-10-06T11:42:11.179766+00:00,510.0163716799998,B,152066,90.9,13.40215836399584,1122136064,1122136064,269,46,770703360,612892672,27,1.02,0,0.0,8,0.097,1.117,0.30419283299852395,
2026-10-06T11:42:11.179845+00:00,510.016447684,C,152065,86.67,9.20143562270677,837373952,837373952,264,41,498073600,241172480,29,1.012,0,0.0,10,0.108,1.12,0.4235705009996309,
2026-10-06T11:42:16.179551+00:00,515.0161530719997,A,152079,102.78,8.80011931553725,1021325312,1023660032,271,47,687865856,375328768,32,1.066,0,0.0,12,0.178,1.244,0.3852052370002639,
2026-10-06T11:42:16.179720+00:00,515.0163069579994,B,152066,91.43,10.600137212416978,1122246656,1122246656,269,46,770703360,628621312,27,1.02,0,0.0,8,0.097,1.117,0.4135774850001326,
2026-10-06T11:42:16.180005+00:00,515.0166100529987,C,152065,87.1,8.599720734391,837402624,837402624,264,41,498073600,242221056,29,1.012,0,0.0,10,0.108,1.12,0.3345744790003664,
2026-10-06T11:42:21.179532+00:00,520.0161333349988,A,152079,103.22,8.800034737258681,1021325312,1023660032,271,47,687865856,380571648,32,1.066,0,0.0,12,0.178,1.244,0.3530323659997521,
2026-10-06T11:42:21.179646+00:00,520.0162513569994,B,152066,91.92,9.800108979171739,1122316288,1122316288,269,46,770703360,643301376,27,1.02,0,0.0,8,0.097,1.117,0.4898330989999522,
2026-10-06T11:42:21.179798+00:00,520.016403440999,C,152065,87.49,7.800322328038758,837439488,837439488,264,41,498073600,245366784,29,1.012,0,0.0,10,0.108,1.12,0.4851745270007086,
2026-10-06T11:42:26.179533+00:00,525.0161359549984,A,152079,103.66,8.799995388803115,1021325312,1023660032,271,47,687865856,391057408,32,1.066,0,0.0,12,0.178,1.244,0.34333852600138925,
2026-10-06T11:42:26.179642+00:00,525.0162472119991,B,152066,92.4,9.600007958407206,1122406400,1122406400,269,46,770703360,653787136,27,1.02,0,0.0,8,0.097,1.117,0.4536181839994242,
2026-10-06T11:42:26.179729+00:00,525.0163343079985,C,152065,87.86,7.400102318255662,837484544,837484544,264,41,498073600,246415360,29,1.012,0,0.0,10,0.108,1.12,0.3727394510005979,
2026-10-06T11:42:31.179529+00:00,530.0161181049989,A,152079,104.1,8.80003141611122,1021325312,1023660032,271,47,687865856,400494592,32,1.066,0,0.0,12,0.178,1.244,0.46128578100069717,
2026-10-06T11:42:31.179641+00:00,530.0162463119996,B,152066,92.95,11.000001979999368,1122476032,1122476032,269,46,770703360,663224320,27,1.02,0,0.0,8,0.097,1.117,0.4561211939999339,
2026-10-06T11:42:31.179752+00:00,530.016356447999,C,152065,88.29,8.59996191936788,837500928,837500928,264,41,498073600,248512512,29,1.012,0,0.0,10,0.108,1.12,0.4991652080007043,
2026-10-06T11:42:36.179581+00:00,535.0161823499984,A,152079,104.59,9.799874081419048,1021255680,1023660032,271,46,687865856,409931776,32,1.066,0,0.0,12,0.178,1.244,0.4544719210007315,
2026-10-06T11:42:36.179734+00:00,535.0163393109997,B,152066,93.51,11.19979168611438,1122525184,1122525184,269,46,770703360,245366784,28,1.025,0,0.0,8,0.097,1.122,0.49591374899864604,
2026-10-06T11:42:36.179865+00:00,535.0164668519992,C,152065,88.68,7.799827773562558,837513216,837513216,264,41,498073600,249561088,29,1.012,0,0.0,10,0.108,1.12,0.5210685940000985,
2026-10-06T11:42:41.179809+00:00,540.0164111839986,A,152079,105.03,8.79959727059132,1021255680,1023660032,271,46,687865856,419368960,32,1.066,0,0.0,12,0.178,1.244,0.4154873810002755,
2026-10-06T11:42:41.179918+00:00,540.0165230129987,B,152066,94.04,10.599610566069998,1122566144,1122566144,269,46,770703360,256901120,28,1.025,0,0.0,8,0.097,1.122,0.3850677780010301,
2026-10-06T11:42:41.180093+00:00,540.0166979349997,C,152065,89.17,9.799547098250553,837558272,837558272,264,41,498073600,252706816,29,1.012,0,0.0,10,0.108,1.12,0.45280623599865066,
2026-10-06T11:42:46.179532+00:00,545.0161348989986,A,152079,105.48,9.000497340481468,1021255680,1023660032,271,46,687865856,429854720,32,1.066,0,0.0,12,0.178,1.244,0.4080638760005968,
2026-10-06T11:42:46.179662+00:00,545.0162672179995,B,152066,94.58,10.800552545465889,1126481920,1126481920,269,46,770703360,267386880,28,1.025,0,0.0,8,0.097,1.122,0.38722195999980613,
2026-10-06T11:42:46.179735+00:00,545.0163397809993,C,152065,89.55,7.6005444330787295,837558272,837558272,264,41,498073600,253755392,29,1.012,0,0.0,10,0.108,1.12,0.31552433999968343,
2026-10-06T11:42:51.179671+00:00,550.0162733789984,A,152079,105.95,9.399739664810587,1021255680,1023660032,271,46,687865856,437194752,32,1.066,0,0.0,12,0.178,1.244,0.4177967510004237,
2026-10-06T11:42:51.181561+00:00,550.0181668409987,B,152066,95.05,9.396430065067602,1126498304,1126498304,269,46,770703360,279969792,28,1.025,0,0.0,8,0.097,1.122,0.5108234039998933,
2026-10-06T11:42:51.182697+00:00,550.0193024849996,C,152065,90.27,14.391472465391262,843161600,843161600,264,41,498073600,255852544,29,1.012,0,0.0,10,0.108,1.12,0.47700492599869904,
2026-10-06T11:42:56.179585+00:00,555.0161878769995,A,152079,106.36,8.20014022567606,1021259776,1023660032,271,46,687865856,447680512,32,1.066,0,0.0,12,0.178,1.244,0.4756684980002319,
2026-10-06T11:42:56.179697+00:00,555.016302648999,B,152066,95.49,8.803282201650115,1126678528,1126678528,269,46,770703360,291504128,28,1.025,0,0.0,8,0.097,1.122,0.44997811400025967,
2026-10-06T11:42:56.179856+00:00,555.0164601459983,C,152065,90.64,7.404209054433916,833384448,842334208,264,41,498073600,257949696,29,1.012,0,0.0,10,0.108,1.12,0.48037575600028504,
2026-10-06T11:43:01.179496+00:00,560.0160990479999,A,152079,106.79,8.600152788593949,1021259776,1023660032,271,46,687865856,455020544,32,1.066,0,0.0,12,0.178,1.244,0.39984538199860253,
2026-10-06T11:43:01.180619+00:00,560.0172240659995,B,152066,95.94,8.998341754986319,1126699008,1126699008,269,46,770703360,301989888,28,1.025,0,0.0,8,0.097,1.122,0.3856537739993655,
2026-10-06T11:43:01.180660+00:00,560.017264827,C,152065,91.01,7.398809263750169,833400832,842334208,264,41,498073600,258998272,29,1.012,0,0.0,10,0.108,1.12,0.3985069789996487,
2026-10-06T11:43:06.179672+00:00,565.0162734279984,A,152079,107.23,8.799693101905975,1021267968,1023660032,271,46,687865856,465506304,32,1.066,0,0.0,12,0.178,1.244,0.4172975930014218,
2026-10-06T11:43:06.179840+00:00,565.016441804999,B,152066,96.43,9.801533471476139,1126748160,1126748160,269,46,770703360,313524224,28,1.025,0,0.0,8,0.097,1.122,0.2939436199994816,
2026-10-06T11:43:06.180000+00:00,565.0166045439983,C,152065,91.4,7.801030177524416,833482752,842334208,264,41,498073600,261095424,29,1.012,0,0.0,10,0.108,1.12,0.4060932390002563,
2026-10-06T11:43:11.179520+00:00,570.016121925999,A,152079,107.68,9.000272711862301,1021276160,1023660032,271,46,687865856,473894912,32,1.066,0,0.0,12,0.178,1.244,0.46407660499971826,
2026-10-06T11:43:11.179645+00:00,570.0162506389988,B,152066,96.91,9.600367052753684,1126776832,1126776832,269,46,770703360,324009984,28,1.025,0,0.0,8,0.097,1.122,0.4903181459994812,
2026-10-06T11:43:11.179700+00:00,570.0163053309989,C,152065,91.89,9.800586492575922,833544192,842334208,264,41,498073600,263192576,29,1.012,0,0.0,10,0.108,1.12,0.444941228000971,
2026-10-06T11:43:16.179532+00:00,575.0161341979983,A,152079,108.18,9.999975456061506,1021288448,1023660032,271,46,687865856,484380672,32,1.066,0,0.0,12,0.178,1.244,0.4970061390013143,
2026-10-06T11:43:16.179661+00:00,575.0162659799989,B,152066,97.39,9.599970545370246,1126780928,1126780928,269,46,770703360,333447168,28,1.025,0,0.0,8,0.097,1.122,0.46377563399983046,
2026-10-06T11:43:16.179747+00:00,575.0163517839992,C,152065,92.26,7.39993125019834,833581056,842334208,264,41,,,,,,,,,,0.4427304359996924,
2026-10-06T11:43:21.179543+00:00,580.0161460399995,A,152079,108.6,8.399980105484877,1021288448,1023660032,271,46,687865856,491720704,32,1.066,0,0.0,12,0.178,1.244,0.4123932139991666,
2026-10-06T11:43:21.179651+00:00,580.0162563039994,B,152066,97.86,9.400018190914308,1126825984,1126825984,269,46,770703360,344981504,28,1.025,0,0.0,8,0.097,1.122,0.466135103999477,
2026-10-06T11:43:21.179793+00:00,580.0163981699989,C,152065,92.67,8.199923927666216,833613824,842334208,264,41,498073600,266338304,29,1.012,0,0.0,10,0.108,1.12,0.4141991100004816,
2026-10-06T11:43:26.179497+00:00,585.0161004599995,A,152079,109.04,8.800080221531548,1021288448,1023660032,271,46,687865856,503255040,32,1.066,0,0.0,12,0.178,1.244,0.405636974999652,
2026-10-06T11:43:26.179754+00:00,585.016359543999,B,152066,98.34,9.599801783293646,1126846464,1126846464,269,46,770703360,356515840,28,1.025,0,0.0,8,0.097,1.122,0.40960839800027316,
2026-10-06T11:43:26.179802+00:00,585.0164076909987,C,152065,93.06,7.799985147268589,833622016,842334208,264,41,498073600,268435456,29,1.012,0,0.0,10,0.108,1.12,0.3951266679996479,
2026-10-06T11:43:31.179527+00:00,590.0161291239983,A,152079,109.46,8.399951844757798,1021288448,1023660032,271,46,687865856,510595072,32,1.066,0,0.0,12,0.178,1.244,0.4019549350014131,
2026-10-06T11:43:31.179676+00:00,590.0162808919995,B,152066,98.89,11.00017303712079,1127124992,1127124992,269,46,770703360,365953024,28,1.025,0,0.0,8,0.097,1.122,0.4544049750002159,
2026-10-06T11:43:31.179947+00:00,590.016552138999,C,152065,93.43,7.399786223135493,833622016,842334208,264,41,498073600,270532608,29,1.012,0,0.0,10,0.108,1.12,0.4428933710005367,
2026-10-06T11:43:36.179517+00:00,595.0161194659995,A,152079,109.89,8.600016611790188,1021288448,1023660032,271,46,687865856,520032256,32,1.066,0,0.0,12,0.178,1.244,0.47004611900047166,
2026-10-06T11:43:36.179641+00:00,595.01624567,B,152066,99.36,9.400066217825495,1127157760,1127157760,269,46,770703360,376438784,28,1.025,0,0.0,8,0.097,1.122,0.4742797779999819,
2026-10-06T11:43:36.179784+00:00,595.016389340999,C,152065,93.82,7.8002539731490215,833642496,842334208,264,41,498073600,271581184,29,1.012,0,0.0,10,0.108,1.12,0.481703462999576,
2026-10-06T11:43:41.179532+00:00,600.0161355089986,A,152079,110.33,8.799971764412224,1021288448,1023660032,271,46,687865856,529469440,32,1.066,0,0.0,12,0.178,1.244,0.37699793400133785,
2026-10-06T11:43:41.179635+00:00,600.0162402419992,B,152066,99.8,8.800009553291742,1127452672,1127452672,269,46,770703360,385875968,28,1.025,0,0.0,8,0.097,1.122,0.3441801150001993,
2026-10-06T11:43:41.179713+00:00,600.0163177529994,C,152065,94.2,7.600108815317602,833794048,842334208,264,43,498073600,274726912,29,1.012,0,0.0,10,0.108,1.12,0.3564177650005149,
2026-10-06T11:43:46.179573+00:00,605.016175409999,A,152079,110.78,8.99992817877232,1021292544,1023660032,271,46,687865856,539955200,32,1.066,0,0.0,12,0.178,1.244,0.4086342259997764,
2026-10-06T11:43:46.179682+00:00,605.0162871779994,B,152066,100.33,10.599900496613621,1127555072,1127555072,269,46,770703360,400556032,28,1.025,0,0.0,8,0.097,1.122,0.41961791799985804,
2026-10-06T11:43:46.179719+00:00,605.0163242939998,C,152065,94.6,7.999989534412877,833843200,842334208,264,43,498073600,275775488,29,1.012,0,0.0,10,0.108,1.12,0.41360275599981833,
2026-10-06T11:43:51.179579+00:00,610.0161811189992,A,152079,111.17,7.799991093970014,1021292544,1023660032,271,46,687865856,548343808,32,1.066,0,0.0,12,0.178,1.244,0.49741124600041076,
2026-10-06T11:43:51.179695+00:00,610.0163003829985,B,152066,100.76,8.599977287461755,1127800832,1127800832,269,46,770703360,409993216,28,1.025,0,0.0,8,0.097,1.122,0.3806843740003387,
2026-10-06T11:43:51.179946+00:00,610.0165516549987,C,152065,94.96,7.1996726150484776,833851392,842334208,264,43,498073600,277872640,29,1.012,0,0.0,10,0.108,1.12,0.50879782300035,
2026-10-06T11:43:56.179539+00:00,615.016141053,A,152079,111.63,9.200073722029154,1021296640,1023660032,271,46,687865856,558829568,32,1.066,0,0.0,12,0.178,1.244,0.42908556799920916,
2026-10-06T11:43:56.179655+00:00,615.0162598809984,B,152066,101.25,9.800079384563038,1128341504,1128341504,269,46,770703360,422576128,28,1.025,0,0.0,8,0.097,1.122,0.3575604490015394,
2026-10-06T11:43:56.179887+00:00,615.0164922399999,C,152065,95.35,7.800092688499493,833884160,842334208,264,43,498073600,279969792,29,1.012,0,0.0,10,0.108,1.12,0.3145799559988518,
2026-10-06T11:44:01.179539+00:00,620.0161419919987,A,152079,112.05,8.399998422482497,1021300736,1023660032,271,46,687865856,566169600,32,1.066,0,0.0,12,0.178,1.244,0.3680239220011572,
2026-10-06T11:44:01.183362+00:00,620.0199668679998,B,152066,101.69,8.793480536390948,1128402944,1128402944,269,46,770703360,432013312,28,1.025,0,0.0,8,0.097,1.122,0.4214297729995451,
2026-10-06T11:44:01.183447+00:00,620.0200524059983,C,152065,95.7,6.995019314016256,833884160,842334208,264,43,498073600,281018368,29,1.012,0,0.0,10,0.108,1.12,0.4346960310012946,
2026-10-06T11:44:06.179554+00:00,625.0161567669984,A,152079,112.5,8.999973405079137,1021304832,1023660032,271,46,687865856,577703936,32,1.066,0,0.0,12,0.178,1.244,0.4842722250014049,
2026-10-06T11:44:06.179680+00:00,625.0162848749987,B,152066,102.12,8.606337695031623,1128456192,1128456192,269,46,770703360,443547648,28,1.025,0,0.0,8,0.097,1.122,0.37575683500108426,
2026-10-06T11:44:06.179798+00:00,625.0164029819989,C,152065,96.05,7.005112925445579,833912832,842334208,264,43,498073600,283115520,29,1.012,0,0.0,10,0.108,1.12,0.48126397099986207,
2026-10-06T11:44:11.179759+00:00,630.0163618349998,A,152079,112.94,8.799639095119538,1021304832,1023660032,271,46,687865856,585043968,32,1.066,0,0.0,12,0.178,1.244,0.5163946569991822,
2026-10-06T11:44:11.179947+00:00,630.0165519359998,B,152066,102.55,8.599540679611327,1128480768,1128480768,269,46,770703360,452984832,28,1.025,0,0.0,8,0.097,1.122,0.4168492069984495,
2026-10-06T11:44:11.180032+00:00,630.016636798,C,152065,96.41,7.199663320702567,833937408,842334208,264,43,498073600,285212672,29,1.012,0,0.0,10,0.108,1.12,0.47306979699897056,
2026-10-06T11:44:16.179540+00:00,635.0161427499988,A,152079,113.38,8.800385606497722,1021304832,1023660032,271,46,687865856,594481152,32,1.066,0,0.0,12,0.178,1.244,0.4447010120002233,
2026-10-06T11:44:16.179705+00:00,635.0163098559988,B,152066,103.19,12.800619754808734,1128595456,1128595456,269,46,770703360,463470592,28,1.025,0,0.0,8,0.097,1.122,0.40099119000115024,
2026-10-06T11:44:16.179834+00:00,635.0164397659992,C,152065,96.8,7.800307382034187,833970176,842334208,264,43,498073600,286261248,29,1.012,0,0.0,10,0.108,1.12,0.37496589600050356,
2026-10-06T11:44:21.181268+00:00,640.017870103,A,152079,114.0,12.395717643985428,1021304832,1023660032,271,46,687865856,603918336,32,1.066,0,0.0,12,0.178,1.244,0.4406521860000794,
2026-10-06T11:44:21.181418+00:00,640.0180235129992,B,152066,103.65,9.196847951425378,1128624128,1128624128,269,46,770703360,473956352,28,1.025,0,0.0,8,0.097,1.122,0.3802352080001583,
2026-10-06T11:44:21.181556+00:00,640.0181609289994,C,152065,97.16,7.197522378157932,833986560,842334208,264,43,498073600,289406976,29,1.012,0,0.0,10,0.108,1.12,0.40978333900056896,
2026-10-06T11:44:26.179530+00:00,645.0161325289992,A,152079,114.49,9.80340682896495,1021308928,1023660032,271,46,687865856,613355520,32,1.066,0,0.0,12,0.178,1.244,0.4083910190001916,
2026-10-06T11:44:26.179714+00:00,645.0163143469999,B,152066,104.11,9.203145940825557,1128628224,1128628224,269,46,770703360,485490688,28,1.025,0,0.0,8,0.097,1.122,0.3533386619983503,
2026-10-06T11:44:26.179895+00:00,645.0164999199988,C,152065,97.55,7.802592035119679,833986560,842334208,264,43,498073600,289406976,29,1.012,0,0.0,10,0.108,1.12,0.3847321920002287,
2026-10-06T11:44:31.179544+00:00,650.0161466089994,A,152079,114.9,8.199976908864821,1021308928,1023660032,271,46,687865856,621744128,32,1.066,0,0.0,12,0.178,1.244,0.4128311219992611,
2026-10-06T11:44:31.179660+00:00,650.0162652419986,B,152066,104.57,9.200090354089783,1128644608,1128644608,269,46,770703360,495976448,28,1.025,0,0.0,8,0.097,1.122,0.3906938630007062,
2026-10-06T11:44:31.179726+00:00,650.0163316969993,C,152065,97.89,6.800228790976957,833986560,842334208,264,43,498073600,291504128,29,1.012,0,0.0,10,0.108,1.12,0.3729392850000295,
2026-10-06T11:44:36.179553+00:00,655.0161553189992,A,152079,115.36,9.199983973628258,1021308928,1023660032,271,46,687865856,248552857,33,1.074,0,0.0,12,0.178,1.252,0.32603925699913816,
2026-10-06T11:44:36.179672+00:00,655.0162767319998,B,152066,104.99,8.39998069684226,1128644608,1128644608,269,46,770703360,505413632,28,1.025,0,0.0,8,0.097,1.122,0.4207615969990002,
2026-10-06T11:44:36.179772+00:00,655.0163582939986,C,152065,98.27,7.599959572776013,834023424,842334208,264,43,498073600,293601280,29,1.012,0,0.0,10,0.108,1.12,0.4613028640014818,
2026-10-06T11:44:41.179546+00:00,660.0161483849988,A,152079,115.79,8.60001192649726,1021308928,1023660032,271,46,687865856,256941465,33,1.074,0,0.0,12,0.178,1.252,0.4654999680005858,
2026-10-06T11:44:41.179732+00:00,660.016337613999,B,152066,105.43,8.79989284898643,1128648704,1128648704,269,46,770703360,515899392,28,1.025,0,0.0,8,0.097,1.122,0.4365016869996907,
2026-10-06T11:44:41.179815+00:00,660.0164203739987,C,152065,98.7,8.599893223725639,833896448,842334208,264,41,498073600,295698432,29,1.012,0,0.0,10,0.108,1.12,0.4582186110001203,
2026-10-06T11:44:46.179540+00:00,665.01614152,A,152079,116.24,9.000012357014569,1021308928,1023660032,271,46,687865856,267427225,33,1.074,0,0.0,12,0.178,1.252,0.4232176289988274,
2026-10-06T11:44:46.179663+00:00,665.0162684049992,B,152066,105.9,9.400130114720577,1128660992,1128660992,269,46,770703360,526385152,28,1.025,0,0.0,8,0.097,1.122,0.3843857690008008,
2026-10-06T11:44:46.179726+00:00,665.0163312039986,C,152065,99.09,7.800139107681073,833896448,842334208,264,41,498073600,297795584,29,1.012,0,0.0,10,0.108,1.12,0.3835321530004876,
2026-10-06T11:44:51.179525+00:00,670.0161273629983,A,152079,116.6,7.20002038614018,1021308928,1023660032,271,46,687865856,275815833,33,1.074,0,0.0,12,0.178,1.252,0.4146709290016588,
2026-10-06T11:44:51.179656+00:00,670.0162607379989,B,152066,106.3,8.00001226721915,1128685568,1128685568,269,46,770703360,535822336,28,1.025,0,0.0,8,0.097,1.122,0.4547913780006638,
2026-10-06T11:44:51.179905+00:00,670.0165101669991,C,152065,99.44,6.999749460766626,833912832,842334208,264,41,498073600,298844160,29,1.012,0,0.0,10,0.108,1.12,0.4393816629999492,
2026-10-06T11:44:56.179537+00:00,675.0161400739998,A,152079,117.0,7.999979662449343,1021313024,1023660032,271,46,687865856,289447321,33,1.074,0,0.0,12,0.178,1.252,0.40432482399955916,
2026-10-06T11:44:56.179657+00:00,675.0162621169984,B,152066,106.7,7.9999977936015005,1128738816,1128738816,269,46,770703360,553648128,28,1.025,0,0.0,8,0.097,1.122,0.4533577090005565,
2026-10-06T11:44:56.179712+00:00,675.0163175099988,C,152065,99.81,7.400285143347504,833929216,842334208,264,41,498073600,300941312,29,1.012,0,0.0,10,0.108,1.12,0.4185499790000904,
2026-10-06T11:45:01.179570+00:00,680.0161715499999,A,152079,117.45,8.999943343556714,1021313024,1023660032,271,46,687865856,303078809,33,1.074,0,0.0,12,0.178,1.252,0.43931075899854477,
2026-10-06T11:45:01.180925+00:00,680.0175301189993,B,152066,107.16,9.19766746784936,1128747008,1128747008,269,46,770703360,572522496,28,1.025,0,0.0,8,0.097,1.122,0.40403228899958776,
2026-10-06T11:45:01.180965+00:00,680.0175700089985,C,152065,100.19,7.598096678301998,833929216,842334208,264,41,498073600,303038464,29,1.012,0,0.0,10,0.108,1.12,0.362996555000791,
2026-10-06T11:45:06.179544+00:00,685.0161458769999,A,152079,117.92,9.400048265487767,1021313024,1023660032,271,46,687865856,319856025,33,1.074,0,0.0,12,0.178,1.252,0.490495922998889,
2026-10-06T11:45:06.179681+00:00,685.0162860119999,B,152066,107.54,7.601891513288213,1128751104,1128751104,269,46,770703360,589299712,28,1.025,0,0.0,8,0.097,1.122,0.445978653999191,
2026-10-06T11:45:06.179724+00:00,685.016329697999,C,152065,100.51,6.4015879920002865,833957888,842334208,264,41,498073600,304087040,29,1.012,0,0.0,10,0.108,1.12,0.3575430060009239,
2026-10-06T11:45:11.179579+00:00,690.0161803149986,A,152079,118.38,9.199936634518718,1021313024,1023660032,271,46,687865856,333487513,33,1.074,0,0.0,12,0.178,1.252,0.3693699360010214,
2026-10-06T11:45:11.181028+00:00,690.0176339069985,B,152066,108.02,9.597412739073665,1128759296,1128759296,269,46,770703360,602931200,28,1.025,0,0.0,8,0.097,1.122,0.44999386400013464,
2026-10-06T11:45:11.182136+00:00,690.0187408379988,C,152065,100.89,7.596336833681547,833957888,842334208,264,41,498073600,306184192,29,1.012,0,0.0,10,0.108,1.12,0.40561752100074955,
2026-10-06T11:45:16.179630+00:00,695.0162327549988,A,152079,118.78,7.999916096879741,1021378560,1023660032,271,47,687865856,346070425,33,1.074,0,0.0,12,0.178,1.252,0.38608473900058016,
2026-10-06T11:45:16.180811+00:00,695.0174168429985,B,152066,108.5,9.600416780973758,1128796160,1128796160,269,46,770703360,617611264,28,1.025,0,0.0,8,0.097,1.122,0.40578130799985956,
2026-10-06T11:45:16.180849+00:00,695.0174544789988,C,152065,101.29,8.002058704046618,833957888,842334208,264,41,498073600,307232768,29,1.012,0,0.0,10,0.108,1.12,0.35270815399962885,
2026-10-06T11:45:21.179663+00:00,700.0162648279984,A,152079,119.18,7.999948683529926,1021378560,1023660032,271,47,687865856,359701913,33,1.074,0,0.0,12,0.178,1.252,0.4671080210009677,
2026-10-06T11:45:21.179793+00:00,700.0163981979986,B,152066,108.9,8.001630164111708,1128800256,1128800256,269,46,770703360,632291328,28,1.025,0,0.0,8,0.097,1.122,0.37421896799969545,
2026-10-06T11:45:21.179897+00:00,700.0165025949991,C,152065,101.65,7.2013709739612395,833957888,842334208,264,41,498073600,309329920,29,1.012,0,0.0,10,0.108,1.12,0.4064750659999845,
2026-10-06T11:45:26.179519+00:00,705.0161219679994,A,152079,119.64,9.200262869908679,1021382656,1023660032,271,47,687865856,376479129,33,1.074,0,0.0,12,0.178,1.252,0.45347423199928016,
2026-10-06T11:45:26.180650+00:00,705.0172551479991,B,152066,109.33,8.598526298576637,1128800256,1128800256,269,46,770703360,649068544,28,1.025,0,0.0,8,0.097,1.122,0.4390203010007099,
2026-10-06T11:45:26.181436+00:00,705.0180417989995,C,152065,102.04,7.797599580706326,833974272,842334208,264,41,498073600,311427072,29,1.012,0,0.0,10,0.108,1.12,0.40037119099906704,
2026-10-06T11:45:31.179569+00:00,710.016170506,A,152079,120.06,8.399918456950688,1021382656,1023660032,271,47,687865856,392207769,33,1.074,0,0.0,12,0.178,1.252,0.42464232399834145,
2026-10-06T11:45:31.179721+00:00,710.0163231709994,B,152066,109.77,8.801640585317,1128816640,1128816640,269,46,770703360,665845760,28,1.025,0,0.0,8,0.097,1.122,0.5204854549992888,
2026-10-06T11:45:31.181222+00:00,710.0178277639989,C,152065,102.38,6.800291100061831,833974272,842334208,264,41,498073600,312475648,29,1.012,0,0.0,10,0.108,1.12,0.45714591599971754,
2026-10-06T11:45:36.179568+00:00,715.0161705969986,A,152079,120.51,8.99999983620261,1021382656,1023660032,271,47,687865856,406887833,33,1.074,0,0.0,12,0.178,1.252,0.38911713600100484,
2026-10-06T11:45:36.180645+00:00,715.0172506929994,B,152066,110.21,8.798367864048384,1128833024,1128833024,269,46,770703360,683671552,28,1.025,0,0.0,8,0.097,1.122,0.44720712799971807,
2026-10-06T11:45:36.180705+00:00,715.0173106829989,C,152065,102.77,7.800806729788938,833978368,842334208,264,41,498073600,313524224,29,1.012,0,0.0,10,0.108,1.12,0.4715365219999512,
2026-10-06T11:45:41.179557+00:00,720.0161574499998,A,152079,120.94,8.600022612897167,1021382656,1023660032,271,47,687865856,423665049,33,1.074,0,0.0,12,0.178,1.252,0.44889183299892466,
2026-10-06T11:45:41.179694+00:00,720.0162986819996,B,152066,110.63,8.401599683062795,1128882176,1128882176,269,46,770703360,247838822,29,1.029,0,0.0,8,0.097,1.126,0.46382156499930716,
2026-10-06T11:45:41.179747+00:00,720.0163522119983,C,152065,103.15,7.601457155249252,833982464,842334208,264,41,498073600,315621376,29,1.012,0,0.0,10,0.108,1.12,0.3809508000013011,
2026-10-06T11:45:46.179538+00:00,725.0161408349995,A,152079,121.46,10.400034559315337,1021382656,1023660032,271,47,687865856,438345113,33,1.074,0,0.0,12,0.178,1.252,0.38569299099981436,
2026-10-06T11:45:46.179650+00:00,725.0162551719986,B,152066,111.07,8.80007657826806,1128992768,1128992768,269,46,770703360,262518886,29,1.029,0,0.0,8,0.097,1.126,0.449453066001297,
2026-10-06T11:45:46.179760+00:00,725.0163652719984,C,152065,103.51,7.1999811936489255,833982464,842334208,264,41,498073600,317718528,29,1.012,0,0.0,10,0.108,1.12,0.4042710880003142,
2026-10-06T11:45:51.179555+00:00,730.0161567219984,A,152079,121.87,8.199973945404837,1021382656,1023660032,271,47,687865856,449879449,33,1.074,0,0.0,12,0.178,1.252,0.44659772100021655,
2026-10-06T11:45:51.179718+00:00,730.0163234169995,B,152066,111.5,8.599882620200749,1128996864,1128996864,269,46,770703360,277198950,29,1.029,0,0.0,8,0.097,1.126,0.45963585400022566,
2026-10-06T11:45:51.179776+00:00,730.0163815799988,C,152065,103.87,7.199976516556092,833986560,842334208,264,41,498073600,318767104,29,1.012,0,0.0,10,0.108,1.12,0.47875380600089557,
2026-10-06T11:45:56.179524+00:00,735.0161270489989,A,152079,122.31,8.800052224789038,1021382656,1023660032,271,47,687865856,464559513,33,1.074,0,0.0,12,0.178,1.252,0.3130572989994107,
2026-10-06T11:45:56.179648+00:00,735.0162534229985,B,152066,111.88,7.600106392370829,1129009152,1129009152,269,46,770703360,291879014,29,1.029,0,0.0,8,0.097,1.126,0.3890759910009365,
2026-10-06T11:45:56.179711+00:00,735.0163162929985,C,152065,104.2,6.600086179965681,833986560,842334208,264,41,498073600,320864256,29,1.012,0,0.0,10,0.108,1.12,0.44111932200030424,
2026-10-06T11:46:01.179720+00:00,740.0163227519988,A,152079,122.74,8.599663404014562,1021382656,1023660032,271,47,687865856,478191001,33,1.074,0,0.0,12,0.178,1.252,0.4550929710003402,
2026-10-06T11:46:01.179885+00:00,740.0164904939993,B,152066,112.33,8.999573292430597,1129013248,1129013248,269,46,770703360,306559078,29,1.029,0,0.0,8,0.097,1.126,0.3880963169995084,
2026-10-06T11:46:01.179959+00:00,740.0165643649998,C,152065,104.58,7.599622949265017,833994752,842334208,264,41,498073600,321912832,29,1.012,0,0.0,10,0.108,1.12,0.48048594600004435,
2026-10-06T11:46:06.179540+00:00,745.0161425899987,A,152079,123.19,9.000324303285673,1021386752,1023660032,271,47,687865856,494968217,33,1.074,0,0.0,12,0.178,1.252,0.4869515919999685,
2026-10-06T11:46:06.179701+00:00,745.0163030059994,B,152066,112.69,7.200269992843983,1129017344,1129017344,269,46,770703360,323336294,29,1.029,0,0.0,8,0.097,1.126,0.42564124499949685,
2026-10-06T11:46:06.179893+00:00,745.0164982789993,C,152065,104.95,7.4000978085736095,834002944,842334208,264,41,498073600,324009984,29,1.012,0,0.0,10,0.108,1.12,0.3886835510002129,
2026-10-06T11:46:11.179575+00:00,750.0161775959987,A,152079,123.63,8.799938389871366,1021386752,1023660032,271,47,687865856,508599705,33,1.074,0,0.0,12,0.178,1.252,0.3852382900004159,
2026-10-06T11:46:11.180750+00:00,750.0173554329995,B,152066,113.1,8.198274382936958,1129017344,1129017344,269,46,770703360,341162086,29,1.029,0,0.0,8,0.097,1.126,0.3350122449992341,
2026-10-06T11:46:11.180790+00:00,750.0173948279989,C,152065,105.3,6.99874505642404,834002944,842334208,264,41,498073600,325058560,29,1.012,0,0.0,10,0.108,1.12,0.41420332199959375,
2026-10-06T11:46:16.179550+00:00,755.0161529009983,A,152079,124.2,11.400056304878968,1021304832,1023660032,271,46,687865856,525376921,33,1.074,0,0.0,12,0.178,1.252,0.36358030200062785,
2026-10-06T11:46:16.179650+00:00,755.0162561159996,B,152066,113.59,9.802155135155326,1129066496,1129066496,269,46,770703360,357939302,29,1.029,0,0.0,8,0.097,1.126,0.3945824399997946,
2026-10-06T11:46:16.179701+00:00,755.0163061109997,C,152065,105.64,6.801480977592103,834027520,842334208,264,41,498073600,327155712,29,1.012,0,0.0,10,0.108,1.12,0.38004896999882476,
2026-10-06T11:46:21.179563+00:00,760.0161655159991,A,152079,124.61,8.199979311450912,1021304832,1023660032,271,46,687865856,539008409,33,1.074,0,0.0,12,0.178,1.252,0.32214840999949956,
2026-10-06T11:46:21.179660+00:00,760.0162652409999,B,152066,114.01,8.399984670027404,1129152512,1129152512,269,46,770703360,374716518,29,1.029,0,0.0,8,0.097,1.126,0.3493719849993795,
2026-10-06T11:46:21.179814+00:00,760.016419222,C,152065,105.99,6.999841648181808,834027520,842334208,264,41,498073600,329252864,29,1.012,0,0.0,10,0.108,1.12,0.3730556479986262,
2026-10-06T11:46:26.179578+00:00,765.0161809679994,A,152079,125.03,8.399974040719759,1021308928,1023660032,271,46,687865856,554737049,33,1.074,0,0.0,12,0.178,1.252,0.33668878999924345,
2026-10-06T11:46:26.179699+00:00,765.016304503999,B,152066,114.47,9.199927756648915,1129246720,1129246720,269,46,770703360,389396582,29,1.029,0,0.0,8,0.097,1.126,0.39567650400022103,
2026-10-06T11:46:26.179784+00:00,765.0163891459997,C,152065,106.38,7.8000469188426385,834080768,842334208,264,41,498073600,330301440,29,1.012,0,0.0,10,0.108,1.12,0.3809504989985726,
2026-10-06T11:46:31.179479+00:00,770.0160819749999,A,152079,125.43,8.000158391935225,1021325312,1023660032,271,46,687865856,567319961,33,1.074,0,0.0,12,0.178,1.252,0.42208362800010946,
2026-10-06T11:46:31.179599+00:00,770.016204612999,B,152066,114.86,7.80015583307326,1129267200,1129267200,269,46,770703360,403028070,29,1.029,0,0.0,8,0.097,1.126,0.33818558500024665,
2026-10-06T11:46:31.179706+00:00,770.0163108429988,C,152065,106.7,6.400100229410977,834134016,842334208,264,41,498073600,332398592,29,1.012,0,0.0,10,0.108,1.12,0.4103886770008103,
2026-10-06T11:46:36.179546+00:00,775.0161489309994,A,152079,125.85,8.399887515426894,1021325312,1023660032,271,46,687865856,582000025,33,1.074,0,0.0,12,0.178,1.252,0.3970139499997458,
2026-10-06T11:46:36.179656+00:00,775.0162613039993,B,152066,115.3,8.799900224970727,1129279488,1129279488,269,46,770703360,417708134,29,1.029,0,0.0,8,0.097,1.126,0.36579538399928424,
2026-10-06T11:46:36.179708+00:00,775.0163132629987,C,152065,107.07,7.399996418401727,834138112,842334208,264,41,498073600,333447168,29,1.012,0,0.0,10,0.108,1.12,0.4408341180005664,
2026-10-06T11:46:41.179547+00:00,780.0161483079992,A,152079,126.44,11.800001470280801,1021325312,1023660032,271,46,687865856,596680089,33,1.074,0,0.0,12,0.178,1.252,0.4022492540007079,
2026-10-06T11:46:41.179647+00:00,780.01625264,B,152066,115.65,7.000012129620242,1129291776,1129291776,269,46,770703360,433436774,29,1.029,0,0.0,8,0.097,1.126,0.39397369399921445,
2026-10-06T11:46:41.179768+00:00,780.0163727249983,C,152065,107.41,6.799919132642283,834138112,842334208,264,41,498073600,335544320,29,1.012,0,0.0,10,0.108,1.12,0.34164146200055256,
2026-10-06T11:46:46.179546+00:00,785.0161477309994,A,152079,126.86,8.400000969359827,1021325312,1023660032,271,46,687865856,612408729,33,1.074,0,0.0,12,0.178,1.252,0.3985044660003041,
2026-10-06T11:46:46.181031+00:00,785.0176366159994,B,152066,116.09,8.797564876271414,1129291776,1129291776,269,46,770703360,451262566,29,1.029,0,0.0,8,0.097,1.126,0.4189660640004149,
2026-10-06T11:46:46.181220+00:00,785.0178253739996,C,152065,107.81,7.997676436662436,834142208,842334208,264,41,498073600,336592896,29,1.012,0,0.0,10,0.108,1.12,0.4127989489988977,
2026-10-06T11:46:51.179541+00:00,790.0161414569993,A,152079,127.59,14.600018320103194,1021325312,1023660032,271,46,687865856,246979993,34,1.082,0,0.0,14,0.206,1.288,0.5549559249993763,
2026-10-06T11:46:51.179668+00:00,790.0162740709984,B,152066,116.51,8.402289699565504,1129291776,1129291776,269,46,770703360,469088358,29,1.029,0,0.0,8,0.097,1.126,0.4834071160003077,
2026-10-06T11:46:51.179720+00:00,790.0163250829992,C,152065,108.2,7.802341156443841,834146304,842334208,264,41,498073600,338690048,29,1.012,0,0.0,10,0.108,1.12,0.4729841270000179,
2026-10-06T11:46:56.179504+00:00,795.0161071579987,A,152079,128.27,13.600093293921795,1021411328,1023660032,271,46,687865856,263757209,34,1.082,0,0.0,14,0.206,1.288,0.44899633699969854,
2026-10-06T11:46:56.179633+00:00,795.0162387149994,B,152066,116.93,8.400059398498353,1129299968,1129299968,269,46,770703360,486914150,29,1.029,0,0.0,8,0.097,1.126,0.39347529000042414,
2026-10-06T11:46:56.179685+00:00,795.0162907429985,C,152065,108.56,7.200049449940531,834162688,842334208,264,41,498073600,339738624,29,1.012,0,0.0,10,0.108,1.12,0.3432951850008976,
2026-10-06T11:47:01.179628+00:00,800.0162309789994,A,152079,128.73,9.19977217500026,1021411328,1023660032,271,46,687865856,277388697,34,1.082,0,0.0,14,0.206,1.288,0.34746183000061137,
2026-10-06T11:47:01.179744+00:00,800.0163493619984,B,152066,117.32,7.799827394500913,1129299968,1129299968,269,46,770703360,503691366,29,1.029,0,0.0,8,0.097,1.126,0.39063822200114373,
2026-10-06T11:47:01.179862+00:00,800.016467464,C,152065,108.93,7.3997384621617455,834162688,842334208,264,41,498073600,341835776,29,1.012,0,0.0,10,0.108,1.12,0.41780851899966365,
2026-10-06T11:47:06.179527+00:00,805.0161300619984,A,152079,129.16,8.600173580745244,1021411328,1023660032,271,46,687865856,293117337,34,1.082,0,0.0,14,0.206,1.288,0.3109018320010364,
2026-10-06T11:47:06.179654+00:00,805.016258620999,B,152066,117.76,8.800159707057647,1129299968,1129299968,269,46,770703360,517322854,29,1.029,0,0.0,8,0.097,1.126,0.35711227300089377,
2026-10-06T11:47:06.179817+00:00,805.0164179449985,C,152065,109.32,7.800077250407218,834211840,842334208,264,41,498073600,343932928,29,1.012,0,0.0,10,0.108,1.12,0.40658928000084416,
2026-10-06T11:47:11.179755+00:00,810.0163577489984,A,152079,129.58,8.399617503258215,1021411328,1023660032,271,46,687865856,304651673,34,1.082,0,0.0,14,0.206,1.288,0.30571125200003735,
2026-10-06T11:47:11.179870+00:00,810.0164754199996,B,152066,118.23,9.399592435550847,1129328640,1129328640,269,46,770703360,533051494,29,1.029,0,0.0,8,0.097,1.126,0.38436279999950784,
2026-10-06T11:47:11.180057+00:00,810.0166588859993,C,152065,109.68,7.199653061677439,834220032,842334208,264,41,498073600,344981504,29,1.012,0,0.0,10,0.108,1.12,0.38853708500028006,
2026-10-06T11:47:16.179502+00:00,815.0161045419991,A,152079,129.99,8.200415280509223,1021411328,1023660032,271,46,687865856,320380313,34,1.082,0,0.0,14,0.206,1.288,0.42850673099928827,
2026-10-06T11:47:16.179683+00:00,815.0162880319986,B,152066,118.59,7.200269848834709,1129328640,1129328640,269,46,770703360,547731558,29,1.029,0,0.0,8,0.097,1.126,0.413401113000873,
2026-10-06T11:47:16.179838+00:00,815.0164431449994,C,152065,110.05,7.400319310457359,834224128,842334208,264,41,498073600,346030080,29,1.012,0,0.0,10,0.108,1.12,0.37731541900029697,
2026-10-06T11:47:21.179512+00:00,820.0161138269996,A,152079,130.4,8.19998477262741,1021411328,1023660032,271,46,687865856,335060377,34,1.082,0,0.0,14,0.206,1.288,0.41681006199905823,
2026-10-06T11:47:21.179650+00:00,820.0162553949995,B,152066,119.02,8.600056136004715,1129328640,1129328640,269,46,770703360,564508774,29,1.029,0,0.0,8,0.097,1.126,0.4108127340005012,
2026-10-06T11:47:21.179721+00:00,820.0163262669994,C,152065,110.42,7.400172983483641,834232320,842334208,264,41,498073600,348127232,29,1.012,0,0.0,10,0.108,1.12,0.4280301380003948,
2026-10-06T11:47:26.179581+00:00,825.0161832059985,A,152079,130.9,9.999861243927576,1021411328,1023660032,271,46,687865856,351837593,34,1.082,0,0.0,14,0.206,1.288,0.44391635800093354,
2026-10-06T11:47:26.180750+00:00,825.0173556259997,B,152066,119.43,8.198196018119186,1129328640,1129328640,269,46,770703360,581285990,29,1.029,0,0.0,8,0.097,1.126,0.3141954849998001,
2026-10-06T11:47:26.180929+00:00,825.0175312489991,C,152065,110.95,10.597446053652401,834277376,842334208,264,41,498073600,350224384,29,1.012,0,0.0,10,0.108,1.12,0.3595646569992823,
2026-10-06T11:47:31.179533+00:00,830.0161339799997,A,152079,131.29,7.800076793313802,1021411328,1023660032,271,46,687865856,365469081,34,1.082,0,0.0,14,0.206,1.288,0.41781733599964355,
2026-10-06T11:47:31.179693+00:00,830.0162985819989,B,152066,119.88,9.001903081529477,1129353216,1129353216,269,46,770703360,597014630,29,1.029,0,0.0,8,0.097,1.126,0.35773123299986764,
2026-10-06T11:47:31.179762+00:00,830.0163680209989,C,152065,111.39,8.802047757682162,834351104,842334208,264,41,498073600,351272960,29,1.012,0,0.0,10,0.108,1.12,0.4455924070007313,
2026-10-06T11:47:36.180067+00:00,835.0166695799999,A,152079,131.74,8.999036023261263,1021415424,1023660032,271,46,687865856,383294873,34,1.082,0,0.0,14,0.206,1.288,0.42544549699960044,
2026-10-06T11:47:36.180343+00:00,835.016948688999,B,152066,120.29,8.198933963127523,1129402368,1129402368,269,46,770703360,615888998,29,1.029,0,0.0,8,0.097,1.126,0.49560343899975123,
2026-10-06T11:47:36.180392+00:00,835.0169975619992,C,152065,111.72,6.599169110495362,834383872,842334208,264,41,498073600,353370112,29,1.012,0,0.0,10,0.108,1.12,0.3805880759991851,
2026-10-06T11:47:41.179597+00:00,840.0161995689996,A,152079,132.09,7.000658077261,1021415424,1023660032,271,46,687865856,395877785,34,1.082,0,0.0,14,0.206,1.288,0.4089837190003891,
2026-10-06T11:47:41.179771+00:00,840.0163757929986,B,152066,120.74,9.001031330969658,1129426944,1129426944,269,46,770703360,630569062,29,1.029,0,0.0,8,0.097,1.126,0.3702031890006765,
2026-10-06T11:47:41.180460+00:00,840.0170652869983,C,152065,112.09,7.399899768359062,834387968,842334208,264,41,498073600,354418688,29,1.012,0,0.0,10,0.108,1.12,0.38898079300088284,
2026-10-06T11:47:46.179491+00:00,845.0160928509995,A,152079,132.45,7.200153677199869,1021419520,1023660032,271,46,687865856,410557849,34,1.082,0,0.0,14,0.206,1.288,0.4260735379994003,
2026-10-06T11:47:46.179698+00:00,845.0163035469996,B,152066,121.14,8.000115595268829,1129431040,1129431040,269,46,770703360,645249126,29,1.029,0,0.0,8,0.097,1.126,0.4369982499993057,
2026-10-06T11:47:46.179837+00:00,845.0164424109989,C,152065,112.41,6.400797380612941,834400256,842334208,264,41,498073600,356515840,29,1.012,0,0.0,10,0.108,1.12,0.368923182000799,
2026-10-06T11:47:51.179551+00:00,850.0161542879996,A,152079,132.84,7.799904159457751,1021423616,1023660032,271,46,687865856,429432217,34,1.082,0,0.0,14,0.206,1.288,0.4369618749988149,
2026-10-06T11:47:51.179655+00:00,850.0162598519983,B,152066,121.54,8.000069912613153,1129431040,1129431040,269,46,770703360,664123494,29,1.029,0,0.0,8,0.097,1.126,0.47606439300034253,
2026-10-06T11:47:51.179728+00:00,850.0163331169988,C,152065,112.85,8.800192361644996,836059136,842334208,264,41,498073600,358612992,29,1.012,0,0.0,10,0.108,1.12,0.4471621890006645,
2026-10-06T11:47:56.179551+00:00,855.0161526599986,A,152079,133.31,9.400003060642803,1021423616,1023660032,271,46,687865856,447258009,34,1.082,0,0.0,14,0.206,1.288,0.39081844900101714,
2026-10-06T11:47:56.179714+00:00,855.0163200759998,B,152066,121.98,8.799894007033851,1129455616,1129455616,269,46,770703360,673560678,29,1.029,0,0.0,8,0.097,1.126,0.42697901300016383,
2026-10-06T11:47:56.179795+00:00,855.0163964659987,C,152065,113.22,7.399906244668097,836067328,842334208,264,41,498073600,359661568,29,1.012,0,0.0,10,0.108,1.12,0.35909462200106645,
2026-10-06T11:48:01.179600+00:00,860.016202077999,A,152079,133.75,8.799913025178972,1021423616,1023660032,271,46,687865856,460889497,34,1.082,0,0.0,14,0.206,1.288,0.40736504699998477,
2026-10-06T11:48:01.179772+00:00,860.0163755279991,B,152066,122.39,8.199909059729665,1129459712,1129459712,269,46,770703360,681949286,29,1.029,0,0.0,8,0.097,1.126,0.3845548549998057,
2026-10-06T11:48:01.179828+00:00,860.0164332349996,C,152065,113.6,7.599944111529577,836075520,842334208,264,41,498073600,361758720,29,1.012,0,0.0,10,0.108,1.12,0.3922146570002951,
2026-10-06T11:48:06.179547+00:00,865.0161487659989,A,152079,134.19,8.800093830120568,1021435904,1023660032,271,46,687865856,475569561,34,1.082,0,0.0,14,0.206,1.288,0.49782122100077686,
2026-10-06T11:48:06.179682+00:00,865.0162870139993,B,152066,122.81,8.400148706152212,1129459712,1129459712,269,46,770703360,690337894,29,1.029,0,0.0,8,0.097,1.126,0.4666649119990325,
2026-10-06T11:48:06.179855+00:00,865.0164607089991,C,152065,113.94,6.79996263556595,836083712,842334208,264,41,498073600,363855872,29,1.012,0,0.0,10,0.108,1.12,0.53096298499986,
2026-10-06T11:48:11.179633+00:00,870.0162351409999,A,152079,134.66,9.399837617803163,1021435904,1023660032,271,46,687865856,489201049,34,1.082,0,0.0,14,0.206,1.288,0.48136570599854167,
2026-10-06T11:48:11.179744+00:00,870.0163490469986,B,152066,123.23,8.39989578585421,1129467904,1129467904,269,46,770703360,247463936,30,1.036,0,0.0,8,0.097,1.133,0.36589432999971905,
2026-10-06T11:48:11.179798+00:00,870.0164029429998,C,152065,114.42,9.600110912000263,836222976,842334208,264,41,498073600,364904448,29,1.012,0,0.0,10,0.108,1.12,0.4944731139985379,
2026-10-06T11:48:16.179545+00:00,875.0161476059984,A,152079,135.17,10.200178574529208,1021440000,1023660032,271,46,687865856,504929689,34,1.082,0,0.0,14,0.206,1.288,0.31906699600040156,
2026-10-06T11:48:16.179673+00:00,875.016278047,B,152066,123.69,9.200130641852358,1129484288,1129484288,269,46,770703360,256901120,30,1.036,0,0.0,8,0.097,1.133,0.3976176329997543,
2026-10-06T11:48:16.179874+00:00,875.0164797349989,C,152065,114.82,7.999877134688182,836227072,842334208,264,41,498073600,367001600,29,1.012,0,0.0,10,0.108,1.12,0.435155613000461,
2026-10-06T11:48:21.179582+00:00,880.0161849199994,A,152079,135.67,9.999925372554891,1021440000,1023660032,271,46,687865856,521706905,34,1.082,0,0.0,14,0.206,1.288,0.46631598099884286,
2026-10-06T11:48:21.179760+00:00,880.0163575099996,B,152066,124.14,8.999856968873976,1129492480,1129492480,269,46,770703360,269484032,30,1.036,0,0.0,8,0.097,1.133,0.4380832309998368,
2026-10-06T11:48:21.181975+00:00,880.0185797349986,C,152065,115.2,7.596809340077816,836239360,842334208,264,41,498073600,369098752,29,1.012,0,0.0,10,0.108,1.12,0.36115685400000075,
2026-10-06T11:48:26.179561+00:00,885.0161636389985,A,152079,136.12,9.000038305965097,1021505536,1023660032,271,47,687865856,538484121,34,1.082,0,0.0,14,0.206,1.288,0.426378542000748,
2026-10-06T11:48:26.180758+00:00,885.0173633489994,B,152066,124.55,8.19835075581501,1129504768,1129504768,269,46,770703360,278921216,30,1.036,0,0.0,8,0.097,1.133,0.4121524729998782,
2026-10-06T11:48:26.180802+00:00,885.01740728,C,152065,115.58,7.60178254958961,836251648,842334208,264,41,498073600,371195904,29,1.012,0,0.0,10,0.108,1.12,0.3617322049994982,
2026-10-06T11:48:31.179589+00:00,890.016190626,A,152079,136.55,8.599953582608007,1021505536,1023660032,271,47,687865856,552115609,34,1.082,0,0.0,14,0.206,1.288,0.46111394699983066,
2026-10-06T11:48:31.179751+00:00,890.0163529399997,B,152066,124.96,8.201657405690996,1129525248,1129525248,269,46,770703360,288358400,30,1.036,0,0.0,8,0.097,1.133,0.3948470659997838,
2026-10-06T11:48:31.179922+00:00,890.0165276619991,C,152065,115.89,6.201090918239436,836259840,842334208,264,41,498073600,372244480,29,1.012,0,0.0,10,0.108,1.12,0.3849960400002601,
2026-10-06T11:48:36.179581+00:00,895.0161837659998,A,152079,137.06,10.200013994419452,1021513728,1023660032,271,47,687865856,569941401,34,1.082,0,0.0,14,0.206,1.288,0.43895806899854506,
2026-10-06T11:48:36.179747+00:00,895.0163516829998,B,152066,125.41,9.000002262600436,1129582592,1129582592,269,46,770703360,297795584,30,1.036,0,0.0,8,0.097,1.133,0.4923419869992358,
2026-10-06T11:48:36.179799+00:00,895.0164047779999,C,152065,116.27,7.600186788269367,836317184,842334208,264,41,498073600,374341632,29,1.012,0,0.0,10,0.108,1.12,0.4128541789996234,
2026-10-06T11:48:41.179556+00:00,900.0161575699985,A,152079,137.56,10.000052392277038,1021517824,1023660032,271,47,687865856,584621465,34,1.082,0,0.0,14,0.206,1.288,0.4647404920015106,
2026-10-06T11:48:41.179667+00:00,900.0162724679994,B,152066,125.83,8.400133083309093,1129590784,1129590784,269,46,770703360,307232768,30,1.036,0,0.0,8,0.097,1.133,0.43784609499925864,
2026-10-06T11:48:41.179789+00:00,900.0163945509994,C,152065,116.66,7.80001595415347,836542464,842334208,264,43,498073600,377487360,29,1.012,0,0.0,10,0.108,1.12,0.3931949859997985,
2026-10-06T11:48:46.179509+00:00,905.0161121419987,A,152079,138.09,10.600096308234603,1021517824,1023660032,271,47,687865856,599301529,34,1.082,0,0.0,14,0.206,1.288,0.28119898600016313,
2026-10-06T11:48:46.179638+00:00,905.0162427029991,B,152066,126.26,8.600051196105532,1129598976,1129598976,269,46,770703360,316669952,30,1.036,0,0.0,8,0.097,1.133,0.3813459180000791,
2026-10-06T11:48:46.179758+00:00,905.0163630679999,C,152065,117.05,7.800049113788441,836542464,842334208,264,43,498073600,379584512,29,1.012,0,0.0,10,0.108,1.12,0.39119311399917933,
2026-10-06T11:48:51.179573+00:00,910.0161741119991,A,152079,138.55,9.19988597661265,1021517824,1023660032,271,47,687865856,613981593,34,1.082,0,0.0,14,0.206,1.288,0.451618700999461,
2026-10-06T11:48:51.179710+00:00,910.0163122289996,B,152066,126.69,8.59988041694179,1129598976,1129598976,269,46,770703360,325058560,30,1.036,0,0.0,8,0.097,1.133,0.39722678900034225,
2026-10-06T11:48:51.179897+00:00,910.0165022089986,C,152065,117.43,7.599788511567472,836550656,842334208,264,43,498073600,380633088,29,1.012,0,0.0,10,0.108,1.12,0.4528935050002474,
2026-10-06T11:48:56.179548+00:00,915.0161510809994,A,152079,139.04,9.800045140967008,1021517824,1023660032,271,47,687865856,247504281,35,1.093,0,0.0,14,0.206,1.299,0.440606972999376,
2026-10-06T11:48:56.179679+00:00,915.0162845559989,B,152066,127.14,9.00004981167693,1129603072,1129603072,269,46,770703360,334495744,30,1.036,0,0.0,8,0.097,1.133,0.32487932500043826,
2026-10-06T11:48:56.179808+00:00,915.0164128139986,C,152065,117.81,7.600135882829406,836571136,842334208,264,43,498073600,382730240,29,1.012,0,0.0,10,0.108,1.12,0.40993714800060843,
2026-10-06T11:49:01.179553+00:00,920.0161552459995,A,152079,139.68,12.799989337609013,1021517824,1023660032,271,47,687865856,260087193,35,1.093,0,0.0,14,0.206,1.299,0.3254389519988763,
2026-10-06T11:49:01.179703+00:00,920.0163079639988,B,152066,127.57,8.599959738428627,1129603072,1129603072,269,46,770703360,342884352,30,1.036,0,0.0,8,0.097,1.133,0.37523503500051447,
2026-10-06T11:49:01.179852+00:00,920.0164573589991,C,152065,118.17,7.1999358557707405,836575232,842334208,264,43,498073600,383778816,29,1.012,0,0.0,10,0.108,1.12,0.41386682499978633,
2026-10-06T11:49:06.179526+00:00,925.0161280369994,A,152079,140.2,10.400056595027841,1021517824,1023660032,271,47,687865856,278961561,35,1.093,0,0.0,14,0.206,1.299,0.456227079999735,
2026-10-06T11:49:06.179690+00:00,925.0162953379986,B,152066,128.02,9.000022726858038,1129607168,1129607168,269,46,770703360,353370112,30,1.036,0,0.0,8,0.097,1.133,0.47254829200028325,
2026-10-06T11:49:06.179855+00:00,925.0164600799999,C,152065,118.58,8.199995537561076,836575232,842334208,264,43,498073600,385875968,29,1.012,0,0.0,10,0.108,1.12,0.49883596600011515,
2026-10-06T11:49:11.180359+00:00,930.0169599889996,A,152079,140.64,8.798536008073759,1021517824,1023660032,271,47,687865856,292593049,35,1.093,0,0.0,14,0.206,1.299,0.5144301019990962,
2026-10-06T11:49:11.180526+00:00,930.0171310459991,B,152066,128.44,8.398596245184697,1129607168,1129607168,269,46,770703360,362807296,30,1.036,0,0.0,8,0.097,1.133,0.4347704789997806,
2026-10-06T11:49:11.180584+00:00,930.0171890329984,C,152065,118.93,6.998979614564815,836575232,842334208,264,43,498073600,389021696,29,1.012,0,0.0,10,0.108,1.12,0.4849126110002544,
2026-10-06T11:49:16.179571+00:00,935.0161710579996,A,152079,141.23,11.801862170984924,1021517824,1023660032,271,47,687865856,308321689,35,1.093,0,0.0,14,0.206,1.299,0.38665864699942176,
2026-10-06T11:49:16.179693+00:00,935.0162988449993,B,152066,128.92,9.601598091906276,1129619456,1129619456,269,46,770703360,373293056,30,1.036,0,0.0,8,0.097,1.133,0.4243301700007578,
2026-10-06T11:49:16.179740+00:00,935.0163447189989,C,152065,119.31,7.60128357402713,836575232,842334208,264,43,498073600,389021696,29,1.012,0,0.0,10,0.108,1.12,0.30362884900023346,
2026-10-06T11:49:21.179571+00:00,940.0161727759987,A,152079,141.66,8.599997045042679,1021517824,1023660032,271,47,687865856,325098905,35,1.093,0,0.0,14,0.206,1.299,0.4756413520008209,
2026-10-06T11:49:21.179717+00:00,940.0163196459998,B,152066,129.35,8.599964222427992,1129619456,1129619456,269,46,770703360,382730240,30,1.036,0,0.0,8,0.097,1.133,0.3288308909995976,
2026-10-06T11:49:21.179822+00:00,940.0164275579991,C,152065,119.64,6.599890654331262,836575232,842334208,264,43,498073600,392167424,29,1.012,0,0.0,10,0.108,1.12,0.45775779399991734,
2026-10-06T11:49:26.179540+00:00,945.0161423569989,A,152079,142.13,9.400057188067548,1021517824,1023660032,271,47,687865856,339778969,35,1.093,0,0.0,14,0.206,1.299,0.4915160950004065,
2026-10-06T11:49:26.179659+00:00,945.0162643849999,B,152066,129.77,8.400092839506303,1129623552,1129623552,269,46,770703360,392167424,30,1.036,0,0.0,8,0.097,1.133,0.475536549998651,
2026-10-06T11:49:26.179888+00:00,945.0164935189987,C,152065,120.01,7.399902379008573,836587520,842334208,264,43,498073600,394264576,29,1.012,0,0.0,10,0.108,1.12,0.45078301600005943,
2026-10-06T11:49:31.179585+00:00,950.016187158999,A,152079,142.64,10.199908604738658,1021517824,1023660032,271,47,687865856,354459033,35,1.093,0,0.0,14,0.206,1.299,0.4449011810011143,
2026-10-06T11:49:31.179701+00:00,950.0163058479993,B,152066,130.24,9.399922050207447,1129660416,1129660416,269,46,770703360,402653184,30,1.036,0,0.0,8,0.097,1.133,0.4481112089997623,
2026-10-06T11:49:31.179900+00:00,950.0165049759999,C,152065,120.4,7.799982127119148,836599808,842334208,264,43,498073600,395313152,29,1.012,0,0.0,10,0.108,1.12,0.48290777599868306,
2026-10-06T11:49:36.179589+00:00,955.0161918649992,A,152079,143.15,10.199990399768904,1021517824,1023660032,271,47,687865856,371236249,35,1.093,0,0.0,14,0.206,1.299,0.42167162199984887,
2026-10-06T11:49:36.179703+00:00,955.0163087759993,B,152066,130.71,9.39999449536328,1129693184,1129693184,269,46,770703360,413138944,30,1.036,0,0.0,8,0.097,1.133,0.4520821740006795,
2026-10-06T11:49:36.180013+00:00,955.0166185809994,C,152065,120.8,7.999818236130375,836603904,842334208,264,43,498073600,396361728,29,1.012,0,0.0,10,0.108,1.12,0.40189188399926934,
2026-10-06T11:49:41.179604+00:00,960.0162055649998,A,152079,143.58,8.599976436063606,1021521920,1023660032,271,47,687865856,383819161,35,1.093,0,0.0,14,0.206,1.299,0.48973738299901015,
2026-10-06T11:49:41.179736+00:00,960.0163413789996,B,152066,131.11,7.999947835539675,1129697280,1129697280,269,46,770703360,421527552,30,1.036,0,0.0,8,0.097,1.133,0.4576080690003437,
2026-10-06T11:49:41.179917+00:00,960.0165226909994,C,152065,121.18,7.600145755595511,836472832,842334208,264,41,498073600,398458880,29,1.012,0,0.0,10,0.108,1.12,0.4858970940003928,
2026-10-06T11:49:46.181306+00:00,965.0179087409997,A,152079,144.07,9.796662911769596,1021521920,1023660032,271,47,687865856,398499225,35,1.093,0,0.0,14,0.206,1.299,0.5239009859997168,
2026-10-06T11:49:46.182692+00:00,965.0192975209993,B,152066,131.56,8.994682088500664,1129697280,1129697280,269,46,770703360,429916160,30,1.036,0,0.0,8,0.097,1.133,0.44789933399988513,
2026-10-06T11:49:46.183845+00:00,965.0204499949996,C,152065,121.55,7.394192151916555,836481024,842334208,264,41,498073600,400556032,29,1.012,0,0.0,10,0.108,1.12,0.5119675659989298,
2026-10-06T11:49:51.179528+00:00,970.0161307999988,A,152079,144.53,9.203272575130935,1021526016,1023660032,271,47,687865856,413179289,35,1.093,0,0.0,14,0.206,1.299,0.4598756690011214,
2026-10-06T11:49:51.180642+00:00,970.017247496,B,152066,132.0,8.803609523921638,1129701376,1129701376,269,46,770703360,440401920,30,1.036,0,0.0,8,0.097,1.133,0.4850200529999711,
2026-10-06T11:49:51.181389+00:00,970.0179940559992,C,152065,121.94,7.803833147635922,836497408,842334208,264,41,498073600,401604608,29,1.012,0,0.0,10,0.108,1.12,0.45676554099918576,
2026-10-06T11:49:56.179563+00:00,975.0161644609998,A,152079,145.0,9.39993671774413,1021526016,1023660032,271,47,687865856,428907929,35,1.093,0,0.0,14,0.206,1.299,0.4868429369998921,
2026-10-06T11:49:56.179715+00:00,975.0163168949985,B,152066,132.64,12.802382782047511,1129762816,1129762816,269,46,770703360,447741952,30,1.036,0,0.0,8,0.097,1.133,0.49959869800113665,
2026-10-06T11:49:56.179958+00:00,975.0165637549999,C,152065,122.35,8.202346364840453,836505600,842334208,264,41,498073600,403701760,29,1.012,0,0.0,10,0.108,1.12,0.47988763299872517,
2026-10-06T11:50:01.179528+00:00,980.0161312279997,A,152079,145.49,9.800065137113254,1021530112,1023660032,271,47,687865856,442539417,35,1.093,0,0.0,14,0.206,1.299,0.441311811999185,
2026-10-06T11:50:01.179651+00:00,980.0162563459999,B,152066,133.09,9.000108989517644,1129783296,1129783296,269,46,770703360,457179136,30,1.036,0,0.0,8,0.097,1.133,0.5439826959991478,
2026-10-06T11:50:01.179879+00:00,980.0164850499987,C,152065,122.72,7.4001164852354835,836505600,842334208,264,41,498073600,405798912,29,1.012,0,0.0,10,0.108,1.12,0.46072974399976374,
2026-10-06T11:50:06.179532+00:00,985.0161348009988,A,152079,145.96,9.399993282766566,1021530112,1023660032,271,47,687865856,458268057,35,1.093,0,0.0,14,0.206,1.299,0.4978709959996195,
2026-10-06T11:50:06.179625+00:00,985.0162311559998,B,152066,133.51,8.400042319413101,1129791488,1129791488,269,46,770703360,465567744,30,1.036,0,0.0,8,0.097,1.133,0.4586130619991309,
2026-10-06T11:50:06.179657+00:00,985.0162622619991,C,152065,123.11,7.800347564765913,836509696,842334208,264,41,498073600,407896064,29,1.012,0,0.0,10,0.108,1.12,0.47477646799961803,
2026-10-06T11:50:11.179551+00:00,990.0161541519992,A,152079,146.42,9.19996439429657,1021530112,1023660032,271,47,687865856,471899545,35,1.093,0,0.0,14,0.206,1.299,0.3574692319998576,
2026-10-06T11:50:11.179668+00:00,990.0162728949999,B,152066,133.95,8.799926539972915,1129799680,1129799680,269,46,770703360,475004928,30,1.036,0,0.0,8,0.097,1.133,0.45511648599858745,
2026-10-06T11:50:11.179721+00:00,990.016326560999,C,152065,123.49,7.599902266776952,836509696,842334208,264,41,498073600,408944640,29,1.012,0,0.0,10,0.108,1.12,0.45031432200084964,
2026-10-06T11:50:16.179552+00:00,995.0161558139989,A,152079,146.91,9.799996742481845,1021530112,1023660032,271,47,687865856,488676761,35,1.093,0,0.0,14,0.206,1.299,0.4634086589994695,
2026-10-06T11:50:16.180784+00:00,995.0173892249986,B,152066,134.42,9.397901768066282,1129811968,1129811968,269,46,770703360,484442112,30,1.036,0,0.0,8,0.097,1.133,0.41818227099975047,
2026-10-06T11:50:16.181620+00:00,995.0182248439996,C,152065,123.88,7.797039802377596,836517888,842334208,264,41,498073600,411041792,29,1.012,0,0.0,10,0.108,1.12,0.4771536299995205,
2026-10-06T11:50:21.179534+00:00,1000.016136627999,A,152079,147.4,9.800037604704318,1021530112,1023660032,271,47,687865856,502308249,35,1.093,0,0.0,14,0.206,1.299,0.38554213300085394,
2026-10-06T11:50:21.179642+00:00,1000.0162470239993,B,152066,134.87,9.00205643157074,1129824256,1129824256,269,46,770703360,494927872,30,1.036,0,0.0,8,0.097,1.133,0.49341630900016753,
2026-10-06T11:50:21.179707+00:00,1000.0163122559989,C,152065,124.27,7.802984779011729,836526080,842334208,264,41,498073600,413138944,29,1.012,0,0.0,10,0.108,1.12,0.4555045720007911,
2026-10-06T11:50:26.179604+00:00,1005.0162051259995,A,152079,147.84,8.799879445170674,1021534208,1023660032,271,47,687865856,513842585,35,1.093,0,0.0,14,0.206,1.299,0.3404591620001156,
2026-10-06T11:50:26.179721+00:00,1005.0163271789988,B,152066,135.32,8.99985572331353,1129947136,1129947136,269,46,770703360,507510784,30,1.036,0,0.0,8,0.097,1.133,0.4670023239996226,
2026-10-06T11:50:26.179755+00:00,1005.016360829999,C,152065,124.65,7.599926168237188,836546560,842334208,264,41,498073600,414187520,29,1.012,0,0.0,10,0.108,1.12,0.40300429799935955,
2026-10-06T11:50:31.179524+00:00,1010.0161266989999,A,152079,148.24,8.000125485167771,1021534208,1023660032,271,47,687865856,516988313,35,1.093,0,0.0,14,0.206,1.299,0.49127117299940437,
2026-10-06T11:50:31.179642+00:00,1010.0162477659997,B,152066,135.78,9.20014612223946,1129947136,1129947136,269,46,770703360,521142272,30,1.036,0,0.0,8,0.097,1.133,0.5165843229988241,
2026-10-06T11:50:31.179703+00:00,1010.0163087129986,C,152065,125.07,8.400087557473153,836546560,842334208,264,41,498073600,416284672,29,1.012,0,0.0,10,0.108,1.12,0.5166562350004824,
2026-10-06T11:50:36.179589+00:00,1015.0161911119994,A,152079,148.71,9.399878905120815,1021534208,1023660032,271,47,687865856,523279769,35,1.093,0,0.0,14,0.206,1.299,0.5692912209997303,
2026-10-06T11:50:36.179993+00:00,1015.0165983879997,B,152066,136.29,10.199284781274017,1129959424,1129959424,269,46,770703360,540016640,30,1.036,0,0.0,8,0.097,1.133,0.5854494079994765,
2026-10-06T11:50:36.180238+00:00,1015.0168439019999,C,152065,125.49,8.399100978707093,836550656,842334208,264,41,498073600,418381824,29,1.012,0,0.0,10,0.108,1.12,0.41869816899998114,
2026-10-06T11:50:41.179532+00:00,1020.0161349559985,A,152079,149.13,8.40009434314091,1021534208,1023660032,271,47,687865856,527474073,35,1.093,0,0.0,14,0.206,1.299,0.5934273090006172,
2026-10-06T11:50:41.180878+00:00,1020.0174834099998,B,152066,137.03,14.797380798489938,1130012672,1130012672,269,46,770703360,555745280,30,1.036,0,0.0,8,0.097,1.133,0.5779747149990726,
2026-10-06T11:50:41.180942+00:00,1020.0175476509994,C,152065,125.9,8.198846014064305,836554752,842334208,264,41,498073600,420478976,29,1.012,0,0.0,10,0.108,1.12,0.5604546180002217,
2026-10-06T11:50:46.179552+00:00,1025.0161553809994,A,152079,149.58,8.999963235148883,1021534208,1023660032,271,47,687865856,533765529,35,1.093,0,0.0,14,0.206,1.299,0.5742900989989721,
2026-10-06T11:50:46.179747+00:00,1025.0163524009986,B,152066,137.5,9.402126778003352,1130016768,1130016768,269,46,770703360,571473920,30,1.036,0,0.0,8,0.097,1.133,0.5802039320005861,
2026-10-06T11:50:46.181136+00:00,1025.0177408659983,C,152065,126.32,8.399675411344603,836567040,842334208,264,41,498073600,420478976,29,1.012,0,0.0,10,0.108,1.12,0.5728458760004287,
2026-10-06T11:50:51.179515+00:00,1030.0161177259997,A,152079,149.99,8.200061754664494,1021534208,1023660032,271,47,687865856,536911257,35,1.093,0,0.0,14,0.206,1.299,0.486307481998665,
2026-10-06T11:50:51.179612+00:00,1030.0162176459999,B,152066,137.98,9.600258736570558,1130020864,1130020864,269,46,770703360,586153984,30,1.036,0,0.0,8,0.097,1.133,0.47543274899908283,
2026-10-06T11:50:51.179647+00:00,1030.0162517869994,C,152065,126.72,8.002383236163785,836567040,842334208,264,41,498073600,422576128,29,1.012,0,0.0,10,0.108,1.12,0.5356147370002873,
2026-10-06T11:50:56.179535+00:00,1035.016138174,A,152079,150.43,8.799964011666756,1021534208,1023660032,271,47,687865856,543202713,35,1.093,0,0.0,14,0.206,1.299,0.39993668099850765,
2026-10-06T11:50:56.180812+00:00,1035.0174175539996,B,152066,138.45,9.397744714187523,1130037248,1130037248,269,46,770703360,601882624,30,1.036,0,0.0,8,0.097,1.133,0.4259181340003124,
2026-10-06T11:50:56.181606+00:00,1035.0182113049996,C,152065,127.12,7.9968659994259825,836571136,842334208,264,41,498073600,424673280,29,1.012,0,0.0,10,0.108,1.12,0.4534466339991923,
2026-10-06T11:51:01.179527+00:00,1040.0161138979984,A,152079,150.85,8.400040783880398,1021534208,1023660032,271,47,687865856,546348441,35,1.093,0,0.0,14,0.206,1.299,0.4507595049999509,
2026-10-06T11:51:01.179637+00:00,1040.0162424559985,B,152066,138.98,10.602491793382667,1130065920,1130065920,269,46,770703360,619708416,30,1.036,0,0.0,8,0.097,1.133,0.3912459960010892,
2026-10-06T11:51:01.179686+00:00,1040.0162913989989,C,152065,127.53,8.203149855326298,836571136,842334208,264,41,498073600,425721856,29,1.012,0,0.0,10,0.108,1.12,0.41218688800108794,
2026-10-06T11:51:06.179583+00:00,1045.0161853179998,A,152079,151.26,8.199882872870672,1021464576,1023660032,271,46,687865856,552639897,35,1.093,0,0.0,14,0.206,1.299,0.41478015199936635,
2026-10-06T11:51:06.179718+00:00,1045.0163233309995,B,152066,139.42,8.7998576623005,1130074112,1130074112,269,46,770703360,636485632,30,1.036,0,0.0,8,0.097,1.133,0.4055696710001939,
2026-10-06T11:51:06.179787+00:00,1045.0163917279988,C,152065,128.05,10.399791319867733,839966720,842334208,264,41,498073600,427819008,29,1.012,0,0.0,10,0.108,1.12,0.4090370810008608,
2026-10-06T11:51:11.179525+00:00,1050.016127908999,A,152079,151.67,8.200094151842398,1021468672,1023660032,271,46,687865856,554737049,35,1.093,0,0.0,14,0.206,1.299,0.48123948099964764,
2026-10-06T11:51:11.179690+00:00,1050.0162949399983,B,152066,139.87,9.000051104092773,1130090496,1130090496,269,46,770703360,654311424,30,1.036,0,0.0,8,0.097,1.133,0.39231006300178706,
2026-10-06T11:51:11.179830+00:00,1050.016435780999,C,152065,128.45,7.999929515820173,839970816,842334208,264,41,498073600,428867584,29,1.012,0,0.0,10,0.108,1.12,0.4916286210009275,
2026-10-06T11:51:16.179569+00:00,1055.0161712109984,A,152079,152.19,10.399909932621181,1021468672,1023660032,271,46,687865856,562077081,35,1.093,0,0.0,14,0.206,1.299,0.4141841620003106,
2026-10-06T11:51:16.180019+00:00,1055.0166242359992,B,152066,140.37,9.99934145136963,1130106880,1130106880,269,46,770703360,673185792,30,1.036,0,0.0,8,0.097,1.133,0.3176536600003601,
2026-10-06T11:51:16.180063+00:00,1055.0166682769996,C,152065,128.83,7.599646622511434,839995392,842334208,264,41,498073600,430964736,29,1.012,0,0.0,10,0.108,1.12,0.45722012300029746,
2026-10-06T11:51:21.179533+00:00,1060.0161352139985,A,152079,152.61,8.400060475395605,1021468672,1023660032,271,46,687865856,565222809,35,1.093,0,0.0,14,0.206,1.299,0.4667984780007828,
2026-10-06T11:51:21.179875+00:00,1060.0164803869993,B,152066,140.82,9.000258935649065,1130106880,1130106880,269,46,770703360,687865856,30,1.036,0,0.0,8,0.097,1.133,0.4839609869995911,
2026-10-06T11:51:21.179942+00:00,1060.0165469569984,C,152065,129.22,7.800189263793894,839995392,842334208,264,41,498073600,433061888,29,1.012,0,0.0,10,0.108,1.12,0.44890795100036485,
2026-10-06T11:51:26.179607+00:00,1065.0162086339988,A,152079,153.03,8.39987665621049,1021468672,1023660032,271,46,687865856,571514265,35,1.093,0,0.0,14,0.206,1.299,0.46502229399993666,
2026-10-06T11:51:26.179731+00:00,1065.0163357749989,B,152066,141.3,9.600277663071893,1130110976,1130110976,269,46,770703360,248788172,31,1.04,0,0.0,8,0.097,1.137,0.4135382620006567,
2026-10-06T11:51:26.179875+00:00,1065.0164809529997,C,152065,129.6,7.600100327402265,840011776,842334208,264,41,498073600,434110464,29,1.012,0,0.0,10,0.108,1.12,0.3750662349993945,
2026-10-06T11:51:31.179575+00:00,1070.0161773239997,A,152079,153.46,8.6000538535357,1021468672,1023660032,271,46,687865856,574659993,35,1.093,0,0.0,14,0.206,1.299,0.48213989999931073,
2026-10-06T11:51:31.180912+00:00,1070.0175172559993,B,152066,141.73,8.59796833275403,1130119168,1130119168,269,46,770703360,262419660,31,1.04,0,0.0,8,0.097,1.137,0.38241294999897946,
2026-10-06T11:51:31.181138+00:00,1070.017743851,C,152065,130.0,7.997979873442428,840015872,842334208,264,41,498073600,435159040,29,1.012,0,0.0,10,0.108,1.12,0.42892943999868294,
2026-10-06T11:51:36.179556+00:00,1075.0161581739994,A,152079,153.89,8.600032938126233,1021468672,1023660032,271,46,687865856,580951449,35,1.093,0,0.0,14,0.206,1.299,0.4859738430004654,
2026-10-06T11:51:36.179701+00:00,1075.0163060699997,B,152066,142.15,8.402035285501569,1130123264,1130123264,269,46,770703360,277099724,31,1.04,0,0.0,8,0.097,1.137,0.454315733999465,
2026-10-06T11:51:36.179765+00:00,1075.0163706029998,C,152065,130.45,9.0024725254782,840085504,842334208,264,41,498073600,437256192,29,1.012,0,0.0,10,0.108,1.12,0.4735199289989396,
2026-10-06T11:51:41.179556+00:00,1080.0161574199992,A,152079,154.28,7.800001176240803,1021468672,1023660032,271,46,687865856,584097177,35,1.093,0,0.0,14,0.206,1.299,0.3990517700003693,
2026-10-06T11:51:41.179701+00:00,1080.016305887999,B,152066,142.57,8.400000305761111,1130123264,1130123264,269,46,770703360,290731212,31,1.04,0,0.0,8,0.097,1.137,0.3420370780004305,
2026-10-06T11:51:41.179813+00:00,1080.0164189179995,C,152065,130.8,6.99993235965444,840089600,842334208,264,41,498073600,439353344,29,1.012,0,0.0,10,0.108,1.12,0.4594605109996337,
2026-10-06T11:51:46.179509+00:00,1085.0161123749986,A,152079,154.7,8.40007567628263,1021468672,1023660032,271,46,687865856,591437209,35,1.093,0,0.0,14,0.206,1.299,0.4064545680012088,
2026-10-06T11:51:46.179611+00:00,1085.016215714999,B,152066,143.01,8.80015870734216,1130135552,1130135552,269,46,770703360,306459852,31,1.04,0,0.0,8,0.097,1.137,0.44989396700111683,
2026-10-06T11:51:46.179761+00:00,1085.0163662249997,C,152065,131.2,8.000084309687756,840126464,842334208,264,41,498073600,440401920,29,1.012,0,0.0,10,0.108,1.12,0.37977336999938416,
2026-10-06T11:51:51.179587+00:00,1090.0161899699997,A,152079,155.11,8.199872746173499,1021468672,1023660032,271,46,687865856,594582937,35,1.093,0,0.0,14,0.206,1.299,0.5080718289991637,
2026-10-06T11:51:51.180753+00:00,1090.0173590949998,B,152066,143.43,8.398079560757104,1130135552,1130135552,269,46,770703360,320091340,31,1.04,0,0.0,8,0.097,1.137,0.4798611139995046,
2026-10-06T11:51:51.180823+00:00,1090.0174248929998,C,152065,131.56,7.198475840795929,840134656,842334208,264,41,498073600,442499072,29,1.012,0,0.0,10,0.108,1.12,0.46860928000023705,
2026-10-06T11:51:56.179568+00:00,1095.0161703909998,A,152079,155.53,8.400032892848307,1021501440,1023660032,271,46,687865856,600874393,35,1.093,0,0.0,14,0.206,1.299,0.39936658999977226,
2026-10-06T11:51:56.179692+00:00,1095.016296881,B,152066,143.86,8.60182739629703,1130135552,1130135552,269,46,770703360,334771404,31,1.04,0,0.0,8,0.097,1.137,0.40165495999826817,
2026-10-06T11:51:56.179784+00:00,1095.0163902509994,C,152065,131.93,7.401531587089514,840134656,842334208,264,41,498073600,443547648,29,1.012,0,0.0,10,0.108,1.12,0.4612762569995539,
2026-10-06T11:52:01.179539+00:00,1100.0161402119993,A,152079,155.93,8.000048286692413,1021501440,1023660032,271,46,687865856,604020121,35,1.093,0,0.0,14,0.206,1.299,0.3741692540006625,
2026-10-06T11:52:01.179678+00:00,1100.0162811379996,B,152066,144.29,8.600027078045521,1130135552,1130135552,269,46,770703360,347354316,31,1.04,0,0.0,8,0.097,1.137,0.36028422900017176,
2026-10-06T11:52:01.180015+00:00,1100.0166168179985,C,152065,132.3,7.399664696035161,840138752,842334208,264,41,498073600,445644800,29,1.012,0,0.0,10,0.108,1.12,0.4349834370004828,
2026-10-06T11:52:06.179540+00:00,1105.0161422969995,A,152079,156.36,8.59999641380123,1021501440,1023660032,271,46,687865856,610311577,35,1.093,0,0.0,14,0.206,1.299,0.403513371000372,
2026-10-06T11:52:06.179656+00:00,1105.0162609649997,B,152066,144.73,8.800035504623093,1130139648,1130139648,269,46,770703360,360985804,31,1.04,0,0.0,8,0.097,1.137,0.5014662399989902,
2026-10-06T11:52:06.179830+00:00,1105.0164355369998,C,152065,132.68,7.600275557108635,840142848,842334208,264,41,498073600,446693376,29,1.012,0,0.0,10,0.108,1.12,0.37053013799959444,
2026-10-06T11:52:11.179525+00:00,1110.0161279579988,A,152079,156.79,8.600024663151501,1021501440,1023660032,271,46,687865856,614505881,35,1.093,0,0.0,14,0.206,1.299,0.4601756009997189,
2026-10-06T11:52:11.179663+00:00,1110.0162553249993,B,152066,145.19,9.200010377612566,1130164224,1130164224,269,46,770703360,372520140,31,1.04,0,0.0,8,0.097,1.137,0.3639122069998848,
2026-10-06T11:52:11.179752+00:00,1110.0163569419983,C,152065,133.1,8.40013204167778,840142848,842334208,264,41,498073600,448790528,29,1.012,0,0.0,10,0.108,1.12,0.3714562310015026,
2026-10-06T11:52:16.179548+00:00,1115.016150268999,A,152079,157.19,7.999964302559297,1021501440,1023660032,271,46,687865856,619748761,35,1.093,0,0.0,14,0.206,1.299,0.45050419899962435,
2026-10-06T11:52:16.179683+00:00,1115.0162880049993,B,152066,145.64,8.999941176384237,1130168320,1130168320,269,46,770703360,387200204,31,1.04,0,0.0,8,0.097,1.137,0.4266741150004236,
2026-10-06T11:52:16.179893+00:00,1115.0164982909992,C,152065,133.48,7.599785155592238,840142848,842334208,264,41,498073600,449839104,29,1.012,0,0.0,10,0.108,1.12,0.32668224000008195,
2026-10-06T11:52:21.179575+00:00,1120.0161776669993,A,152079,157.61,8.39995397161189,1021501440,1023660032,271,46,687865856,622894489,35,1.093,0,0.0,14,0.206,1.299,0.5181556589996035,
2026-10-06T11:52:21.179723+00:00,1120.016328407999,B,152066,146.1,9.199925659081376,1130168320,1130168320,269,46,770703360,401880268,31,1.04,0,0.0,8,0.097,1.137,0.41675094300080673,
2026-10-06T11:52:21.179799+00:00,1120.0164043469995,C,152065,133.87,7.800146555393385,840142848,842334208,264,41,498073600,451936256,29,1.012,0,0.0,10,0.108,1.12,0.5139270219988248,
2026-10-06T11:52:26.179568+00:00,1125.0161704549992,A,152079,158.05,8.800012693138488,1021571072,1023660032,271,47,687865856,243980697,36,1.101,0,0.0,14,0.206,1.307,0.40119504500034964,
2026-10-06T11:52:26.179733+00:00,1125.0163376299988,B,152066,146.51,8.199984875948171,1130176512,1130176512,269,46,770703360,416560332,31,1.04,0,0.0,8,0.097,1.137,0.4373260880001908,
2026-10-06T11:52:26.179881+00:00,1125.016485958,C,152065,134.26,7.799872688916951,840142848,842334208,264,41,498073600,452984832,29,1.012,0,0.0,10,0.108,1.12,0.4082270399994741,
2026-10-06T11:52:31.179538+00:00,1130.0161396389994,A,152079,158.48,8.600053003845739,1021571072,1023660032,271,47,687865856,247126425,36,1.101,0,0.0,14,0.206,1.307,0.3906253259992809,
2026-10-06T11:52:31.179680+00:00,1130.0162851319983,B,152066,146.96,9.000094497393452,1130201088,1130201088,269,46,770703360,432288972,31,1.04,0,0.0,8,0.097,1.137,0.41131703500104777,
2026-10-06T11:52:31.179784+00:00,1130.0163891739994,C,152065,134.65,7.800150985963776,840142848,842334208,264,41,498073600,455081984,29,1.012,0,0.0,10,0.108,1.12,0.4869708650003304,
2026-10-06T11:52:36.179583+00:00,1135.0161860419994,A,152079,158.91,8.599920187580944,1021571072,1023660032,271,47,687865856,254466457,36,1.101,0,0.0,14,0.206,1.307,0.580473071000597,
2026-10-06T11:52:36.179701+00:00,1135.0163060019986,B,152066,147.42,9.199961599359325,1130209280,1130209280,269,46,770703360,444871884,31,1.04,0,0.0,8,0.097,1.137,0.5463683449997916,
2026-10-06T11:52:36.179839+00:00,1135.016443688999,C,152065,135.04,7.799914957527496,840142848,842334208,264,41,498073600,456130560,29,1.012,0,0.0,10,0.108,1.12,0.5620289159996901,
2026-10-06T11:52:41.179525+00:00,1140.0161270009994,A,152079,159.34,8.600101551719256,1021571072,1023660032,271,47,687865856,256563609,36,1.101,0,0.0,14,0.206,1.307,0.5470123599989165,
2026-10-06T11:52:41.179636+00:00,1140.0162410119992,B,152066,147.91,9.800127382054665,1130217472,1130217472,269,46,770703360,457454796,31,1.04,0,0.0,8,0.097,1.137,0.4581065780002973,
2026-10-06T11:52:41.179873+00:00,1140.0164781779986,C,152065,136.0,19.199867563155536,840269824,842334208,264,41,498073600,230162432,30,1.037,0,0.0,12,0.122,1.159,0.47326779500144767,
2026-10-06T11:52:46.179528+00:00,1145.016130348,A,152079,159.78,8.799994109282967,1021571072,1023660032,271,47,687865856,262855065,36,1.101,0,0.0,14,0.206,1.307,0.38736407899887126,
2026-10-06T11:52:46.179646+00:00,1145.0162506039997,B,152066,148.35,8.799983118111594,1130237952,1130237952,269,46,770703360,471086284,31,1.04,0,0.0,8,0.097,1.137,0.4094926130001113,
2026-10-06T11:52:46.179694+00:00,1145.0162996279996,C,152065,136.47,9.400335685985375,840269824,842334208,264,41,498073600,232259584,30,1.037,0,0.0,12,0.122,1.159,0.4422608429995307,
2026-10-06T11:52:51.179542+00:00,1150.0161445449994,A,152079,160.18,7.999977284865454,1021571072,1023660032,271,47,687865856,266000793,36,1.101,0,0.0,14,0.206,1.307,0.4601120240004093,
2026-10-06T11:52:51.179653+00:00,1150.0162582249995,B,152066,148.77,8.399987196740009,1130237952,1130237952,269,46,770703360,484717772,31,1.04,0,0.0,8,0.097,1.137,0.3944963829999324,
2026-10-06T11:52:51.179819+00:00,1150.016424604999,C,152065,136.84,7.399815038664221,840269824,842334208,264,41,498073600,233308160,30,1.037,0,0.0,12,0.122,1.159,0.40304318600101396,
2026-10-06T11:52:56.179552+00:00,1155.016153871,A,152079,160.61,8.599983959309181,1021571072,1023660032,271,47,687865856,273340825,36,1.101,0,0.0,14,0.206,1.307,0.46381380399907357,
2026-10-06T11:52:56.179654+00:00,1155.0162594949998,B,152066,149.25,9.59999756160001,1130250240,1130250240,269,46,770703360,498349260,31,1.04,0,0.0,8,0.097,1.137,0.3581196169998293,
2026-10-06T11:52:56.179742+00:00,1155.0163478779996,C,152065,137.24,8.000122765083026,840269824,842334208,264,41,498073600,235405312,30,1.037,0,0.0,12,0.122,1.159,0.4794774639995012,
2026-10-06T11:53:01.179537+00:00,1160.0161403249986,A,152079,161.03,8.400022757343681,1021571072,1023660032,271,47,687865856,275437977,36,1.101,0,0.0,14,0.206,1.307,0.41716624600121577,
2026-10-06T11:53:01.179672+00:00,1160.0162769899998,B,152066,149.71,9.199967809312675,1130274816,1130274816,269,46,770703360,514077900,31,1.04,0,0.0,8,0.097,1.137,0.47434113700001035,
2026-10-06T11:53:01.179822+00:00,1160.0164266699994,C,152065,137.65,8.199870783156445,840269824,842334208,264,41,498073600,236453888,30,1.037,0,0.0,12,0.122,1.159,0.4586075400002301,
2026-10-06T11:53:06.179571+00:00,1165.0161721969998,A,152079,161.44,8.199947730251033,1021571072,1023660032,271,47,687865856,280680857,36,1.101,0,0.0,14,0.206,1.307,0.3881959129994357,
2026-10-06T11:53:06.179751+00:00,1165.0163542149985,B,152066,150.16,8.999860997149053,1130274816,1130274816,269,46,770703360,527709388,31,1.04,0,0.0,8,0.097,1.137,0.4609587430004467,
2026-10-06T11:53:06.179980+00:00,1165.0165845059983,C,152065,138.01,7.199772723335871,840269824,842334208,264,41,498073600,237502464,30,1.037,0,0.0,12,0.122,1.159,0.38857253400055924,
2026-10-06T11:53:11.179592+00:00,1170.0161946649987,A,152079,161.86,8.399962253931848,1021571072,1023660032,271,47,687865856,283826585,36,1.101,0,0.0,14,0.206,1.307,0.3964758020010777,
2026-10-06T11:53:11.179702+00:00,1170.0163060119994,B,152066,150.59,8.600082909957884,1130274816,1130274816,269,46,770703360,544486604,31,1.04,0,0.0,8,0.097,1.137,0.4837712629996531,
2026-10-06T11:53:11.179778+00:00,1170.0163830129986,C,152065,138.39,7.600306281702059,840269824,842334208,264,41,498073600,239599616,30,1.037,0,0.0,12,0.122,1.159,0.45698948800054495,
2026-10-06T11:53:16.179575+00:00,1175.0161773689997,A,152079,162.3,8.800030441063473,1021571072,1023660032,271,47,687865856,293263769,36,1.101,0,0.0,14,0.206,1.307,0.5141880800001672,
2026-10-06T11:53:16.179723+00:00,1175.016327989999,B,152066,151.06,9.399958681542547,1130278912,1130278912,269,46,770703360,559166668,31,1.04,0,0.0,8,0.097,1.137,0.5028373420009302,
2026-10-06T11:53:16.179781+00:00,1175.016386243,C,152065,138.77,7.599995090401655,840269824,842334208,264,41,498073600,241696768,30,1.037,0,0.0,12,0.122,1.159,0.5118733599992993,
2026-10-06T11:53:21.179577+00:00,1180.0161789779995,A,152079,162.77,9.399996975081308,1021571072,1023660032,271,47,687865856,301652377,36,1.101,0,0.0,14,0.206,1.307,0.4939911530000245,
2026-10-06T11:53:21.181031+00:00,1180.0176363359988,B,152066,151.62,11.197070071632371,1130299392,1130299392,269,46,770703360,569652428,31,1.04,0,0.0,8,0.097,1.137,0.5826165449998371,
2026-10-06T11:53:21.181079+00:00,1180.0176845729984,C,152065,139.2,8.59776745211899,840269824,842334208,264,41,498073600,242745344,30,1.037,0,0.0,12,0.122,1.159,0.5210718250000355,
2026-10-06T11:53:26.179566+00:00,1185.0161693369992,A,152079,163.21,8.800016968193306,1021501440,1023660032,271,46,687865856,311089561,36,1.101,0,0.0,14,0.206,1.307,0.4694413599991094,
2026-10-06T11:53:26.179724+00:00,1185.0163255969983,B,152066,152.15,10.60277949531961,1130323968,1130323968,269,46,770703360,579089612,31,1.04,0,0.0,8,0.097,1.137,0.5225577979999798,
2026-10-06T11:53:26.179914+00:00,1185.0165194229994,C,152065,139.57,7.401724823934328,840269824,842334208,264,41,498073600,244842496,30,1.037,0,0.0,12,0.122,1.159,0.46924103799938166,
2026-10-06T11:53:31.179579+00:00,1190.016180397999,A,152079,163.66,8.999980090244005,1021501440,1023660032,271,46,687865856,319478169,36,1.101,0,0.0,14,0.206,1.307,0.3742333009995491,
2026-10-06T11:53:31.181087+00:00,1190.0176922269984,B,152066,152.68,10.597103536078665,1130344448,1130344448,269,46,770703360,591672524,31,1.04,0,0.0,8,0.097,1.137,0.4775308140015113,
2026-10-06T11:53:31.181138+00:00,1190.0177432839992,C,152065,139.97,7.9980423015906705,840269824,842334208,264,41,498073600,247988224,30,1.037,0,0.0,12,0.122,1.159,0.4391396219998569,
2026-10-06T11:53:36.179536+00:00,1195.0161387609987,A,152079,164.09,8.600071616237068,1021566976,1023660032,271,47,687865856,329963929,36,1.101,0,0.0,14,0.206,1.307,0.371181558999524,
2026-10-06T11:53:36.179659+00:00,1195.0162639129994,B,152066,153.13,9.002571699836922,1130385408,1130385408,269,46,770703360,600061132,31,1.04,0,0.0,8,0.097,1.137,0.4131586889998289,
2026-10-06T11:53:36.179727+00:00,1195.0163324059995,C,152065,140.35,7.602145139865521,840269824,842334208,264,41,498073600,249036800,30,1.037,0,0.0,12,0.122,1.159,0.45950185599940596,
2026-10-06T11:53:41.179552+00:00,1200.0161552929985,A,152079,164.54,8.99997024249854,1021575168,1023660032,271,47,687865856,338352537,36,1.101,0,0.0,14,0.206,1.307,0.37717060100112576,
2026-10-06T11:53:41.179659+00:00,1200.016264210999,B,152066,153.55,8.399999499361058,1130393600,1130393600,269,46,770703360,611595468,31,1.04,0,0.0,8,0.097,1.137,0.36991591200057883,
2026-10-06T11:53:41.179717+00:00,1200.0163224439984,C,152065,140.69,6.800013548348502,840413184,842334208,264,43,498073600,251133952,30,1.037,0,0.0,12,0.122,1.159,0.43379175000154646,
2026-10-06T11:53:46.179730+00:00,1205.016332183999,A,152079,165.02,9.599660381294326,1021575168,1023660032,271,47,687865856,349886873,36,1.101,0,0.0,14,0.206,1.307,0.4527506430003996,
2026-10-06T11:53:46.179845+00:00,1205.0164502959997,B,152066,154.03,9.599642730095008,1130401792,1130401792,269,46,770703360,623129804,31,1.04,0,0.0,8,0.097,1.137,0.4099034989994834,
2026-10-06T11:53:46.179912+00:00,1205.0165169059983,C,152065,141.05,7.1997199856109155,840413184,842334208,264,43,498073600,253231104,30,1.037,0,0.0,12,0.122,1.159,0.36341257599997334,
2026-10-06T11:53:51.179528+00:00,1210.016130689999,A,152079,165.42,8.00032240339212,1021575168,1023660032,271,47,687865856,358275481,36,1.101,0,0.0,14,0.206,1.307,0.40344958099922223,
2026-10-06T11:53:51.179634+00:00,1210.0162389369998,B,152066,154.45,8.40035509813018,1130405888,1130405888,269,46,770703360,635712716,31,1.04,0,0.0,8,0.097,1.137,0.39006870099910884,
2026-10-06T11:53:51.179677+00:00,1210.0162819319994,C,152065,141.42,7.400347777861624,840413184,842334208,264,43,498073600,255328256,30,1.037,0,0.0,12,0.122,1.159,0.3688954650006053,
2026-10-06T11:53:56.179572+00:00,1215.0161748809987,A,152079,165.79,7.39993459789859,1021575168,1023660032,271,47,687865856,369809817,36,1.101,0,0.0,14,0.206,1.307,0.482631124999898,
2026-10-06T11:53:56.179815+00:00,1215.0164204989997,B,152066,154.86,8.199702249132791,1130409984,1130409984,269,46,770703360,645149900,31,1.04,0,0.0,8,0.097,1.137,0.41012464899904444,
2026-10-06T11:53:56.179894+00:00,1215.0164995329997,C,152065,141.78,7.199686668196163,840413184,842334208,264,43,498073600,256376832,30,1.037,0,0.0,12,0.122,1.159,0.43457577399931324,
2026-10-06T11:54:01.179544+00:00,1220.016145615,A,152079,166.22,8.600050337812743,1021575168,1023660032,271,47,687865856,378198425,36,1.101,0,0.0,14,0.206,1.307,0.45050237999930687,
2026-10-06T11:54:01.179702+00:00,1220.0163069029986,B,152066,155.37,10.20023174110689,1130418176,1130418176,269,46,770703360,657732812,31,1.04,0,0.0,8,0.097,1.137,0.4065414240012615,
2026-10-06T11:54:01.179766+00:00,1220.0163714789996,C,152065,142.17,7.800199769356005,840413184,842334208,264,43,498073600,259522560,30,1.037,0,0.0,12,0.122,1.159,0.47636021899961634,
2026-10-06T11:54:06.180730+00:00,1225.0173323539984,A,152079,166.65,8.597959293279944,1021575168,1023660032,271,47,687865856,388684185,36,1.101,0,0.0,14,0.206,1.307,0.48384807799993723,
2026-10-06T11:54:06.180870+00:00,1225.017475323999,B,152066,155.83,9.197850607638587,1130426368,1130426368,269,46,770703360,668218572,31,1.04,0,0.0,8,0.097,1.137,0.48258381000050576,
2026-10-06T11:54:06.180989+00:00,1225.017593957,C,152065,142.55,7.598142287642561,840413184,842334208,264,43,498073600,260571136,30,1.037,0,0.0,12,0.122,1.159,0.38126192499839817,
2026-10-06T11:54:11.179539+00:00,1230.0161418389998,A,152079,167.03,7.601810013767485,1021575168,1023660032,271,47,687865856,396024217,36,1.101,0,0.0,14,0.206,1.307,0.3589743399988947,
2026-10-06T11:54:11.179642+00:00,1230.0162474969984,B,152066,156.33,10.002456257172872,1130459136,1130459136,269,46,770703360,677655756,31,1.04,0,0.0,8,0.097,1.137,0.2991194570004154,
2026-10-06T11:54:11.179693+00:00,1230.016298343,C,152065,142.92,7.401918005718387,840413184,842334208,264,43,498073600,262668288,30,1.037,0,0.0,12,0.122,1.159,0.42381401999955415,
2026-10-06T11:54:16.179533+00:00,1235.0161354799984,A,152079,167.43,8.000010174415321,1021575168,1023660032,271,47,687865856,406509977,36,1.101,0,0.0,14,0.206,1.307,0.3159437260001141,
2026-10-06T11:54:16.179650+00:00,1235.0162551099984,B,152066,156.74,8.199987514698975,1130471424,1130471424,269,46,770703360,688141516,31,1.04,0,0.0,8,0.097,1.137,0.4375646100015729,
2026-10-06T11:54:16.179719+00:00,1235.016324454,C,152065,143.25,6.599965533660376,840413184,842334208,264,43,498073600,263716864,30,1.037,0,0.0,12,0.122,1.159,0.3813410879993171,
2026-10-06T11:54:21.179569+00:00,1240.016172059999,A,152079,167.86,8.599937082859412,1021575168,1023660032,271,47,687865856,415947161,36,1.101,0,0.0,14,0.206,1.307,0.5029709650007135,
2026-10-06T11:54:21.179757+00:00,1240.0163632369986,B,152066,157.54,15.999654001081373,1125683200,1134899200,269,46,770703360,246415360,32,1.047,0,0.0,8,0.097,1.144,0.42339902599997004,
2026-10-06T11:54:21.179788+00:00,1240.0163930459985,C,152065,143.65,7.999890254307937,840413184,842334208,264,43,498073600,266862592,30,1.037,0,0.0,12,0.122,1.159,0.4297609810000722,
2026-10-06T11:54:26.179519+00:00,1245.0161216299985,A,152079,168.5,12.800129102103275,1021644800,1023660032,271,47,687865856,425384345,36,1.101,0,0.0,14,0.206,1.307,0.4115702050003165,
2026-10-06T11:54:26.179691+00:00,1245.016290779,B,152066,158.0,9.200133324649693,1125683200,1134899200,269,46,770703360,257949696,32,1.047,0,0.0,8,0.097,1.144,0.37135321499954443,
2026-10-06T11:54:26.179986+00:00,1245.0165916649985,C,152065,144.0,6.999721944445306,840413184,842334208,264,43,498073600,266862592,30,1.037,0,0.0,12,0.122,1.159,0.30202478899991547,
2026-10-06T11:54:31.179567+00:00,1250.0161681149984,A,152079,168.9,7.999925624691606,1021644800,1023660032,271,47,687865856,433772953,36,1.101,0,0.0,14,0.206,1.307,0.4736346740010049,
2026-10-06T11:54:31.179682+00:00,1250.0162865369985,B,152066,158.72,14.40001221697473,1133481984,1134899200,269,46,770703360,268435456,32,1.047,0,0.0,8,0.097,1.144,0.48486346500067157,
2026-10-06T11:54:31.179749+00:00,1250.0163549249992,C,152065,144.4,8.000378801934522,840413184,842334208,264,43,498073600,268959744,30,1.037,0,0.0,12,0.122,1.159,0.3633951400006481,
2026-10-06T11:54:36.179587+00:00,1255.0161887389986,A,152079,169.37,9.399961227039585,1021575168,1023660032,271,46,687865856,445307289,36,1.101,0,0.0,14,0.206,1.307,0.4074334140004794,
2026-10-06T11:54:36.180741+00:00,1255.017347178,B,152066,159.24,10.397794334601002,1125797888,1134899200,269,46,770703360,278921216,32,1.047,0,0.0,8,0.097,1.144,0.45022351299849106,
2026-10-06T11:54:36.180887+00:00,1255.0174926459986,C,152065,144.8,7.998180060517755,840413184,842334208,264,43,498073600,271056896,30,1.037,0,0.0,12,0.122,1.159,0.40048371700140706,
2026-10-06T11:54:41.179550+00:00,1260.0161529179986,A,152079,169.78,8.200058746860778,1021575168,1023660032,271,46,687865856,452647321,36,1.101,0,0.0,14,0.206,1.307,0.41840583399971365,
2026-10-06T11:54:41.179659+00:00,1260.0162641539991,B,152066,159.72,9.602079856588182,1125810176,1134899200,269,46,770703360,288358400,32,1.047,0,0.0,8,0.097,1.144,0.38692737900055363,
2026-10-06T11:54:41.179905+00:00,1260.016511025,C,152065,145.14,6.801335266702726,840273920,842334208,264,41,498073600,273154048,30,1.037,0,0.0,12,0.122,1.159,0.46742830199946184,
2026-10-06T11:54:46.179549+00:00,1265.016150771,A,152079,170.15,7.4000031775594834,1021575168,1023660032,271,46,687865856,464181657,36,1.101,0,0.0,14,0.206,1.307,0.4255805009997857,
2026-10-06T11:54:46.179680+00:00,1265.016284673,B,152066,160.19,9.399961424436729,1125847040,1134899200,269,46,770703360,299892736,32,1.047,0,0.0,8,0.097,1.144,0.42230070699952194,
2026-10-06T11:54:46.179728+00:00,1265.0163333609999,C,152065,145.5,7.200255845251384,840273920,842334208,264,41,498073600,274202624,30,1.037,0,0.0,12,0.122,1.159,0.40150663999884273,
2026-10-06T11:54:51.179537+00:00,1270.0161390479989,A,152079,170.59,8.80002063253023,1021583360,1023660032,271,46,687865856,472570265,36,1.101,0,0.0,14,0.206,1.307,0.4946568350005691,
2026-10-06T11:54:51.179658+00:00,1270.0162635099987,B,152066,160.68,9.800041479658281,1125892096,1134899200,269,46,770703360,310378496,32,1.047,0,0.0,8,0.097,1.144,0.515555525000309,
2026-10-06T11:54:51.179760+00:00,1270.016366164,C,152065,145.89,7.799948827655344,840273920,842334208,264,41,498073600,277348352,30,1.037,0,0.0,12,0.122,1.159,0.5062100059985823,
2026-10-06T11:54:56.179614+00:00,1275.016215276999,A,152079,171.07,9.599853642550912,1021657088,1023660032,271,47,687865856,483056025,36,1.101,0,0.0,14,0.206,1.307,0.501282593999349,
2026-10-06T11:54:56.179754+00:00,1275.0163595429985,B,152066,161.21,10.599796413950509,1125941248,1134899200,269,46,770703360,319815680,32,1.047,0,0.0,8,0.097,1.144,0.5067902219998359,
2026-10-06T11:54:56.179841+00:00,1275.0164457929986,C,152065,146.28,7.799875780740585,840278016,842334208,264,41,498073600,278396928,30,1.037,0,0.0,12,0.122,1.159,0.5008918229996198,
2026-10-06T11:55:01.179566+00:00,1280.01616836,A,152079,171.65,11.600108848459424,1021661184,1023660032,271,47,687865856,491444633,36,1.101,0,0.0,14,0.206,1.307,0.44143626999903063,
2026-10-06T11:55:01.179697+00:00,1280.0163019659994,B,152066,161.81,12.000138186388991,1125982208,1134899200,269,46,770703360,331350016,32,1.047,0,0.0,8,0.097,1.144,0.39698715699887543,
2026-10-06T11:55:01.179829+00:00,1280.0164346149995,C,152065,146.7,8.400018779080243,840286208,842334208,264,41,498073600,280494080,30,1.037,0,0.0,12,0.122,1.159,0.5015966569990269,
2026-10-06T11:55:06.179509+00:00,1285.016112067,A,152079,172.13,9.600108083776558,1021661184,1023660032,271,47,687865856,502978969,36,1.101,0,0.0,14,0.206,1.307,0.48652673899960064,
2026-10-06T11:55:06.179614+00:00,1285.0162190419996,B,152066,162.3,9.800162533735376,1125982208,1134899200,269,46,770703360,341835776,32,1.047,0,0.0,8,0.097,1.144,0.5543714889990952,
2026-10-06T11:55:06.179784+00:00,1285.016385903,C,152065,147.11,8.200079888458191,840286208,842334208,264,41,498073600,281542656,30,1.037,0,0.0,12,0.122,1.159,0.5524362739997741,
2026-10-06T11:55:11.179564+00:00,1290.0161651949984,A,152079,172.59,9.199902245521805,1021661184,1023660032,271,47,687865856,510319001,36,1.101,0,0.0,14,0.206,1.307,0.46430659300131083,
2026-10-06T11:55:11.179694+00:00,1290.0162987699987,B,152066,162.81,10.199837357475216,1125982208,1134899200,269,46,770703360,352321536,32,1.047,0,0.0,8,0.097,1.144,0.5557145149996359,
2026-10-06T11:55:11.179829+00:00,1290.016433748,C,152065,147.51,7.999923448731819,840286208,842334208,264,41,498073600,284688384,30,1.037,0,0.0,12,0.122,1.159,0.5207715129999997,
2026-10-06T11:55:16.179541+00:00,1295.0161438569994,A,152079,173.04,9.000038408561863,1021661184,1023660032,271,47,687865856,521853337,36,1.101,0,0.0,14,0.206,1.307,0.41023198800030514,
2026-10-06T11:55:16.179687+00:00,1295.0162919799986,B,152066,163.24,8.60001167881607,1125986304,1134899200,269,46,770703360,363855872,32,1.047,0,0.0,8,0.097,1.144,0.49132525000095484,
2026-10-06T11:55:16.179760+00:00,1295.0163656599998,C,152065,147.91,8.000108942284065,840286208,842334208,264,41,498073600,284688384,30,1.037,0,0.0,12,0.122,1.159,0.40765264599940565,
2026-10-06T11:55:21.179547+00:00,1300.016149269999,A,152079,173.51,9.39998982357175,1021661184,1023660032,271,47,687865856,529193369,36,1.101,0,0.0,14,0.206,1.307,0.47751194900047267,
2026-10-06T11:55:21.179662+00:00,1300.016267101999,B,152066,163.72,9.60004776599698,1126006784,1134899200,269,46,770703360,372244480,32,1.047,0,0.0,8,0.097,1.144,0.45521895499950915,
2026-10-06T11:55:21.179796+00:00,1300.0164009329983,C,152065,148.31,7.999943563600646,840286208,842334208,264,41,498073600,287834112,30,1.037,0,0.0,12,0.122,1.159,0.503130343000521,
2026-10-06T11:55:26.179557+00:00,1305.0161594809997,A,152079,174.0,9.799979986479682,1021661184,1023660032,271,47,687865856,541776281,36,1.101,0,0.0,14,0.206,1.307,0.47737814799984335,
2026-10-06T11:55:26.179679+00:00,1305.0162842129994,B,152066,164.22,9.999965778116138,1126014976,1134899200,269,46,770703360,384827392,32,1.047,0,0.0,8,0.097,1.144,0.3667313869991631,
2026-10-06T11:55:26.179750+00:00,1305.0163550199995,C,152065,148.72,8.200075298009326,840290304,842334208,264,41,498073600,288882688,30,1.037,0,0.0,12,0.122,1.159,0.4163217139994231,
2026-10-06T11:55:31.179514+00:00,1310.0161160749994,A,152079,174.42,8.400072922713242,1021661184,1023660032,271,47,687865856,549116313,36,1.101,0,0.0,14,0.206,1.307,0.40491097399899445,
2026-10-06T11:55:31.180662+00:00,1310.017267322999,B,152066,164.67,8.998230749873898,1126019072,1134899200,269,46,770703360,395313152,32,1.047,0,0.0,8,0.097,1.144,0.38121904199942946,
2026-10-06T11:55:31.180701+00:00,1310.0173065869985,C,152065,149.1,7.598553893374908,840290304,842334208,264,41,498073600,290979840,30,1.037,0,0.0,12,0.122,1.159,0.4368286070002796,
2026-10-06T11:55:36.179560+00:00,1315.0161619889986,A,152079,174.85,8.599921028646687,1021661184,1023660032,271,47,687865856,559602073,36,1.101,0,0.0,14,0.206,1.307,0.4938357040009578,
2026-10-06T11:55:36.180831+00:00,1315.0174365119983,B,152066,165.11,8.79970223743742,1126023168,1134899200,269,46,770703360,404750336,32,1.047,0,0.0,8,0.097,1.144,0.44667415200092364,
2026-10-06T11:55:36.180909+00:00,1315.0175117449999,C,152065,149.48,7.599688172632654,840331264,842334208,264,41,498073600,293076992,30,1.037,0,0.0,12,0.122,1.159,0.3620717439989676,
2026-10-06T11:55:41.179530+00:00,1320.0161328689992,A,152079,175.24,7.8000454274640125,1021661184,1023660032,271,47,687865856,567990681,36,1.101,0,0.0,14,0.206,1.307,0.37621864100037783,
2026-10-06T11:55:41.179631+00:00,1320.0162364649987,B,152066,165.53,8.402016562953236,1126076416,1134899200,269,46,770703360,415236096,32,1.047,0,0.0,8,0.097,1.144,0.373037301000295,
2026-10-06T11:55:41.179774+00:00,1320.0163802509996,C,152065,149.82,6.801539180154989,840331264,842334208,264,41,498073600,295174144,30,1.037,0,0.0,12,0.122,1.159,0.36735951799892064,
2026-10-06T11:55:46.179530+00:00,1325.016132843999,A,152079,175.65,8.200000041000244,1021661184,1023660032,271,47,687865856,579525017,36,1.101,0,0.0,14,0.206,1.307,0.4496802289995685,
2026-10-06T11:55:46.180682+00:00,1325.0172879379988,B,152066,165.93,7.998317996915978,1126088704,1134899200,269,46,770703360,427819008,32,1.047,0,0.0,8,0.097,1.144,0.41613672700077586,
2026-10-06T11:55:46.180849+00:00,1325.0174541319993,C,152065,150.16,6.798539835449093,840331264,842334208,264,41,498073600,296222720,30,1.037,0,0.0,12,0.122,1.159,0.3737496239991742,
2026-10-06T11:55:51.179525+00:00,1330.0161279239983,A,152079,176.05,8.00000787200901,1021661184,1023660032,271,47,687865856,585816473,36,1.101,0,0.0,14,0.206,1.307,0.41479224000067916,
2026-10-06T11:55:51.179653+00:00,1330.0162579099997,B,152066,166.37,8.80181322281251,1126088704,1134899200,269,46,770703360,443547648,32,1.047,0,0.0,8,0.097,1.144,0.49843493799926364,
2026-10-06T11:55:51.179770+00:00,1330.0163759469997,C,152065,150.52,7.201552921267041,840331264,842334208,264,41,498073600,299368448,30,1.037,0,0.0,12,0.122,1.159,0.404336745999899,
2026-10-06T11:55:56.179492+00:00,1335.016095380999,A,152079,176.48,8.600055974322471,1021591552,1023660032,271,46,687865856,601545113,36,1.101,0,0.0,14,0.206,1.307,0.4585063890008314,
2026-10-06T11:55:56.179590+00:00,1335.016194804999,B,152066,166.77,8.00010096927551,1126092800,1134899200,269,46,770703360,456130560,32,1.047,0,0.0,8,0.097,1.144,0.3630239440008154,
2026-10-06T11:55:56.179670+00:00,1335.0162750359996,C,152065,150.93,8.200165497380226,840331264,842334208,264,41,498073600,300417024,30,1.037,0,0.0,12,0.122,1.159,0.44443711599888047,
2026-10-06T11:56:01.179535+00:00,1340.0161376739998,A,152079,176.9,8.399928948360206,1021591552,1023660032,271,46,687865856,616225177,36,1.101,0,0.0,14,0.206,1.307,0.4578532029991038,
2026-10-06T11:56:01.179645+00:00,1340.0162498169993,B,152066,167.2,8.59990538040009,1126092800,1134899200,269,46,770703360,470810624,32,1.047,0,0.0,8,0.097,1.144,0.4854622669990931,
2026-10-06T11:56:01.179808+00:00,1340.016413378,C,152065,151.32,7.799784192450224,840331264,842334208,264,41,498073600,302514176,30,1.037,0,0.0,12,0.122,1.159,0.4815465449992189,
2026-10-06T11:56:06.179542+00:00,1345.0161447769988,A,152079,177.68,15.599977838674603,1021640704,1023660032,271,46,687865856,245553561,37,1.108,0,0.0,16,0.214,1.322,0.4222769879997941,
2026-10-06T11:56:06.179655+00:00,1345.016260245,B,152066,167.63,8.599982063876379,1126092800,1134899200,269,46,770703360,483393536,32,1.047,0,0.0,8,0.097,1.144,0.3444519529984973,
2026-10-06T11:56:06.179753+00:00,1345.0163542209993,C,152065,151.71,7.80009228601307,840331264,842334208,264,41,498073600,303562752,30,1.037,0,0.0,12,0.122,1.159,0.48964189300022554,
2026-10-06T11:56:11.179545+00:00,1350.0161463149998,A,152079,178.08,7.999997539199246,1021640704,1023660032,271,46,687865856,258136473,37,1.108,0,0.0,16,0.214,1.322,0.36504823899849725,
2026-10-06T11:56:11.179698+00:00,1350.0163006559997,B,152066,168.07,8.799928877215407,1126092800,1134899200,269,46,770703360,494927872,32,1.047,0,0.0,8,0.097,1.144,0.42013552999924286,
2026-10-06T11:56:11.180028+00:00,1350.016632413999,C,152065,152.05,6.799621678569672,840331264,842334208,264,41,498073600,304611328,30,1.037,0,0.0,12,0.122,1.159,0.4113988169992808,
2026-10-06T11:56:16.179589+00:00,1355.0161911809992,A,152079,178.52,8.799921036549616,1021640704,1023660032,271,46,687865856,272816537,37,1.108,0,0.0,16,0.214,1.322,0.46232478999991145,
2026-10-06T11:56:16.179699+00:00,1355.016304191,B,152066,168.5,8.599993919803815,1126109184,1134899200,269,46,770703360,508559360,32,1.047,0,0.0,8,0.097,1.144,0.44570653599839716,
2026-10-06T11:56:16.179785+00:00,1355.0163897589991,C,152065,152.39,6.800330026815985,840335360,842334208,264,41,498073600,306708480,30,1.037,0,0.0,12,0.122,1.159,0.4987549819998094,
2026-10-06T11:56:21.179557+00:00,1360.0161602429998,A,152079,178.96,8.800054451215694,1021640704,1023660032,271,46,687865856,286448025,37,1.108,0,0.0,16,0.214,1.322,0.3170789439991495,
2026-10-06T11:56:21.179739+00:00,1360.0163442389985,B,152066,168.87,7.399940729437072,1126113280,1134899200,269,46,770703360,522190848,32,1.047,0,0.0,8,0.097,1.144,0.4161603720003768,
2026-10-06T11:56:21.180026+00:00,1360.0166308589996,C,152065,152.72,6.59968176334497,840335360,842334208,264,41,498073600,308805632,30,1.037,0,0.0,12,0.122,1.159,0.4028182399997604,
2026-10-06T11:56:26.179604+00:00,1365.0162066589983,A,152079,179.37,8.199923878469141,1021640704,1023660032,271,46,687865856,304273817,37,1.108,0,0.0,16,0.214,1.322,0.40253971700076363,
2026-10-06T11:56:26.179722+00:00,1365.016327841,B,152066,169.32,9.000029516493838,1126121472,1134899200,269,46,770703360,536870912,32,1.047,0,0.0,8,0.097,1.144,0.4736629589988297,
2026-10-06T11:56:26.179832+00:00,1365.016437500999,C,152065,153.08,7.200278446289123,840335360,842334208,264,41,498073600,309854208,30,1.037,0,0.0,12,0.122,1.159,0.37621511799989094,
2026-10-06T11:56:31.179541+00:00,1370.0161435359987,A,152079,179.82,9.00011362283343,1021640704,1023660032,271,46,687865856,318953881,37,1.108,0,0.0,16,0.214,1.322,0.508503159000611,
2026-10-06T11:56:31.180750+00:00,1370.0173560849998,B,152066,169.76,8.798190662648315,1126121472,1134899200,269,46,770703360,550502400,32,1.047,0,0.0,8,0.097,1.144,0.3398782839994965,
2026-10-06T11:56:31.180886+00:00,1370.0174914579984,C,152065,153.49,8.198271874794871,840335360,842334208,264,41,498073600,311951360,30,1.037,0,0.0,12,0.122,1.159,0.46370114700039267,
2026-10-06T11:56:36.179545+00:00,1375.0161447739993,A,152079,180.27,8.999997771599903,1021640704,1023660032,271,46,687865856,335731097,37,1.108,0,0.0,16,0.214,1.322,0.48550766600055795,
2026-10-06T11:56:36.179697+00:00,1375.016302484999,B,152066,170.18,8.401770421064935,1126125568,1134899200,269,46,770703360,566231040,32,1.047,0,0.0,8,0.097,1.144,0.44243995400029235,
2026-10-06T11:56:36.179756+00:00,1375.0163610679992,C,152065,153.84,7.001582903858451,840335360,842334208,264,41,498073600,312999936,30,1.037,0,0.0,12,0.122,1.159,0.4845160280001437,
2026-10-06T11:56:41.179628+00:00,1380.016231055999,A,152079,180.68,8.199858499962112,1021640704,1023660032,271,46,687865856,347265433,37,1.108,0,0.0,16,0.214,1.322,0.42827525100074126,
2026-10-06T11:56:41.179744+00:00,1380.0163493679993,B,152066,170.61,8.599919361995692,1126137856,1134899200,269,46,770703360,577765376,32,1.047,0,0.0,8,0.097,1.144,0.4302188239998941,
2026-10-06T11:56:41.179988+00:00,1380.0165941959986,C,152065,154.21,7.399654986647569,840335360,842334208,264,41,498073600,316145664,30,1.037,0,0.0,12,0.122,1.159,0.3647781810013839,
2026-10-06T11:56:46.179564+00:00,1385.0161635189997,A,152079,181.13,9.000121568240525,1021640704,1023660032,271,46,687865856,362994073,37,1.108,0,0.0,16,0.214,1.322,0.41742493600031594,
2026-10-06T11:56:46.179690+00:00,1385.0162948959987,B,152066,171.02,8.200089335054097,1126137856,1134899200,269,46,770703360,591396864,32,1.047,0,0.0,8,0.097,1.144,0.3886165840012836,
2026-10-06T11:56:46.179754+00:00,1385.016359322999,C,152065,154.6,7.800366419091335,841170944,842334208,264,42,498073600,316145664,30,1.037,0,0.0,12,0.122,1.159,0.3848914780010091,
2026-10-06T11:56:51.179550+00:00,1390.0161527369983,A,152079,181.52,7.800016819958879,1021640704,1023660032,271,46,687865856,374528409,37,1.108,0,0.0,16,0.214,1.322,0.46577669300131674,
2026-10-06T11:56:51.179654+00:00,1390.0162588609983,B,152066,171.4,7.600054773595344,1126137856,1134899200,269,46,770703360,603979776,32,1.047,0,0.0,8,0.097,1.144,0.48773748300118314,
2026-10-06T11:56:51.179756+00:00,1390.016362115999,C,152065,154.93,6.599996313242282,841166848,842334208,264,41,498073600,318242816,30,1.037,0,0.0,12,0.122,1.159,0.407633082000757,
2026-10-06T11:56:56.179528+00:00,1395.0161306049995,A,152079,182.01,9.800043378909226,1021640704,1023660032,271,46,687865856,391305625,37,1.108,0,0.0,16,0.214,1.322,0.4224066570004652,
2026-10-06T11:56:56.179630+00:00,1395.0162348409995,B,152066,171.85,9.000043236205354,1126141952,1134899200,269,46,770703360,616562688,32,1.047,0,0.0,8,0.097,1.144,0.31414807900000596,
2026-10-06T11:56:56.179845+00:00,1395.016450965999,C,152065,155.31,7.599864950399918,841166848,842334208,264,41,498073600,319291392,30,1.037,0,0.0,12,0.122,1.159,0.4088920110007166,
2026-10-06T11:57:01.179532+00:00,1400.016135464999,A,152079,182.43,8.399991835209034,1021640704,1023660032,271,46,687865856,404937113,37,1.108,0,0.0,16,0.214,1.322,0.3908681249995425,
2026-10-06T11:57:01.179652+00:00,1400.016257628,B,152066,172.3,8.999958983586389,1126158336,1134899200,269,46,770703360,631242752,32,1.047,0,0.0,8,0.097,1.144,0.3792865619998338,
2026-10-06T11:57:01.179752+00:00,1400.016357868999,C,152065,155.67,7.200134062175848,841166848,842334208,264,41,498073600,321388544,30,1.037,0,0.0,12,0.122,1.159,0.41354130800027633,
2026-10-06T11:57:06.179529+00:00,1405.0161318779992,A,152079,182.83,8.000005739203928,1021640704,1023660032,271,46,687865856,422762905,37,1.108,0,0.0,16,0.214,1.322,0.34879362500032585,
2026-10-06T11:57:06.179634+00:00,1405.0162394339986,B,152066,172.75,9.000032749321306,1126195200,1134899200,269,46,770703360,644874240,32,1.047,0,0.0,8,0.097,1.144,0.45330011400074,
2026-10-06T11:57:06.179690+00:00,1405.0162952729988,C,152065,156.04,7.40009264324011,841166848,842334208,264,41,498073600,323485696,30,1.037,0,0.0,12,0.122,1.159,0.3551136019996193,
2026-10-06T11:57:11.179511+00:00,1410.016113615,A,152079,183.25,8.400030681950508,1021640704,1023660032,271,46,687865856,437442969,37,1.108,0,0.0,16,0.214,1.322,0.4620546349997312,
2026-10-06T11:57:11.179612+00:00,1410.0162174059988,B,152066,173.16,8.200036126078885,1126195200,1134899200,269,46,770703360,659554304,32,1.047,0,0.0,8,0.097,1.144,0.3936815920005756,
2026-10-06T11:57:11.179699+00:00,1410.016304065999,C,152065,156.4,7.199987338102204,841166848,842334208,264,41,498073600,324534272,30,1.037,0,0.0,12,0.122,1.159,0.3148495660007029,
2026-10-06T11:57:16.179552+00:00,1415.0161542839996,A,152079,183.7,8.999926796395835,1021640704,1023660032,271,46,687865856,455268761,37,1.108,0,0.0,16,0.214,1.322,0.4257697979992372,
2026-10-06T11:57:16.179665+00:00,1415.0162698929998,B,152066,173.59,8.599909723305942,1126199296,1134899200,269,46,770703360,673185792,32,1.047,0,0.0,8,0.097,1.144,0.4055675700001302,
2026-10-06T11:57:16.179777+00:00,1415.0163819809986,C,152065,156.79,7.79987845449445,841166848,842334208,264,41,498073600,326631424,30,1.037,0,0.0,12,0.122,1.159,0.4144042790012463,
2026-10-06T11:57:21.179516+00:00,1420.0161192039996,A,152079,184.12,8.400058934813954,1021640704,1023660032,271,46,687865856,466803097,37,1.108,0,0.0,16,0.214,1.322,0.39072084899999027,
2026-10-06T11:57:21.179636+00:00,1420.0162409709992,B,152066,173.96,7.400042804808635,1126199296,1134899200,269,46,770703360,684720128,32,1.047,0,0.0,8,0.097,1.144,0.40235464699981094,
2026-10-06T11:57:21.179788+00:00,1420.0163929989994,C,152065,157.12,6.599985456271236,841166848,842334208,264,41,498073600,327680000,30,1.037,0,0.0,12,0.122,1.159,0.39802712699929543,
2026-10-06T11:57:26.179574+00:00,1425.0161760009996,A,152079,184.54,8.399904582123522,1021640704,1023660032,271,46,687865856,482531737,37,1.108,0,0.0,16,0.214,1.322,0.43614051599979575,
2026-10-06T11:57:26.181183+00:00,1425.0177886759993,B,152066,174.39,8.597338771158796,1126199296,1134899200,269,46,770703360,246415360,33,1.053,0,0.0,8,0.097,1.15,0.40092129799995746,
2026-10-06T11:57:26.181233+00:00,1425.017837935,C,152065,157.51,7.797746551056766,841166848,842334208,264,41,498073600,329777152,30,1.037,0,0.0,12,0.122,1.159,0.3176576789992396,
2026-10-06T11:57:31.179573+00:00,1430.0161750689986,A,152079,185.0,9.200001714882426,1021640704,1023660032,271,46,687865856,494066073,37,1.108,0,0.0,16,0.214,1.322,0.5106823490004899,
2026-10-06T11:57:31.179700+00:00,1430.0163049489984,B,152066,174.82,8.602552767963937,1126199296,1134899200,269,46,770703360,257949696,33,1.053,0,0.0,8,0.097,1.15,0.5201653690000967,
2026-10-06T11:57:31.179760+00:00,1430.0163646289984,C,152065,157.91,8.002357984409144,841166848,842334208,264,41,498073600,331874304,30,1.037,0,0.0,12,0.122,1.159,0.4927068520009925,
2026-10-06T11:57:36.179686+00:00,1435.0162899529987,A,152079,185.44,8.799797808805414,1021640704,1023660032,271,46,687865856,512940441,37,1.108,0,0.0,16,0.214,1.322,0.41156798799966055,
2026-10-06T11:57:36.179792+00:00,1435.0163968839988,B,152066,175.28,9.199830842709616,1126236160,1134899200,269,46,770703360,272629760,33,1.053,0,0.0,8,0.097,1.15,0.31692582899995614,
2026-10-06T11:57:36.179990+00:00,1435.0165949459988,C,152065,158.29,7.599649934284537,841166848,842334208,264,41,498073600,332922880,30,1.037,0,0.0,12,0.122,1.159,0.3743482909994782,
2026-10-06T11:57:41.179562+00:00,1440.0161641089999,A,152079,185.89,9.000226524899027,1021640704,1023660032,271,46,687865856,526571929,37,1.108,0,0.0,16,0.214,1.322,0.413310547999572,
2026-10-06T11:57:41.179668+00:00,1440.0162731829987,B,152066,175.7,8.40020782282153,1126236160,1134899200,269,46,770703360,288358400,33,1.053,0,0.0,8,0.097,1.15,0.40989207700113184,
2026-10-06T11:57:41.179744+00:00,1440.0163494419994,C,152065,158.65,7.200353543118651,841166848,842334208,264,41,498073600,335020032,30,1.037,0,0.0,12,0.122,1.159,0.4235320309999224,
2026-10-06T11:57:46.179544+00:00,1445.016146254,A,152079,186.39,10.000035710127314,1021640704,1023660032,271,46,687865856,544397721,37,1.108,0,0.0,16,0.214,1.322,0.3814753639999253,
2026-10-06T11:57:46.179663+00:00,1445.0162678869983,B,152066,176.11,8.200008685450324,1126240256,1134899200,269,46,770703360,303038464,33,1.053,0,0.0,8,0.097,1.15,0.43697808100114344,
2026-10-06T11:57:46.179734+00:00,1445.0163391489987,C,152065,159.0,7.00001441023059,841166848,842334208,264,41,498073600,336068608,30,1.037,0,0.0,12,0.122,1.159,0.3499010699997598,
2026-10-06T11:57:51.179516+00:00,1450.0161194109987,A,152079,186.81,8.400045096484526,1021640704,1023660032,271,46,687865856,558029209,37,1.108,0,0.0,16,0.214,1.322,0.4612492430005659,
2026-10-06T11:57:51.179623+00:00,1450.0162286549985,B,152066,176.5,7.8000612023996885,1126244352,1134899200,269,46,770703360,315621376,33,1.053,0,0.0,8,0.097,1.15,0.47059900700151047,
2026-10-06T11:57:51.179783+00:00,1450.0163879489992,C,152065,159.36,7.199929728685382,841166848,842334208,264,41,498073600,338165760,30,1.037,0,0.0,12,0.122,1.159,0.44982281100055843,
2026-10-06T11:57:56.179583+00:00,1455.0161849259985,A,152079,187.21,7.999895177374032,1021640704,1023660032,271,46,687865856,574806425,37,1.108,0,0.0,16,0.214,1.322,0.3222237560003123,
2026-10-06T11:57:56.179739+00:00,1455.016341790999,B,152066,176.84,6.7998461385209295,1126244352,1134899200,269,46,770703360,329252864,33,1.053,0,0.0,8,0.097,1.15,0.3367357700008142,
2026-10-06T11:57:56.179988+00:00,1455.0165930989988,C,152065,159.69,6.599729213110594,841166848,842334208,264,41,498073600,339214336,30,1.037,0,0.0,12,0.122,1.159,0.3974995669996133,
2026-10-06T11:58:01.179547+00:00,1460.016146808999,A,152079,187.59,7.600057938280607,1021640704,1023660032,271,46,687865856,585292185,37,1.108,0,0.0,16,0.214,1.322,0.4437301859998115,
2026-10-06T11:58:01.179659+00:00,1460.0162643609983,B,152066,177.26,8.400130084415247,1126248448,1134899200,269,46,770703360,341835776,33,1.053,0,0.0,8,0.097,1.15,0.38437698500092665,
2026-10-06T11:58:01.179779+00:00,1460.016383835,C,152065,160.07,7.600318094591296,841166848,842334208,264,41,498073600,341311488,30,1.037,0,0.0,12,0.122,1.159,0.40423037499931525,
2026-10-06T11:58:06.179533+00:00,1465.0161362679992,A,152079,188.0,8.200017287276275,1021640704,1023660032,271,46,687865856,601020825,37,1.108,0,0.0,16,0.214,1.322,0.3844333109991567,
2026-10-06T11:58:06.179698+00:00,1465.0163031389984,B,152066,177.68,8.399934853465417,1126268928,1134899200,269,46,770703360,354418688,33,1.053,0,0.0,8,0.097,1.15,0.441376503000356,
2026-10-06T11:58:06.179839+00:00,1465.016445272,C,152065,160.44,7.399909074357164,841166848,842334208,264,41,498073600,342360064,30,1.037,0,0.0,12,0.122,1.159,0.4039431449982658,
2026-10-06T11:58:11.179575+00:00,1470.016178517999,A,152079,188.4,7.999932400571727,1021640704,1023660032,271,46,687865856,612555161,37,1.108,0,0.0,16,0.214,1.322,0.3846417559998372,
2026-10-06T11:58:11.179692+00:00,1470.0162969409994,B,152066,178.07,7.800009668890196,1126268928,1134899200,269,46,770703360,367001600,33,1.053,0,0.0,8,0.097,1.15,0.4741714329993556,
2026-10-06T11:58:11.179802+00:00,1470.016407265999,C,152065,160.8,7.200054729057687,841166848,842334208,264,41,498073600,344457216,30,1.037,0,0.0,12,0.122,1.159,0.43518436299928,
2026-10-06T11:58:16.179566+00:00,1475.016168488999,A,152079,188.9,10.000020058040024,1021640704,1023660032,271,46,687865856,246602137,38,1.117,0,0.0,16,0.214,1.331,0.39619800400032545,
2026-10-06T11:58:16.179698+00:00,1475.0163034509987,B,152066,178.48,8.199989323614872,1126268928,1134899200,269,46,770703360,381681664,33,1.053,0,0.0,8,0.097,1.15,0.45419169300112117,
2026-10-06T11:58:16.179823+00:00,1475.0164284189996,C,152065,161.15,6.999970385924486,841179136,842334208,264,41,498073600,345505792,30,1.037,0,0.0,12,0.122,1.159,0.3347195179994742,
2026-10-06T11:58:21.179583+00:00,1480.0161354469983,A,152079,189.3,8.00005286755064,1021640704,1023660032,271,46,687865856,260233625,38,1.117,0,0.0,16,0.214,1.331,0.36427445500157773,
2026-10-06T11:58:21.179780+00:00,1480.0163849019991,B,152066,178.91,8.599859906561653,1126273024,1134899200,269,46,770703360,396361728,33,1.053,0,0.0,8,0.097,1.15,0.49298285199984093,
2026-10-06T11:58:21.179863+00:00,1480.0164526479984,C,152065,161.53,7.599963172100069,841179136,842334208,264,41,498073600,347602944,30,1.037,0,0.0,12,0.122,1.159,0.44884223700137227,
2026-10-06T11:58:26.179528+00:00,1485.0161303619989,A,152079,189.76,9.200009356408057,1021640704,1023660032,271,46,687865856,279107993,38,1.117,0,0.0,16,0.214,1.331,0.45160155600024154,
2026-10-06T11:58:26.179639+00:00,1485.0162446489994,B,152066,179.35,8.800246852203777,1126273024,1134899200,269,46,770703360,408944640,33,1.053,0,0.0,8,0.097,1.15,0.30826198700015084,
2026-10-06T11:58:26.179735+00:00,1485.0163375029988,C,152065,161.91,7.600175024430021,841179136,842334208,264,41,498073600,348651520,30,1.037,0,0.0,12,0.122,1.159,0.4013424770000711,
2026-10-06T11:58:31.179610+00:00,1490.0162123639984,A,152079,190.22,9.199849118795509,1021640704,1023660032,271,46,687865856,292739481,38,1.117,0,0.0,16,0.214,1.331,0.37042804200063983,
2026-10-06T11:58:31.179755+00:00,1490.016360571999,B,152066,179.81,9.199786706625995,1126277120,1134899200,269,46,770703360,423624704,33,1.053,0,0.0,8,0.097,1.15,0.5067246750004415,
2026-10-06T11:58:31.179804+00:00,1490.0164092299983,C,152065,162.32,8.199882369408174,841179136,842334208,264,41,498073600,350748672,30,1.037,0,0.0,12,0.122,1.159,0.4775526460016408,
2026-10-06T11:58:36.179583+00:00,1495.0161859189993,A,152079,190.67,9.000047601249904,1021640704,1023660032,271,46,687865856,308468121,38,1.117,0,0.0,16,0.214,1.331,0.4867721240007086,
2026-10-06T11:58:36.179690+00:00,1495.0162946869987,B,152066,180.26,9.000118594563155,1126334464,1134899200,269,46,770703360,437256192,33,1.053,0,0.0,8,0.097,1.15,0.47360702300102275,
2026-10-06T11:58:36.179796+00:00,1495.0164021789988,C,152065,162.72,8.000011281615315,841179136,842334208,264,41,498073600,351797248,30,1.037,0,0.0,12,0.122,1.159,0.480056759000945,
2026-10-06T11:58:41.179563+00:00,1500.0161651579983,A,152079,191.17,10.000041522174403,1021796352,1023660032,272,48,687865856,322099609,38,1.117,0,0.0,16,0.214,1.331,0.4132925600006274,
2026-10-06T11:58:41.179667+00:00,1500.0162727239986,B,152066,180.69,8.60003777652626,1126334464,1134899200,269,46,770703360,449839104,33,1.053,0,0.0,8,0.097,1.15,0.41928557100072794,
2026-10-06T11:58:41.179767+00:00,1500.0163727339987,C,152065,163.09,7.400043578856888,841326592,842334208,264,43,498073600,353894400,30,1.037,0,0.0,12,0.122,1.159,0.424055966999731,
2026-10-06T11:58:46.179544+00:00,1505.0161473559983,A,152079,191.63,9.200032755796787,1021726720,1023660032,272,47,687865856,340973977,38,1.117,0,0.0,16,0.214,1.331,0.44448848600040947,
2026-10-06T11:58:46.179652+00:00,1505.0162567959997,B,152066,181.16,9.400029944733305,1126338560,1134899200,269,46,770703360,463470592,33,1.053,0,0.0,8,0.097,1.15,0.4224722639992251,
2026-10-06T11:58:46.179863+00:00,1505.0164653339998,C,152065,163.49,7.999851842742141,841326592,842334208,264,43,498073600,355991552,30,1.037,0,0.0,12,0.122,1.159,0.36865230500006874,
2026-10-06T11:58:51.179533+00:00,1510.0161360439997,A,152079,192.14,10.200023076529181,1021726720,1023660032,272,47,687865856,355654041,38,1.117,0,0.0,16,0.214,1.331,0.4068942839985539,
2026-10-06T11:58:51.179726+00:00,1510.0163307209987,B,152066,181.6,8.799869893925306,1126338560,1134899200,269,46,770703360,472907776,33,1.053,0,0.0,8,0.097,1.15,0.46086191100039287,
2026-10-06T11:58:51.179852+00:00,1510.0164568759992,C,152065,163.87,7.600012856182559,841326592,842334208,264,43,498073600,358088704,30,1.037,0,0.0,12,0.122,1.159,0.4717355859993404,
2026-10-06T11:58:56.179560+00:00,1515.016162426,A,152079,192.62,9.599949346827218,1021726720,1023660032,272,47,687865856,373479833,38,1.117,0,0.0,16,0.214,1.331,0.49159070599853294,
2026-10-06T11:58:56.179682+00:00,1515.016286872,B,152066,181.98,7.600066651062537,1126346752,1134899200,269,46,770703360,481296384,33,1.053,0,0.0,8,0.097,1.15,0.4167618430001312,
2026-10-06T11:58:56.179858+00:00,1515.0164630769996,C,152065,164.24,7.39999082253094,841330688,842334208,264,43,498073600,360185856,30,1.037,0,0.0,12,0.122,1.159,0.412566679999145,
2026-10-06T11:59:01.179534+00:00,1520.0161364239993,A,152079,193.13,10.200053044356885,1021726720,1023660032,272,47,687865856,387111321,38,1.117,0,0.0,16,0.214,1.331,0.43942925599912996,
2026-10-06T11:59:01.179650+00:00,1520.0162557429994,B,152066,182.42,8.800054787381912,1126346752,1134899200,269,46,770703360,491782144,33,1.053,0,0.0,8,0.097,1.15,0.4981476749999274,
2026-10-06T11:59:01.179832+00:00,1520.0164370449984,C,152065,164.63,7.800040610133012,841330688,842334208,264,43,498073600,361234432,30,1.037,0,0.0,12,0.122,1.159,0.5503574330014089,
2026-10-06T11:59:06.179577+00:00,1525.0161799419984,A,152079,193.63,9.999912964759371,1021726720,1023660032,272,47,687865856,403888537,38,1.117,0,0.0,16,0.214,1.331,0.4132011199999397,
2026-10-06T11:59:06.179694+00:00,1525.0162994919992,B,152066,182.89,9.399917752599974,1126359040,1134899200,269,46,770703360,500170752,33,1.053,0,0.0,8,0.097,1.15,0.41878398500011826,
2026-10-06T11:59:06.179802+00:00,1525.0164070579995,C,152065,165.02,7.800046779999177,841330688,842334208,264,43,498073600,363331584,30,1.037,0,0.0,12,0.122,1.159,0.48503969599914853,
2026-10-06T11:59:11.179514+00:00,1530.0161161299984,A,152079,194.13,10.000127625628824,1021726720,1023660032,272,47,687865856,418568601,38,1.117,0,0.0,16,0.214,1.331,0.42511430400008976,
2026-10-06T11:59:11.179643+00:00,1530.016248603999,B,152066,183.41,10.400105848118026,1126391808,1134899200,269,46,770703360,510656512,33,1.053,0,0.0,8,0.097,1.15,0.4099329670007137,
2026-10-06T11:59:11.179791+00:00,1530.0163957449986,C,152065,165.41,7.800017648321013,841330688,842334208,264,43,498073600,365428736,30,1.037,0,0.0,12,0.122,1.159,0.4247069120010565,
2026-10-06T11:59:16.179515+00:00,1535.016117367999,A,152079,194.61,9.599997623039897,1021726720,1023660032,272,47,687865856,438491545,38,1.117,0,0.0,16,0.214,1.331,0.3930111930003477,
2026-10-06T11:59:16.179610+00:00,1535.0162149849984,B,152066,183.85,8.800059169838738,1126391808,1134899200,269,46,770703360,524288000,33,1.053,0,0.0,8,0.097,1.15,0.4202495170011389,
2026-10-06T11:59:16.179711+00:00,1535.0163160569991,C,152065,165.81,8.000127502831338,841330688,842334208,264,43,498073600,367525888,30,1.037,0,0.0,12,0.122,1.159,0.43435444299939263,
2026-10-06T11:59:21.179574+00:00,1540.0161743509998,A,152079,195.04,8.599901990355114,1021726720,1023660032,272,47,687865856,454220185,38,1.117,0,0.0,16,0.214,1.331,0.3688805769997998,
2026-10-06T11:59:21.179724+00:00,1540.0163292529996,B,152066,184.27,8.399808034145416,1126395904,1134899200,269,46,770703360,532676608,33,1.053,0,0.0,8,0.097,1.15,0.40394598499915446,
2026-10-06T11:59:21.179850+00:00,1540.0164555869997,C,152065,166.18,7.3997935013618665,841330688,842334208,264,43,498073600,369623040,30,1.037,0,0.0,12,0.122,1.159,0.45244557299884036,
2026-10-06T11:59:26.179570+00:00,1545.0161725749986,A,152079,195.49,9.000003196803686,1021726720,1023660032,272,47,687865856,469948825,38,1.117,0,0.0,16,0.214,1.331,0.5171937970008003,
2026-10-06T11:59:26.179694+00:00,1545.016299290999,B,152066,184.7,8.600051534949337,1126404096,1134899200,269,46,770703360,541065216,33,1.053,0,0.0,8,0.097,1.15,0.39202052600012394,
2026-10-06T11:59:26.179752+00:00,1545.0163579629989,C,152065,166.57,7.800152296414491,841330688,842334208,264,43,498073600,370671616,30,1.037,0,0.0,12,0.122,1.159,0.48174509899945406,
2026-10-06T11:59:31.179535+00:00,1550.0161364799987,A,152079,195.94,9.000064971468467,1021726720,1023660032,272,47,687865856,483580313,38,1.117,0,0.0,16,0.214,1.331,0.37217366400000174,
2026-10-06T11:59:31.179656+00:00,1550.0162617769984,B,152066,185.1,8.000060022851612,1126404096,1134899200,269,46,770703360,550502400,33,1.053,0,0.0,8,0.097,1.15,0.4264788079999562,
2026-10-06T11:59:31.179973+00:00,1550.0165788129998,C,152065,166.93,7.199681990045456,841330688,842334208,264,43,498073600,372768768,30,1.037,0,0.0,12,0.122,1.159,0.4052582149997761,
2026-10-06T11:59:36.179536+00:00,1555.0161380169993,A,152079,196.39,8.999997233399595,1021726720,1023660032,272,47,687865856,501406105,38,1.117,0,0.0,16,0.214,1.331,0.4862160180000501,
2026-10-06T11:59:36.179725+00:00,1555.0163298799998,B,152066,185.52,8.399885588516206,1126412288,1134899200,269,46,770703360,558891008,33,1.053,0,0.0,8,0.097,1.15,0.4811967890000233,
2026-10-06T11:59:36.180001+00:00,1555.0166061739983,C,152065,167.3,7.3999595059439,841461760,842334208,263,43,498073600,374865920,30,1.037,0,0.0,12,0.122,1.159,0.4149656670015247,
2026-10-06T11:59:41.179509+00:00,1560.0161105069983,A,152079,197.09,14.000077028427002,1021726720,1023660032,272,47,687865856,515037593,38,1.117,0,0.0,16,0.214,1.331,0.5778085840011045,
2026-10-06T11:59:41.179629+00:00,1560.0162345729987,B,152066,185.95,8.600163931166346,1126412288,1134899200,269,46,770703360,568328192,33,1.053,0,0.0,8,0.097,1.15,0.4460860170001979,
2026-10-06T11:59:41.179678+00:00,1560.016283470999,C,152065,167.71,8.200529267077926,841240576,842334208,263,40,498073600,376963072,30,1.037,0,0.0,12,0.122,1.159,0.5033144310000353,
2026-10-06T11:59:46.179559+00:00,1565.0161621989992,A,152079,197.6,10.19989454940827,1021726720,1023660032,272,47,687865856,531814809,38,1.117,0,0.0,16,0.214,1.331,0.3940080249994935,
2026-10-06T11:59:46.179665+00:00,1565.0162699059983,B,152066,186.43,9.599932161120355,1126445056,1134899200,269,46,770703360,577765376,33,1.053,0,0.0,8,0.097,1.15,0.40465315200162877,
2026-10-06T11:59:46.179776+00:00,1565.0163812829996,C,152065,168.09,7.599851328667359,841240576,842334208,263,40,498073600,378011648,30,1.037,0,0.0,12,0.122,1.159,0.47599596199870575,
2026-10-06T11:59:51.179676+00:00,1570.0162766419999,A,152079,198.1,9.999771119237337,1021726720,1023660032,272,47,687865856,544397721,38,1.117,0,0.0,16,0.214,1.331,0.47168708800018067,
2026-10-06T11:59:51.179846+00:00,1570.0164513539985,B,152066,186.88,8.99967340545149,1126445056,1134899200,269,46,770703360,586153984,33,1.053,0,0.0,8,0.097,1.15,0.5609164710003824,
2026-10-06T11:59:51.179934+00:00,1570.016538295,C,152065,168.49,7.999748788688316,841240576,842334208,263,40,498073600,380108800,30,1.037,0,0.0,12,0.122,1.159,0.3692654440001206,
2026-10-06T11:59:56.179551+00:00,1575.0161539479996,A,152079,198.6,10.000245394022295,1021730816,1023660032,272,47,687865856,562223513,38,1.117,0,0.0,16,0.214,1.331,0.40766456199889944,
2026-10-06T11:59:56.179658+00:00,1575.0162625309986,B,152066,187.24,7.200271915388928,1126461440,1134899200,269,46,770703360,595591168,33,1.053,0,0.0,8,0.097,1.15,0.37553431400010595,
2026-10-06T11:59:56.179740+00:00,1575.016345775999,C,152065,168.85,7.2002772380356435,841248768,842334208,263,40,498073600,381157376,30,1.037,0,0.0,12,0.122,1.159,0.42131886499919347,
2026-10-06T12:00:01.179535+00:00,1580.0161380579993,A,152079,199.08,9.600030508897731,1021730816,1023660032,272,47,687865856,576903577,38,1.117,0,0.0,16,0.214,1.331,0.46113644700017176,
2026-10-06T12:00:01.179684+00:00,1580.0162854139999,B,152066,187.64,7.999963387365037,1126465536,1134899200,269,46,770703360,605028352,33,1.053,0,0.0,8,0.097,1.15,0.4779974510001921,
2026-10-06T12:00:01.179931+00:00,1580.0165361249983,C,152065,169.2,6.999733521545731,841248768,842334208,263,40,498073600,384303104,30,1.037,0,0.0,12,0.122,1.159,0.4150174690003041,
2026-10-06T12:00:06.179600+00:00,1585.0162015799997,A,152079,199.56,9.599878039308567,1021730816,1023660032,272,47,687865856,594729369,38,1.117,0,0.0,16,0.214,1.331,0.41028278900012083,
2026-10-06T12:00:06.179725+00:00,1585.0163301679986,B,152066,188.06,8.399924813955417,1126469632,1134899200,269,46,770703360,615514112,33,1.053,0,0.0,8,0.097,1.15,0.5008922730012273,
2026-10-06T12:00:06.179820+00:00,1585.0164213649987,C,152065,169.55,7.000160667687585,841248768,842334208,263,40,498073600,385351680,30,1.037,0,0.0,12,0.122,1.159,0.47425997000027564,
2026-10-06T12:00:11.179539+00:00,1590.0161418899988,A,152079,200.03,9.400112218541246,1021730816,1023660032,272,47,687865856,609409433,38,1.117,0,0.0,16,0.214,1.331,0.38419994600008067,
2026-10-06T12:00:11.179639+00:00,1590.0162446539998,B,152066,188.45,7.800133404119414,1126469632,1134899200,269,46,770703360,623902720,33,1.053,0,0.0,8,0.097,1.15,0.35968098400007875,
2026-10-06T12:00:11.179956+00:00,1590.01655794,C,152065,169.93,7.599792411668199,841248768,842334208,263,40,498073600,387448832,30,1.037,0,0.0,12,0.122,1.159,0.4211631669986673,
2026-10-06T12:00:16.179543+00:00,1595.0161456399983,A,152079,200.46,8.59999355000592,1021796352,1023660032,272,48,687865856,625138073,38,1.117,0,0.0,16,0.214,1.331,0.4902657040001941,
2026-10-06T12:00:16.179668+00:00,1595.0162729409985,B,152066,188.86,8.19995360958506,1126473728,1134899200,269,46,770703360,632291328,33,1.053,0,0.0,8,0.097,1.15,0.5230173529998865,
2026-10-06T12:00:16.179817+00:00,1595.0164196309997,C,152065,170.29,7.200199170469476,841248768,842334208,263,40,498073600,388497408,30,1.037,0,0.0,12,0.122,1.159,0.5458763549995638,
2026-10-06T12:00:21.179514+00:00,1600.0161165659993,A,152079,200.98,10.400060474269265,1021796352,1023660032,272,48,687865856,254689075,39,1.149,0,0.0,16,0.214,1.363,0.44916096800079686,
2026-10-06T12:00:21.179627+00:00,1600.0162320299987,B,152066,189.28,8.40006873104181,1126477824,1134899200,269,46,770703360,640679936,33,1.053,0,0.0,8,0.097,1.15,0.4121310139998968,
2026-10-06T12:00:21.179693+00:00,1600.0162981189987,C,152065,170.67,7.60018470273013,841248768,842334208,263,40,498073600,391643136,30,1.037,0,0.0,12,0.122,1.159,0.45613842100101465,
2026-10-06T12:00:26.179551+00:00,1605.0161531859994,A,152079,201.46,9.59992969011498,1021939712,1023660032,272,48,687865856,272514867,39,1.149,0,0.0,16,0.214,1.363,0.5977192569989711,
2026-10-06T12:00:26.179659+00:00,1605.0162638769998,B,152066,189.76,9.59993885414718,1126494208,1134899200,269,46,770703360,652214272,33,1.053,0,0.0,8,0.097,1.15,0.6053464919987164,
2026-10-06T12:00:26.179789+00:00,1605.016395224,C,152065,171.05,7.599852403265039,841248768,842334208,263,40,498073600,392691712,30,1.037,0,0.0,12,0.122,1.159,0.611441074999675,
2026-10-06T12:00:31.179551+00:00,1610.0161528909994,A,152079,201.96,10.000000590000163,1021943808,1023660032,272,48,687865856,284049203,39,1.149,0,0.0,16,0.214,1.363,0.6006014419999701,
2026-10-06T12:00:31.179724+00:00,1610.0163285399994,B,152066,190.2,8.799886194592373,1126494208,1134899200,269,46,770703360,659554304,33,1.053,0,0.0,8,0.097,1.15,0.5983197069999733,
2026-10-06T12:00:31.179951+00:00,1610.016556302,C,152065,171.45,7.999742283502006,841248768,842334208,263,40,498073600,394788864,30,1.037,0,0.0,12,0.122,1.159,0.5909287229987967,
2026-10-06T12:00:36.179555+00:00,1615.016158339,A,152079,202.55,11.799987142732677,1021943808,1023660032,272,48,687865856,301874995,39,1.149,0,0.0,16,0.214,1.363,0.482968409998648,
2026-10-06T12:00:36.179672+00:00,1615.016277106999,B,152066,190.67,9.400096695035408,1126494208,1134899200,269,46,770703360,670040064,33,1.053,0,0.0,8,0.097,1.15,0.4530457809996733,
2026-10-06T12:00:36.179864+00:00,1615.0164692409999,C,152065,171.87,8.40014626502738,841326592,842334208,264,41,498073600,395837440,30,1.037,0,0.0,12,0.122,1.159,0.39972152399968763,
2026-10-06T12:00:41.179538+00:00,1620.0161412879988,A,152079,203.56,20.200068886279272,1019609088,1039699968,272,48,687865856,315506483,39,1.149,0,0.0,16,0.214,1.363,0.5061942720003572,
2026-10-06T12:00:41.179869+00:00,1620.0164739979991,B,152066,191.1,8.59966136081499,1126494208,1134899200,269,46,770703360,679477248,33,1.053,0,0.0,8,0.097,1.15,0.4133612389996415,
2026-10-06T12:00:41.179923+00:00,1620.016527632999,C,152065,172.22,6.999918252155804,841256960,842334208,264,40,498073600,398983168,30,1.037,0,0.0,12,0.122,1.159,0.5378678790002596,
2026-10-06T12:00:46.179525+00:00,1625.016127772,A,152079,204.06,10.000027032070962,1019703296,1039699968,271,48,687865856,334380851,39,1.149,0,0.0,16,0.214,1.363,0.4649499199986167,
2026-10-06T12:00:46.180792+00:00,1625.0173979779993,B,152066,191.59,9.798189333803755,1126506496,1134899200,269,46,770703360,688914432,33,1.053,0,0.0,8,0.097,1.15,0.5379713099991932,
2026-10-06T12:00:46.180903+00:00,1625.0175036969995,C,152065,172.61,7.798477637344198,841256960,842334208,264,40,498073600,400031744,30,1.037,0,0.0,12,0.122,1.159,0.5285846209990268,
2026-10-06T12:00:51.179590+00:00,1630.0161909969993,A,152079,204.48,8.399893783343877,1019621376,1039699968,271,47,687865856,346963763,39,1.149,0,0.0,16,0.214,1.363,0.5501897930007544,
2026-10-06T12:00:51.181071+00:00,1630.0176765859997,B,152066,192.01,8.399531964638806,1126514688,1134899200,269,46,770703360,243814604,34,1.057,0,0.0,8,0.097,1.154,0.5269407189989579,
2026-10-06T12:00:51.181153+00:00,1630.017758209,C,152065,172.98,7.399623341411552,841256960,842334208,264,40,498073600,401080320,30,1.037,0,0.0,12,0.122,1.159,0.4334580749982706,
2026-10-06T12:00:56.179542+00:00,1635.0161436089984,A,152079,204.96,9.600090985824407,1019621376,1039699968,271,47,687865856,363740979,39,1.149,0,0.0,16,0.214,1.363,0.4848526860005222,
2026-10-06T12:00:56.180994+00:00,1635.0175994239999,B,152066,192.47,9.200141980270883,1126514688,1134899200,269,46,770703360,253251788,34,1.057,0,0.0,8,0.097,1.154,0.465240563999032,
2026-10-06T12:00:56.182125+00:00,1635.0187300509988,C,152065,173.39,8.198406488850175,841256960,842334208,264,40,498073600,403177472,30,1.037,0,0.0,12,0.122,1.159,0.37637805300073524,
2026-10-06T12:01:01.182338+00:00,1640.018939862999,A,152079,205.46,9.994410617865004,1019764736,1039699968,272,49,687865856,379469619,39,1.149,0,0.0,16,0.214,1.363,0.41844689900062804,
2026-10-06T12:01:01.182437+00:00,1640.019043107999,B,152066,192.84,7.397863964433288,1126518784,1134899200,269,46,770703360,262688972,34,1.057,0,0.0,8,0.097,1.154,0.4511887980006577,
2026-10-06T12:01:01.182471+00:00,1640.0190761679987,C,152065,173.71,6.399557000906418,841256960,842334208,264,40,498073600,404226048,30,1.037,0,0.0,12,0.122,1.159,0.3408773920000385,
2026-10-06T12:01:06.179542+00:00,1645.0161427859985,A,152079,205.9,8.804925610983737,1019695104,1039699968,272,48,687865856,396246835,39,1.149,0,0.0,16,0.214,1.363,0.46947448600076314,
2026-10-06T12:01:06.179695+00:00,1645.0162994959992,B,152066,193.22,7.60417257982778,1126522880,1134899200,269,46,770703360,272126156,34,1.057,0,0.0,8,0.097,1.154,0.5660175289995095,
2026-10-06T12:01:06.179805+00:00,1645.0164110239984,C,152065,174.04,6.6035198662701395,841322496,842334208,264,41,498073600,407371776,30,1.037,0,0.0,12,0.122,1.159,0.5386791670007369,
2026-10-06T12:01:11.179567+00:00,1650.016169696999,A,152079,206.9,19.99989235657723,1023705088,1039699968,272,48,687865856,409878323,39,1.149,0,0.0,16,0.214,1.363,0.41948097800013784,
2026-10-06T12:01:11.179696+00:00,1650.0163010349988,B,152066,193.62,7.999997537601447,1126522880,1134899200,269,46,770703360,279466188,34,1.057,0,0.0,8,0.097,1.154,0.5090857409995806,
2026-10-06T12:01:11.179841+00:00,1650.0164469129995,C,152065,174.41,7.399946884659739,841322496,842334208,264,41,498073600,408420352,30,1.037,0,0.0,12,0.122,1.159,0.37103579500035266,
2026-10-06T12:01:16.179538+00:00,1655.0161409479988,A,152079,207.37,9.40005404843111,1023705088,1039699968,272,48,687865856,429801267,39,1.149,0,0.0,16,0.214,1.363,0.49620176200005517,
2026-10-06T12:01:16.179641+00:00,1655.016246580999,B,152066,194.08,9.200100196451078,1126531072,1134899200,269,46,770703360,289951948,34,1.057,0,0.0,8,0.097,1.154,0.4530493080001179,
2026-10-06T12:01:16.179707+00:00,1655.0163122999984,C,152065,174.78,7.400199232605634,841322496,842334208,264,41,498073600,410517504,30,1.037,0,0.0,12,0.122,1.159,0.4379646249999496,
2026-10-06T12:01:21.179595+00:00,1660.0161967309996,A,152079,207.83,9.199897360423815,1023705088,1039699968,272,48,687865856,442384179,39,1.149,0,0.0,16,0.214,1.363,0.3920704709998972,
2026-10-06T12:01:21.179744+00:00,1660.016348973999,B,152066,194.5,8.399827983282568,1126531072,1134899200,269,46,770703360,296243404,34,1.057,0,0.0,8,0.097,1.154,0.4572870989995863,
2026-10-06T12:01:21.179799+00:00,1660.0164039819992,C,152065,175.17,7.799856978700887,841322496,842334208,264,41,498073600,412614656,30,1.037,0,0.0,12,0.122,1.159,0.4794942459993763,
2026-10-06T12:01:26.179551+00:00,1665.0161522449998,A,152079,208.35,10.400092531702393,1026166784,1039699968,272,49,687865856,458112819,39,1.149,0,0.0,16,0.214,1.363,0.3760655619989848,
2026-10-06T12:01:26.179692+00:00,1665.016297066999,B,152066,194.9,8.00008305206222,1126531072,1134899200,269,46,770703360,298340556,34,1.057,0,0.0,8,0.097,1.154,0.445637828001054,
2026-10-06T12:01:26.179757+00:00,1665.01636263,C,152065,175.57,8.000066163746105,841322496,842334208,264,41,498073600,413663232,30,1.037,0,0.0,12,0.122,1.159,0.47035141899868904,
2026-10-06T12:01:31.179549+00:00,1670.0161507789999,A,152079,208.82,9.400002756080706,1026162688,1039699968,272,48,687865856,470695731,39,1.149,0,0.0,16,0.214,1.363,0.4425896439988719,
2026-10-06T12:01:31.179706+00:00,1670.0163115509986,B,152066,195.33,8.599975087592956,1126531072,1134899200,269,46,770703360,300437708,34,1.057,0,0.0,8,0.097,1.154,0.4779563829997642,
2026-10-06T12:01:31.179795+00:00,1670.0164007589992,C,152065,175.95,7.599942044363049,841322496,842334208,264,41,498073600,415760384,30,1.037,0,0.0,12,0.122,1.159,0.44458490400029405,
2026-10-06T12:01:36.179570+00:00,1675.0161722489993,A,152079,209.29,9.399959636574406,1026162688,1039699968,272,48,687865856,490618675,39,1.149,0,0.0,16,0.214,1.363,0.5074640759994509,
2026-10-06T12:01:36.179714+00:00,1675.0163194349989,B,152066,195.77,8.799986124181311,1126531072,1134899200,269,46,770703360,302534860,34,1.057,0,0.0,8,0.097,1.154,0.40987280400077,
2026-10-06T12:01:36.179776+00:00,1675.0163803609994,C,152065,176.33,7.600031005086712,841322496,842334208,264,41,498073600,416808960,30,1.037,0,0.0,12,0.122,1.159,0.41443361900019227,
2026-10-06T12:01:41.179562+00:00,1680.0161644359996,A,152079,209.76,9.400014688462335,1026162688,1039699968,272,48,687865856,503201587,39,1.149,0,0.0,16,0.214,1.363,0.38284055599979183,
2026-10-06T12:01:41.179725+00:00,1680.0163262139995,B,152066,196.17,7.999989153613268,1126531072,1134899200,269,46,770703360,304632012,34,1.057,0,0.0,8,0.097,1.154,0.4319072309990588,
2026-10-06T12:01:41.179958+00:00,1680.0165632199987,C,152065,176.73,7.999707436300209,841322496,842334208,264,41,498073600,417857536,30,1.037,0,0.0,12,0.122,1.159,0.49665498700051103,
2026-10-06T12:01:46.179561+00:00,1685.0161621649986,A,152079,210.32,11.200005087044582,1026162688,1039699968,272,48,687865856,521027379,39,1.149,0,0.0,16,0.214,1.363,0.38663249900127994,
2026-10-06T12:01:46.179716+00:00,1685.0163206569996,B,152066,196.61,8.800009780331209,1126531072,1134899200,269,46,770703360,306729164,34,1.057,0,0.0,8,0.097,1.154,0.44437285700041684,
2026-10-06T12:01:46.179799+00:00,1685.0164038679995,C,152065,177.14,8.200261345607766,841322496,842334208,264,41,498073600,419954688,30,1.037,0,0.0,12,0.122,1.159,0.5275160239998513,
2026-10-06T12:01:51.179505+00:00,1690.0161072329993,A,152079,210.84,10.400114259814114,1026162688,1039699968,272,48,687865856,535707443,39,1.149,0,0.0,16,0.214,1.363,0.44394176499918103,
2026-10-06T12:01:51.179708+00:00,1690.0163128159984,B,152066,197.02,8.200012859262076,1126531072,1134899200,269,46,770703360,307777740,34,1.057,0,0.0,8,0.097,1.154,0.36989079500017397,
2026-10-06T12:01:51.179774+00:00,1690.0163794769996,C,152065,177.54,8.000039025790324,841322496,842334208,264,41,498073600,421003264,30,1.037,0,0.0,12,0.122,1.159,0.43532432000029075,
2026-10-06T12:01:56.179516+00:00,1695.01611821,A,152079,211.31,9.39997936328381,1026162688,1039699968,272,48,687865856,552484659,39,1.149,0,0.0,16,0.214,1.363,0.3817185769985372,
2026-10-06T12:01:56.179619+00:00,1695.0162238889989,B,152066,197.41,7.800138728586329,1126531072,1134899200,269,46,770703360,309874892,34,1.057,0,0.0,8,0.097,1.154,0.44560714100043697,
2026-10-06T12:01:56.179744+00:00,1695.016349186999,C,152065,177.91,7.400044829472738,841322496,842334208,264,41,498073600,422051840,30,1.037,0,0.0,12,0.122,1.159,0.5020608260001609,
2026-10-06T12:02:01.180060+00:00,1700.016661911999,A,152079,211.79,9.598956205664233,1026162688,1039699968,272,48,687865856,564018995,39,1.149,0,0.0,16,0.214,1.363,0.47881813000094553,
2026-10-06T12:02:01.180205+00:00,1700.0168101689997,B,152066,197.83,8.399015165076797,1126531072,1134899200,269,46,770703360,311972044,34,1.057,0,0.0,8,0.097,1.154,0.5050982009997824,
2026-10-06T12:02:01.180337+00:00,1700.016941852,C,152065,178.29,7.599099255966248,841322496,842334208,264,41,498073600,424148992,30,1.037,0,0.0,12,0.122,1.159,0.4196363909995853,
2026-10-06T12:02:06.179581+00:00,1705.0161830569996,A,152079,212.25,9.200881177590551,1026162688,1039699968,272,48,687865856,578699059,39,1.149,0,0.0,16,0.214,1.363,0.45369826999922225,
2026-10-06T12:02:06.181009+00:00,1705.0176148359988,B,152066,198.24,8.198680558463616,1126531072,1134899200,269,46,770703360,314069196,34,1.057,0,0.0,8,0.097,1.154,0.4373093610010983,
2026-10-06T12:02:06.181082+00:00,1705.0176876999994,C,152065,178.69,7.998806821186926,841322496,842334208,264,41,498073600,425197568,30,1.037,0,0.0,12,0.122,1.159,0.3873656329997175,
2026-10-06T12:02:11.179554+00:00,1710.0161568959993,A,152079,212.72,9.400049182937835,1026166784,1039699968,272,48,687865856,593379123,39,1.149,0,0.0,16,0.214,1.363,0.38528094600042095,
2026-10-06T12:02:11.179731+00:00,1710.01633606,B,152066,198.66,8.40214889326836,1126531072,1134899200,269,46,770703360,315117772,34,1.057,0,0.0,8,0.097,1.154,0.43281075399863767,
2026-10-06T12:02:11.179837+00:00,1710.0164426499996,C,152065,179.11,8.40209220498003,841322496,842334208,264,41,498073600,427294720,30,1.037,0,0.0,12,0.122,1.159,0.41695634499956213,
2026-10-06T12:02:16.179523+00:00,1715.0161258109983,A,152079,213.17,9.000055953349355,1026166784,1039699968,272,48,687865856,612253491,39,1.149,0,0.0,16,0.214,1.363,0.45591572700141114,
2026-10-06T12:02:16.179637+00:00,1715.0162414039987,B,152066,199.04,7.600143879845608,1126531072,1134899200,269,46,770703360,317214924,34,1.057,0,0.0,8,0.097,1.154,0.3500739530009014,
2026-10-06T12:02:16.179850+00:00,1715.0164558159995,C,152065,179.48,7.399980514370955,841322496,842334208,264,41,498073600,428343296,30,1.037,0,0.0,12,0.122,1.159,0.4155727540000953,
2026-10-06T12:02:21.179554+00:00,1720.016156222,A,152079,213.59,8.399948909828174,1026166784,1039699968,272,48,687865856,240009011,40,1.174,0,0.0,16,0.214,1.388,0.46501568099847645,
2026-10-06T12:02:21.179657+00:00,1720.0162623009983,B,152066,199.44,7.999966564940558,1126543360,1134899200,269,46,770703360,319312076,34,1.057,0,0.0,8,0.097,1.154,0.49886325000079523,
2026-10-06T12:02:21.179880+00:00,1720.016485615999,C,152065,179.86,7.599954704271142,841322496,842334208,264,41,498073600,429391872,30,1.037,0,0.0,12,0.122,1.159,0.44398933599950396,
2026-10-06T12:02:26.179619+00:00,1725.0162211129991,A,152079,214.4,16.199789755891693,1026179072,1039699968,272,48,687865856,258883379,40,1.174,0,0.0,18,0.222,1.396,0.42021961499995086,
2026-10-06T12:02:26.179807+00:00,1725.016412388999,B,152066,199.79,6.99978988310606,1126387712,1134899200,269,44,770703360,321409228,34,1.057,0,0.0,8,0.097,1.154,0.4539792400009901,
2026-10-06T12:02:26.179860+00:00,1725.01646558,C,152065,180.24,7.600030454840601,841322496,842334208,264,41,498073600,431489024,30,1.037,0,0.0,12,0.122,1.159,0.4081281509988912,
2026-10-06T12:02:31.179578+00:00,1730.0161805799999,A,152079,214.84,8.800071338656974,1026179072,1039699968,272,48,687865856,271466291,40,1.174,0,0.0,18,0.222,1.396,0.3600618860000395,
2026-10-06T12:02:31.179698+00:00,1730.016302693999,B,152066,200.16,7.4001623521619235,1126387712,1134899200,269,44,770703360,323506380,34,1.057,0,0.0,8,0.097,1.154,0.420401037999909,
2026-10-06T12:02:31.180027+00:00,1730.0166312769998,C,152065,180.6,7.19976140422687,841322496,842334208,264,41,498073600,432537600,30,1.037,0,0.0,12,0.122,1.159,0.4267274739995628,
2026-10-06T12:02:36.179540+00:00,1735.0161303669993,A,152079,215.21,7.40007431598727,1026179072,1039699968,272,48,687865856,288243507,40,1.174,0,0.0,18,0.222,1.396,0.3857054039999639,
2026-10-06T12:02:36.179654+00:00,1735.0162594249996,B,152066,200.52,7.2000623078986585,1126387712,1134899200,269,44,770703360,325603532,34,1.057,0,0.0,8,0.097,1.154,0.40557835300023726,
2026-10-06T12:02:36.179767+00:00,1735.0163727559993,C,152065,180.91,6.20032058261605,841322496,842334208,264,41,498073600,434634752,30,1.037,0,0.0,12,0.122,1.159,0.2807617359994765,
2026-10-06T12:02:41.179551+00:00,1740.0161532759994,A,152079,215.62,8.199962429411894,1026179072,1039699968,272,48,687865856,299777843,40,1.174,0,0.0,18,0.222,1.396,0.4434014849994128,
2026-10-06T12:02:41.179667+00:00,1740.016272003999,B,152066,200.93,8.199979370492974,1126551552,1134899200,268,44,770703360,327700684,34,1.057,0,0.0,8,0.097,1.154,0.37822374000097625,
2026-10-06T12:02:41.179880+00:00,1740.016485353999,C,152065,181.23,6.399855877805745,841322496,842334208,264,41,498073600,435683328,30,1.037,0,0.0,12,0.122,1.159,0.4110354290005489,
2026-10-06T12:02:46.179541+00:00,1745.0161434329984,A,152079,216.04,8.400016536273904,1026179072,1039699968,272,48,687865856,316555059,40,1.174,0,0.0,18,0.222,1.396,0.4416563300001144,
2026-10-06T12:02:46.180730+00:00,1745.0173353219998,B,152066,201.3,7.39842662395859,1126469632,1134899200,268,43,770703360,328749260,34,1.057,0,0.0,8,0.097,1.154,0.38965715499944054,
2026-10-06T12:02:46.180788+00:00,1745.0173932589987,C,152065,181.6,7.398656544546635,841322496,842334208,264,41,498073600,436731904,30,1.037,0,0.0,12,0.122,1.159,0.37682529500125383,
2026-10-06T12:02:51.179492+00:00,1750.016093934999,A,152079,216.49,9.000089097281466,1026179072,1039699968,272,48,687865856,330186547,40,1.174,0,0.0,18,0.222,1.396,0.49992112899963104,
2026-10-06T12:02:51.180610+00:00,1750.017215337999,B,152066,201.69,7.800187179532648,1126469632,1134899200,268,43,770703360,330846412,34,1.057,0,0.0,8,0.097,1.154,0.4884648540009948,
2026-10-06T12:02:51.180652+00:00,1750.017257251,C,152065,181.98,7.600206737781474,841322496,842334208,264,41,498073600,438829056,30,1.037,0,0.0,12,0.122,1.159,0.5176096389986924,
2026-10-06T12:02:56.179560+00:00,1755.016162156,A,152079,216.92,8.599882661478617,1026109440,1039699968,272,47,687865856,348012339,40,1.174,0,0.0,18,0.222,1.396,0.38178081799924257,
2026-10-06T12:02:56.179676+00:00,1755.0162819459983,B,152066,202.08,7.801456363392916,1126469632,1134899200,268,43,770703360,332943564,34,1.057,0,0.0,8,0.097,1.154,0.4753230020014598,
2026-10-06T12:02:56.179731+00:00,1755.0163362919993,C,152065,182.35,7.401363270424395,841322496,842334208,264,41,498073600,439877632,30,1.037,0,0.0,12,0.122,1.159,0.4261722440005542,
2026-10-06T12:03:01.179573+00:00,1760.0161754049986,A,152079,217.39,9.39997509194864,1026109440,1039699968,272,47,687865856,361643827,40,1.174,0,0.0,18,0.222,1.396,0.42168246900109807,
2026-10-06T12:03:01.181039+00:00,1760.0176441799995,B,152066,202.47,7.79787549377288,1126469632,1134899200,268,43,770703360,335040716,34,1.057,0,0.0,8,0.097,1.154,0.4174134309996589,
2026-10-06T12:03:01.181802+00:00,1760.018407345,C,152065,182.72,7.396936110654513,841322496,842334208,264,41,498073600,441974784,30,1.037,0,0.0,12,0.122,1.159,0.28989616699982435,
2026-10-06T12:03:06.179576+00:00,1765.0161772669999,A,152079,217.88,9.799996350479136,1026174976,1039699968,272,48,687865856,379469619,40,1.174,0,0.0,18,0.222,1.396,0.4454253769999923,
2026-10-06T12:03:06.179738+00:00,1765.0163433559992,B,152066,202.88,8.20213390652776,1126469632,1134899200,268,43,770703360,337137868,34,1.057,0,0.0,8,0.097,1.154,0.4820443209991936,
2026-10-06T12:03:06.179850+00:00,1765.0164559349996,C,152065,183.12,8.00312347503684,841322496,842334208,264,41,498073600,443023360,30,1.037,0,0.0,12,0.122,1.159,0.3837131789987325,
2026-10-06T12:03:11.179558+00:00,1770.016161272999,A,152079,218.33,9.000028789294111,1026179072,1039699968,272,48,687865856,392052531,40,1.174,0,0.0,18,0.222,1.396,0.47957810499974585,
2026-10-06T12:03:11.180732+00:00,1770.0173373279995,B,152066,203.25,7.39852921382372,1126469632,1134899200,268,43,770703360,339235020,34,1.057,0,0.0,8,0.097,1.154,0.43835081399993214,
2026-10-06T12:03:11.181550+00:00,1770.0181557659998,C,152065,183.5,7.59741713496638,841322496,842334208,264,41,498073600,444071936,30,1.037,0,0.0,12,0.122,1.159,0.47003030499945453,
2026-10-06T12:03:16.179558+00:00,1775.0161600859992,A,152079,218.92,11.800002801319517,1026183168,1039699968,271,48,687865856,407781171,40,1.174,0,0.0,18,0.222,1.396,0.4031472200003918,
2026-10-06T12:03:16.179692+00:00,1775.0162966259995,B,152066,203.65,8.001665469851602,1126469632,1134899200,268,43,770703360,340283596,34,1.057,0,0.0,8,0.097,1.154,0.4091340859995398,
2026-10-06T12:03:16.179811+00:00,1775.0164169269992,C,152065,183.92,8.40292226579072,841322496,842334208,264,41,498073600,446169088,30,1.037,0,0.0,12,0.122,1.159,0.4916417980002734,
2026-10-06T12:03:21.179642+00:00,1780.0162434199992,A,152079,219.43,10.199830001473698,1026117632,1039699968,271,47,687865856,419315507,40,1.174,0,0.0,18,0.222,1.396,0.4314302559996577,
2026-10-06T12:03:21.179769+00:00,1780.0163738859992,B,152066,204.06,8.199873295558309,1126469632,1134899200,268,43,770703360,342380748,34,1.057,0,0.0,8,0.097,1.154,0.4242580909995013,
2026-10-06T12:03:21.180035+00:00,1780.0166402249997,C,152065,184.32,7.999642739154453,841322496,842334208,264,41,498073600,447217664,30,1.037,0,0.0,12,0.122,1.159,0.33336783300001116,
2026-10-06T12:03:26.179546+00:00,1785.0161485869994,A,152079,219.88,9.0001707026371,1026117632,1039699968,271,47,687865856,436092723,40,1.174,0,0.0,18,0.222,1.396,0.4720811530005449,
2026-10-06T12:03:26.179661+00:00,1785.0162660429996,B,152066,204.44,7.6001639248948845,1126477824,1134899200,268,43,770703360,344477900,34,1.057,0,0.0,8,0.097,1.154,0.3930391670000972,
2026-10-06T12:03:26.179797+00:00,1785.0164025129998,C,152065,184.73,8.200389866215014,841322496,842334208,264,41,498073600,449314816,30,1.037,0,0.0,12,0.122,1.159,0.3985341499992501,
2026-10-06T12:03:31.179534+00:00,1790.0161368179997,A,152079,220.44,11.20002636262139,1026117632,1039699968,271,47,687865856,450772787,40,1.174,0,0.0,18,0.222,1.396,0.43854610599919397,
2026-10-06T12:03:31.180701+00:00,1790.0173064229984,B,152066,204.84,7.998335738294932,1126477824,1134899200,268,43,770703360,346575052,34,1.057,0,0.0,8,0.097,1.154,0.4177992250006355,
2026-10-06T12:03:31.180767+00:00,1790.017372381999,C,152065,185.1,7.39856487225851,841322496,842334208,264,41,498073600,450363392,30,1.037,0,0.0,12,0.122,1.159,0.4784253649995662,
2026-10-06T12:03:36.179578+00:00,1795.0161808569992,A,152079,220.88,8.799922492043551,1026117632,1039699968,271,47,687865856,468598579,40,1.174,0,0.0,18,0.222,1.396,0.430438798999603,
2026-10-06T12:03:36.179681+00:00,1795.016286574999,B,152066,205.25,8.20167289193819,1126764544,1134899200,268,45,770703360,349720780,34,1.057,0,0.0,8,0.097,1.154,0.33833887400032836,
2026-10-06T12:03:36.179713+00:00,1795.0163183779987,C,152065,185.47,7.401560254823429,841322496,842334208,264,41,498073600,452460544,30,1.037,0,0.0,12,0.122,1.159,0.41757148500073527,
2026-10-06T12:03:41.179986+00:00,1800.0165874349987,A,152079,221.34,9.1992519573087,1026121728,1039699968,271,47,687865856,484327219,40,1.174,0,0.0,18,0.222,1.396,0.4862851910002064,
2026-10-06T12:03:41.180206+00:00,1800.0168114909993,B,152066,205.67,8.399118233689796,1126764544,1134899200,268,45,770703360,350769356,34,1.057,0,0.0,8,0.097,1.154,0.408009865999702,
2026-10-06T12:03:41.180332+00:00,1800.016936909,C,152065,185.88,8.198985734628819,841478144,842334208,264,43,498073600,454557696,30,1.037,0,0.0,12,0.122,1.159,0.505363487998693,
2026-10-06T12:03:46.179542+00:00,1805.0161442559984,A,152079,221.82,9.600850979107557,1026121728,1039699968,271,47,687865856,502153011,40,1.174,0,0.0,18,0.222,1.396,0.47006994300136284,
2026-10-06T12:03:46.179669+00:00,1805.0162742149987,B,152066,206.04,7.40079525393517,1126764544,1134899200,268,45,770703360,352866508,34,1.057,0,0.0,8,0.097,1.154,0.4774333960012882,
2026-10-06T12:03:46.179911+00:00,1805.016516529,C,152065,186.23,7.000588581485356,841478144,842334208,264,43,498073600,455606272,30,1.037,0,0.0,12,0.122,1.159,0.5084072969984845,
2026-10-06T12:03:51.179568+00:00,1810.0161707789994,A,152079,222.23,8.199956502509034,1026121728,1039699968,271,47,687865856,514735923,40,1.174,0,0.0,18,0.222,1.396,0.3651497350001591,
2026-10-06T12:03:51.179697+00:00,1810.016301791,B,152066,206.4,7.199960290777506,1126764544,1134899200,268,45,770703360,354963660,34,1.057,0,0.0,8,0.097,1.154,0.42830345799848146,
2026-10-06T12:03:51.179798+00:00,1810.0164032229986,C,152065,186.56,6.600149567311429,841478144,842334208,264,43,498073600,456654848,30,1.037,0,0.0,12,0.122,1.159,0.4324031920004927,
2026-10-06T12:03:56.179584+00:00,1815.016186069999,A,152079,222.61,7.599976757751972,1026121728,1039699968,271,47,687865856,530464563,40,1.174,0,0.0,18,0.222,1.396,0.38286139400042885,
2026-10-06T12:03:56.179698+00:00,1815.0163029709984,B,152066,206.79,7.7999981592026035,1126764544,1134899200,268,45,770703360,357060812,34,1.057,0,0.0,8,0.097,1.154,0.42972061300133646,
2026-10-06T12:03:56.179914+00:00,1815.0165190899988,C,152065,186.94,7.599823886240753,841478144,842334208,264,43,498073600,230137139,31,1.043,0,0.0,12,0.122,1.166,0.4252901380004914,
2026-10-06T12:04:01.179588+00:00,1820.0161883739984,A,152079,223.05,8.799995944963088,1026121728,1039699968,271,47,687865856,541998899,40,1.174,0,0.0,18,0.222,1.396,0.48724955300167494,
2026-10-06T12:04:01.181067+00:00,1820.017672300999,B,152066,207.15,7.198028704670074,1126764544,1134899200,268,45,770703360,359157964,34,1.057,0,0.0,8,0.097,1.154,0.3914187629998196,
2026-10-06T12:04:01.182086+00:00,1820.0186917709998,C,152065,187.3,7.196872698284699,841478144,842334208,264,43,498073600,230137139,31,1.043,0,0.0,12,0.122,1.166,0.43649234199983766,
2026-10-06T12:04:06.179537+00:00,1825.016139207999,A,152079,223.51,9.200090466328009,1026052096,1039699968,271,46,687865856,560873267,40,1.174,0,0.0,18,0.222,1.396,0.32235130600020057,
2026-10-06T12:04:06.180672+00:00,1825.017277396999,B,152066,207.59,8.80069508593863,1126768640,1134899200,268,45,770703360,361255116,34,1.057,0,0.0,8,0.097,1.154,0.45876183600012155,
2026-10-06T12:04:06.180810+00:00,1825.017415844999,C,152065,187.7,8.0020420026896,841478144,842334208,264,43,498073600,232234291,31,1.043,0,0.0,12,0.122,1.166,0.4309491940002772,
2026-10-06T12:04:11.179555+00:00,1830.0161578309999,A,152079,223.99,9.599964243971872,1026052096,1039699968,271,46,687865856,575553331,40,1.174,0,0.0,18,0.222,1.396,0.47050502299862274,
2026-10-06T12:04:11.179722+00:00,1830.016327154999,B,152066,207.98,7.801482659296469,1126768640,1134899200,268,45,770703360,362303692,34,1.057,0,0.0,8,0.097,1.154,0.46102363700083515,
2026-10-06T12:04:11.179852+00:00,1830.0164576609986,C,152065,188.1,8.001533388254387,841478144,842334208,264,43,498073600,233282867,31,1.043,0,0.0,12,0.122,1.166,0.3981355779997102,
2026-10-06T12:04:16.179729+00:00,1835.0163288179992,A,152079,224.55,11.199617002218996,1026056192,1039699968,271,46,687865856,596524851,40,1.174,0,0.0,18,0.222,1.396,0.4913847879997775,
2026-10-06T12:04:16.180066+00:00,1835.016671587,B,152066,208.4,8.399421394096834,1126768640,1134899200,268,45,770703360,365449420,34,1.057,0,0.0,8,0.097,1.154,0.4413169219988049,
2026-10-06T12:04:16.180276+00:00,1835.0168816319983,C,152065,188.49,7.799338661318463,841478144,842334208,264,43,498073600,236428595,31,1.043,0,0.0,12,0.122,1.166,0.4705133660008869,
2026-10-06T12:04:21.179565+00:00,1840.0161680299989,A,152079,225.05,10.00032158634216,1026056192,1039699968,271,46,687865856,612253491,40,1.174,0,0.0,18,0.222,1.396,0.47406810900065466,
2026-10-06T12:04:21.179688+00:00,1840.0162931719988,B,152066,208.79,7.80059037208281,1126768640,1134899200,268,45,770703360,367546572,34,1.057,0,0.0,8,0.097,1.154,0.3776066760001413,
2026-10-06T12:04:21.179777+00:00,1840.016381764999,C,152065,188.87,7.600759873805914,841478144,842334208,264,43,498073600,237477171,31,1.043,0,0.0,12,0.122,1.166,0.42752264000046125,
2026-10-06T12:04:26.179525+00:00,1845.016127899,A,152079,225.57,10.400083473147463,1026056192,1039699968,271,46,687865856,243154739,41,1.184,0,0.0,18,0.222,1.406,0.4469032109991531,
2026-10-06T12:04:26.179667+00:00,1845.0162723909998,B,152066,209.18,7.80003241849342,1126768640,1134899200,268,45,770703360,369643724,34,1.057,0,0.0,8,0.097,1.154,0.39000028499867767,
2026-10-06T12:04:26.180283+00:00,1845.0168887459986,C,152065,189.24,7.399249744193935,841478144,842334208,264,43,498073600,239574323,31,1.043,0,0.0,12,0.122,1.166,0.40933079500064196,
2026-10-06T12:04:31.179478+00:00,1850.0160808389992,A,152079,226.0,8.600080943963228,1026056192,1039699968,271,46,687865856,256786227,41,1.184,0,0.0,18,0.222,1.406,0.42484412100020563,
2026-10-06T12:04:31.179611+00:00,1850.0162162519991,B,152066,209.55,7.400083086653951,1126768640,1134899200,268,45,770703360,371740876,34,1.057,0,0.0,8,0.097,1.154,0.37125413799913076,
2026-10-06T12:04:31.179703+00:00,1850.0163080349994,C,152065,189.55,6.200720165280636,841478144,842334208,264,43,498073600,240622899,31,1.043,0,0.0,12,0.122,1.166,0.5271232100003544,
2026-10-06T12:04:36.179584+00:00,1855.0161866409999,A,152079,226.44,8.799813792418968,1026056192,1039699968,271,46,687865856,274612019,41,1.184,0,0.0,18,0.222,1.406,0.5270276549999835,
2026-10-06T12:04:36.179703+00:00,1855.016308454,B,152066,209.95,7.999852479518578,1126629376,1134899200,268,43,770703360,372789452,34,1.057,0,0.0,8,0.097,1.154,0.4797881989998132,
2026-10-06T12:04:36.179830+00:00,1855.016435399999,C,152065,189.9,6.999821693542488,841478144,842334208,264,43,498073600,242720051,31,1.043,0,0.0,12,0.122,1.166,0.45960551999996824,
2026-10-06T12:04:41.179532+00:00,1860.0161347699996,A,152079,227.05,12.200126566554088,1026056192,1039699968,271,46,687865856,289292083,41,1.184,0,0.0,18,0.222,1.406,0.41547492899917415,
2026-10-06T12:04:41.179640+00:00,1860.016244594999,B,152066,210.34,7.800099621314003,1126633472,1134899200,268,43,770703360,374886604,34,1.057,0,0.0,8,0.097,1.154,0.41670270199938386,
2026-10-06T12:04:41.179698+00:00,1860.0163025829988,C,152065,190.27,7.400196574381955,841338880,842334208,264,41,498073600,244817203,31,1.043,0,0.0,12,0.122,1.166,0.3885162990009121,
2026-10-06T12:04:46.179597+00:00,1865.0161994299997,A,152079,227.54,9.799873268038247,1026056192,1039699968,271,46,687865856,311312179,41,1.184,0,0.0,18,0.222,1.406,0.33768081499874825,
2026-10-06T12:04:46.179722+00:00,1865.0163274919996,B,152066,210.74,7.999867366998227,1126633472,1134899200,268,43,770703360,378032332,34,1.057,0,0.0,8,0.097,1.154,0.4579700479989697,
2026-10-06T12:04:46.179764+00:00,1865.0163694049988,C,152065,190.64,7.399901104761186,841338880,842334208,264,41,498073600,245865779,31,1.043,0,0.0,12,0.122,1.166,0.4672122100000706,
2026-10-06T12:04:51.179489+00:00,1870.0160910279992,A,152079,228.05,10.200221144875872,1026056192,1039699968,271,46,687865856,325992243,41,1.184,0,0.0,18,0.222,1.406,0.4857690860008006,
2026-10-06T12:04:51.179606+00:00,1870.0162109939993,B,152066,211.15,8.20019106117216,1126633472,1134899200,268,43,770703360,380129484,34,1.057,0,0.0,8,0.097,1.154,0.4474821299991163,
2026-10-06T12:04:51.179902+00:00,1870.0165071669999,C,152065,191.0,7.1998016281844075,841338880,842334208,264,41,498073600,249011507,31,1.043,0,0.0,12,0.122,1.166,0.45578767400002107,
2026-10-06T12:04:56.179560+00:00,1875.0161627429989,A,152079,228.55,9.999856572057888,1026056192,1039699968,271,46,687865856,343818035,41,1.184,0,0.0,18,0.222,1.406,0.43777310800032865,
2026-10-06T12:04:56.179695+00:00,1875.0162995989995,B,152066,211.53,7.5998653227862185,1126633472,1134899200,268,43,770703360,382226636,34,1.057,0,0.0,8,0.097,1.154,0.36673487999905774,
2026-10-06T12:04:56.179869+00:00,1875.016474557,C,152065,191.36,7.2000469587063,841338880,842334208,264,41,498073600,249011507,31,1.043,0,0.0,12,0.122,1.166,0.35031317599896283,
2026-10-06T12:05:01.179487+00:00,1880.0160897569986,A,152079,228.98,8.600125537752593,1026056192,1039699968,271,46,687865856,359546675,41,1.184,0,0.0,18,0.222,1.406,0.36379302100067434,
2026-10-06T12:05:01.179628+00:00,1880.016230187999,B,152066,211.93,8.000111059142448,1126633472,1134899200,268,43,770703360,384323788,34,1.057,0,0.0,8,0.097,1.154,0.37042323800051236,
2026-10-06T12:05:01.179792+00:00,1880.0163966779983,C,152065,191.75,7.800121493134833,841338880,842334208,264,41,498073600,251108659,31,1.043,0,0.0,12,0.122,1.166,0.4210306760014646,
2026-10-06T12:05:06.179562+00:00,1885.0161638929985,A,152079,229.52,10.799839868614782,1026056192,1039699968,271,46,687865856,378421043,41,1.184,0,0.0,18,0.222,1.406,0.47007428300094034,
2026-10-06T12:05:06.180223+00:00,1885.0168278889996,B,152066,212.32,7.799067697886504,1126633472,1134899200,268,43,770703360,386420940,34,1.057,0,0.0,8,0.097,1.154,0.456795701998999,
2026-10-06T12:05:06.180316+00:00,1885.0169217849998,C,152065,192.19,8.799075908726635,841433088,842334208,264,41,498073600,252157235,31,1.043,0,0.0,12,0.122,1.166,0.4034836529990571,
2026-10-06T12:05:11.179541+00:00,1890.0161437409988,A,152079,229.98,9.200037079828496,1026056192,1039699968,271,46,687865856,393101107,41,1.184,0,0.0,18,0.222,1.406,0.48111897300077544,
2026-10-06T12:05:11.179648+00:00,1890.0162530459984,B,152066,212.71,7.800896858192748,1126633472,1134899200,268,43,770703360,388518092,34,1.057,0,0.0,8,0.097,1.154,0.5513964430010674,
2026-10-06T12:05:11.179762+00:00,1890.0163671409991,C,152065,192.57,7.600843152410795,841433088,842334208,264,41,498073600,254254387,31,1.043,0,0.0,12,0.122,1.166,0.4485714599995845,
2026-10-06T12:05:16.179537+00:00,1895.01613955,A,152079,230.52,10.800009052565576,1026056192,1039699968,271,46,687865856,414072627,41,1.184,0,0.0,18,0.222,1.406,0.27754995899886126,
2026-10-06T12:05:16.179652+00:00,1895.016256772,B,152066,213.11,7.99999403840212,1126633472,1134899200,268,43,770703360,390615244,34,1.057,0,0.0,8,0.097,1.154,0.39466284599984647,
2026-10-06T12:05:16.179774+00:00,1895.0163788999998,C,152065,192.97,7.999981185643243,841433088,842334208,264,41,498073600,256351539,31,1.043,0,0.0,12,0.122,1.166,0.4415880809992814,
2026-10-06T12:05:21.179570+00:00,1900.0161726059996,A,152079,230.99,9.399937855131459,1026056192,1039699968,271,46,687865856,428752691,41,1.184,0,0.0,18,0.222,1.406,0.4503447850001976,
2026-10-06T12:05:21.179706+00:00,1900.0163114389998,B,152066,213.51,7.999912533756075,1126633472,1134899200,268,43,770703360,392712396,34,1.057,0,0.0,8,0.097,1.154,0.4472695139993448,
2026-10-06T12:05:21.179819+00:00,1900.0164243939998,C,152065,193.33,7.199934489236334,841433088,842334208,264,41,498073600,257400115,31,1.043,0,0.0,12,0.122,1.166,0.48531782399913936,
2026-10-06T12:05:26.179560+00:00,1905.0161629189988,A,152079,231.45,9.200017824115566,1026056192,1039699968,271,46,687865856,447627059,41,1.184,0,0.0,18,0.222,1.406,0.4568919030007237,
2026-10-06T12:05:26.179668+00:00,1905.016272773999,B,152066,213.88,7.400057224643837,1126633472,1134899200,268,43,770703360,394809548,34,1.057,0,0.0,8,0.097,1.154,0.40059900199958065,
2026-10-06T12:05:26.179742+00:00,1905.0163478469985,C,152065,193.71,7.600116353223182,841433088,842334208,264,41,498073600,259497267,31,1.043,0,0.0,12,0.122,1.166,0.40388146300028893,
2026-10-06T12:05:31.179529+00:00,1910.0161310149997,A,152079,231.93,9.600061256069528,1026056192,1039699968,271,46,687865856,463355699,41,1.184,0,0.0,18,0.222,1.406,0.39874265599974024,
2026-10-06T12:05:31.179758+00:00,1910.0163630789993,B,152066,214.27,7.799859126743963,1126633472,1134899200,268,43,770703360,396906700,34,1.057,0,0.0,8,0.097,1.154,0.39225718099987716,
2026-10-06T12:05:31.179890+00:00,1910.0164957329998,C,152065,194.06,6.999792965721579,841433088,842334208,264,41,498073600,260545843,31,1.043,0,0.0,12,0.122,1.166,0.4144248749998951,
2026-10-06T12:05:36.179547+00:00,1915.0161472849995,A,152079,232.39,9.199970063297313,1026056192,1039699968,271,46,687865856,481181491,41,1.184,0,0.0,18,0.222,1.406,0.39645639499940444,
2026-10-06T12:05:36.179687+00:00,1915.0162925289987,B,152066,214.66,7.800110059553604,1126645760,1134899200,268,43,770703360,397955276,34,1.057,0,0.0,8,0.097,1.154,0.45476765900093596,
2026-10-06T12:05:36.179848+00:00,1915.0164527339984,C,152065,194.43,7.400063639069416,841433088,842334208,264,41,498073600,262642995,31,1.043,0,0.0,12,0.122,1.166,0.48240659600014624,
2026-10-06T12:05:41.179568+00:00,1920.0161704329985,A,152079,232.82,8.599960185626275,1026060288,1039699968,271,46,687865856,495861555,41,1.184,0,0.0,18,0.222,1.406,0.45696266800041485,
2026-10-06T12:05:41.179679+00:00,1920.0162830919999,B,152066,215.04,7.600014344265279,1126674432,1134899200,268,43,770703360,401101004,34,1.057,0,0.0,8,0.097,1.154,0.5144388879998587,
2026-10-06T12:05:41.179885+00:00,1920.0164896469996,C,152065,194.78,6.999948322179768,841441280,842334208,264,41,498073600,263691571,31,1.043,0,0.0,12,0.122,1.166,0.5019314889996167,
2026-10-06T12:05:46.179554+00:00,1925.0161552889986,A,152079,233.31,9.800029682329923,1026064384,1039699968,271,46,687865856,512638771,41,1.184,0,0.0,18,0.222,1.406,0.5041936600009649,
2026-10-06T12:05:46.179701+00:00,1925.0163056149995,B,152066,215.39,6.999968467942426,1126674432,1134899200,268,43,770703360,402149580,34,1.057,0,0.0,8,0.097,1.154,0.4111997079999128,
2026-10-06T12:05:46.179835+00:00,1925.0164405779997,C,152065,195.12,6.800066734494909,841441280,842334208,264,41,498073600,265788723,31,1.043,0,0.0,12,0.122,1.166,0.46284787299919117,
2026-10-06T12:05:51.179584+00:00,1930.0161855949991,A,152079,233.77,9.19994423729713,1026064384,1039699968,271,46,687865856,528367411,41,1.184,0,0.0,18,0.222,1.406,0.4718877100003738,
2026-10-06T12:05:51.179699+00:00,1930.0163041779997,B,152066,215.78,7.800002241720644,1126674432,1134899200,268,43,770703360,404246732,34,1.057,0,0.0,8,0.097,1.154,0.4703184039990447,
2026-10-06T12:05:51.179987+00:00,1930.016592214999,C,152065,195.49,7.399775584046988,841441280,842334208,264,41,498073600,266837299,31,1.043,0,0.0,12,0.122,1.166,0.4955962570002157,
2026-10-06T12:05:56.179578+00:00,1935.016179963999,A,152079,234.25,9.600010811532012,1026080768,1039699968,271,47,687865856,547241779,41,1.184,0,0.0,18,0.222,1.406,0.4532124620000104,
2026-10-06T12:05:56.179743+00:00,1935.0163458029983,B,152066,216.13,6.99994172548694,1126674432,1134899200,268,43,770703360,406343884,34,1.057,0,0.0,8,0.097,1.154,0.4649898800016672,
2026-10-06T12:05:56.179837+00:00,1935.0164427679993,C,152065,195.85,7.200215210111896,841441280,842334208,264,41,498073600,268934451,31,1.043,0,0.0,12,0.122,1.166,0.44956243299930065,
2026-10-06T12:06:01.179561+00:00,1940.0161625,A,152079,234.71,9.20003213387061,1026248704,1039699968,272,49,687865856,559824691,41,1.184,0,0.0,18,0.222,1.406,0.4827278539996769,
2026-10-06T12:06:01.179698+00:00,1940.0163034509987,B,152066,216.55,8.400071151962301,1126830080,1134899200,269,45,770703360,409489612,34,1.057,0,0.0,8,0.097,1.154,0.4068333570012328,
2026-10-06T12:06:01.179802+00:00,1940.0164078079997,C,152065,196.21,7.200050342751606,841445376,842334208,264,41,498073600,269983027,31,1.043,0,0.0,12,0.122,1.166,0.3700465889996849,
2026-10-06T12:06:06.179590+00:00,1945.0161899939994,A,152079,235.24,10.599941713041868,1026244608,1039699968,272,48,687865856,580796211,41,1.184,0,0.0,18,0.222,1.406,0.44591564499933156,
2026-10-06T12:06:06.181092+00:00,1945.0176974569986,B,152066,216.94,7.797825956765858,1126764544,1134899200,269,44,770703360,411586764,34,1.057,0,0.0,8,0.097,1.154,0.36782993400083797,
2026-10-06T12:06:06.181290+00:00,1945.0178932749986,C,152065,196.6,7.7976833597399295,841445376,842334208,264,41,498073600,272080179,31,1.043,0,0.0,12,0.122,1.166,0.38974001000133285,
2026-10-06T12:06:11.179565+00:00,1950.016167058,A,152079,235.7,9.20004220243202,1026244608,1039699968,272,48,687865856,595476275,41,1.184,0,0.0,18,0.222,1.406,0.444344691999504,
2026-10-06T12:06:11.179726+00:00,1950.0163309589989,B,152066,217.34,8.002186994504353,1126776832,1134899200,269,44,770703360,413683916,34,1.057,0,0.0,8,0.097,1.154,0.4089321640003618,
2026-10-06T12:06:11.179782+00:00,1950.0163869579992,C,152065,196.95,7.002109479308009,841445376,842334208,264,41,498073600,274177331,31,1.043,0,0.0,12,0.122,1.166,0.47590662599941425,
2026-10-06T12:06:16.179570+00:00,1955.016170842,A,152079,236.18,9.599992734725861,1026244608,1039699968,272,48,687865856,616447795,41,1.184,0,0.0,18,0.222,1.406,0.49451427499843703,
2026-10-06T12:06:16.179743+00:00,1955.016345684,B,152066,217.7,7.1999787960604715,1126776832,1134899200,269,44,770703360,415781068,34,1.057,0,0.0,8,0.097,1.154,0.4055013439992763,
2026-10-06T12:06:16.180369+00:00,1955.016975008999,C,152065,197.29,6.799200344687968,841445376,842334208,264,41,498073600,275225907,31,1.043,0,0.0,12,0.122,1.166,0.4199500310005533,
2026-10-06T12:06:21.179538+00:00,1960.0161406479983,A,152079,236.66,9.600057972833218,1026244608,1039699968,272,48,687865856,243664793,42,1.194,0,0.0,18,0.222,1.416,0.41332042300018657,
2026-10-06T12:06:21.180747+00:00,1960.0173531289984,B,152066,218.06,7.198549571448087,1126916096,1134899200,268,44,770703360,417878220,34,1.057,0,0.0,8,0.097,1.154,0.4282308080000803,
2026-10-06T12:06:21.180874+00:00,1960.0174750059996,C,152065,197.66,7.399260078430933,841445376,842334208,264,41,498073600,277323059,31,1.043,0,0.0,12,0.122,1.166,0.36173426099958306,
2026-10-06T12:06:26.179556+00:00,1965.0161590079988,A,152079,237.13,9.399965483325843,1026244608,1039699968,272,48,687865856,261490585,42,1.194,0,0.0,18,0.222,1.416,0.4236697880005522,
2026-10-06T12:06:26.179664+00:00,1965.016269574,B,152066,218.43,7.401604009004016,1126846464,1134899200,268,43,770703360,419975372,34,1.057,0,0.0,8,0.097,1.154,0.40527595699859376,
2026-10-06T12:06:26.179918+00:00,1965.0165241659997,C,152065,198.01,7.0013314291949165,841445376,842334208,264,41,498073600,278371635,31,1.043,0,0.0,12,0.122,1.166,0.43094406699856336,
2026-10-06T12:06:31.179507+00:00,1970.0161102859984,A,152079,237.63,10.0000974449504,1026244608,1039699968,272,48,687865856,278267801,42,1.194,0,0.0,18,0.222,1.416,0.3998783730003197,
2026-10-06T12:06:31.179635+00:00,1970.0162399209985,B,152066,218.82,7.800046258956485,1126846464,1134899200,268,43,770703360,422072524,34,1.057,0,0.0,8,0.097,1.154,0.4013222660014435,
2026-10-06T12:06:31.179844+00:00,1970.0164499759994,C,152065,198.42,8.200121673405821,841445376,842334208,264,41,498073600,280468787,31,1.043,0,0.0,12,0.122,1.166,0.4336704130000726,
2026-10-06T12:06:36.179531+00:00,1975.0161333409997,A,152079,238.08,8.999958501189365,1026244608,1039699968,272,48,687865856,297142169,42,1.194,0,0.0,18,0.222,1.416,0.49314445199888723,
2026-10-06T12:06:36.179630+00:00,1975.0162355939992,B,152066,219.16,6.800005884724154,1126846464,1134899200,268,43,770703360,424169676,34,1.057,0,0.0,8,0.097,1.154,0.4595786179997958,
2026-10-06T12:06:36.179996+00:00,1975.0166012829995,C,152065,198.77,6.999788176610354,841445376,842334208,264,41,498073600,282565939,31,1.043,0,0.0,12,0.122,1.166,0.42095299799984787,
2026-10-06T12:06:41.179526+00:00,1980.0161285709983,A,152079,238.58,10.000009540011895,1026244608,1039699968,272,48,687865856,312870809,42,1.194,0,0.0,18,0.222,1.416,0.41637029200137476,
2026-10-06T12:06:41.179652+00:00,1980.0162572589998,B,152066,219.55,7.79996620274591,1126846464,1134899200,268,43,770703360,426266828,34,1.057,0,0.0,8,0.097,1.154,0.45256139499906567,
2026-10-06T12:06:41.179714+00:00,1980.0163199279996,C,152065,199.15,7.600427683666052,841445376,842334208,264,41,498073600,283614515,31,1.043,0,0.0,12,0.122,1.166,0.3620372570003383,
2026-10-06T12:06:46.179514+00:00,1985.0161167499991,A,152079,239.07,9.800023169212693,1026248704,1039699968,272,48,687865856,334890905,42,1.194,0,0.0,18,0.222,1.416,0.3350246249992779,
2026-10-06T12:06:46.180667+00:00,1985.0172723649994,B,152066,219.95,7.998376160074095,1127038976,1134899200,268,45,770703360,431509708,34,1.057,0,0.0,8,0.097,1.154,0.380627980999634,
2026-10-06T12:06:46.180737+00:00,1985.0173426309993,C,152065,199.53,7.59844580933536,841449472,842334208,264,41,498073600,286760243,31,1.043,0,0.0,12,0.122,1.166,0.38314883500061114,
2026-10-06T12:06:51.179573+00:00,1990.016174176999,A,152079,239.51,8.799898929641186,1026248704,1039699968,272,48,687865856,343279513,42,1.194,0,0.0,18,0.222,1.416,0.3942205240000476,
2026-10-06T12:06:51.179725+00:00,1990.0163275229988,B,152066,220.38,8.601625435396985,1127038976,1134899200,268,45,770703360,440946892,34,1.057,0,0.0,8,0.097,1.154,0.5112704719995236,
2026-10-06T12:06:51.180047+00:00,1990.0166513289987,C,152065,199.91,7.60105092434209,841449472,842334208,264,41,498073600,286760243,31,1.043,0,0.0,12,0.122,1.166,0.4679765290002251,
2026-10-06T12:06:56.179718+00:00,1995.0161690189998,A,152079,239.97,9.200009490728316,1026248704,1039699968,272,48,687865856,362153881,42,1.194,0,0.0,18,0.222,1.416,0.5440555909990508,
2026-10-06T12:06:56.180196+00:00,1995.016801067999,B,152066,220.93,10.998958299658176,1127047168,1134899200,268,45,770703360,453529804,34,1.057,0,0.0,8,0.097,1.154,0.6053365190000477,
2026-10-06T12:06:56.180291+00:00,1995.016896195999,C,152065,200.31,7.999608231985975,841449472,842334208,264,41,498073600,288857395,31,1.043,0,0.0,12,0.122,1.166,0.6628082650004217,
2026-10-06T12:07:01.179558+00:00,2000.0161604599998,A,152079,240.41,8.800015063865706,1026248704,1039699968,272,48,687865856,375785369,42,1.194,0,0.0,18,0.222,1.416,0.4008139729994582,
2026-10-06T12:07:01.179931+00:00,2000.0165358939994,B,152066,221.66,14.600774349146228,1130627072,1134899200,268,45,770703360,468209868,34,1.057,0,0.0,8,0.097,1.154,0.48548300199945515,
2026-10-06T12:07:01.180072+00:00,2000.0166767499995,C,152065,200.7,7.8003423507842795,841449472,842334208,264,41,498073600,290954547,31,1.043,0,0.0,12,0.122,1.166,0.5124002609991294,
2026-10-06T12:07:06.179549+00:00,2005.016150689,A,152079,240.89,9.600018760356257,1026179072,1039699968,272,47,687865856,393611161,42,1.194,0,0.0,18,0.222,1.416,0.5267986939998082,
2026-10-06T12:07:06.180981+00:00,2005.017586353999,B,152066,222.08,8.39823559788787,1130631168,1134899200,268,45,770703360,482889932,34,1.057,0,0.0,8,0.097,1.154,0.5482741489995533,
2026-10-06T12:07:06.181027+00:00,2005.017632903,C,152065,201.1,7.9984704476964925,841449472,842334208,264,41,498073600,292003123,31,1.043,0,0.0,12,0.122,1.166,0.5773707549997198,
2026-10-06T12:07:11.179551+00:00,2010.0161540649988,A,152079,241.37,9.599993518086933,1026179072,1039699968,272,47,687865856,407242649,42,1.194,0,0.0,18,0.222,1.416,0.48910854200039466,
2026-10-06T12:07:11.179664+00:00,2010.016269758,B,152066,222.57,9.802581207839264,1130635264,1134899200,268,45,770703360,495472844,34,1.057,0,0.0,8,0.097,1.154,0.5185510859992064,
2026-10-06T12:07:11.179698+00:00,2010.016302652999,C,152065,201.54,8.802341863054464,841449472,842334208,264,41,498073600,294100275,31,1.043,0,0.0,12,0.122,1.166,0.533411246000469,
2026-10-06T12:07:16.179540+00:00,2015.0161413859987,A,152079,241.82,9.000022822257762,1026179072,1039699968,272,47,687865856,422971289,42,1.194,0,0.0,18,0.222,1.416,0.5152713050010789,
2026-10-06T12:07:16.179987+00:00,2015.0165922919987,B,152066,223.01,8.799432376777679,1130774528,1134899200,269,47,770703360,508055756,34,1.057,0,0.0,8,0.097,1.154,0.47851451899987296,
2026-10-06T12:07:16.180092+00:00,2015.016696708999,C,152065,201.9,7.19943260407742,841449472,842334208,264,41,498073600,295148851,31,1.043,0,0.0,12,0.122,1.166,0.47335044700048456,
2026-10-06T12:07:21.179548+00:00,2020.0161490759983,A,152079,242.27,8.999986158022313,1026179072,1039699968,272,47,687865856,434505625,42,1.194,0,0.0,18,0.222,1.416,0.5023596400005772,
2026-10-06T12:07:21.179701+00:00,2020.0163063109994,B,152066,223.53,10.40059487450321,1130733568,1134899200,269,46,770703360,519590092,34,1.057,0,0.0,8,0.097,1.154,0.5136630979995971,
2026-10-06T12:07:21.179900+00:00,2020.0165049839998,C,152065,202.32,8.400322110349794,841449472,842334208,264,41,498073600,296197427,31,1.043,0,0.0,12,0.122,1.166,0.521857853000256,
2026-10-06T12:07:26.179610+00:00,2025.0162120139994,A,152079,242.73,9.199884195535331,1026179072,1039699968,272,47,687865856,448137113,42,1.194,0,0.0,18,0.222,1.416,0.38382487399940146,
2026-10-06T12:07:26.179774+00:00,2025.016379265,B,152066,223.99,9.199865766597547,1130741760,1134899200,269,46,770703360,533221580,34,1.057,0,0.0,8,0.097,1.154,0.48276950599938573,
2026-10-06T12:07:26.179853+00:00,2025.0164583939986,C,152065,202.74,8.400078271931584,841449472,842334208,264,41,498073600,298294579,31,1.043,0,0.0,12,0.122,1.166,0.4197150150012021,
2026-10-06T12:07:31.179589+00:00,2030.016190930999,A,152079,243.19,9.200038792884321,1026179072,1039699968,272,47,687865856,462817177,42,1.194,0,0.0,18,0.222,1.416,0.5506965839995246,
2026-10-06T12:07:31.179727+00:00,2030.0163319179992,B,152066,224.44,9.000085225408377,1130758144,1134899200,269,46,770703360,546853068,34,1.057,0,0.0,8,0.097,1.154,0.5790457460007019,
2026-10-06T12:07:31.179910+00:00,2030.0165155689992,C,152065,203.12,7.599913094992725,841449472,842334208,264,41,498073600,299343155,31,1.043,0,0.0,12,0.122,1.166,0.545141885000703,
2026-10-06T12:07:36.179607+00:00,2035.0162088559991,A,152079,243.68,9.799964867126004,1026179072,1039699968,272,47,687865856,478545817,42,1.194,0,0.0,18,0.222,1.416,0.5839905619995989,
2026-10-06T12:07:36.180881+00:00,2035.0174857919992,B,152066,224.98,10.797508207202803,1130770432,1134899200,269,46,770703360,562581708,34,1.057,0,0.0,8,0.097,1.154,0.605173724999986,
2026-10-06T12:07:36.180935+00:00,2035.0175402639998,C,152065,203.54,8.39827886512653,841449472,842334208,264,41,498073600,301440307,31,1.043,0,0.0,12,0.122,1.166,0.6269269309996162,
2026-10-06T12:07:41.179559+00:00,2040.0161606879992,A,152079,244.16,9.600092483450592,1026179072,1039699968,272,47,687865856,493225881,42,1.194,0,0.0,18,0.222,1.416,0.5103736990004109,
2026-10-06T12:07:41.179708+00:00,2040.0163136319989,B,152066,225.67,13.803235920204168,1130868736,1134899200,269,46,770703360,575164620,34,1.057,0,0.0,8,0.097,1.154,0.49459824999939883,
2026-10-06T12:07:41.179758+00:00,2040.016363662,C,152065,203.94,8.001883006309527,841449472,842334208,264,41,498073600,302488883,31,1.043,0,0.0,12,0.122,1.166,0.5282996659989294,
2026-10-06T12:07:46.179541+00:00,2045.0161441539985,A,152079,244.64,9.600031745386074,1026179072,1039699968,272,47,687865856,511051673,42,1.194,0,0.0,18,0.222,1.416,0.5332890640002006,
2026-10-06T12:07:46.179750+00:00,2045.0163549499994,B,152066,226.15,9.59992067009493,1130885120,1134899200,269,46,770703360,589844684,34,1.057,0,0.0,8,0.097,1.154,0.38520161799897323,
2026-10-06T12:07:46.179816+00:00,2045.0164211089996,C,152065,204.35,8.199905788003088,841449472,842334208,264,41,498073600,303537459,31,1.043,0,0.0,12,0.122,1.166,0.48509818499951507,
2026-10-06T12:07:51.179539+00:00,2050.016141562999,A,152079,245.11,9.400004871081997,1026179072,1039699968,272,47,687865856,523634585,42,1.194,0,0.0,18,0.222,1.416,0.3826686920001521,
2026-10-06T12:07:51.180747+00:00,2050.0173529209987,B,152066,226.58,8.5982838324183,1130889216,1134899200,269,46,770703360,603476172,34,1.057,0,0.0,8,0.097,1.154,0.4239422390000982,
2026-10-06T12:07:51.180785+00:00,2050.017390367999,C,152065,204.74,7.798488249017117,841449472,842334208,264,41,498073600,305634611,31,1.043,0,0.0,12,0.122,1.166,0.5092659860001731,
2026-10-06T12:07:56.179552+00:00,2055.016154675999,A,152079,245.54,8.599977445698679,1026179072,1039699968,272,47,687865856,540411801,42,1.194,0,0.0,18,0.222,1.416,0.4491268170004332,
2026-10-06T12:07:56.179680+00:00,2055.0162846469993,B,152066,226.99,8.201752343755615,1130889216,1134899200,269,46,770703360,613961932,34,1.057,0,0.0,8,0.097,1.154,0.4760419260001072,
2026-10-06T12:07:56.179723+00:00,2055.0163285729996,C,152065,205.13,7.801656752024774,841449472,842334208,264,41,498073600,306683187,31,1.043,0,0.0,12,0.122,1.166,0.49310748199968657,
2026-10-06T12:08:01.179523+00:00,2060.0161251559985,A,152079,245.98,8.800051955507897,1026179072,1039699968,272,47,687865856,550897561,42,1.194,0,0.0,18,0.222,1.416,0.39679553600035433,
2026-10-06T12:08:01.179675+00:00,2060.016279907999,B,152066,227.46,9.400008909329099,1130901504,1134899200,269,46,770703360,626544844,34,1.057,0,0.0,8,0.097,1.154,0.518861268999899,
2026-10-06T12:08:01.180158+00:00,2060.0167641049993,C,152065,205.52,7.799320629258216,841449472,842334208,264,41,498073600,307731763,31,1.043,0,0.0,12,0.122,1.166,0.4916915110006812,
2026-10-06T12:08:06.179565+00:00,2065.016167759999,A,152079,246.42,8.799925017597888,1026179072,1039699968,272,47,687865856,567674777,42,1.194,0,0.0,18,0.222,1.416,0.4294304400009423,
2026-10-06T12:08:06.179676+00:00,2065.016280484999,B,152066,227.9,8.799998984480407,1130909696,1134899200,269,46,770703360,639127756,34,1.057,0,0.0,8,0.097,1.154,0.4747793719998299,
2026-10-06T12:08:06.179832+00:00,2065.0164374199994,C,152065,205.9,7.6004965936456825,841449472,842334208,264,41,498073600,309828915,31,1.043,0,0.0,12,0.122,1.166,0.3984210759990674,
2026-10-06T12:08:11.179646+00:00,2070.016248288999,A,152079,246.86,8.799858271242975,1026179072,1039699968,272,47,687865856,581306265,42,1.194,0,0.0,18,0.222,1.416,0.42849553499945614,
2026-10-06T12:08:11.179752+00:00,2070.0163573229984,B,152066,228.34,8.799864767198887,1130913792,1134899200,269,46,770703360,651710668,34,1.057,0,0.0,8,0.097,1.154,0.522256380001636,
2026-10-06T12:08:11.179800+00:00,2070.0164049899995,C,152065,206.27,7.400047996711279,841449472,842334208,264,41,498073600,310877491,31,1.043,0,0.0,12,0.122,1.166,0.4289771269995981,
2026-10-06T12:08:16.179611+00:00,2075.0162136709987,A,152079,247.31,9.00006231283197,1026179072,1039699968,272,47,687865856,599132057,42,1.194,0,0.0,18,0.222,1.416,0.5206538000002183,
2026-10-06T12:08:16.179716+00:00,2075.0163211619983,B,152066,228.79,9.000065090270565,1130921984,1134899200,269,46,770703360,666390732,34,1.057,0,0.0,8,0.097,1.154,0.4007243690011819,
2026-10-06T12:08:16.179765+00:00,2075.0163697499993,C,152065,206.65,7.600053565177764,841449472,842334208,264,41,498073600,312974643,31,1.043,0,0.0,12,0.122,1.166,0.47113297900068574,
2026-10-06T12:08:21.179568+00:00,2080.016170536999,A,152079,247.74,8.600074191119305,1026179072,1039699968,272,47,687865856,611714969,42,1.194,0,0.0,18,0.222,1.416,0.507271213000422,
2026-10-06T12:08:21.179677+00:00,2080.0162820199985,B,152066,229.22,8.600067324766972,1130921984,1134899200,269,46,770703360,680022220,34,1.057,0,0.0,8,0.097,1.154,0.47718590600015887,
2026-10-06T12:08:21.179741+00:00,2080.0163458299994,C,152065,207.02,7.40003540176927,841449472,842334208,264,41,498073600,314023219,31,1.043,0,0.0,12,0.122,1.166,0.41916817799938144,
2026-10-06T12:08:26.179549+00:00,2085.016151333999,A,152079,248.78,20.800079884787447,1026646016,1039699968,272,47,687865856,242986700,43,1.206,0,0.0,20,0.25,1.455,0.4035151919997588,
2026-10-06T12:08:26.179692+00:00,2085.0162971229984,B,152066,229.66,8.799973418800429,1130921984,1134899200,269,46,770703360,693653708,34,1.057,0,0.0,8,0.097,1.154,0.42316791000121157,
2026-10-06T12:08:26.179905+00:00,2085.0165104379994,C,152065,207.41,7.799743219973372,841449472,842334208,264,41,498073600,316120371,31,1.043,0,0.0,12,0.122,1.166,0.5150412799994228,
2026-10-06T12:08:31.179536+00:00,2090.0161386339987,A,152079,249.2,8.400021336054444,1026646016,1039699968,272,47,687865856,254521036,43,1.206,0,0.0,20,0.25,1.455,0.46455306300049415,
2026-10-06T12:08:31.179650+00:00,2090.0162552639995,B,152066,230.09,8.60007199808097,1130962944,1134899200,269,46,770703360,254028800,35,1.064,0,0.0,8,0.097,1.161,0.4183072830001038,
2026-10-06T12:08:31.179698+00:00,2090.0163030249987,C,152065,207.81,8.000331874568223,841449472,842334208,264,41,498073600,317168947,31,1.043,0,0.0,12,0.122,1.166,0.4582734089999576,
2026-10-06T12:08:36.179559+00:00,2095.0161618309994,A,152079,249.62,8.399961029219941,1026682880,1039699968,272,47,687865856,270249676,43,1.206,0,0.0,20,0.25,1.455,0.43500452199987194,
2026-10-06T12:08:36.179771+00:00,2095.0163765179987,B,152066,230.92,16.599597446484687,1147453440,1147453440,269,46,770703360,270806016,35,1.064,0,0.0,8,0.097,1.161,0.41003654100131826,
2026-10-06T12:08:36.179833+00:00,2095.016438396,C,152065,208.18,7.399799656342301,841449472,842334208,264,41,498073600,318217523,31,1.043,0,0.0,12,0.122,1.166,0.4567487339991203,
2026-10-06T12:08:41.179540+00:00,2100.016143035,A,152079,250.04,8.400031577397607,1026682880,1039699968,272,47,687865856,281784012,43,1.206,0,0.0,20,0.25,1.455,0.36730106199865986,
2026-10-06T12:08:41.179651+00:00,2100.0162556789983,B,152066,231.3,7.600183679720181,1137840128,1146769408,269,46,770703360,283388928,35,1.064,0,0.0,8,0.097,1.161,0.40632806200119376,
2026-10-06T12:08:41.179761+00:00,2100.0163664149986,C,152065,208.5,6.400092137008056,841596928,842334208,264,43,498073600,321363251,31,1.043,0,0.0,12,0.122,1.166,0.428646516000299,
2026-10-06T12:08:46.179506+00:00,2105.016109106,A,152079,250.47,8.600058358276115,1026682880,1039699968,272,47,687865856,298561228,43,1.206,0,0.0,20,0.25,1.455,0.4183801269991818,
2026-10-06T12:08:46.179632+00:00,2105.0162374089996,B,152066,231.72,8.400030693709706,1137897472,1146769408,269,46,770703360,300166144,35,1.064,0,0.0,8,0.097,1.161,0.34224696700039203,
2026-10-06T12:08:46.179682+00:00,2105.016286967999,C,152065,208.9,8.000127117219504,841596928,842334208,264,43,498073600,322411827,31,1.043,0,0.0,12,0.122,1.166,0.44204853200062644,
2026-10-06T12:08:51.179523+00:00,2110.016125824999,A,152079,250.92,8.999969905901882,1026682880,1039699968,272,47,687865856,313241292,43,1.206,0,0.0,20,0.25,1.455,0.4232490260001214,
2026-10-06T12:08:51.179642+00:00,2110.0162471019994,B,152066,232.12,7.999984491230482,1137897472,1146769408,269,46,770703360,317991936,35,1.064,0,0.0,8,0.097,1.161,0.38260186899969995,
2026-10-06T12:08:51.179776+00:00,2110.0163807479985,C,152065,209.25,6.99986871046293,841596928,842334208,264,43,498073600,324508979,31,1.043,0,0.0,12,0.122,1.166,0.4746790469998814,
2026-10-06T12:08:56.179562+00:00,2115.016164180999,A,152079,251.36,8.799932493958368,1026682880,1039699968,272,47,687865856,330018508,43,1.206,0,0.0,20,0.25,1.455,0.43721134299994446,
2026-10-06T12:08:56.179739+00:00,2115.016343850999,B,152066,232.55,8.599833594940785,1137897472,1146769408,269,46,770703360,333720576,35,1.064,0,0.0,8,0.097,1.161,0.4098362320000888,
2026-10-06T12:08:56.179863+00:00,2115.016467846999,C,152065,209.64,7.799864127925553,841596928,842334208,264,43,498073600,325557555,31,1.043,0,0.0,12,0.122,1.166,0.3909861430001911,
2026-10-06T12:09:01.179521+00:00,2120.0161233519993,A,152079,251.75,7.800063693759482,1026682880,1039699968,272,47,687865856,344698572,43,1.206,0,0.0,20,0.25,1.455,0.47599711600014416,
2026-10-06T12:09:01.179639+00:00,2120.0162445139995,B,152066,232.91,7.200143048120953,1137901568,1146769408,269,46,770703360,349449216,35,1.064,0,0.0,8,0.097,1.161,0.38461985799949616,
2026-10-06T12:09:01.179733+00:00,2120.016338674999,C,152065,209.98,6.800175678458636,841596928,842334208,264,43,498073600,326606131,31,1.043,0,0.0,12,0.122,1.166,0.4010208170002443,
2026-10-06T12:09:06.179562+00:00,2125.0161646709985,A,152079,252.2,8.999925626415934,1026682880,1039699968,272,47,687865856,361475788,43,1.206,0,0.0,20,0.25,1.455,0.445164091001061,
2026-10-06T12:09:06.180678+00:00,2125.017284382,B,152066,233.31,7.998336557151369,1137901568,1146769408,269,46,770703360,365177856,35,1.064,0,0.0,8,0.097,1.161,0.4083447239991074,
2026-10-06T12:09:06.180728+00:00,2125.017333419999,C,152065,210.33,6.9986076340104955,841596928,842334208,264,43,498073600,327654707,31,1.043,0,0.0,12,0.122,1.166,0.3945155170004,
2026-10-06T12:09:11.179647+00:00,2130.0162495739987,A,152079,252.63,8.599853969319406,1026682880,1039699968,272,47,687865856,373010124,43,1.206,0,0.0,20,0.25,1.455,0.40500799500114226,
2026-10-06T12:09:11.179776+00:00,2130.016380821,B,152066,233.76,9.001626703765146,1137901568,1146769408,269,46,770703360,378809344,35,1.064,0,0.0,8,0.097,1.161,0.4792211669991957,
2026-10-06T12:09:11.179831+00:00,2130.016436824999,C,152065,210.72,7.801398939056213,841596928,842334208,264,43,498073600,329751859,31,1.043,0,0.0,12,0.122,1.166,0.417208393000692,
2026-10-06T12:09:16.179597+00:00,2135.016198861,A,152079,253.05,8.400085198702653,1026682880,1039699968,272,47,687865856,387690188,43,1.206,0,0.0,20,0.25,1.455,0.398838908999096,
2026-10-06T12:09:16.179808+00:00,2135.016409217,B,152066,234.2,8.799950023324074,1137901568,1146769408,269,46,770703360,393489408,35,1.064,0,0.0,8,0.097,1.161,0.4324480119994405,
2026-10-06T12:09:16.180110+00:00,2135.016714976,C,152065,211.07,6.999610610260159,841596928,842334208,264,43,498073600,330800435,31,1.043,0,0.0,12,0.122,1.166,0.4816771979985788,
2026-10-06T12:09:21.179576+00:00,2140.0161775869983,A,152079,253.49,8.800037442401875,1026682880,1039699968,272,47,687865856,400273100,43,1.206,0,0.0,20,0.25,1.455,0.36353533300098206,
2026-10-06T12:09:21.179770+00:00,2140.016375023999,B,152066,234.62,8.400057444634552,1137901568,1146769408,269,46,770703360,408169472,35,1.064,0,0.0,8,0.097,1.161,0.4265360520003014,
2026-10-06T12:09:21.180030+00:00,2140.0166351139997,C,152065,211.43,7.2001150031176495,841596928,842334208,264,43,498073600,332897587,31,1.043,0,0.0,12,0.122,1.166,0.4693935729992518,
2026-10-06T12:09:26.179664+00:00,2145.0162651089995,A,152079,253.95,9.19983896233626,1026682880,1039699968,272,47,687865856,419147468,43,1.206,0,0.0,20,0.25,1.455,0.4407076309998956,
2026-10-06T12:09:26.179820+00:00,2145.016422355,B,152066,235.03,8.19992237789301,1137930240,1146769408,269,46,770703360,424946688,35,1.064,0,0.0,8,0.097,1.161,0.44105979899904924,
2026-10-06T12:09:26.180008+00:00,2145.016613111,C,152065,211.81,7.600033444706608,841601024,842334208,263,43,498073600,333946163,31,1.043,0,0.0,12,0.122,1.166,0.36459558499882405,
2026-10-06T12:09:31.179550+00:00,2150.016151996999,A,152079,254.36,8.200185507878267,1026682880,1039699968,272,47,687865856,432778956,43,1.206,0,0.0,20,0.25,1.455,0.47120231299959414,
2026-10-06T12:09:31.179697+00:00,2150.016299351999,B,152066,235.44,8.200201729884471,1137930240,1146769408,269,46,770703360,441723904,35,1.064,0,0.0,8,0.097,1.161,0.4028920010005095,
2026-10-06T12:09:31.180236+00:00,2150.0168412109997,C,152065,212.18,7.399662427400551,841531392,842334208,263,42,498073600,336043315,31,1.043,0,0.0,12,0.122,1.166,0.44023491499865486,
2026-10-06T12:09:36.179530+00:00,2155.0161331399995,A,152079,254.79,8.600032434160694,1026682880,1039699968,272,47,687865856,450604748,43,1.206,0,0.0,20,0.25,1.455,0.5052126579994365,
2026-10-06T12:09:36.179681+00:00,2155.016285993999,B,152066,235.84,8.000021372856741,1137930240,1146769408,269,46,770703360,458501120,35,1.064,0,0.0,8,0.097,1.161,0.3790964849995362,
2026-10-06T12:09:36.179730+00:00,2155.016335242999,C,152065,212.54,7.200728667657147,841531392,842334208,263,42,498073600,337091891,31,1.043,0,0.0,12,0.122,1.166,0.5052434700010053,
2026-10-06T12:09:41.179516+00:00,2160.0161181969997,A,152079,255.21,8.400025104314956,1026682880,1039699968,272,47,687865856,464236236,43,1.206,0,0.0,20,0.25,1.455,0.38221020699893415,
2026-10-06T12:09:41.179653+00:00,2160.0162578069994,B,152066,236.26,8.40004735442632,1137930240,1146769408,269,46,770703360,476326912,35,1.064,0,0.0,8,0.097,1.161,0.4885796630005643,
2026-10-06T12:09:41.179774+00:00,2160.016378904,C,152065,212.88,6.799940621557559,841392128,842334208,263,40,498073600,339189043,31,1.043,0,0.0,12,0.122,1.166,0.4779064759986795,
2026-10-06T12:09:46.179554+00:00,2165.0161567859996,A,152079,255.75,10.799916648403533,1026682880,1039699968,272,47,687865856,482062028,43,1.206,0,0.0,20,0.25,1.455,0.4141363189992262,
2026-10-06T12:09:46.179666+00:00,2165.016270496999,B,152066,236.69,8.599978173256403,1137938432,1146769408,269,46,770703360,485764096,35,1.064,0,0.0,8,0.097,1.161,0.4737889030002407,
2026-10-06T12:09:46.179733+00:00,2165.0163380879985,C,152065,213.26,7.600062040828297,841392128,842334208,263,40,498073600,341286195,31,1.043,0,0.0,12,0.122,1.166,0.4728299100006552,
2026-10-06T12:09:51.179528+00:00,2170.016129976999,A,152079,256.14,7.800041822265063,1026682880,1039699968,272,47,687865856,494644940,43,1.206,0,0.0,20,0.25,1.455,0.488489990000744,
2026-10-06T12:09:51.179632+00:00,2170.0162382199997,B,152066,237.11,8.40005422570913,1137938432,1146769408,269,46,770703360,495201280,35,1.064,0,0.0,8,0.097,1.161,0.5023201789990708,
2026-10-06T12:09:51.179719+00:00,2170.016323713,C,152065,213.61,7.0000201250562135,841392128,842334208,263,40,498073600,342334771,31,1.043,0,0.0,12,0.122,1.166,0.44506989999899815,
2026-10-06T12:09:56.179568+00:00,2175.0161712689987,A,152079,256.6,9.199924023348398,1026682880,1039699968,272,47,687865856,512470732,43,1.206,0,0.0,20,0.25,1.455,0.3802991070006101,
2026-10-06T12:09:56.179674+00:00,2175.0162787809986,B,152066,237.99,17.59985722644175,1134866432,1146769408,269,46,770703360,504638464,35,1.064,0,0.0,8,0.097,1.161,0.37587153100139403,
2026-10-06T12:09:56.179749+00:00,2175.016355025,C,152065,213.93,6.399959920890959,841392128,842334208,263,40,498073600,344431923,31,1.043,0,0.0,12,0.122,1.166,0.4322485159991629,
2026-10-06T12:10:01.179537+00:00,2180.0161373519986,A,152079,257.01,8.200055624256866,1026682880,1039699968,272,47,687865856,527150796,43,1.206,0,0.0,20,0.25,1.455,0.44201153900030477,
2026-10-06T12:10:01.180965+00:00,2180.0175704129997,B,152066,238.38,7.797985574457335,1134870528,1146769408,269,46,770703360,514075648,35,1.064,0,0.0,8,0.097,1.161,0.44219285199869773,
2026-10-06T12:10:01.181011+00:00,2180.017615981,C,152065,214.28,6.998235106690593,841392128,842334208,263,40,498073600,345480499,31,1.043,0,0.0,12,0.122,1.166,0.48729010299939546,
2026-10-06T12:10:06.179537+00:00,2185.0161395159994,A,152079,257.45,8.799996191360263,1026691072,1039699968,272,47,687865856,542879436,43,1.206,0,0.0,20,0.25,1.455,0.3807493370004522,
2026-10-06T12:10:06.179658+00:00,2185.016263010999,B,152066,238.78,8.00209239032037,1134870528,1146769408,269,46,770703360,522464256,35,1.064,0,0.0,8,0.097,1.161,0.4743714279993583,
2026-10-06T12:10:06.179782+00:00,2185.0163873029996,C,152065,214.66,7.601868049606486,841392128,842334208,263,40,498073600,347577651,31,1.043,0,0.0,12,0.122,1.166,0.49302022899973963,
2026-10-06T12:10:11.179545+00:00,2190.0161473499993,A,152079,257.86,8.199987152260766,1026691072,1039699968,272,47,687865856,556510924,43,1.206,0,0.0,20,0.25,1.455,0.3977559260001726,
2026-10-06T12:10:11.179687+00:00,2190.016288786999,B,152066,239.19,8.199957727577434,1134874624,1146769408,269,46,770703360,531901440,35,1.064,0,0.0,8,0.097,1.161,0.42468624399953114,
2026-10-06T12:10:11.179938+00:00,2190.016543103,C,152065,215.02,7.19977565499035,841392128,842334208,263,40,498073600,348626227,31,1.043,0,0.0,12,0.122,1.166,0.3764489440000034,
2026-10-06T12:10:16.179567+00:00,2195.0161703699996,A,152079,258.29,8.599960405781914,1026691072,1039699968,272,47,687865856,576433868,43,1.206,0,0.0,20,0.25,1.455,0.4023685909996857,
2026-10-06T12:10:16.179689+00:00,2195.0162945909997,B,152066,239.6,8.199990481450218,1134878720,1146769408,269,46,770703360,545532928,35,1.064,0,0.0,8,0.097,1.161,0.39642924100007804,
2026-10-06T12:10:16.179823+00:00,2195.0164284619987,C,152065,215.39,7.400169672571802,841392128,842334208,263,40,498073600,350723379,31,1.043,0,0.0,12,0.122,1.166,0.35680860100001155,
2026-10-06T12:10:21.179516+00:00,2200.016119,A,152079,258.76,9.40009657659109,1026691072,1039699968,272,47,687865856,590065356,43,1.206,0,0.0,20,0.25,1.455,0.44814777899955516,
2026-10-06T12:10:21.179641+00:00,2200.0162460209995,B,152066,240.0,8.000077712755363,1134882816,1146769408,269,46,770703360,553921536,35,1.064,0,0.0,8,0.097,1.161,0.47183543299979647,
2026-10-06T12:10:21.179741+00:00,2200.0163471019987,C,152065,215.75,7.200117160306658,841392128,842334208,263,40,498073600,351771955,31,1.043,0,0.0,12,0.122,1.166,0.4639672840003186,
2026-10-06T12:10:26.179591+00:00,2205.016193828,A,152079,259.23,9.399859325465968,1026691072,1039699968,272,47,687865856,607891148,43,1.206,0,0.0,20,0.25,1.455,0.38056485199922463,
2026-10-06T12:10:26.181072+00:00,2205.0176768439997,B,152066,240.37,7.397882987773764,1134903296,1146769408,269,46,770703360,563358720,35,1.064,0,0.0,8,0.097,1.161,0.38746290499875613,
2026-10-06T12:10:26.181966+00:00,2205.0185719479996,C,152065,216.1,6.996886600965305,841392128,842334208,263,40,498073600,353869107,31,1.043,0,0.0,12,0.122,1.166,0.4819456219993299,
2026-10-06T12:10:31.179501+00:00,2210.0161032689994,A,152079,259.61,7.6001376521737285,1026691072,1039699968,272,47,687865856,620474060,43,1.206,0,0.0,20,0.25,1.455,0.46216022499902465,
2026-10-06T12:10:31.179617+00:00,2210.0162218159985,B,152066,240.74,7.4021540682877225,1134903296,1146769408,269,46,770703360,572795904,35,1.064,0,0.0,8,0.097,1.161,0.46730499800105463,
2026-10-06T12:10:31.179774+00:00,2210.0163791279992,C,152065,216.41,6.202720289821659,841392128,842334208,263,40,498073600,355966259,31,1.043,0,0.0,12,0.122,1.166,0.5133224450000853,
2026-10-06T12:10:36.179521+00:00,2215.016123853,A,152079,260.14,10.599956362097842,1026711552,1039699968,272,47,687865856,251133952,44,1.214,0,0.0,20,0.25,1.464,0.47228703499968105,
2026-10-06T12:10:36.179686+00:00,2215.0162909129995,B,152066,241.15,8.199886682484339,1134911488,1146769408,269,46,770703360,581184512,35,1.064,0,0.0,8,0.097,1.161,0.4122386050003115,
2026-10-06T12:10:36.179848+00:00,2215.0164537329983,C,152065,216.74,6.599901522870816,841527296,842334208,264,42,498073600,357014835,31,1.043,0,0.0,12,0.122,1.166,0.44772470600037195,
2026-10-06T12:10:41.179581+00:00,2220.0161828849996,A,152079,260.58,8.799896104907239,1026711552,1039699968,272,47,687865856,265814016,44,1.214,0,0.0,20,0.25,1.464,0.40044660700004897,
2026-10-06T12:10:41.179701+00:00,2220.0163059449987,B,152066,241.5,6.999978955264159,1134911488,1146769408,269,46,770703360,591670272,35,1.064,0,0.0,8,0.097,1.161,0.38519563500085496,
2026-10-06T12:10:41.179770+00:00,2220.016375633999,C,152065,217.04,6.000093720262877,841457664,842334208,264,41,498073600,359111987,31,1.043,0,0.0,12,0.122,1.166,0.5063892769994709,
2026-10-06T12:10:46.179569+00:00,2225.0161706929994,A,152079,261.04,9.200022433335821,1026711552,1039699968,272,47,687865856,282591232,44,1.214,0,0.0,20,0.25,1.464,0.3948208820002037,
2026-10-06T12:10:46.179707+00:00,2225.0163129909997,B,152066,241.95,8.999987317215892,1134919680,1146769408,269,46,770703360,601107456,35,1.064,0,0.0,8,0.097,1.161,0.41386954500012507,
2026-10-06T12:10:46.179764+00:00,2225.016369997,C,152065,217.39,7.000007891807453,841457664,842334208,264,41,498073600,361209139,31,1.043,0,0.0,12,0.122,1.166,0.3168497890001163,
2026-10-06T12:10:51.179543+00:00,2230.0161456309997,A,152079,261.46,8.400042104369591,1026711552,1039699968,272,47,687865856,296222720,44,1.214,0,0.0,20,0.25,1.464,0.450227293998978,
2026-10-06T12:10:51.179673+00:00,2230.0162779699986,B,152066,242.32,7.4000518314448565,1134919680,1146769408,269,46,770703360,610544640,35,1.064,0,0.0,8,0.097,1.161,0.4605948509997688,
2026-10-06T12:10:51.179729+00:00,2230.0163343039985,C,152065,217.75,7.200051398289109,841457664,842334208,264,41,498073600,362257715,31,1.043,0,0.0,12,0.122,1.166,0.383100621000267,
2026-10-06T12:10:56.179601+00:00,2235.0162028799987,A,152079,261.9,8.799899242915489,1026711552,1039699968,272,47,687865856,312999936,44,1.214,0,0.0,20,0.25,1.464,0.48242725800082553,
2026-10-06T12:10:56.179700+00:00,2235.0163059649985,B,152066,242.71,7.799956328044842,1134919680,1146769408,269,46,770703360,618933248,35,1.064,0,0.0,8,0.097,1.161,0.5120902520011441,
2026-10-06T12:10:56.179756+00:00,2235.0163608569983,C,152065,218.08,6.599964950226688,841457664,842334208,264,41,498073600,363306291,31,1.043,0,0.0,12,0.122,1.166,0.4600452180002321,
2026-10-06T12:11:01.179597+00:00,2240.016198056999,A,152079,262.37,9.4000090672483,1026711552,1039699968,272,47,687865856,325582848,44,1.214,0,0.0,20,0.25,1.464,0.4977457549994142,
2026-10-06T12:11:01.179749+00:00,2240.0163503159984,B,152066,243.18,9.399916620859914,1134923776,1146769408,269,46,770703360,628370432,35,1.064,0,0.0,8,0.097,1.161,0.45793307700114383,
2026-10-06T12:11:01.179924+00:00,2240.0165298149986,C,152065,218.47,7.799736434425471,841457664,842334208,264,41,498073600,365403443,31,1.043,0,0.0,12,0.122,1.166,0.5011106900001323,
2026-10-06T12:11:06.179594+00:00,2245.0161965259995,A,152079,262.86,9.800003000760563,1026711552,1039699968,272,47,687865856,344457216,44,1.214,0,0.0,20,0.25,1.464,0.4497397569994064,
2026-10-06T12:11:06.179720+00:00,2245.016324634,B,152066,243.64,9.200047255119594,1134931968,1146769408,269,46,770703360,637807616,35,1.064,0,0.0,8,0.097,1.161,0.5007170869994297,
2026-10-06T12:11:06.180059+00:00,2245.016663557999,C,152065,218.82,6.999812764807698,841457664,842334208,264,41,498073600,367500595,31,1.043,0,0.0,12,0.122,1.166,0.3960674490008387,
2026-10-06T12:11:11.179555+00:00,2250.0161568119984,A,152079,263.31,9.000071485769558,1026711552,1039699968,272,47,687865856,355991552,44,1.214,0,0.0,20,0.25,1.464,0.4537229240013403,
2026-10-06T12:11:11.179744+00:00,2250.016348633999,B,152066,244.08,8.79995776020498,1134940160,1146769408,269,46,770703360,646196224,35,1.064,0,0.0,8,0.097,1.161,0.4804427859999123,
2026-10-06T12:11:11.180081+00:00,2250.016686941999,C,152065,219.22,7.999962585774953,841457664,842334208,264,41,498073600,369597747,31,1.043,0,0.0,12,0.122,1.166,0.4919750049994036,
2026-10-06T12:11:16.179506+00:00,2255.0161085689997,A,152079,263.82,10.200098416666695,1026711552,1039699968,272,47,687865856,372768768,44,1.214,0,0.0,20,0.25,1.464,0.3283768900000723,
2026-10-06T12:11:16.179636+00:00,2255.016241419,B,152066,244.54,9.2001972798279,1134940160,1146769408,269,46,770703360,656681984,35,1.064,0,0.0,8,0.097,1.161,0.4234905119992618,
2026-10-06T12:11:16.179878+00:00,2255.0164835119995,C,152065,219.61,7.800317363711934,841457664,842334208,264,41,498073600,370646323,31,1.043,0,0.0,12,0.122,1.166,0.434500487999685,
2026-10-06T12:11:21.179591+00:00,2260.016193366999,A,152079,264.3,9.599837190603314,1026711552,1039699968,272,47,687865856,388497408,44,1.214,0,0.0,20,0.25,1.464,0.42384230500101694,
2026-10-06T12:11:21.179826+00:00,2260.016431034999,B,152066,245.0,9.199651119792172,1134944256,1146769408,269,46,770703360,665070592,35,1.064,0,0.0,8,0.097,1.161,0.49076740499913285,
2026-10-06T12:11:21.179881+00:00,2260.016486266999,C,152065,219.98,7.399995922602488,841457664,842334208,264,41,498073600,372743475,31,1.043,0,0.0,12,0.122,1.166,0.4204775990001508,
2026-10-06T12:11:26.179554+00:00,2265.016156463,A,152079,264.74,8.80006495151757,1026711552,1039699968,272,47,687865856,406323200,44,1.214,0,0.0,20,0.25,1.464,0.4882298889988306,
2026-10-06T12:11:26.179668+00:00,2265.016273367999,B,152066,245.47,9.400296423307527,1134968832,1146769408,269,46,770703360,672410624,35,1.064,0,0.0,8,0.097,1.161,0.389764486999411,
2026-10-06T12:11:26.179760+00:00,2265.0163617809994,C,152065,220.35,7.4001842438665815,841457664,842334208,264,41,498073600,373792051,31,1.043,0,0.0,12,0.122,1.166,0.48584762300015427,
2026-10-06T12:11:31.179560+00:00,2270.0161622259984,A,152079,265.2,9.19998939609434,1026711552,1039699968,272,47,687865856,419954688,44,1.214,0,0.0,20,0.25,1.464,0.4212013480009773,
2026-10-06T12:11:31.179668+00:00,2270.0162729269996,B,152066,245.87,8.000000705599263,1134968832,1146769408,269,46,770703360,682896384,35,1.064,0,0.0,8,0.097,1.161,0.3799265639991063,
2026-10-06T12:11:31.179718+00:00,2270.016323348,C,152065,220.72,7.4000568812767895,841457664,842334208,264,41,498073600,375889203,31,1.043,0,0.0,12,0.122,1.166,0.38265455900000234,
2026-10-06T12:11:36.179563+00:00,2275.0161654079984,A,152079,265.68,9.599993890564251,1026711552,1039699968,272,47,687865856,436731904,44,1.214,0,0.0,20,0.25,1.464,0.4479147850015579,
2026-10-06T12:11:36.179723+00:00,2275.0163283079983,B,152066,246.29,8.399906960952496,1134985216,1146769408,269,46,770703360,691284992,35,1.064,0,0.0,8,0.097,1.161,0.38387044800037984,
2026-10-06T12:11:36.179907+00:00,2275.0165117529996,C,152065,221.06,6.7997437788550235,841457664,842334208,264,41,498073600,376937779,31,1.043,0,0.0,12,0.122,1.166,0.4822394519997033,
2026-10-06T12:11:41.179555+00:00,2280.016156862999,A,152079,266.1,8.400014355623538,1026711552,1039699968,272,47,687865856,451411968,44,1.214,0,0.0,20,0.25,1.464,0.5122123010005453,
2026-10-06T12:11:41.180962+00:00,2280.0175672999994,B,152066,246.64,6.998265840920103,1134985216,1146769408,269,46,770703360,250609664,36,1.068,0,0.0,8,0.097,1.165,0.49638618499920995,
2026-10-06T12:11:41.181146+00:00,2280.0177515469986,C,152065,221.36,5.998512616011318,841457664,842334208,264,41,498073600,379034931,31,1.043,0,0.0,12,0.122,1.166,0.41199272999983805,
2026-10-06T12:11:46.179533+00:00,2285.016135541,A,152079,266.61,10.200043497063586,1026711552,1039699968,272,47,687865856,469237760,44,1.214,0,0.0,20,0.25,1.464,0.5382426279993524,
2026-10-06T12:11:46.179920+00:00,2285.0165247899986,B,152066,247.07,8.601793491148078,1134993408,1146769408,269,46,770703360,260046848,36,1.068,0,0.0,8,0.097,1.165,0.5404723999999987,
2026-10-06T12:11:46.179971+00:00,2285.016576001999,C,152065,221.73,7.401740215739267,841457664,842334208,264,41,498073600,381132083,31,1.043,0,0.0,12,0.122,1.166,0.4862445540002227,
2026-10-06T12:11:51.179550+00:00,2290.0161527249984,A,152079,267.09,9.599967006835781,1026711552,1039699968,272,47,687865856,482869248,44,1.214,0,0.0,20,0.25,1.464,0.4961283980010194,
2026-10-06T12:11:51.179733+00:00,2290.0163379729984,B,152066,247.51,8.800328810205796,1135001600,1146769408,269,46,770703360,269484032,36,1.068,0,0.0,8,0.097,1.165,0.5230308000009245,
2026-10-06T12:11:51.179802+00:00,2290.016406900999,C,152065,222.12,7.8002638064826115,841457664,842334208,264,41,498073600,382180659,31,1.043,0,0.0,12,0.122,1.166,0.5110029759998724,
2026-10-06T12:11:56.179489+00:00,2295.0160917629983,A,152079,267.57,9.600117048467723,1026711552,1039699968,272,47,687865856,498597888,44,1.214,0,0.0,20,0.25,1.464,0.44374541900106124,
2026-10-06T12:11:56.179598+00:00,2295.0162033259985,B,152066,247.93,8.400226213051878,1135050752,1146769408,269,46,770703360,277872640,36,1.068,0,0.0,8,0.097,1.165,0.42185490500014566,
2026-10-06T12:11:56.179681+00:00,2295.0162862959987,C,152065,222.49,7.40017849970586,841457664,842334208,264,41,498073600,384277811,31,1.043,0,0.0,12,0.122,1.166,0.43832074999954784,
2026-10-06T12:12:01.179564+00:00,2300.0161657419994,A,152079,268.23,13.19980469832705,1026711552,1039699968,272,47,687865856,512229376,44,1.214,0,0.0,20,0.25,1.464,0.31428432400025486,
2026-10-06T12:12:01.179752+00:00,2300.016354825999,B,152066,248.35,8.399745487710874,1135050752,1146769408,269,46,770703360,285212672,36,1.068,0,0.0,8,0.097,1.165,0.3638431830004265,
2026-10-06T12:12:01.179852+00:00,2300.016457099,C,152065,222.87,7.599740388306408,841457664,842334208,264,41,498073600,385326387,31,1.043,0,0.0,12,0.122,1.166,0.4128467439986707,
2026-10-06T12:12:06.179574+00:00,2305.016176882,A,152079,268.72,9.799978165647998,1026711552,1039699968,272,47,687865856,530055168,44,1.214,0,0.0,20,0.25,1.464,0.5555447309998272,
2026-10-06T12:12:06.179677+00:00,2305.016283531999,B,152066,248.8,9.000128331030202,1135063040,1146769408,269,46,770703360,294649856,36,1.068,0,0.0,8,0.097,1.165,0.5866588589997264,
2026-10-06T12:12:06.179714+00:00,2305.0163194009983,C,152065,223.21,6.800187274439855,841457664,842334208,264,41,498073600,387423539,31,1.043,0,0.0,12,0.122,1.166,0.5100620000011986,
2026-10-06T12:12:11.179586+00:00,2310.016188174999,A,152079,269.17,8.999979672647013,1026711552,1039699968,272,47,687865856,542638080,44,1.214,0,0.0,20,0.25,1.464,0.5170838909998565,
2026-10-06T12:12:11.181073+00:00,2310.0176784319992,B,152066,249.23,8.597601441148866,1135067136,1146769408,269,46,770703360,303038464,36,1.068,0,0.0,8,0.097,1.165,0.4837475570002425,
2026-10-06T12:12:11.181297+00:00,2310.0179023619985,C,152065,223.61,7.997468063991037,841457664,842334208,264,41,498073600,388472115,31,1.043,0,0.0,12,0.122,1.166,0.4056603380013257,
2026-10-06T12:12:16.179486+00:00,2315.016089077999,A,152079,269.65,9.600190270010653,1026711552,1039699968,272,47,687865856,565706752,44,1.214,0,0.0,20,0.25,1.464,0.412449273000675,
2026-10-06T12:12:16.179627+00:00,2315.0162323079985,B,152066,249.64,8.20237232949764,1135104000,1146769408,269,46,770703360,321912832,36,1.068,0,0.0,8,0.097,1.165,0.40417649000119127,
2026-10-06T12:12:16.179760+00:00,2315.0163647219997,C,152065,223.97,7.202214882736416,841457664,842334208,264,41,498073600,390569267,31,1.043,0,0.0,12,0.122,1.166,0.3948345030003111,
2026-10-06T12:12:21.179582+00:00,2320.0161700189983,A,152079,270.11,9.19985107097273,1026711552,1039699968,272,47,687865856,577241088,44,1.214,0,0.0,20,0.25,1.464,0.48671499400006724,
2026-10-06T12:12:21.179740+00:00,2320.0163423179984,B,152066,250.04,7.999823987872983,1135104000,1146769408,269,46,770703360,324009984,36,1.068,0,0.0,8,0.097,1.165,0.3996298290003324,
2026-10-06T12:12:21.179902+00:00,2320.0165035499995,C,152065,224.3,6.599816752128549,841457664,842334208,264,41,498073600,392666419,31,1.043,0,0.0,12,0.122,1.166,0.41730158400059736,
2026-10-06T12:12:26.179833+00:00,2325.0164351149997,A,152079,270.55,8.799533455773318,1026711552,1039699968,272,47,687865856,591921152,44,1.214,0,0.0,20,0.25,1.464,0.3956482710000273,
2026-10-06T12:12:26.179952+00:00,2325.0165569819983,B,152066,250.39,6.999699483301993,1135104000,1146769408,269,46,770703360,326107136,36,1.068,0,0.0,8,0.097,1.165,0.4076681250007823,
2026-10-06T12:12:26.180020+00:00,2325.0166253099997,C,152065,224.65,6.999829540150667,841457664,842334208,264,41,498073600,393714995,31,1.043,0,0.0,12,0.122,1.166,0.396246368998618,
2026-10-06T12:12:31.179554+00:00,2330.016156676,A,152079,271.02,9.400523494471448,1026711552,1039699968,272,47,687865856,607649792,44,1.214,0,0.0,20,0.25,1.464,0.44446104599956016,
2026-10-06T12:12:31.179673+00:00,2330.0162649839986,B,152066,250.8,8.200478904687913,1135104000,1146769408,269,46,770703360,328204288,36,1.068,0,0.0,8,0.097,1.165,0.33349937700040755,
2026-10-06T12:12:31.179721+00:00,2330.016326051,C,152065,225.01,7.200430958753078,841461760,842334208,264,41,498073600,394763571,31,1.043,0,0.0,12,0.122,1.166,0.4763773319991742,
2026-10-06T12:12:36.179512+00:00,2335.0161149469986,A,152079,271.48,9.200076782003684,1026711552,1039699968,272,47,687865856,625475584,44,1.214,0,0.0,20,0.25,1.464,0.40543344900106604,
2026-10-06T12:12:36.179615+00:00,2335.0162199199985,B,152066,251.22,8.400075708202102,1135104000,1146769408,269,46,770703360,330301440,36,1.068,0,0.0,8,0.097,1.165,0.4371695540012297,
2026-10-06T12:12:36.179789+00:00,2335.0163939059985,C,152065,225.41,7.999891433475657,841461760,842334208,264,41,498073600,395812147,31,1.043,0,0.0,12,0.122,1.166,0.4409149710008933,
2026-10-06T12:12:41.179522+00:00,2340.0161246769985,A,152079,271.93,8.99998248603408,1026711552,1039699968,272,48,687865856,639107072,44,1.214,0,0.0,20,0.25,1.464,0.3815972510001302,
2026-10-06T12:12:41.179654+00:00,2340.0162593589994,B,152066,251.62,7.9999368980965215,1135104000,1146769408,269,46,770703360,332398592,36,1.068,0,0.0,8,0.097,1.165,0.4482430129992281,
2026-10-06T12:12:41.179778+00:00,2340.016383671,C,152065,225.8,7.800015966630837,841461760,842334208,264,41,498073600,397909299,31,1.043,0,0.0,12,0.122,1.166,0.4100637840001582,
2026-10-06T12:12:46.179605+00:00,2345.016206974,A,152079,272.43,9.99983540870622,1026723840,1039699968,272,47,687865856,250839449,45,1.218,0,0.0,20,0.25,1.468,0.4553710479995061,
2026-10-06T12:12:46.179732+00:00,2345.016337003999,B,152066,252.1,9.599850923915389,1135132672,1146769408,269,46,770703360,333447168,36,1.068,0,0.0,8,0.097,1.165,0.40520149800067884,
2026-10-06T12:12:46.179855+00:00,2345.016460183999,C,152065,226.2,7.999877581074584,841461760,842334208,264,41,498073600,400006451,31,1.043,0,0.0,12,0.122,1.166,0.4405194800001482,
2026-10-06T12:12:51.179492+00:00,2350.016094942999,A,152079,272.82,7.800174772276885,1026723840,1039699968,272,47,687865856,263422361,45,1.218,0,0.0,20,0.25,1.468,0.7186028830001305,
2026-10-06T12:12:51.179674+00:00,2350.0162787239988,B,152066,252.47,7.400086255405933,1135140864,1146769408,269,46,770703360,335544320,36,1.068,0,0.0,8,0.097,1.165,0.7049074460010161,
2026-10-06T12:12:51.179769+00:00,2350.0163738559986,C,152065,226.52,6.40011050174854,841461760,842334208,264,41,498073600,401055027,31,1.043,0,0.0,12,0.122,1.166,0.38597092800046084,
2026-10-06T12:12:56.179549+00:00,2355.0161512939994,A,152079,273.26,8.799900823357273,1026723840,1039699968,272,47,687865856,281248153,45,1.218,0,0.0,20,0.25,1.468,0.3704407949990127,
2026-10-06T12:12:56.179673+00:00,2355.0162784149998,B,152066,252.85,7.6000004696784265,1135140864,1146769408,269,46,770703360,337641472,36,1.068,0,0.0,8,0.097,1.165,0.4437045129998296,
2026-10-06T12:12:56.179806+00:00,2355.016411008999,C,152065,226.87,6.999947986185752,841461760,842334208,264,41,498073600,402103603,31,1.043,0,0.0,12,0.122,1.166,0.3531731860002765,
2026-10-06T12:13:01.179531+00:00,2360.0161345009983,A,152079,273.71,9.000030227503316,1026723840,1039699968,272,47,687865856,293831065,45,1.218,0,0.0,20,0.25,1.468,0.3308842040005402,
2026-10-06T12:13:01.179723+00:00,2360.0163275959985,B,152066,253.26,8.199919343955319,1135140864,1146769408,269,46,770703360,339738624,36,1.068,0,0.0,8,0.097,1.165,0.442771949001326,
2026-10-06T12:13:01.179787+00:00,2360.0163928839993,C,152065,227.26,7.800028275101865,841461760,842334208,264,41,498073600,404200755,31,1.043,0,0.0,12,0.122,1.166,0.42799446800017904,
2026-10-06T12:13:06.179642+00:00,2365.016244160999,A,152079,274.17,9.199798230024443,1026723840,1039699968,272,47,687865856,311656857,45,1.218,0,0.0,20,0.25,1.468,0.4807624349996331,
2026-10-06T12:13:06.179800+00:00,2365.016400860999,B,152066,253.68,8.399876916602956,1135140864,1146769408,269,46,770703360,341835776,36,1.068,0,0.0,8,0.097,1.165,0.5064250150007865,
2026-10-06T12:13:06.180084+00:00,2365.0166900549993,C,152065,227.65,7.799536440791479,841461760,842334208,264,41,498073600,405249331,31,1.043,0,0.0,12,0.122,1.166,0.39883475600072416,
2026-10-06T12:13:11.179541+00:00,2370.016142917999,A,152079,274.62,9.000182241090341,1026723840,1039699968,272,47,687865856,327385497,45,1.218,0,0.0,20,0.25,1.468,0.48641029499958677,
2026-10-06T12:13:11.179692+00:00,2370.016296743999,B,152066,254.08,8.000166590668881,1135140864,1146769408,269,46,770703360,342884352,36,1.068,0,0.0,8,0.097,1.165,0.49917021699911857,
2026-10-06T12:13:11.179747+00:00,2370.016352392,C,152065,228.05,8.000540297286673,841461760,842334208,264,41,498073600,407346483,31,1.043,0,0.0,12,0.122,1.166,0.4072137209986977,
2026-10-06T12:13:16.179575+00:00,2375.0161777409994,A,152079,275.08,9.19993592612486,1026723840,1039699968,272,47,687865856,345211289,45,1.218,0,0.0,20,0.25,1.468,0.4941587729990715,
2026-10-06T12:13:16.179697+00:00,2375.016302152999,B,152066,254.49,8.199991129250117,1135140864,1146769408,269,46,770703360,344981504,36,1.068,0,0.0,8,0.097,1.165,0.4117128870002489,
2026-10-06T12:13:16.179748+00:00,2375.0163537149983,C,152065,228.47,8.399997777363216,841461760,842334208,264,41,498073600,408395059,31,1.043,0,0.0,12,0.122,1.166,0.38451664600142976,
2026-10-06T12:13:21.179486+00:00,2380.0160891589985,A,152079,275.55,9.400166537112673,1026727936,1039699968,273,48,687865856,360939929,45,1.218,0,0.0,20,0.25,1.468,0.563978471000155,
2026-10-06T12:13:21.179601+00:00,2380.0162061989995,B,152066,254.88,7.800149691111382,1135140864,1146769408,269,46,770703360,347078656,36,1.068,0,0.0,8,0.097,1.165,0.5194348069999251,
2026-10-06T12:13:21.179673+00:00,2380.0162782629995,C,152065,228.85,7.600114688768757,841461760,842334208,264,41,498073600,410492211,31,1.043,0,0.0,12,0.122,1.166,0.5244317220003722,
2026-10-06T12:13:26.179526+00:00,2385.0161282139998,A,152079,276.05,9.999921890607608,1026723840,1039699968,272,47,687865856,380862873,45,1.218,0,0.0,20,0.25,1.468,0.47802083699934883,
2026-10-06T12:13:26.179671+00:00,2385.01627568,B,152066,255.29,8.199886052742485,1135001600,1146769408,269,44,770703360,348127232,36,1.068,0,0.0,8,0.097,1.165,0.5477037209984701,
2026-10-06T12:13:26.179844+00:00,2385.0164491709984,C,152065,229.25,7.999726556548711,841461760,842334208,264,41,498073600,411540787,31,1.043,0,0.0,12,0.122,1.166,0.5031897500011837,
2026-10-06T12:13:31.179600+00:00,2390.016201881999,A,152079,276.51,9.199864452877684,1026723840,1039699968,272,47,687865856,394494361,45,1.218,0,0.0,20,0.25,1.468,0.4507393599997158,
2026-10-06T12:13:31.179742+00:00,2390.0163445359995,B,152066,255.71,8.399884323514303,1135001600,1146769408,269,44,770703360,350224384,36,1.068,0,0.0,8,0.097,1.165,0.3982599480004865,
2026-10-06T12:13:31.180003+00:00,2390.0166080619983,C,152065,229.65,7.999745782478761,841461760,842334208,264,41,498073600,412589363,31,1.043,0,0.0,12,0.122,1.166,0.47287038800095615,
2026-10-06T12:13:36.179540+00:00,2395.016142437,A,152079,276.97,9.200109380099954,1026723840,1039699968,272,47,687865856,410223001,45,1.218,0,0.0,20,0.25,1.468,0.41354849499839474,
2026-10-06T12:13:36.179683+00:00,2395.0162882309996,B,152066,256.12,8.200092341239486,1135140864,1146769408,269,46,770703360,353370112,36,1.068,0,0.0,8,0.097,1.165,0.43867920499906177,
2026-10-06T12:13:36.179740+00:00,2395.016345602,C,152065,230.03,7.6003989601396,841461760,842334208,264,41,498073600,414686515,31,1.043,0,0.0,12,0.122,1.166,0.485638485999516,
2026-10-06T12:13:41.179606+00:00,2400.01620835,A,152079,277.4,8.599886631133373,1026723840,1039699968,272,47,687865856,424903065,45,1.218,0,0.0,20,0.25,1.468,0.3254025179994642,
2026-10-06T12:13:41.179714+00:00,2400.0163195019995,B,152066,256.51,7.799951217544981,1135140864,1146769408,269,46,770703360,355467264,36,1.068,0,0.0,8,0.097,1.165,0.4704951909989177,
2026-10-06T12:13:41.180111+00:00,2400.0167171539997,C,152065,230.4,7.399450143900553,841691136,842334208,264,43,498073600,416783667,31,1.043,0,0.0,12,0.122,1.166,0.4054454569995869,
2026-10-06T12:13:46.179636+00:00,2405.0162390269998,A,152079,277.86,9.199943554667387,1026723840,1039699968,272,47,687865856,441680281,45,1.218,0,0.0,20,0.25,1.468,0.40158345499912684,
2026-10-06T12:13:46.180735+00:00,2405.0173411609994,B,152066,256.92,8.198324821532914,1135140864,1146769408,269,46,770703360,357564416,36,1.068,0,0.0,8,0.097,1.165,0.40531501099940215,
2026-10-06T12:13:46.180773+00:00,2405.017378302,C,152065,230.78,7.598995187905369,841691136,842334208,264,43,498073600,417832243,31,1.043,0,0.0,12,0.122,1.166,0.4821279809984844,
2026-10-06T12:13:51.179614+00:00,2410.0162161189983,A,152079,278.3,8.800040318267287,1026723840,1039699968,272,47,687865856,458457497,45,1.218,0,0.0,20,0.25,1.468,0.4861170680014766,
2026-10-06T12:13:51.179743+00:00,2410.016347970999,B,152066,257.34,8.401668890704919,1135140864,1146769408,269,46,770703360,358612992,36,1.068,0,0.0,8,0.097,1.165,0.4890319839996664,
2026-10-06T12:13:51.179792+00:00,2410.0163975859996,C,152065,231.14,7.201412508094157,841691136,842334208,264,43,498073600,418880819,31,1.043,0,0.0,12,0.122,1.166,0.48059227599878795,
2026-10-06T12:13:56.179514+00:00,2415.0161164249985,A,152079,278.78,9.600191416295454,1026723840,1039699968,272,47,687865856,476283289,45,1.218,0,0.0,20,0.25,1.468,0.5423841080009879,
2026-10-06T12:13:56.180881+00:00,2415.017486175999,B,152066,257.75,8.198133768631712,1135140864,1146769408,269,46,770703360,360710144,36,1.068,0,0.0,8,0.097,1.165,0.4900986129996454,
2026-10-06T12:13:56.180948+00:00,2415.0175537329997,C,152065,231.54,7.998150592437396,841691136,842334208,264,43,498073600,420977971,31,1.043,0,0.0,12,0.122,1.166,0.468357293999361,
2026-10-06T12:14:01.179556+00:00,2420.0161582739984,A,152079,279.23,8.999924672431568,1026723840,1039699968,272,47,687865856,493060505,45,1.218,0,0.0,20,0.25,1.468,0.5055673570004728,
2026-10-06T12:14:01.179729+00:00,2420.016334603999,B,152066,258.16,8.201889013147099,1135140864,1146769408,269,46,770703360,362807296,36,1.068,0,0.0,8,0.097,1.165,0.4520201529994665,
2026-10-06T12:14:01.179787+00:00,2420.0163917149985,C,152065,231.96,8.401952644043833,841691136,842334208,264,43,498073600,422026547,31,1.043,0,0.0,12,0.122,1.166,0.41343769100058125,
2026-10-06T12:14:06.179608+00:00,2425.0162110329984,A,152079,279.62,7.799917696828131,1026723840,1039699968,272,47,687865856,509837721,45,1.218,0,0.0,20,0.25,1.468,0.389048103001187,
2026-10-06T12:14:06.179741+00:00,2425.0163463559984,B,152066,258.59,8.599979786607525,1135153152,1146769408,269,46,770703360,364904448,36,1.068,0,0.0,8,0.097,1.165,0.4932200050006941,
2026-10-06T12:14:06.179974+00:00,2425.016579064999,C,152065,232.32,7.19973022610743,841691136,842334208,264,43,498073600,424123699,31,1.043,0,0.0,12,0.122,1.166,0.4543636920006975,
2026-10-06T12:14:11.179533+00:00,2430.0161349619993,A,152079,280.06,8.80013388699528,1026723840,1039699968,272,47,687865856,522420633,45,1.218,0,0.0,20,0.25,1.468,0.37934742200013716,
2026-10-06T12:14:11.179641+00:00,2430.0162467599985,B,152066,258.99,8.000159356774825,1135153152,1146769408,269,46,770703360,367001600,36,1.068,0,0.0,8,0.097,1.165,0.405739566000193,
2026-10-06T12:14:11.179676+00:00,2430.016281205999,C,152065,232.7,7.600452772652478,841691136,842334208,264,43,498073600,425172275,31,1.043,0,0.0,12,0.122,1.166,0.46040612400065584,
2026-10-06T12:14:16.179555+00:00,2435.0161574229987,A,152079,280.49,8.599961367254732,1026723840,1039699968,272,47,687865856,540246425,45,1.218,0,0.0,20,0.25,1.468,0.4298108679995494,
2026-10-06T12:14:16.180737+00:00,2435.0173421209984,B,152066,259.39,7.998247806256647,1135153152,1146769408,269,46,770703360,368050176,36,1.068,0,0.0,8,0.097,1.165,0.4533300400016742,
2026-10-06T12:14:16.180940+00:00,2435.0175456359993,C,152065,233.06,7.198179681132786,841691136,842334208,264,43,498073600,427269427,31,1.043,0,0.0,12,0.122,1.166,0.3919891879995703,
2026-10-06T12:14:21.179540+00:00,2440.0161432639998,A,152079,280.92,8.60002435354732,1026723840,1039699968,272,47,687865856,554926489,45,1.218,0,0.0,20,0.25,1.468,0.4152957129990682,
2026-10-06T12:14:21.180942+00:00,2440.0175465499997,B,152066,259.78,7.7996811037960025,1135157248,1146769408,269,46,770703360,371195904,36,1.068,0,0.0,8,0.097,1.165,0.4483613720003632,
2026-10-06T12:14:21.180991+00:00,2440.017595329,C,152065,233.45,7.799922479689204,841691136,842334208,264,43,498073600,428318003,31,1.043,0,0.0,12,0.122,1.166,0.4455942179993144,
2026-10-06T12:14:26.179525+00:00,2445.0161281769997,A,152079,281.38,9.200027760163474,1026723840,1039699968,272,47,687865856,573800857,45,1.218,0,0.0,20,0.25,1.468,0.4495026399999915,
2026-10-06T12:14:26.179650+00:00,2445.016254922999,B,152066,260.17,7.802015458766121,1135157248,1146769408,269,46,770703360,373293056,36,1.068,0,0.0,8,0.097,1.165,0.41931431200100633,
2026-10-06T12:14:26.179791+00:00,2445.016396830999,C,152065,233.83,7.6018221537315664,841691136,842334208,264,43,498073600,429366579,31,1.043,0,0.0,12,0.122,1.166,0.345165349999661,
2026-10-06T12:14:31.179643+00:00,2450.016245236,A,152079,281.81,8.599798663233223,1026723840,1039699968,272,47,687865856,588480921,45,1.218,0,0.0,20,0.25,1.468,0.4201526990000275,
2026-10-06T12:14:31.179771+00:00,2450.016376608999,B,152066,260.56,7.799810174459461,1135157248,1146769408,269,46,770703360,374341632,36,1.068,0,0.0,8,0.097,1.165,0.37111857300078555,
2026-10-06T12:14:31.179827+00:00,2450.0164326779995,C,152065,234.2,7.399946946818968,841691136,842334208,264,43,498073600,431463731,31,1.043,0,0.0,12,0.122,1.166,0.4214275220001582,
2026-10-06T12:14:36.179577+00:00,2455.016179941,A,152079,282.25,8.800114920701127,1026723840,1039699968,272,47,687865856,607355289,45,1.218,0,0.0,20,0.25,1.468,0.4283931219997612,
2026-10-06T12:14:36.179685+00:00,2455.0162899609986,B,152066,260.95,7.800135173222901,1135017984,1146769408,269,44,770703360,376438784,36,1.068,0,0.0,8,0.097,1.165,0.4076247320008406,
2026-10-06T12:14:36.179830+00:00,2455.016435428999,C,152065,234.57,7.399995928522989,841691136,842334208,264,43,498073600,432512307,31,1.043,0,0.0,12,0.122,1.166,0.46574855799917714,
2026-10-06T12:14:41.179536+00:00,2460.0161380229983,A,152079,282.67,8.40007042283314,1026723840,1039699968,272,47,687865856,622035353,45,1.218,0,0.0,20,0.25,1.468,0.42052280999996583,
2026-10-06T12:14:41.179668+00:00,2460.016273359999,B,152066,261.32,7.40002456956095,1135022080,1146769408,269,44,770703360,378535936,36,1.068,0,0.0,8,0.097,1.165,0.43862253800034523,
2026-10-06T12:14:41.179793+00:00,2460.0163986279986,C,152065,234.93,7.200052993831085,841551872,842334208,264,41,498073600,434609459,31,1.043,0,0.0,12,0.122,1.166,0.4412659360004909,
2026-10-06T12:14:46.179543+00:00,2465.0161456589994,A,152079,283.08,8.199987476976684,1026723840,1039699968,272,47,687865856,639861145,45,1.218,0,0.0,20,0.25,1.468,0.44636399899900425,
2026-10-06T12:14:46.179665+00:00,2465.016270667,B,152066,261.71,7.800004201080836,1135022080,1146769408,269,44,770703360,379584512,36,1.068,0,0.0,8,0.097,1.165,0.3812531899984606,
2026-10-06T12:14:46.179708+00:00,2465.016314242999,C,152065,235.26,6.60011139007876,841551872,842334208,264,41,498073600,435658035,31,1.043,0,0.0,12,0.122,1.166,0.39398830400023144,
2026-10-06T12:14:51.179568+00:00,2470.016170134999,A,152079,283.98,17.99991188683398,1026756608,1039699968,272,47,687865856,244176486,46,1.22,0,0.0,22,0.26,1.48,0.47457631299948844,
2026-10-06T12:14:51.179811+00:00,2470.0164165799997,B,152066,262.1,7.7997723823635425,1135022080,1146769408,269,44,770703360,381681664,36,1.068,0,0.0,8,0.097,1.165,0.5552682159996039,
2026-10-06T12:14:51.181292+00:00,2470.017897231999,C,152065,235.64,7.597594618258673,841551872,842334208,264,41,498073600,436706611,31,1.043,0,0.0,12,0.122,1.166,0.525259845000619,
2026-10-06T12:14:56.179599+00:00,2475.0162005639995,A,152079,284.47,9.799940359521933,1026756608,1039699968,272,47,687865856,262002278,46,1.22,0,0.0,22,0.26,1.48,0.455905969000014,
2026-10-06T12:14:56.179751+00:00,2475.0163565129988,B,152066,262.52,8.40010091377311,1135022080,1146769408,269,44,770703360,383778816,36,1.068,0,0.0,8,0.097,1.165,0.45551086100022076,
2026-10-06T12:14:56.179820+00:00,2475.016425706999,C,152065,236.04,8.002355133127477,841551872,842334208,264,41,498073600,438803763,31,1.043,0,0.0,12,0.122,1.166,0.5668559700006881,
2026-10-06T12:15:01.179539+00:00,2480.0161411809986,A,152079,284.93,9.200109266018986,1026756608,1039699968,272,47,687865856,276682342,46,1.22,0,0.0,22,0.26,1.48,0.5318305939999846,
2026-10-06T12:15:01.179759+00:00,2480.0163637649985,B,152066,262.93,8.199988106738235,1135022080,1146769408,269,44,770703360,385875968,36,1.068,0,0.0,8,0.097,1.165,0.5032318550001946,
2026-10-06T12:15:01.179925+00:00,2480.016529834,C,152065,236.44,7.9998334002685505,841551872,842334208,264,41,498073600,439852339,31,1.043,0,0.0,12,0.122,1.166,0.4819033699986903,
2026-10-06T12:15:06.179627+00:00,2485.0162304629994,A,152079,285.41,9.599828581619798,1026756608,1039699968,272,47,687865856,296605286,46,1.22,0,0.0,22,0.26,1.48,0.5019982569992862,
2026-10-06T12:15:06.179754+00:00,2485.016358654999,B,152066,263.35,8.400008584808454,1135022080,1146769408,269,44,770703360,387973120,36,1.068,0,0.0,8,0.097,1.165,0.47145511800044915,
2026-10-06T12:15:06.179874+00:00,2485.0164793569984,C,152065,236.84,8.000080764017737,841551872,842334208,264,41,498073600,441949491,31,1.043,0,0.0,12,0.122,1.166,0.38762351800141914,
2026-10-06T12:15:11.179562+00:00,2490.0161640489987,A,152079,285.88,9.400124859979186,1026756608,1039699968,272,47,687865856,311285350,46,1.22,0,0.0,22,0.26,1.48,0.490584774999661,
2026-10-06T12:15:11.179700+00:00,2490.0163051619984,B,152066,263.75,8.000085589715956,1135022080,1146769408,269,44,770703360,390070272,36,1.068,0,0.0,8,0.097,1.165,0.3940263350013993,
2026-10-06T12:15:11.179842+00:00,2490.016446889,C,152065,237.25,8.20005324786342,841551872,842334208,264,41,498073600,442998067,31,1.043,0,0.0,12,0.122,1.166,0.44110237199856783,
2026-10-06T12:15:16.179560+00:00,2495.0161617389986,A,152079,286.39,10.200004712402254,1026756608,1039699968,272,47,687865856,333305446,46,1.22,0,0.0,22,0.26,1.48,0.5719565620001958,
2026-10-06T12:15:16.179790+00:00,2495.016393697999,B,152066,264.17,8.39985126215325,1135026176,1146769408,269,44,770703360,392167424,36,1.068,0,0.0,8,0.097,1.165,0.5803741370000353,
2026-10-06T12:15:16.180316+00:00,2495.0169213949994,C,152065,237.65,7.999240862443832,841551872,842334208,264,41,498073600,445095219,31,1.043,0,0.0,12,0.122,1.166,0.4799019199999748,
2026-10-06T12:15:21.179544+00:00,2500.016145415999,A,152079,286.9,10.20003329902797,1026764800,1039699968,272,47,687865856,350082662,46,1.22,0,0.0,22,0.26,1.48,0.5006714930004819,
2026-10-06T12:15:21.181004+00:00,2500.0176090529985,B,152066,264.59,8.397958699780641,1135026176,1146769408,269,44,770703360,394264576,36,1.068,0,0.0,8,0.097,1.165,0.4712648980002996,
2026-10-06T12:15:21.181051+00:00,2500.0176560189993,C,152065,238.06,8.198795393626547,841551872,842334208,264,41,498073600,446143795,31,1.043,0,0.0,12,0.122,1.166,0.5009855530006462,
2026-10-06T12:15:26.179557+00:00,2505.0161600519987,A,152079,287.45,10.999967800894849,1026764800,1039699968,272,47,687865856,371054182,46,1.22,0,0.0,22,0.26,1.48,0.46518370500052697,
2026-10-06T12:15:26.179774+00:00,2505.0163787349993,B,152066,264.99,8.001968993297007,1135026176,1146769408,269,44,770703360,396361728,36,1.068,0,0.0,8,0.097,1.165,0.5141155580004124,
2026-10-06T12:15:26.180051+00:00,2505.016655681,C,152065,238.47,8.201640882606323,841551872,842334208,264,41,498073600,448240947,31,1.043,0,0.0,12,0.122,1.166,0.5049777559997892,
2026-10-06T12:15:31.179584+00:00,2510.016186297,A,152079,287.94,9.799948560067822,1026764800,1039699968,272,47,687865856,384685670,46,1.22,0,0.0,22,0.26,1.48,0.5140123679993849,
2026-10-06T12:15:31.179701+00:00,2510.0163058359994,B,152066,265.41,8.400122472105704,1135026176,1146769408,269,44,770703360,397410304,36,1.068,0,0.0,8,0.097,1.165,0.5133028929994907,
2026-10-06T12:15:31.179830+00:00,2510.0164306389997,C,152065,238.87,8.000360083407273,841551872,842334208,264,41,498073600,449289523,31,1.043,0,0.0,12,0.122,1.166,0.5418357759990613,
2026-10-06T12:15:36.179586+00:00,2515.016187665,A,152079,288.48,10.799997045121035,1026764800,1039699968,272,47,687865856,405657190,46,1.22,0,0.0,22,0.26,1.48,0.4493096849982976,
2026-10-06T12:15:36.179774+00:00,2515.0163789729995,B,152066,265.81,7.9998829825110915,1135030272,1146769408,269,44,770703360,399507456,36,1.068,0,0.0,8,0.097,1.165,0.4876942640003108,
2026-10-06T12:15:36.179814+00:00,2515.016420045,C,152065,239.28,8.20001737419647,841551872,842334208,264,41,498073600,451386675,31,1.043,0,0.0,12,0.122,1.166,0.4573407429998042,
2026-10-06T12:15:41.179500+00:00,2520.016102497999,A,152079,288.97,9.800166930165705,1026764800,1039699968,272,47,687865856,420337254,46,1.22,0,0.0,22,0.26,1.48,0.42588366600102745,
2026-10-06T12:15:41.179631+00:00,2520.016235948,B,152066,266.23,8.400240288872922,1135030272,1146769408,269,44,770703360,401604608,36,1.068,0,0.0,8,0.097,1.165,0.40343267299977015,
2026-10-06T12:15:41.180042+00:00,2520.016647646,C,152065,239.7,8.399617647724492,841555968,842334208,264,41,498073600,453483827,31,1.043,0,0.0,12,0.122,1.166,0.41643953599850647,
2026-10-06T12:15:46.179537+00:00,2525.0161387069984,A,152079,289.46,9.799929030873935,1026764800,1039699968,272,47,687865856,444454502,46,1.22,0,0.0,22,0.26,1.48,0.4420250910006871,
2026-10-06T12:15:46.179681+00:00,2525.0162860129985,B,152066,266.62,7.799921899384082,1135030272,1146769408,269,44,770703360,403701760,36,1.068,0,0.0,8,0.097,1.165,0.48256890300035593,
2026-10-06T12:15:46.179844+00:00,2525.016448766999,C,152065,240.08,7.600302308106379,841555968,842334208,264,41,498073600,454532403,31,1.043,0,0.0,12,0.122,1.166,0.37771807799981616,
2026-10-06T12:15:51.179551+00:00,2530.016154065999,A,152079,289.93,9.399971125167689,1026764800,1039699968,272,47,687865856,458085990,46,1.22,0,0.0,22,0.26,1.48,0.4049084119997133,
2026-10-06T12:15:51.179650+00:00,2530.0162556289997,B,152066,267.02,8.000048614693078,1135030272,1146769408,269,44,770703360,405798912,36,1.068,0,0.0,8,0.097,1.165,0.4118975959991076,
2026-10-06T12:15:51.180776+00:00,2530.0173818389994,C,152065,240.45,7.398619311095351,841555968,842334208,264,41,498073600,456629555,31,1.043,0,0.0,12,0.122,1.166,0.488356672000009,
2026-10-06T12:15:56.179508+00:00,2535.016111191999,A,152079,290.44,10.200087463710675,1026764800,1039699968,272,47,687865856,476960358,46,1.22,0,0.0,22,0.26,1.48,0.45504426800107467,
2026-10-06T12:15:56.179625+00:00,2535.016230220999,B,152066,267.41,7.800039636683079,1135030272,1146769408,269,44,770703360,407896064,36,1.068,0,0.0,8,0.097,1.165,0.4841559889991913,
2026-10-06T12:15:56.179677+00:00,2535.0162822289985,C,152065,240.89,8.801935739313187,841555968,842334208,264,41,498073600,226230886,32,1.061,0,0.0,12,0.122,1.183,0.3722708550012612,
2026-10-06T12:16:01.179542+00:00,2540.0161430089993,A,152079,290.89,8.999942729763323,1026764800,1039699968,272,47,687865856,494786150,46,1.22,0,0.0,22,0.26,1.48,0.4292143090005993,
2026-10-06T12:16:01.180948+00:00,2540.017553566,B,152066,267.8,7.797936128041321,1135030272,1146769408,269,44,770703360,409993216,36,1.068,0,0.0,8,0.097,1.165,0.38615033099995344,
2026-10-06T12:16:01.181974+00:00,2540.0185797169997,C,152065,241.24,6.996784994086271,841555968,842334208,264,41,498073600,227279462,32,1.061,0,0.0,12,0.122,1.183,0.4805783009996958,
2026-10-06T12:16:06.179596+00:00,2545.0161981739984,A,152079,291.39,9.999889671218979,1026764800,1039699968,272,47,687865856,513660518,46,1.22,0,0.0,22,0.26,1.48,0.534978913001396,
2026-10-06T12:16:06.179697+00:00,2545.0163030309996,B,152066,268.2,8.002001356553642,1135034368,1146769408,269,44,770703360,412090368,36,1.068,0,0.0,8,0.097,1.165,0.46140948599895637,
2026-10-06T12:16:06.179740+00:00,2545.01634545,C,152065,241.63,7.803487014704023,841555968,842334208,264,41,498073600,229376614,32,1.061,0,0.0,12,0.122,1.183,0.5191830889998528,
2026-10-06T12:16:11.179481+00:00,2550.016083167,A,152079,291.91,10.400239220059811,1026764800,1039699968,272,47,687865856,530437734,46,1.22,0,0.0,22,0.26,1.48,0.3773016129998723,
2026-10-06T12:16:11.179578+00:00,2550.0161843689984,B,152066,268.59,7.800185117114738,1135034368,1146769408,269,44,770703360,414187520,36,1.068,0,0.0,8,0.097,1.165,0.4455543710009806,
2026-10-06T12:16:11.179613+00:00,2550.0162180339994,C,152065,242.0,7.4001885804863115,841555968,842334208,264,41,498073600,231473766,32,1.061,0,0.0,12,0.122,1.183,0.3649547610002628,
2026-10-06T12:16:16.179603+00:00,2555.016188100999,A,152079,292.59,13.59971458551178,1026772992,1039699968,272,47,687865856,551409254,46,1.22,0,0.0,22,0.26,1.48,0.5197273899993888,
2026-10-06T12:16:16.179754+00:00,2555.0163587069983,B,152066,269.09,9.999651336157369,1135075328,1146769408,269,44,770703360,416284672,36,1.068,0,0.0,8,0.097,1.165,0.40315712800111214,
2026-10-06T12:16:16.179813+00:00,2555.0164183459983,C,152065,242.4,7.999679513641287,841555968,842334208,264,41,498073600,232522342,32,1.061,0,0.0,12,0.122,1.183,0.4592643860014505,
2026-10-06T12:16:21.179570+00:00,2560.016172521,A,152079,293.05,9.200028667288112,1026772992,1039699968,272,47,687865856,565040742,46,1.22,0,0.0,22,0.26,1.48,0.5305529939996632,
2026-10-06T12:16:21.179678+00:00,2560.0162818599983,B,152066,269.48,7.800119883163312,1135104000,1146769408,269,44,770703360,418381824,36,1.068,0,0.0,8,0.097,1.165,0.48431603300014103,
2026-10-06T12:16:21.179784+00:00,2560.016390102999,C,152065,242.77,7.400041799874986,841555968,842334208,264,41,498073600,234619494,32,1.061,0,0.0,12,0.122,1.183,0.4407610159996693,
2026-10-06T12:16:26.179548+00:00,2565.016149645,A,152079,293.58,10.600048497341346,1026781184,1039699968,272,47,687865856,584963686,46,1.22,0,0.0,22,0.26,1.48,0.43057110699919576,
2026-10-06T12:16:26.180959+00:00,2565.0175640789985,B,152066,269.84,7.198154078014195,1135104000,1146769408,269,44,770703360,420478976,36,1.068,0,0.0,8,0.097,1.165,0.3916500150007778,
2026-10-06T12:16:26.181044+00:00,2565.017649652,C,152065,243.12,6.998237075496895,841564160,842334208,264,41,498073600,235668070,32,1.061,0,0.0,12,0.122,1.183,0.42206608499873255,
2026-10-06T12:16:31.179563+00:00,2570.01614858,A,152079,294.04,9.20000195960134,1026781184,1039699968,272,47,687865856,600692326,46,1.22,0,0.0,22,0.26,1.48,0.4413083199997345,
2026-10-06T12:16:31.179701+00:00,2570.0163059919996,B,152066,270.21,7.4018624373800534,1135104000,1146769408,269,44,770703360,422576128,36,1.068,0,0.0,8,0.097,1.165,0.43851023400020495,
2026-10-06T12:16:31.179756+00:00,2570.016361439999,C,152065,243.49,7.401907045097059,841564160,842334208,264,41,498073600,237765222,32,1.061,0,0.0,12,0.122,1.183,0.4385994080003002,
2026-10-06T12:16:36.179591+00:00,2575.016193091,A,152079,294.52,9.599914539640125,1026781184,1039699968,272,47,687865856,619566694,46,1.22,0,0.0,22,0.26,1.48,0.5124182599993219,
2026-10-06T12:16:36.179722+00:00,2575.0163276229996,B,152066,270.58,7.399967986258617,1135104000,1146769408,269,44,770703360,424673280,36,1.068,0,0.0,8,0.097,1.165,0.510504537000088,
2026-10-06T12:16:36.179796+00:00,2575.0164007329986,C,152065,243.86,7.399941846817619,841564160,842334208,264,41,498073600,238813798,32,1.061,0,0.0,12,0.122,1.183,0.46330396400117024,
2026-10-06T12:16:41.179541+00:00,2580.0161429379987,A,152079,294.98,9.200092282448605,1026781184,1039699968,272,47,687865856,634246758,46,1.22,0,0.0,22,0.26,1.48,0.5075482299998839,
2026-10-06T12:16:41.179667+00:00,2580.016272777999,B,152066,270.94,7.200078977667593,1135104000,1146769408,269,44,770703360,426770432,36,1.068,0,0.0,8,0.097,1.165,0.4623351760001242,
2026-10-06T12:16:41.179758+00:00,2580.016363343999,C,152065,244.22,7.200053840561985,841564160,842334208,264,41,498073600,240910950,32,1.061,0,0.0,12,0.122,1.183,0.48154188500120654,
2026-10-06T12:16:46.179522+00:00,2585.0161250419987,A,152079,295.5,10.400037223812696,1026781184,1039699968,272,47,687865856,245524172,47,1.222,0,0.0,22,0.26,1.482,0.4779533029995946,
2026-10-06T12:16:46.179637+00:00,2585.016241517,B,152066,271.35,8.200051268359555,1135104000,1146769408,269,44,770703360,428867584,36,1.068,0,0.0,8,0.097,1.165,0.4780542439984856,
2026-10-06T12:16:46.179784+00:00,2585.016389418999,C,152065,244.61,7.799959323211992,841564160,842334208,264,41,498073600,241959526,32,1.061,0,0.0,12,0.122,1.183,0.39441137600078946,
2026-10-06T12:16:51.179578+00:00,2590.016180356999,A,152079,295.96,9.199898221525048,1026781184,1039699968,272,47,687865856,262301388,47,1.222,0,0.0,22,0.26,1.482,0.4986350519993721,
2026-10-06T12:16:51.179762+00:00,2590.016367032,B,152066,271.75,7.999799181040645,1135104000,1146769408,269,44,770703360,430964736,36,1.068,0,0.0,8,0.097,1.165,0.5572207799996249,
2026-10-06T12:16:51.179899+00:00,2590.0165041129985,C,152065,245.01,7.999816493809883,841564160,842334208,264,41,498073600,244056678,32,1.061,0,0.0,12,0.122,1.183,0.48104507900097815,
2026-10-06T12:16:56.179564+00:00,2595.0161667289995,A,152079,296.51,11.000029981681019,1026781184,1039699968,272,47,687865856,281175756,47,1.222,0,0.0,22,0.26,1.482,0.5092378469998948,
2026-10-06T12:16:56.180781+00:00,2595.01738632,B,152066,272.17,8.398287945175786,1135104000,1146769408,269,44,770703360,433061888,36,1.068,0,0.0,8,0.097,1.165,0.47513588999936474,
2026-10-06T12:16:56.180935+00:00,2595.017540821,C,152065,245.43,8.398258691603862,841564160,842334208,264,41,498073600,246153830,32,1.061,0,0.0,12,0.122,1.183,0.5246120189985959,
2026-10-06T12:17:01.179626+00:00,2600.0162283749996,A,152079,297.0,9.799879175329506,1026781184,1039699968,272,47,687865856,296904396,47,1.222,0,0.0,22,0.26,1.482,0.47276141600013943,
2026-10-06T12:17:01.179728+00:00,2600.0163332819993,B,152066,272.55,7.6016009549338905,1135104000,1146769408,269,44,770703360,435159040,36,1.068,0,0.0,8,0.097,1.165,0.41267369500019413,
2026-10-06T12:17:01.179760+00:00,2600.016365440999,C,152065,245.82,7.801834023936078,841564160,842334208,264,41,498073600,247202406,32,1.061,0,0.0,12,0.122,1.183,0.4602152440002101,
2026-10-06T12:17:06.179534+00:00,2605.0161364099986,A,152079,297.46,9.200169218713958,1026781184,1039699968,272,47,687865856,315778764,47,1.222,0,0.0,22,0.26,1.482,0.42109149800126033,
2026-10-06T12:17:06.179642+00:00,2605.0162472859993,B,152066,272.93,7.600130716168202,1135104000,1146769408,269,44,770703360,437256192,36,1.068,0,0.0,8,0.097,1.165,0.5588987070004805,
2026-10-06T12:17:06.179713+00:00,2605.0163185029996,C,152065,246.21,7.800073223966581,841564160,842334208,264,41,498073600,249299558,32,1.061,0,0.0,12,0.122,1.183,0.5513664609989064,
2026-10-06T12:17:11.179567+00:00,2610.0161705289993,A,152079,297.94,9.59993449196603,1026781184,1039699968,272,47,687865856,331507404,47,1.222,0,0.0,22,0.26,1.482,0.49217394799961767,
2026-10-06T12:17:11.179676+00:00,2610.016281225,B,152066,273.34,8.199944340415879,1135104000,1146769408,269,44,770703360,439353344,36,1.068,0,0.0,8,0.097,1.165,0.488777474998642,
2026-10-06T12:17:11.179733+00:00,2610.016338104999,C,152065,246.6,7.799969421000926,841564160,842334208,264,41,498073600,250348134,32,1.061,0,0.0,12,0.122,1.183,0.3877121030000126,
2026-10-06T12:17:16.179575+00:00,2615.016176322999,A,152079,298.48,10.799987484975642,1026781184,1039699968,272,47,687865856,351430348,47,1.222,0,0.0,22,0.26,1.482,0.4614699789999577,
2026-10-06T12:17:16.179705+00:00,2615.01631094,B,152066,273.76,8.399950079097028,1135104000,1146769408,269,44,770703360,441450496,36,1.068,0,0.0,8,0.097,1.165,0.5014332470000227,
2026-10-06T12:17:16.179845+00:00,2615.0164509549995,C,152065,247.03,8.599805902379659,841564160,842334208,264,41,498073600,252445286,32,1.061,0,0.0,12,0.122,1.183,0.52169692499956,
2026-10-06T12:17:21.179594+00:00,2620.016196363,A,152079,298.92,8.799964729739749,1026781184,1039699968,272,47,687865856,366110412,47,1.222,0,0.0,22,0.26,1.482,0.5519029189999856,
2026-10-06T12:17:21.179702+00:00,2620.016306862999,B,152066,274.11,7.000005707806502,1135104000,1146769408,269,44,770703360,443547648,36,1.068,0,0.0,8,0.097,1.165,0.5383578740002122,
2026-10-06T12:17:21.179761+00:00,2620.016366283,C,152065,247.37,6.800115155869488,841564160,842334208,264,41,498073600,253493862,32,1.061,0,0.0,12,0.122,1.183,0.4580481279990636,
2026-10-06T12:17:26.179590+00:00,2625.0161925909997,A,152079,299.43,10.200007694885883,1026781184,1039699968,272,47,687865856,383936204,47,1.222,0,0.0,22,0.26,1.482,0.46707720199992764,
2026-10-06T12:17:26.179708+00:00,2625.0163136429983,B,152066,274.54,8.599988338417258,1135104000,1146769408,269,44,770703360,444596224,36,1.068,0,0.0,8,0.097,1.165,0.47308586500003,
2026-10-06T12:17:26.180296+00:00,2625.016900654,C,152065,247.77,7.9991450977671725,841564160,842334208,264,41,498073600,255591014,32,1.061,0,0.0,12,0.122,1.183,0.4666039259991521,
2026-10-06T12:17:31.179591+00:00,2630.0161924879994,A,152079,299.88,9.000000185400271,1026781184,1039699968,272,47,687865856,398616268,47,1.222,0,0.0,22,0.26,1.482,0.3820357399999921,
2026-10-06T12:17:31.179738+00:00,2630.016343239,B,152066,274.96,8.39995027901064,1135104000,1146769408,269,44,770703360,446693376,36,1.068,0,0.0,8,0.097,1.165,0.48037379599918495,
2026-10-06T12:17:31.180007+00:00,2630.0166124429998,C,152065,248.17,8.000461164182422,841564160,842334208,264,41,498073600,256639590,32,1.061,0,0.0,12,0.122,1.183,0.4983067229986773,
2026-10-06T12:17:36.179542+00:00,2635.0161446819984,A,152079,300.41,10.60010134969178,1026781184,1039699968,272,47,687865856,417490636,47,1.222,0,0.0,22,0.26,1.482,0.4114097600013338,
2026-10-06T12:17:36.179655+00:00,2635.0162596799983,B,152066,275.38,8.40014038146924,1135104000,1146769408,269,44,770703360,448790528,36,1.068,0,0.0,8,0.097,1.165,0.45801732900145,
2026-10-06T12:17:36.179903+00:00,2635.0165079519993,C,152065,248.57,8.000167189094794,841564160,842334208,264,41,498073600,258736742,32,1.061,0,0.0,12,0.122,1.183,0.4579717010001332,
2026-10-06T12:17:41.179572+00:00,2640.0161741459997,A,152079,300.89,9.599943429450143,1026781184,1039699968,272,47,687865856,433219276,47,1.222,0,0.0,22,0.26,1.482,0.4842559729986533,
2026-10-06T12:17:41.179741+00:00,2640.016345828999,B,152066,275.78,7.999862163973299,1135104000,1146769408,269,44,770703360,450887680,36,1.068,0,0.0,8,0.097,1.165,0.39967315700050676,
2026-10-06T12:17:41.179844+00:00,2640.0164498349986,C,152065,248.97,8.000092988282013,841564160,842334208,264,41,498073600,260833894,32,1.061,0,0.0,12,0.122,1.183,0.4902338600004441,
2026-10-06T12:17:46.179518+00:00,2645.0161216399993,A,152079,301.36,9.40009871231795,1026781184,1039699968,272,47,687865856,453142220,47,1.222,0,0.0,22,0.26,1.482,0.46734650500002317,
2026-10-06T12:17:46.179643+00:00,2645.0162483649983,B,152066,276.21,8.600167641349048,1135239168,1146769408,269,46,770703360,457179136,36,1.068,0,0.0,8,0.097,1.165,0.4611510110007657,
2026-10-06T12:17:46.179701+00:00,2645.016306578,C,152065,249.36,7.800223487321732,841564160,842334208,264,41,498073600,262931046,32,1.061,0,0.0,12,0.122,1.183,0.3482202689992846,
2026-10-06T12:17:51.179579+00:00,2650.016181383,A,152079,301.79,8.59989724326665,1026781184,1039699968,272,47,687865856,456287948,47,1.222,0,0.0,22,0.26,1.482,0.40071163899847306,
2026-10-06T12:17:51.179756+00:00,2650.016356786,B,152066,276.63,8.399817856667193,1135239168,1146769408,269,46,770703360,468713472,36,1.068,0,0.0,8,0.097,1.165,0.4984896879996086,
2026-10-06T12:17:51.179966+00:00,2650.0165708469995,C,152065,249.77,8.199566621746158,841564160,842334208,264,41,498073600,263979622,32,1.061,0,0.0,12,0.122,1.183,0.4770440409993171,
2026-10-06T12:17:56.179533+00:00,2655.0161353109997,A,152079,302.22,8.600079244570773,1026781184,1039699968,272,47,687865856,462579404,47,1.222,0,0.0,22,0.26,1.482,0.5239842729988595,
2026-10-06T12:17:56.179685+00:00,2655.016290297999,B,152066,277.07,8.800117020437474,1135276032,1146769408,269,46,770703360,485490688,36,1.068,0,0.0,8,0.097,1.165,0.39533718100028636,
2026-10-06T12:17:56.179767+00:00,2655.0163719209995,C,152065,250.17,8.000318294262849,841564160,842334208,264,41,498073600,265028198,32,1.061,0,0.0,12,0.122,1.183,0.44571769699905417,
2026-10-06T12:18:01.179776+00:00,2660.016378282,A,152079,302.63,8.199601546921443,1026781184,1039699968,272,47,687865856,464676556,47,1.222,0,0.0,22,0.26,1.482,0.47191477899832535,
2026-10-06T12:18:01.179896+00:00,2660.01650041,B,152066,277.49,8.399647026671783,1135276032,1146769408,269,46,770703360,502267904,36,1.068,0,0.0,8,0.097,1.165,0.4575586109986034,
2026-10-06T12:18:01.179971+00:00,2660.0165764549984,C,152065,250.56,7.799680940013828,841564160,842334208,264,41,498073600,267125350,32,1.061,0,0.0,12,0.122,1.183,0.4542220710009133,
2026-10-06T12:18:06.179537+00:00,2665.016139805999,A,152079,303.04,8.200391119296587,1026781184,1039699968,272,47,687865856,472016588,47,1.222,0,0.0,22,0.26,1.482,0.48138015599943174,
2026-10-06T12:18:06.179665+00:00,2665.0162701669997,B,152066,277.94,9.00041445648538,1135276032,1146769408,269,46,770703360,516947968,36,1.068,0,0.0,8,0.097,1.165,0.4516177309997147,
2026-10-06T12:18:06.179846+00:00,2665.0164517699995,C,152065,250.94,7.600189525924307,841564160,842334208,264,41,498073600,268173926,32,1.061,0,0.0,12,0.122,1.183,0.4219818059991667,
2026-10-06T12:18:11.179716+00:00,2670.0163177249997,A,152079,303.47,8.599693990208037,1026781184,1039699968,272,47,687865856,474113740,47,1.222,0,0.0,22,0.26,1.482,0.41993650599943066,
2026-10-06T12:18:11.182141+00:00,2670.0187460399993,B,152066,278.37,8.595743606098905,1135276032,1146769408,269,46,770703360,531628032,36,1.068,0,0.0,8,0.097,1.165,0.4104396059992723,
2026-10-06T12:18:11.182272+00:00,2670.0188771309986,C,152065,251.35,8.19602433644537,841564160,842334208,264,41,498073600,270271078,32,1.061,0,0.0,12,0.122,1.183,0.40151135599990084,
2026-10-06T12:18:16.179552+00:00,2675.0161544019993,A,152079,303.89,8.40027439160271,1026781184,1039699968,272,47,687865856,480405196,47,1.222,0,0.0,22,0.26,1.482,0.3976077509996685,
2026-10-06T12:18:16.179671+00:00,2675.0162761799984,B,152066,278.79,8.40415141548489,1135284224,1146769408,269,46,770703360,546308096,36,1.068,0,0.0,8,0.097,1.165,0.45728084100119304,
2026-10-06T12:18:16.179724+00:00,2675.016329876,C,152065,251.73,7.603873801109808,841564160,842334208,264,41,498073600,271319654,32,1.061,0,0.0,12,0.122,1.183,0.39634107900019444,
2026-10-06T12:18:21.179613+00:00,2680.0162141379988,A,152079,304.3,8.199902034131808,1026781184,1039699968,272,47,687865856,483550924,47,1.222,0,0.0,22,0.26,1.482,0.4946096510011557,
2026-10-06T12:18:21.179739+00:00,2680.0163440779997,B,152066,279.31,10.399858774074595,1135312896,1146769408,269,46,770703360,563085312,36,1.068,0,0.0,8,0.097,1.165,0.4106338579986186,
2026-10-06T12:18:21.179821+00:00,2680.0164239279984,C,152065,252.12,7.799853281642418,841564160,842334208,264,41,498073600,273416806,32,1.061,0,0.0,12,0.122,1.183,0.4644389190016227,
2026-10-06T12:18:26.179605+00:00,2685.0162080579994,A,152079,304.73,8.600010457611763,1026781184,1039699968,272,47,687865856,489842380,47,1.222,0,0.0,22,0.26,1.482,0.43789438100066036,
2026-10-06T12:18:26.179722+00:00,2685.0163270309986,B,152066,279.76,9.000030684706486,1135312896,1146769408,269,46,770703360,580911104,36,1.068,0,0.0,8,0.097,1.165,0.3570618749999994,
2026-10-06T12:18:26.179792+00:00,2685.016397206,C,152065,252.51,7.800041686540079,841564160,842334208,264,41,498073600,274465382,32,1.061,0,0.0,12,0.122,1.183,0.39013555999918026,
2026-10-06T12:18:31.179551+00:00,2690.0161544639996,A,152079,305.12,7.800083607535646,1026781184,1039699968,272,47,687865856,492988108,47,1.222,0,0.0,22,0.26,1.482,0.4266605199991318,
2026-10-06T12:18:31.180643+00:00,2690.017248435999,B,152066,280.16,7.998526023625637,1135312896,1146769408,269,46,770703360,597688320,36,1.068,0,0.0,8,0.097,1.165,0.38336710600015067,
2026-10-06T12:18:31.180685+00:00,2690.017290317999,C,152065,252.88,7.398678430303261,841564160,842334208,264,41,498073600,276562534,32,1.061,0,0.0,12,0.122,1.183,0.41342053299922554,
2026-10-06T12:18:36.179530+00:00,2695.016133178,A,152079,305.55,8.600036612075206,1026781184,1039699968,272,47,687865856,499279564,47,1.222,0,0.0,22,0.26,1.482,0.41274732499914535,
2026-10-06T12:18:36.179648+00:00,2695.0162530829984,B,152066,280.58,8.401672525991092,1135316992,1146769408,269,46,770703360,615514112,36,1.068,0,0.0,8,0.097,1.165,0.503230035001252,
2026-10-06T12:18:36.179994+00:00,2695.0165997879994,C,152065,253.24,7.200994500546336,841564160,842334208,264,41,498073600,277611110,32,1.061,0,0.0,12,0.122,1.183,0.4612274939991039,
2026-10-06T12:18:41.179544+00:00,2700.0161460159998,A,152079,305.96,8.199978945733836,1026781184,1039699968,272,47,687865856,503473868,47,1.222,0,0.0,22,0.26,1.482,0.31831480099936016,
2026-10-06T12:18:41.180916+00:00,2700.0175218309996,B,152066,281.12,10.797260199541162,1135357952,1146769408,269,46,770703360,630194176,36,1.068,0,0.0,8,0.097,1.165,0.40610120899873436,
2026-10-06T12:18:41.181885+00:00,2700.0184901739995,C,152065,253.63,7.7970521123688075,841707520,842334208,264,43,498073600,279708262,32,1.061,0,0.0,12,0.122,1.183,0.40984275600021647,
2026-10-06T12:18:46.179534+00:00,2705.016137385999,A,152079,306.39,8.600014843626777,1026781184,1039699968,272,47,687865856,509765324,47,1.222,0,0.0,22,0.26,1.482,0.35476738000033947,
2026-10-06T12:18:46.180675+00:00,2705.017281061999,B,152066,281.57,9.000433405071334,1135357952,1146769408,269,46,770703360,645922816,36,1.068,0,0.0,8,0.097,1.165,0.39190149900059623,
2026-10-06T12:18:46.181590+00:00,2705.0181955849985,C,152065,254.04,8.200483154427946,841707520,842334208,264,43,498073600,280756838,32,1.061,0,0.0,12,0.122,1.183,0.443870193001203,
2026-10-06T12:18:51.179545+00:00,2710.016147733999,A,152079,306.76,7.399984684992224,1026781184,1039699968,272,47,687865856,511862476,47,1.222,0,0.0,22,0.26,1.482,0.4415909630006354,
2026-10-06T12:18:51.179644+00:00,2710.016249897999,B,152066,282.03,9.201897733134167,1135374336,1146769408,269,46,770703360,660602880,36,1.068,0,0.0,8,0.097,1.165,0.3414961939997738,
2026-10-06T12:18:51.179680+00:00,2710.016284920999,C,152065,254.41,7.402828863720664,841707520,842334208,264,43,498073600,282853990,32,1.061,0,0.0,12,0.122,1.183,0.44198096199943393,
2026-10-06T12:18:56.179526+00:00,2715.0161284159985,A,152079,307.22,9.200035545258688,1026781184,1039699968,272,47,687865856,519202508,47,1.222,0,0.0,22,0.26,1.482,0.46047930700115103,
2026-10-06T12:18:56.179971+00:00,2715.0165764489993,B,152066,282.49,9.199399185399317,1135374336,1146769408,269,46,770703360,675282944,36,1.068,0,0.0,8,0.097,1.165,0.37646978799966746,
2026-10-06T12:18:56.180710+00:00,2715.0173160489994,C,152065,254.84,8.59822682551368,841707520,842334208,264,43,498073600,283902566,32,1.061,0,0.0,12,0.122,1.183,0.45624821099954715,
2026-10-06T12:19:01.179574+00:00,2720.0161756179987,A,152079,307.65,8.599918813325207,1026781184,1039699968,272,47,687865856,521299660,47,1.222,0,0.0,22,0.26,1.482,0.41975313399962033,
2026-10-06T12:19:01.179696+00:00,2720.016301021,B,152066,282.93,8.800484779983366,1135374336,1146769408,269,46,770703360,693108736,36,1.068,0,0.0,8,0.097,1.165,0.5076749149993702,
2026-10-06T12:19:01.179751+00:00,2720.016356038999,C,152065,255.23,7.801497903200448,841707520,842334208,264,43,498073600,284951142,32,1.061,0,0.0,12,0.122,1.183,0.41947898299986264,
2026-10-06T12:19:06.179544+00:00,2725.01614686,A,152079,308.08,8.600049464042456,1026781184,1039699968,272,47,687865856,528639692,47,1.222,0,0.0,22,0.26,1.482,0.4651093189986568,
2026-10-06T12:19:06.180862+00:00,2725.01746578,B,152066,283.4,9.39781076306619,1135378432,1146769408,269,46,770703360,258497740,37,1.074,0,0.0,8,0.097,1.17,0.4626990209999349,
2026-10-06T12:19:06.180975+00:00,2725.0175800259985,C,152065,255.61,7.598139995085876,841707520,842334208,264,43,498073600,287048294,32,1.061,0,0.0,12,0.122,1.183,0.5018890000010288,
2026-10-06T12:19:11.179577+00:00,2730.0161805869993,A,152079,308.49,8.1999446880946,1026781184,1039699968,272,47,687865856,530736844,47,1.222,0,0.0,22,0.26,1.482,0.4626201310002216,
2026-10-06T12:19:11.179683+00:00,2730.0162880889984,B,152066,283.83,8.602026105747898,1135382528,1146769408,269,46,770703360,275274956,37,1.074,0,0.0,8,0.097,1.17,0.35637779100034095,
2026-10-06T12:19:11.179738+00:00,2730.0163431309993,C,152065,255.98,7.401831057563584,841707520,842334208,264,43,498073600,288096870,32,1.061,0,0.0,12,0.122,1.183,0.4512823679997382,
2026-10-06T12:19:16.179566+00:00,2735.016169458999,A,152079,308.88,7.800017359719223,1026781184,1039699968,272,47,687865856,538076876,47,1.222,0,0.0,22,0.26,1.482,0.4379397570010042,
2026-10-06T12:19:16.179741+00:00,2735.016346425,B,152066,284.24,8.19990433007419,1135386624,1146769408,269,46,770703360,292052172,37,1.074,0,0.0,8,0.097,1.17,0.4809696599986637,
2026-10-06T12:19:16.179939+00:00,2735.016544266,C,152065,256.32,6.7997264674025395,841707520,842334208,264,43,498073600,290194022,32,1.061,0,0.0,12,0.122,1.183,0.4721726919997309,
2026-10-06T12:19:21.179539+00:00,2740.0161410419987,A,152079,309.26,7.6000431940855,1026781184,1039699968,272,47,687865856,540174028,47,1.222,0,0.0,22,0.26,1.482,0.3953042760003882,
2026-10-06T12:19:21.179677+00:00,2740.016278367999,B,152066,284.64,8.000108892683398,1135386624,1146769408,269,46,770703360,306732236,37,1.074,0,0.0,8,0.097,1.17,0.38269797999964794,
2026-10-06T12:19:21.179832+00:00,2740.0164371109986,C,152065,256.7,7.60016287909268,841707520,842334208,264,43,498073600,291242598,32,1.061,0,0.0,12,0.122,1.183,0.3877636280012666,
2026-10-06T12:19:26.179581+00:00,2745.0161837649994,A,152079,309.66,7.999931643783702,1026781184,1039699968,272,47,687865856,546465484,47,1.222,0,0.0,22,0.26,1.482,0.42688819199975114,
2026-10-06T12:19:26.179739+00:00,2745.016340159,B,152066,285.01,7.399908550448886,1135403008,1146769408,269,46,770703360,321412300,37,1.074,0,0.0,8,0.097,1.17,0.3595943749987782,
2026-10-06T12:19:26.179907+00:00,2745.0165113159983,C,152065,257.06,7.199893146386531,841707520,842334208,264,43,498073600,293339750,32,1.061,0,0.0,12,0.122,1.183,0.389914300001692,
2026-10-06T12:19:31.179564+00:00,2750.0161654369986,A,152079,310.04,7.600027858663252,1026781184,1039699968,272,47,687865856,549611212,47,1.222,0,0.0,22,0.26,1.482,0.35415567100062617,
2026-10-06T12:19:31.179696+00:00,2750.016299527999,B,152066,285.43,8.400068260636626,1135407104,1146769408,269,46,770703360,336092364,37,1.074,0,0.0,8,0.097,1.17,0.3532200419995206,
2026-10-06T12:19:31.179982+00:00,2750.0165875899984,C,152065,257.44,7.599884065288327,841707520,842334208,264,43,498073600,294388326,32,1.061,0,0.0,12,0.122,1.183,0.42697851299999456,
2026-10-06T12:19:36.179536+00:00,2755.016138843999,A,152079,310.44,8.000042549024803,1026781184,1039699968,272,47,687865856,555902668,47,1.222,0,0.0,22,0.26,1.482,0.3977073019996169,
2026-10-06T12:19:36.179647+00:00,2755.0162526349995,B,152066,285.86,8.600080656715392,1135464448,1146769408,269,46,770703360,351821004,37,1.074,0,0.0,8,0.097,1.17,0.42050059999928635,
2026-10-06T12:19:36.179749+00:00,2755.016354128,C,152065,257.82,7.60035487880778,841707520,842334208,264,43,498073600,295436902,32,1.061,0,0.0,12,0.122,1.183,0.4209982159991341,
2026-10-06T12:19:41.179621+00:00,2760.016223745999,A,152079,310.82,7.599870951151516,1026781184,1039699968,272,47,687865856,559048396,47,1.222,0,0.0,22,0.26,1.482,0.33890303400039556,
2026-10-06T12:19:41.179795+00:00,2760.0163997459986,B,152066,286.25,7.799770513593246,1135464448,1146769408,269,46,770703360,369646796,37,1.074,0,0.0,8,0.097,1.17,0.45178972100075043,
2026-10-06T12:19:41.179841+00:00,2760.0164463459987,C,152065,258.17,6.999870897183218,841572352,842334208,264,41,498073600,297534054,32,1.061,0,0.0,12,0.122,1.183,0.36843460000091,
2026-10-06T12:19:46.179581+00:00,2765.0161823149992,A,152079,311.23,8.200067947403152,1026781184,1039699968,272,47,687865856,565339852,47,1.222,0,0.0,22,0.26,1.482,0.42619819399988046,
2026-10-06T12:19:46.179700+00:00,2765.0163054609984,B,152066,286.67,8.40015840178757,1135464448,1146769408,269,46,770703360,387472588,37,1.074,0,0.0,8,0.097,1.17,0.41896601200096484,
2026-10-06T12:19:46.179772+00:00,2765.0163777089983,C,152065,258.55,7.600104329672643,841572352,842334208,264,41,498073600,298582630,32,1.061,0,0.0,12,0.122,1.183,0.37393111500023224,
2026-10-06T12:19:51.179656+00:00,2770.016256289,A,152079,311.6,7.399890520098684,1026781184,1039699968,272,47,687865856,568485580,47,1.222,0,0.0,22,0.26,1.482,0.6467412079982751,
2026-10-06T12:19:51.179826+00:00,2770.016431733,B,152066,287.09,8.399787868393783,1135464448,1146769408,269,46,770703360,406346956,37,1.074,0,0.0,8,0.097,1.17,0.6244301039987477,
2026-10-06T12:19:51.179878+00:00,2770.0164826289983,C,152065,258.93,7.599840524946315,841572352,842334208,264,41,498073600,300679782,32,1.061,0,0.0,12,0.122,1.183,0.5967737170012697,
2026-10-06T12:19:56.179516+00:00,2775.016118836,A,152079,312.01,8.200225429116884,1026781184,1039699968,272,47,687865856,574777036,47,1.222,0,0.0,22,0.26,1.482,0.48445878900020034,
2026-10-06T12:19:56.179620+00:00,2775.016225341,B,152066,287.53,8.800363264915141,1135464448,1146769408,269,46,770703360,422075596,37,1.074,0,0.0,8,0.097,1.17,0.4707217849991139,
2026-10-06T12:19:56.179681+00:00,2775.0162866479986,C,152065,259.31,7.60029790279612,841572352,842334208,264,41,498073600,301728358,32,1.061,0,0.0,12,0.122,1.183,0.45510820300114574,
2026-10-06T12:20:01.179491+00:00,2780.016093013999,A,152079,312.41,8.000041315415139,1026781184,1039699968,272,47,687865856,577922764,47,1.222,0,0.0,22,0.26,1.482,0.4299854079999932,
2026-10-06T12:20:01.179612+00:00,2780.016217090999,B,152066,288.01,9.60001584002837,1135484928,1146769408,269,46,770703360,436755660,37,1.074,0,0.0,8,0.097,1.17,0.4300082610006939,
2026-10-06T12:20:01.179687+00:00,2780.016292443999,C,152065,259.67,7.199991653769155,841572352,842334208,264,41,498073600,302776934,32,1.061,0,0.0,12,0.122,1.183,0.3721251690003555,
2026-10-06T12:20:06.179600+00:00,2785.016201183,A,152079,312.82,8.199822606675959,1026781184,1039699968,272,47,687865856,584214220,47,1.222,0,0.0,22,0.26,1.482,0.3696642189988779,
2026-10-06T12:20:06.179737+00:00,2785.016341528999,B,152066,288.44,8.599785971966682,1135501312,1146769408,269,46,770703360,452484300,37,1.074,0,0.0,8,0.097,1.17,0.3006012040004862,
2026-10-06T12:20:06.179831+00:00,2785.0164360359995,C,152065,260.04,7.399787489942576,841572352,842334208,264,41,498073600,304874086,32,1.061,0,0.0,12,0.122,1.183,0.38533171499875607,
2026-10-06T12:20:11.179534+00:00,2790.0161363219995,A,152079,313.23,8.20010637342086,1026781184,1039699968,272,47,687865856,586311372,47,1.222,0,0.0,22,0.26,1.482,0.3516307579993736,
2026-10-06T12:20:11.179649+00:00,2790.0162544939994,B,152066,288.87,8.600149702805195,1135501312,1146769408,269,46,770703360,466115788,37,1.074,0,0.0,8,0.097,1.17,0.38972797200040077,
2026-10-06T12:20:11.179800+00:00,2790.016405466,C,152065,260.41,7.400045243876091,841572352,842334208,264,41,498073600,305922662,32,1.061,0,0.0,12,0.122,1.183,0.4074781039998925,
2026-10-06T12:20:16.179499+00:00,2795.016102505999,A,152079,313.63,8.000054105966631,1026781184,1039699968,272,47,687865856,593651404,47,1.222,0,0.0,22,0.26,1.482,0.38479323600040516,
2026-10-06T12:20:16.179593+00:00,2795.0161979239983,B,152066,289.25,7.600085987374452,1135501312,1146769408,269,46,770703360,483941580,37,1.074,0,0.0,8,0.097,1.17,0.3689625580009306,
2026-10-06T12:20:16.179672+00:00,2795.016277888999,C,152065,260.78,7.400188818778172,841572352,842334208,264,41,498073600,306971238,32,1.061,0,0.0,12,0.122,1.183,0.40920164800081693,
2026-10-06T12:20:21.179493+00:00,2800.0160959859986,A,152079,314.01,7.60000991041309,1026781184,1039699968,272,47,687865856,595748556,47,1.222,0,0.0,22,0.26,1.482,0.4298384520006948,
2026-10-06T12:20:21.179604+00:00,2800.0162087399985,B,152066,289.66,8.199982261798521,1135501312,1146769408,269,46,770703360,501767372,37,1.074,0,0.0,8,0.097,1.17,0.39796803799981717,
2026-10-06T12:20:21.179784+00:00,2800.0163853249996,C,152065,261.17,7.799832403440969,841572352,842334208,264,41,498073600,309068390,32,1.061,0,0.0,12,0.122,1.183,0.39740385099867126,
2026-10-06T12:20:26.179536+00:00,2805.016137232,A,152079,314.44,8.599929057463164,1026781184,1039699968,272,47,687865856,602040012,47,1.222,0,0.0,22,0.26,1.482,0.45902850199854583,
2026-10-06T12:20:26.179683+00:00,2805.0162882389996,B,152066,290.08,8.399866443801013,1135501312,1146769408,269,46,770703360,519593164,37,1.074,0,0.0,8,0.097,1.17,0.44546843399984937,
2026-10-06T12:20:26.179829+00:00,2805.016434568999,C,152065,261.55,7.59992514985792,841572352,842334208,264,41,498073600,310116966,32,1.061,0,0.0,12,0.122,1.183,0.3760092650009028,
2026-10-06T12:20:31.179619+00:00,2810.0162214419997,A,152079,314.85,8.199861897926676,1026781184,1039699968,272,47,687865856,606234316,47,1.222,0,0.0,22,0.26,1.482,0.44772738400024537,
2026-10-06T12:20:31.179753+00:00,2810.016358383,B,152066,290.49,8.199884965453728,1135501312,1146769408,269,46,770703360,537418956,37,1.074,0,0.0,8,0.097,1.17,0.39703554199877544,
2026-10-06T12:20:31.179991+00:00,2810.0165929999985,C,152065,261.92,7.399765529550511,841572352,842334208,264,41,498073600,312214118,32,1.061,0,0.0,12,0.122,1.183,0.35271234900028503,
2026-10-06T12:20:36.179562+00:00,2815.0161644949985,A,152079,315.25,8.000091116239243,1026781184,1039699968,272,47,687865856,611477196,47,1.222,0,0.0,22,0.26,1.482,0.4607470970004215,
2026-10-06T12:20:36.179689+00:00,2815.0162944799995,B,152066,290.96,9.40012013917563,1135509504,1146769408,269,46,770703360,553147596,37,1.074,0,0.0,8,0.097,1.17,0.44180161700023746,
2026-10-06T12:20:36.179848+00:00,2815.0164529429985,C,152065,262.3,7.600212892603257,841572352,842334208,264,41,498073600,313262694,32,1.061,0,0.0,12,0.122,1.183,0.382897284000137,
2026-10-06T12:20:41.179553+00:00,2820.016155174999,A,152079,315.65,8.000014912026801,1026781184,1039699968,272,47,687865856,616720076,47,1.222,0,0.0,22,0.26,1.482,0.3816884839998238,
2026-10-06T12:20:41.179792+00:00,2820.016377569,B,152066,291.4,8.79985376578947,1135513600,1146769408,269,46,770703360,570973388,37,1.074,0,0.0,8,0.097,1.17,0.47263088899853756,
2026-10-06T12:20:41.179943+00:00,2820.0165483149995,C,152065,262.68,7.599855037323554,841572352,842334208,264,41,498073600,315359846,32,1.061,0,0.0,12,0.122,1.183,0.4479415749992768,
2026-10-06T12:20:46.179563+00:00,2825.0161661399998,A,152079,316.09,8.799980701640672,1026781184,1039699968,272,47,687865856,628254412,47,1.222,0,0.0,22,0.26,1.482,0.45443653399888717,
2026-10-06T12:20:46.179677+00:00,2825.0162823749997,B,152066,291.83,8.600163736797652,1135513600,1146769408,269,46,770703360,580410572,37,1.074,0,0.0,8,0.097,1.17,0.3764495639989036,
2026-10-06T12:20:46.179728+00:00,2825.0163326399997,C,152065,263.05,7.400319212768903,841572352,842334208,264,41,498073600,317456998,32,1.061,0,0.0,12,0.122,1.183,0.3799491579993628,
2026-10-06T12:20:51.179521+00:00,2830.016123879999,A,152079,316.5,8.200069306987192,1026781184,1039699968,272,47,687865856,635594444,47,1.222,0,0.0,22,0.26,1.482,0.44621864200053096,
2026-10-06T12:20:51.179640+00:00,2830.016245511999,B,152066,292.28,9.00006635389039,1135517696,1146769408,269,46,770703360,590896332,37,1.074,0,0.0,8,0.097,1.17,0.37128960300105973,
2026-10-06T12:20:51.179798+00:00,2830.0164031589993,C,152065,263.43,7.599892812632321,841572352,842334208,264,41,498073600,318505574,32,1.061,0,0.0,12,0.122,1.183,0.4227324999992561,
2026-10-06T12:20:56.179584+00:00,2835.0161862799996,A,152079,316.88,7.599905153183008,1026781184,1039699968,272,47,687865856,647128780,47,1.222,0,0.0,22,0.26,1.482,0.47405085599893937,
2026-10-06T12:20:56.180678+00:00,2835.0172834769983,B,152066,292.64,7.198505640619768,1135517696,1146769408,269,46,770703360,600333516,37,1.074,0,0.0,8,0.097,1.17,0.5149735460017837,
2026-10-06T12:20:56.189256+00:00,2835.0258611169993,C,152065,263.76,6.587539066436958,841572352,842334208,264,41,498073600,319554150,32,1.061,0,0.0,12,0.122,1.183,0.5406017440000142,
2026-10-06T12:21:01.179557+00:00,2840.0161598179984,A,152079,317.29,8.200043397912127,1026781184,1039699968,272,47,687865856,244604211,48,1.228,0,0.0,22,0.26,1.488,0.4161442810000153,
2026-10-06T12:21:01.179701+00:00,2840.0163062029987,B,152066,293.08,8.80172033848753,1135517696,1146769408,269,46,770703360,610819276,37,1.074,0,0.0,8,0.097,1.17,0.46613950900064083,
2026-10-06T12:21:01.179922+00:00,2840.0165270589987,C,152065,264.13,7.413840242967104,841572352,842334208,264,41,498073600,321651302,32,1.061,0,0.0,12,0.122,1.183,0.5110379819998343,
2026-10-06T12:21:06.179528+00:00,2845.016112514999,A,152079,317.73,8.800083254066742,1026781184,1039699968,272,47,687865856,256138547,48,1.228,0,0.0,22,0.26,1.488,0.4504450860003999,
2026-10-06T12:21:06.179690+00:00,2845.0162955899996,B,152066,293.55,9.40001995248135,1135521792,1146769408,269,46,770703360,623402188,37,1.074,0,0.0,8,0.097,1.17,0.48209794200010947,
2026-10-06T12:21:06.179755+00:00,2845.016360186999,C,152065,264.55,8.40028035431644,841572352,842334208,264,41,498073600,322699878,32,1.061,0,0.0,12,0.122,1.183,0.5248486460004642,
2026-10-06T12:21:11.179614+00:00,2850.0162162529996,A,152079,318.17,8.799817424906736,1026781184,1039699968,272,47,687865856,263478579,48,1.228,0,0.0,22,0.26,1.488,0.49267213699931744,
2026-10-06T12:21:11.179740+00:00,2850.0163446649985,B,152066,294.01,9.199909702887753,1135521792,1146769408,269,46,770703360,635985100,37,1.074,0,0.0,8,0.097,1.17,0.5598753619997296,
2026-10-06T12:21:11.179800+00:00,2850.0164056619997,C,152065,264.95,7.9999272406602335,841572352,842334208,264,41,498073600,324797030,32,1.061,0,0.0,12,0.122,1.183,0.504642915999284,
2026-10-06T12:21:16.179590+00:00,2855.0161924409986,A,152079,318.61,8.800041909321335,1026781184,1039699968,272,47,687865856,277110067,48,1.228,0,0.0,22,0.26,1.488,0.4550243400008185,
2026-10-06T12:21:16.179727+00:00,2855.0163316199996,B,152066,294.48,9.400024524662506,1135546368,1146769408,269,46,770703360,646470860,37,1.074,0,0.0,8,0.097,1.17,0.4417014270002255,
2026-10-06T12:21:16.179852+00:00,2855.016457369,C,152065,265.33,7.599921406172316,841572352,842334208,264,41,498073600,326894182,32,1.061,0,0.0,12,0.122,1.183,0.4381861049987492,
2026-10-06T12:21:21.179509+00:00,2860.0161115739993,A,152079,319.02,8.200132624023146,1026781184,1039699968,272,47,687865856,284450099,48,1.228,0,0.0,22,0.26,1.488,0.5317047129992716,
2026-10-06T12:21:21.180001+00:00,2860.016605465,B,152066,294.92,8.799518059194904,1135546368,1146769408,269,46,770703360,656956620,37,1.074,0,0.0,8,0.097,1.17,0.5279578499994386,
2026-10-06T12:21:21.180142+00:00,2860.0167476239985,C,152065,265.71,7.599558838011905,841572352,842334208,264,41,498073600,327942758,32,1.061,0,0.0,12,0.122,1.183,0.4344218800015369,
2026-10-06T12:21:26.179596+00:00,2865.01619855,A,152079,319.49,9.399836487963737,1026781184,1039699968,272,47,687865856,295984435,48,1.228,0,0.0,22,0.26,1.488,0.39016582099975494,
2026-10-06T12:21:26.179713+00:00,2865.016317394,B,152066,295.43,10.200587698699376,1135579136,1146769408,269,46,770703360,668490956,37,1.074,0,0.0,8,0.097,1.17,0.4571580209994863,
2026-10-06T12:21:26.179838+00:00,2865.0164427269992,C,152065,266.11,8.000487864949267,841572352,842334208,264,41,498073600,330039910,32,1.061,0,0.0,12,0.122,1.183,0.4736152929999662,
2026-10-06T12:21:31.179551+00:00,2870.016153761999,A,152079,319.94,9.000080619123915,1026781184,1039699968,272,47,687865856,304373043,48,1.228,0,0.0,22,0.26,1.488,0.46794797999973525,
2026-10-06T12:21:31.179668+00:00,2870.0162734019996,B,152066,295.9,9.400082705687892,1135587328,1146769408,269,46,770703360,678976716,37,1.074,0,0.0,8,0.097,1.17,0.4600423129995761,
2026-10-06T12:21:31.179736+00:00,2870.0163420549998,C,152065,266.5,7.800157051481025,841572352,842334208,264,41,498073600,332137062,32,1.061,0,0.0,12,0.122,1.183,0.4614964949996647,
2026-10-06T12:21:36.179550+00:00,2875.0161520049987,A,152079,320.39,9.000003162600999,1026781184,1039699968,272,47,687865856,314858803,48,1.228,0,0.0,22,0.26,1.488,0.4767567960007,
2026-10-06T12:21:36.181076+00:00,2875.0176817209995,B,152066,296.37,9.397353105815021,1135587328,1146769408,269,46,770703360,687365324,37,1.074,0,0.0,8,0.097,1.17,0.5234984559992881,
2026-10-06T12:21:36.181318+00:00,2875.017922813,C,152065,266.89,7.797534796897207,841572352,842334208,264,41,498073600,333185638,32,1.061,0,0.0,12,0.122,1.183,0.4544726019994414,
2026-10-06T12:21:41.179664+00:00,2880.016266806999,A,152079,320.82,8.599802545093612,1026781184,1039699968,272,47,687865856,322198835,48,1.228,0,0.0,22,0.26,1.488,0.460086537999814,
2026-10-06T12:21:41.179879+00:00,2880.0164558509987,B,152066,296.86,9.80240329442702,1135587328,1146769408,269,46,770703360,244842496,38,1.078,0,0.0,8,0.097,1.175,0.4209022459999687,
2026-10-06T12:21:41.180226+00:00,2880.016831413999,C,152065,267.26,7.401615623179284,841572352,842334208,264,41,498073600,334234214,32,1.061,0,0.0,12,0.122,1.183,0.4372743099993386,
2026-10-06T12:21:46.179551+00:00,2885.0161534109993,A,152079,321.27,9.000204117428103,1026781184,1039699968,272,47,687865856,334781747,48,1.228,0,0.0,22,0.26,1.488,0.39687211999989813,
2026-10-06T12:21:46.179669+00:00,2885.0162736659986,B,152066,297.31,9.000327944949255,1135591424,1146769408,269,46,770703360,256376832,38,1.078,0,0.0,8,0.097,1.175,0.359752248001314,
2026-10-06T12:21:46.179730+00:00,2885.0163356839985,C,152065,267.64,7.600753584315834,841572352,842334208,264,41,498073600,336331366,32,1.061,0,0.0,12,0.122,1.183,0.41851642900110164,
2026-10-06T12:21:51.179548+00:00,2890.0161501369985,A,152079,321.71,8.800005762245219,1026781184,1039699968,272,47,687865856,343170355,48,1.228,0,0.0,22,0.26,1.488,0.5494809789997817,
2026-10-06T12:21:51.179747+00:00,2890.0163519999987,B,152066,297.77,9.199855867697432,1135591424,1146769408,269,46,770703360,265814016,38,1.078,0,0.0,8,0.097,1.175,0.4052845290007099,
2026-10-06T12:21:51.179789+00:00,2890.016395154,C,152065,268.02,7.599909606672979,841572352,842334208,264,41,498073600,338428518,32,1.061,0,0.0,12,0.122,1.183,0.47970662899933814,
2026-10-06T12:21:56.179654+00:00,2895.016255646,A,152079,322.16,8.999810087805674,1026781184,1039699968,272,47,687865856,354704691,48,1.228,0,0.0,22,0.26,1.488,0.4931934229989565,
2026-10-06T12:21:56.179779+00:00,2895.016385020999,B,152066,298.19,8.399944525085862,1135591424,1146769408,269,46,770703360,275251200,38,1.078,0,0.0,8,0.097,1.175,0.5138929679997091,
2026-10-06T12:21:56.179822+00:00,2895.016426787999,C,152065,268.38,7.199954447329566,841572352,842334208,264,41,498073600,339477094,32,1.061,0,0.0,12,0.122,1.183,0.5031127620004554,
2026-10-06T12:22:01.179542+00:00,2900.0161445669983,A,152079,322.6,8.800195503386258,1026781184,1039699968,272,47,687865856,363093299,48,1.228,0,0.0,22,0.26,1.488,0.45085839300008956,
2026-10-06T12:22:01.179653+00:00,2900.016258292999,B,152066,298.68,9.800248393176632,1135591424,1146769408,269,46,770703360,285736960,38,1.078,0,0.0,8,0.097,1.175,0.4271743570006947,
2026-10-06T12:22:01.179747+00:00,2900.016352244,C,152065,268.78,8.000119272176613,841572352,842334208,264,41,498073600,341574246,32,1.061,0,0.0,12,0.122,1.183,0.34548244699908537,
2026-10-06T12:22:06.179571+00:00,2905.0161732709985,A,152079,323.03,8.599950629402056,1026781184,1039699968,272,47,687865856,373579059,48,1.228,0,0.0,22,0.26,1.488,0.4977611510003044,
2026-10-06T12:22:06.179671+00:00,2905.0162774769997,B,152066,299.13,8.999965468930734,1135591424,1146769408,269,46,770703360,295174144,38,1.078,0,0.0,8,0.097,1.175,0.46782177299974137,
2026-10-06T12:22:06.179707+00:00,2905.0163113129984,C,152065,269.18,8.000065490139074,841572352,842334208,264,41,498073600,342622822,32,1.061,0,0.0,12,0.122,1.183,0.45431921999988845,
2026-10-06T12:22:11.179576+00:00,2910.0161781809984,A,152079,323.45,8.39999175120856,1026781184,1039699968,272,47,687865856,381967667,48,1.228,0,0.0,22,0.26,1.488,0.4725003960011236,
2026-10-06T12:22:11.180759+00:00,2910.017365182999,B,152066,299.56,8.598129552580454,1135591424,1146769408,269,46,770703360,305659904,38,1.078,0,0.0,8,0.097,1.175,0.46161333400050353,
2026-10-06T12:22:11.181010+00:00,2910.0176149769995,C,152065,269.53,6.998175346144789,841572352,842334208,264,41,498073600,344719974,32,1.061,0,0.0,12,0.122,1.183,0.4524466660004691,
2026-10-06T12:22:16.179540+00:00,2915.01614222,A,152079,323.87,8.40006041491232,1026781184,1039699968,272,47,687865856,393502003,48,1.228,0,0.0,22,0.26,1.488,0.4470323549994646,
2026-10-06T12:22:16.179675+00:00,2915.0162771629984,B,152066,300.01,9.00195886225726,1135591424,1146769408,269,46,770703360,317194240,38,1.078,0,0.0,8,0.097,1.175,0.4065507710001839,
2026-10-06T12:22:16.179897+00:00,2915.016502930999,C,152065,269.9,7.401646194209337,841572352,842334208,264,41,498073600,345768550,32,1.061,0,0.0,12,0.122,1.183,0.43811997800003155,
2026-10-06T12:22:21.179571+00:00,2920.016172673999,A,152079,324.26,7.799952492050667,1026781184,1039699968,272,47,687865856,401890611,48,1.228,0,0.0,22,0.26,1.488,0.31444781000027433,
2026-10-06T12:22:21.179685+00:00,2920.0162904709996,B,152066,300.44,8.599977110299092,1135591424,1146769408,269,46,770703360,327680000,38,1.078,0,0.0,8,0.097,1.175,0.3725762269987172,
2026-10-06T12:22:21.179718+00:00,2920.016322674999,C,152065,270.25,7.000252367498636,841572352,842334208,264,41,498073600,347865702,32,1.061,0,0.0,12,0.122,1.183,0.44057351099945663,
2026-10-06T12:22:26.179559+00:00,2925.0161606269994,A,152079,324.66,8.000019275246279,1026781184,1039699968,272,47,687865856,413424947,48,1.228,0,0.0,22,0.26,1.488,0.3624575640005787,
2026-10-06T12:22:26.179737+00:00,2925.0163394149986,B,152066,300.87,8.599915817145922,1135591424,1146769408,269,46,770703360,338165760,38,1.078,0,0.0,8,0.097,1.175,0.346205830001054,
2026-10-06T12:22:26.180350+00:00,2925.0169547239984,C,152065,270.61,7.199089964478761,841572352,842334208,264,41,498073600,348914278,32,1.061,0,0.0,12,0.122,1.183,0.47240476100159867,
2026-10-06T12:22:31.179544+00:00,2930.016147245,A,152079,325.02,7.20001927012992,1026781184,1039699968,272,47,687865856,420764979,48,1.228,0,0.0,22,0.26,1.488,0.38797186400006467,
2026-10-06T12:22:31.179680+00:00,2930.0162820669993,B,152066,301.24,7.400084876012468,1135591424,1146769408,269,46,770703360,347602944,38,1.078,0,0.0,8,0.097,1.175,0.38975063399993815,
2026-10-06T12:22:31.179836+00:00,2930.016441422,C,152065,270.9,5.800595491451016,841572352,842334208,264,41,498073600,351011430,32,1.061,0,0.0,12,0.122,1.183,0.4190364269998099,
2026-10-06T12:22:36.179516+00:00,2935.016118673999,A,152079,325.47,9.00005142809688,1026781184,1039699968,272,47,687865856,431250739,48,1.228,0,0.0,22,0.26,1.488,0.42369651199987857,
2026-10-06T12:22:36.179634+00:00,2935.0162388999997,B,152066,301.69,9.000077701269884,1135591424,1146769408,269,46,770703360,359137280,38,1.078,0,0.0,8,0.097,1.175,0.3954357570000866,
2026-10-06T12:22:36.179689+00:00,2935.0162944979984,C,152065,271.28,7.60022333104466,841572352,842334208,264,41,498073600,352060006,32,1.061,0,0.0,12,0.122,1.183,0.36140233800142596,
2026-10-06T12:22:41.179533+00:00,2940.016135980999,A,152079,325.82,6.999975770282858,1026781184,1039699968,272,47,687865856,439639347,48,1.228,0,0.0,22,0.26,1.488,0.45733665199986717,
2026-10-06T12:22:41.179884+00:00,2940.0164896769984,B,152066,302.04,6.999648929810403,1135591424,1146769408,269,46,770703360,369623040,38,1.078,0,0.0,8,0.097,1.175,0.39451450100023067,
2026-10-06T12:22:41.180077+00:00,2940.0166826919994,C,152065,271.59,6.1995186768080845,841572352,842334208,264,41,498073600,354157158,32,1.061,0,0.0,12,0.122,1.183,0.46497951299897977,
2026-10-06T12:22:46.179549+00:00,2945.0161517449997,A,152079,326.24,8.399973516562746,1026781184,1039699968,272,47,687865856,452222259,48,1.228,0,0.0,22,0.26,1.488,0.38159788899974956,
2026-10-06T12:22:46.179677+00:00,2945.0162818399986,B,152066,302.48,8.800365808325363,1135591424,1146769408,269,46,770703360,379060224,38,1.078,0,0.0,8,0.097,1.175,0.3401303160007956,
2026-10-06T12:22:46.179736+00:00,2945.016340753,C,152065,271.97,7.600519782827172,841572352,842334208,264,41,498073600,356254310,32,1.061,0,0.0,12,0.122,1.183,0.4060470929998701,
2026-10-06T12:22:51.179564+00:00,2950.016166604999,A,152079,326.65,8.199975629672968,1026781184,1039699968,272,47,687865856,459562291,48,1.228,0,0.0,22,0.26,1.488,0.38556407100077195,
2026-10-06T12:22:51.179701+00:00,2950.0163027299986,B,152066,302.92,8.799963233753411,1135591424,1146769408,269,46,770703360,389545984,38,1.078,0,0.0,8,0.097,1.175,0.4493257169997378,
2026-10-06T12:22:51.179916+00:00,2950.0165207969985,C,152065,272.33,7.199740745976542,841572352,842334208,264,41,498073600,357302886,32,1.061,0,0.0,12,0.122,1.183,0.4549141799998324,
2026-10-06T12:22:56.179486+00:00,2955.01608838,A,152079,327.08,8.600134549103464,1026781184,1039699968,272,47,687865856,471096627,48,1.228,0,0.0,22,0.26,1.488,0.44202476699865656,
2026-10-06T12:22:56.179603+00:00,2955.0162080499995,B,152066,303.35,8.600162852682478,1135591424,1146769408,269,46,770703360,400031744,38,1.078,0,0.0,8,0.097,1.175,0.37792986999920686,
2026-10-06T12:22:56.179750+00:00,2955.01635437,C,152065,272.71,7.600252977458048,841572352,842334208,264,41,498073600,359400038,32,1.061,0,0.0,12,0.122,1.183,0.47320147399841517,
2026-10-06T12:23:01.179548+00:00,2960.016150760999,A,152079,327.49,8.199897696438132,1026781184,1039699968,272,47,687865856,479485235,48,1.228,0,0.0,22,0.26,1.488,0.40613119900081074,
2026-10-06T12:23:01.179674+00:00,2960.016279038,B,152066,303.78,8.599877902371606,1135591424,1146769408,269,46,770703360,408420352,38,1.078,0,0.0,8,0.097,1.175,0.4097507019996556,
2026-10-06T12:23:01.179753+00:00,2960.016358306999,C,152065,273.06,6.999994488206422,841572352,842334208,264,41,498073600,360448614,32,1.061,0,0.0,12,0.122,1.183,0.46294438900076784,
2026-10-06T12:23:06.179544+00:00,2965.0161456219994,A,152079,327.85,7.200007400167545,1026781184,1039699968,272,47,687865856,491019571,48,1.228,0,0.0,22,0.26,1.488,0.38908601999901293,
2026-10-06T12:23:06.179710+00:00,2965.016315441999,B,152066,304.24,9.199933017130588,1135607808,1146769408,269,46,770703360,418906112,38,1.078,0,0.0,8,0.097,1.175,0.45528213000034157,
2026-10-06T12:23:06.179777+00:00,2965.0163826179996,C,152065,273.41,6.999965964764901,841572352,842334208,264,41,498073600,362545766,32,1.061,0,0.0,12,0.122,1.183,0.4157109039988427,
2026-10-06T12:23:11.179653+00:00,2970.0162552029997,A,152079,328.2,6.99984658996108,1026781184,1039699968,272,47,687865856,499408179,48,1.228,0,0.0,22,0.26,1.488,0.45298885099873587,
2026-10-06T12:23:11.179751+00:00,2970.0163572969996,B,152066,304.66,8.399929684187681,1135607808,1146769408,269,46,770703360,428343296,38,1.078,0,0.0,8,0.097,1.175,0.3644728050003323,
2026-10-06T12:23:11.179781+00:00,2970.016385794999,C,152065,273.77,7.199995425122621,841572352,842334208,264,41,498073600,363594342,32,1.061,0,0.0,12,0.122,1.183,0.3279814420002367,
