round,utc,offset_seconds,observed_phase_id,observed_mode,window_reset_observed,sample_interval_seconds,sample_duration_seconds,error,status_tickets,status_registered_loaded_endpoints,status_active_endpoints,status_worker_queue,status_actual_tickets,status_transactions,status_errors,status_queue_rejected,status_quarantined,status_tick_ms_p50,status_tick_ms_p95,status_tick_ms_p99,status_tick_ms_samples,status_delivery_ms_p50,status_delivery_ms_p95,status_delivery_ms_p99,status_delivery_ms_samples,status_sql_ms_p50,status_sql_ms_p95,status_sql_ms_p99,status_sql_ms_samples,status_db_transaction_ms_p50,status_db_transaction_ms_p95,status_db_transaction_ms_p99,status_db_transaction_ms_samples,status_db_transactions,status_db_deadlock_retries,status_db_active_connections,status_reply,status_observer_start,status_observer_end,bulk_count,bulk_spawned,bulk_registered,bulk_bound,bulk_accepted,bulk_extracted,bulk_fixture_ms_total,bulk_fixture_ticks,bulk_reply,bulk_observer_start,bulk_observer_end,proc_cpu_total_seconds,proc_starttime_ticks,proc_threads,proc_rss_bytes,proc_rss_high_water_bytes,proc_virtual_bytes,proc_rss_anonymous_bytes,proc_rss_file_bytes,proc_fd_count,heap_committed_bytes,heap_used_bytes,proc_cpu_process_percent
0,2026-10-06T10:00:21.189518+00:00,0.007644766999874264,1,ACTIVE_observed,False,,0.3747505680003087,,0,500,500,90,0,37593,0,0,0,0.187051,0.481803,0.947642,1463,460.534615,676.034822,966.756776,88,13.035954,21.03962,35.816883,2048,3.04948,9.001798,14.856863,2048,113865,141,3,"STATUS online tickets=0 {registered_loaded_endpoints=500, active_endpoints=500, worker_queue=90, actual_tickets=0, transactions=37593, errors=0, queue_rejected=0, quarantined=0, tick_ms_p50=0.187051, tick_ms_p95=0.481803, tick_ms_p99=0.947642, tick_ms_samples=1463, delivery_ms_p50=460.534615, delivery_ms_p95=676.034822, delivery_ms_p99=966.756776, delivery_ms_samples=88, sql_ms_p50=13.035954, sql_ms_p95=21.03962, sql_ms_p99=35.816883, sql_ms_samples=2048, db_transaction_ms_p50=3.04948, db_transaction_ms_p95=9.001798, db_transaction_ms_p99=14.856863, db_transaction_ms_samples=2048, db_transactions=113865, db_deadlock_retries=141, db_active_connections=3}
",5216.642943761,5216.651184671,500,500,500,500,32504000,31417000,458.545312,9256,"BULK count=500 spawned=500 registered=500 bound=500 accepted=32504000 extracted=31417000 fixture_ms_total=458.545312 fixture_ticks=9256
",5216.651254015,5216.653245702,188.61,473964,52,1005051904,1009258496,6576250880,977559552,27394048,273,568328192,296469708,
1,2026-10-06T10:00:23.189557+00:00,2.0076770269997724,1,ACTIVE_observed,False,2.000032259999898,0.010979968000356166,,0,500,500,87,0,37995,0,0,0,0.18678,0.481803,0.947642,1503,458.000882,676.034822,966.756776,92,13.338505,22.220612,36.754373,2048,3.22053,9.579908,15.302302,2048,115093,146,3,"STATUS online tickets=0 {registered_loaded_endpoints=500, active_endpoints=500, worker_queue=87, actual_tickets=0, transactions=37995, errors=0, queue_rejected=0, quarantined=0, tick_ms_p50=0.18678, tick_ms_p95=0.481803, tick_ms_p99=0.947642, tick_ms_samples=1503, delivery_ms_p50=458.000882, delivery_ms_p95=676.034822, delivery_ms_p99=966.756776, delivery_ms_samples=92, sql_ms_p50=13.338505, sql_ms_p95=22.220612, sql_ms_p99=36.754373, sql_ms_samples=2048, db_transaction_ms_p50=3.22053, db_transaction_ms_p95=9.579908, db_transaction_ms_p99=15.302302, db_transaction_ms_samples=2048, db_transactions=115093, db_deadlock_retries=146, db_active_connections=3}
",5218.643137744,5218.650085815,500,500,500,500,32824000,31717000,460.610299,9296,"BULK count=500 spawned=500 registered=500 bound=500 accepted=32824000 extracted=31717000 fixture_ms_total=460.610299 fixture_ticks=9296
",5218.650152825,5218.65311632,189.68,473964,51,1005236224,1009258496,6576250880,977743872,27394048,273,,,53.49913705892162
2,2026-10-06T10:00:25.189633+00:00,4.007753318999676,1,ACTIVE_observed,False,2.0000762919999033,0.01156458500008739,,0,500,500,88,0,38401,0,0,0,0.187371,0.481102,0.947642,1543,458.560307,676.034822,966.756776,95,13.765709,22.243375,34.127133,2048,3.28323,9.367139,13.226798,2048,116333,147,3,"STATUS online tickets=0 {registered_loaded_endpoints=500, active_endpoints=500, worker_queue=88, actual_tickets=0, transactions=38401, errors=0, queue_rejected=0, quarantined=0, tick_ms_p50=0.187371, tick_ms_p95=0.481102, tick_ms_p99=0.947642, tick_ms_samples=1543, delivery_ms_p50=458.560307, delivery_ms_p95=676.034822, delivery_ms_p99=966.756776, delivery_ms_samples=95, sql_ms_p50=13.765709, sql_ms_p95=22.243375, sql_ms_p99=34.127133, sql_ms_samples=2048, db_transaction_ms_p50=3.28323, db_transaction_ms_p95=9.367139, db_transaction_ms_p99=13.226798, db_transaction_ms_samples=2048, db_transactions=116333, db_deadlock_retries=147, db_active_connections=3}
",5220.643268877,5220.64885784,500,500,500,500,33144000,32001000,463.061495,9336,"BULK count=500 spawned=500 registered=500 bound=500 accepted=33144000 extracted=32001000 fixture_ms_total=463.061495 fixture_ticks=9336
",5220.648931621,5220.653515216,190.8,473964,51,1005375488,1009258496,6576250880,977883136,27394048,273,,,55.9978639054864
3,2026-10-06T10:00:27.189598+00:00,6.007717051999862,1,ACTIVE_observed,False,1.999963733000186,0.010930034000011801,,0,500,500,86,0,38819,0,0,0,0.187382,0.47987,1.011478,1583,458.000882,676.034822,966.756776,98,13.774109,22.278885,33.444769,2048,3.312838,8.995702,12.691406,2048,117608,150,3,"STATUS online tickets=0 {registered_loaded_endpoints=500, active_endpoints=500, worker_queue=86, actual_tickets=0, transactions=38819, errors=0, queue_rejected=0, quarantined=0, tick_ms_p50=0.187382, tick_ms_p95=0.47987, tick_ms_p99=1.011478, tick_ms_samples=1583, delivery_ms_p50=458.000882, delivery_ms_p95=676.034822, delivery_ms_p99=966.756776, delivery_ms_samples=98, sql_ms_p50=13.774109, sql_ms_p95=22.278885, sql_ms_p99=33.444769, sql_ms_samples=2048, db_transaction_ms_p50=3.312838, db_transaction_ms_p95=8.995702, db_transaction_ms_p99=12.691406, db_transaction_ms_samples=2048, db_transactions=117608, db_deadlock_retries=150, db_active_connections=3}
",5222.643223077,5222.649718188,500,500,500,500,33464000,32410000,465.560749,9376,"BULK count=500 spawned=500 registered=500 bound=500 accepted=33464000 extracted=32410000 fixture_ms_total=465.560749 fixture_ticks=9376
",5222.64981917,5222.652742584,191.94,473964,51,1005494272,1009258496,6576250880,978001920,27394048,273,,,57.001033628237316
4,2026-10-06T10:00:29.189607+00:00,8.007727803999842,1,ACTIVE_observed,False,2.00001075199998,0.008610281000073883,,0,500,500,90,0,39222,0,0,0,0.1867,0.477827,0.947642,1623,458.560307,606.783613,702.810207,101,13.83471,22.462385,34.86989,2048,3.218107,9.269904,13.567449,2048,118842,157,3,"STATUS online tickets=0 {registered_loaded_endpoints=500, active_endpoints=500, worker_queue=90, actual_tickets=0, transactions=39222, errors=0, queue_rejected=0, quarantined=0, tick_ms_p50=0.1867, tick_ms_p95=0.477827, tick_ms_p99=0.947642, tick_ms_samples=1623, delivery_ms_p50=458.560307, delivery_ms_p95=606.783613, delivery_ms_p99=702.810207, delivery_ms_samples=101, sql_ms_p50=13.83471, sql_ms_p95=22.462385, sql_ms_p99=34.86989, sql_ms_samples=2048, db_transaction_ms_p50=3.218107, db_transaction_ms_p95=9.269904, db_transaction_ms_p99=13.567449, db_transaction_ms_samples=2048, db_transactions=118842, db_deadlock_retries=157, db_active_connections=3}
",5224.64318156,5224.647492655,500,500,500,500,33784000,32790000,468.081341,9416,"BULK count=500 spawned=500 registered=500 bound=500 accepted=33784000 extracted=32790000 fixture_ms_total=468.081341 fixture_ticks=9416
",5224.647766847,5224.649961522,193.04,473964,51,1005617152,1009258496,6576250880,978124800,27394048,273,,,54.999704321589824
5,2026-10-06T10:00:31.189614+00:00,10.007734363000054,1,ACTIVE_observed,False,2.0000065590002123,0.3177818969998043,,0,500,500,89,0,39611,0,0,0,0.1867,0.47987,0.947642,1663,458.560307,606.783613,702.810207,104,14.056993,22.321536,32.754587,2048,3.190472,9.31869,13.117369,2048,120035,163,2,"STATUS online tickets=0 {registered_loaded_endpoints=500, active_endpoints=500, worker_queue=89, actual_tickets=0, transactions=39611, errors=0, queue_rejected=0, quarantined=0, tick_ms_p50=0.1867, tick_ms_p95=0.47987, tick_ms_p99=0.947642, tick_ms_samples=1663, delivery_ms_p50=458.560307, delivery_ms_p95=606.783613, delivery_ms_p99=702.810207, delivery_ms_samples=104, sql_ms_p50=14.056993, sql_ms_p95=22.321536, sql_ms_p99=32.754587, sql_ms_samples=2048, db_transaction_ms_p50=3.190472, db_transaction_ms_p95=9.31869, db_transaction_ms_p99=13.117369, db_transaction_ms_samples=2048, db_transactions=120035, db_deadlock_retries=163, db_active_connections=2}
",5226.643220799,5226.645726492,500,500,500,500,34104000,33249000,470.32426,9456,"BULK count=500 spawned=500 registered=500 bound=500 accepted=34104000 extracted=33249000 fixture_ms_total=470.32426 fixture_ticks=9456
",5226.645809276,5226.647729239,194.17,473964,51,1005723648,1009258496,6576250880,978231296,27394048,274,568328192,505156812,56.49981470885144
6,2026-10-06T10:00:33.189603+00:00,12.007722474999355,1,ACTIVE_observed,False,1.9999881119993006,0.0101044280008864,,0,500,500,87,0,40017,0,0,0,0.18664,0.481102,0.947642,1703,459.612202,606.783613,702.810207,105,14.008908,22.510062,32.179086,2048,3.365074,9.712676,14.188988,2048,121264,167,2,"STATUS online tickets=0 {registered_loaded_endpoints=500, active_endpoints=500, worker_queue=87, actual_tickets=0, transactions=40017, errors=0, queue_rejected=0, quarantined=0, tick_ms_p50=0.18664, tick_ms_p95=0.481102, tick_ms_p99=0.947642, tick_ms_samples=1703, delivery_ms_p50=459.612202, delivery_ms_p95=606.783613, delivery_ms_p99=702.810207, delivery_ms_samples=105, sql_ms_p50=14.008908, sql_ms_p95=22.510062, sql_ms_p99=32.179086, sql_ms_samples=2048, db_transaction_ms_p50=3.365074, db_transaction_ms_p95=9.712676, db_transaction_ms_p99=14.188988, db_transaction_ms_samples=2048, db_transactions=121264, db_deadlock_retries=167, db_active_connections=2}
",5228.643371133,5228.647756652,500,500,500,500,34424000,33479000,472.721625,9496,"BULK count=500 spawned=500 registered=500 bound=500 accepted=34424000 extracted=33479000 fixture_ms_total=472.721625 fixture_ticks=9496
",5228.647823162,5228.651608821,195.25,473964,51,1005842432,1009258496,6576250880,978350080,27394048,273,,,54.00032097792741
7,2026-10-06T10:00:35.189605+00:00,14.007725479999863,1,ACTIVE_observed,False,2.000003005000508,0.00849347100029263,,0,500,500,88,0,40423,0,0,0,0.18664,0.481803,0.947642,1743,458.000882,606.783613,702.810207,108,13.935738,22.45359,33.796199,2048,3.201272,8.970087,12.827233,2048,122508,172,2,"STATUS online tickets=0 {registered_loaded_endpoints=500, active_endpoints=500, worker_queue=88, actual_tickets=0, transactions=40423, errors=0, queue_rejected=0, quarantined=0, tick_ms_p50=0.18664, tick_ms_p95=0.481803, tick_ms_p99=0.947642, tick_ms_samples=1743, delivery_ms_p50=458.000882, delivery_ms_p95=606.783613, delivery_ms_p99=702.810207, delivery_ms_samples=108, sql_ms_p50=13.935738, sql_ms_p95=22.45359, sql_ms_p99=33.796199, sql_ms_samples=2048, db_transaction_ms_p50=3.201272, db_transaction_ms_p95=8.970087, db_transaction_ms_p99=12.827233, db_transaction_ms_samples=2048, db_transactions=122508, db_deadlock_retries=172, db_active_connections=2}
",5230.643185485,5230.647458225,500,500,500,500,34744000,33769000,475.738493,9536,"BULK count=500 spawned=500 registered=500 bound=500 accepted=34744000 extracted=33769000 fixture_ms_total=475.738493 fixture_ticks=9536
",5230.647783964,5230.650073909,196.43,473964,52,1006030848,1009258496,6576250880,978538496,27394048,273,,,58.999911352618554
8,2026-10-06T10:00:37.189610+00:00,16.00772875599978,1,ACTIVE_observed,False,2.000003275999916,0.0072287789998881635,,0,500,500,86,0,40815,0,0,0,0.18613,0.47987,0.947642,1783,458.560307,606.783613,702.810207,110,14.032587,23.24918,35.618646,2048,3.252038,9.340702,15.351929,2048,123709,176,3,"STATUS online tickets=0 {registered_loaded_endpoints=500, active_endpoints=500, worker_queue=86, actual_tickets=0, transactions=40815, errors=0, queue_rejected=0, quarantined=0, tick_ms_p50=0.18613, tick_ms_p95=0.47987, tick_ms_p99=0.947642, tick_ms_samples=1783, delivery_ms_p50=458.560307, delivery_ms_p95=606.783613, delivery_ms_p99=702.810207, delivery_ms_samples=110, sql_ms_p50=14.032587, sql_ms_p95=23.24918, sql_ms_p99=35.618646, sql_ms_samples=2048, db_transaction_ms_p50=3.252038, db_transaction_ms_p95=9.340702, db_transaction_ms_p99=15.351929, db_transaction_ms_samples=2048, db_transactions=123709, db_deadlock_retries=176, db_active_connections=3}
",5232.643225947,5232.647338361,500,500,500,500,35064000,34027000,477.929086,9576,"BULK count=500 spawned=500 registered=500 bound=500 accepted=35064000 extracted=34027000 fixture_ms_total=477.929086 fixture_ticks=9576
",5232.647577389,5232.649126133,197.54,473964,52,1006538752,1009258496,6576250880,979046400,27394048,273,,,55.49990909115051
9,2026-10-06T10:00:39.189704+00:00,18.007824126999367,1,ACTIVE_observed,False,2.0000953709995883,0.009912200000144367,,0,500,500,86,0,41099,0,0,0,0.185929,0.47987,0.904947,1823,458.560307,606.783613,702.810207,111,14.017568,23.49849,35.672502,2048,3.291367,9.614834,17.264639,2048,124574,182,3,"STATUS online tickets=0 {registered_loaded_endpoints=500, active_endpoints=500, worker_queue=86, actual_tickets=0, transactions=41099, errors=0, queue_rejected=0, quarantined=0, tick_ms_p50=0.185929, tick_ms_p95=0.47987, tick_ms_p99=0.904947, tick_ms_samples=1823, delivery_ms_p50=458.560307, delivery_ms_p95=606.783613, delivery_ms_p99=702.810207, delivery_ms_samples=111, sql_ms_p50=14.017568, sql_ms_p95=23.49849, sql_ms_p99=35.672502, sql_ms_samples=2048, db_transaction_ms_p50=3.291367, db_transaction_ms_p95=9.614834, db_transaction_ms_p99=17.264639, db_transaction_ms_samples=2048, db_transactions=124574, db_deadlock_retries=182, db_active_connections=3}
",5234.643318654,5234.647868059,500,500,500,500,35384000,34337000,480.519546,9616,"BULK count=500 spawned=500 registered=500 bound=500 accepted=35384000 extracted=34337000 fixture_ms_total=480.519546 fixture_ticks=9616
",5234.647936712,5234.64984194,198.63,473964,52,1006739456,1009258496,6576250880,979247104,27394048,273,,,54.49740126418341
10,2026-10-06T10:00:41.189662+00:00,20.00776867700006,1,ACTIVE_observed,False,1.9999445500006914,0.4183422050000445,,0,500,500,85,0,41498,0,0,0,0.185729,0.47987,0.904947,1863,459.612202,606.783613,702.810207,113,13.930761,23.671265,38.356411,2048,3.28629,9.546561,16.378775,2048,125792,189,3,"STATUS online tickets=0 {registered_loaded_endpoints=500, active_endpoints=500, worker_queue=85, actual_tickets=0, transactions=41498, errors=0, queue_rejected=0, quarantined=0, tick_ms_p50=0.185729, tick_ms_p95=0.47987, tick_ms_p99=0.904947, tick_ms_samples=1863, delivery_ms_p50=459.612202, delivery_ms_p95=606.783613, delivery_ms_p99=702.810207, delivery_ms_samples=113, sql_ms_p50=13.930761, sql_ms_p95=23.671265, sql_ms_p99=38.356411, sql_ms_samples=2048, db_transaction_ms_p50=3.28629, db_transaction_ms_p95=9.546561, db_transaction_ms_p99=16.378775, db_transaction_ms_samples=2048, db_transactions=125792, db_deadlock_retries=189, db_active_connections=3}
",5236.643350274,5236.647057325,500,500,500,500,35704000,34529000,482.891996,9656,"BULK count=500 spawned=500 registered=500 bound=500 accepted=35704000 extracted=34529000 fixture_ms_total=482.891996 fixture_ticks=9656
",5236.64710701,5236.650917035,199.74,473964,52,1007054848,1009258496,6576250880,979562496,27394048,273,568328192,369825484,55.50153878014418
11,2026-10-06T10:00:43.189732+00:00,22.007747433000077,1,ACTIVE_observed,False,1.9999787560000186,0.00965402199926757,,0,500,500,86,0,41860,0,0,0,0.185839,0.47987,0.902734,1903,460.534615,606.783613,702.810207,115,14.122746,23.671265,36.770817,2048,3.49992,10.079821,15.95136,2048,126896,190,3,"STATUS online tickets=0 {registered_loaded_endpoints=500, active_endpoints=500, worker_queue=86, actual_tickets=0, transactions=41860, errors=0, queue_rejected=0, quarantined=0, tick_ms_p50=0.185839, tick_ms_p95=0.47987, tick_ms_p99=0.902734, tick_ms_samples=1903, delivery_ms_p50=460.534615, delivery_ms_p95=606.783613, delivery_ms_p99=702.810207, delivery_ms_samples=115, sql_ms_p50=14.122746, sql_ms_p95=23.671265, sql_ms_p99=36.770817, sql_ms_samples=2048, db_transaction_ms_p50=3.49992, db_transaction_ms_p95=10.079821, db_transaction_ms_p99=15.95136, db_transaction_ms_samples=2048, db_transactions=126896, db_deadlock_retries=190, db_active_connections=3}
",5238.643759437,5238.646998365,500,500,500,500,36024000,34752000,486.081794,9696,"BULK count=500 spawned=500 registered=500 bound=500 accepted=36024000 extracted=34752000 fixture_ms_total=486.081794 fixture_ticks=9696
",5238.647067399,5238.649516583,200.83,473964,52,1007288320,1009258496,6576250880,979795968,27394048,273,,,54.500578905148785
12,2026-10-06T10:00:45.189589+00:00,24.00770993399965,1,ACTIVE_observed,False,1.9999625009995725,0.007507813999836799,,0,500,500,87,0,42230,0,0,0,0.185729,0.478368,0.902734,1943,460.534615,606.783613,702.810207,117,14.314364,24.580575,38.356411,2048,3.487912,10.388614,15.49172,2048,128020,192,2,"STATUS online tickets=0 {registered_loaded_endpoints=500, active_endpoints=500, worker_queue=87, actual_tickets=0, transactions=42230, errors=0, queue_rejected=0, quarantined=0, tick_ms_p50=0.185729, tick_ms_p95=0.478368, tick_ms_p99=0.902734, tick_ms_samples=1943, delivery_ms_p50=460.534615, delivery_ms_p95=606.783613, delivery_ms_p99=702.810207, delivery_ms_samples=117, sql_ms_p50=14.314364, sql_ms_p95=24.580575, sql_ms_p99=38.356411, sql_ms_samples=2048, db_transaction_ms_p50=3.487912, db_transaction_ms_p95=10.388614, db_transaction_ms_p99=15.49172, db_transaction_ms_samples=2048, db_transactions=128020, db_deadlock_retries=192, db_active_connections=2}
",5240.643322268,5240.648387487,500,500,500,500,36344000,35029000,489.078721,9736,"BULK count=500 spawned=500 registered=500 bound=500 accepted=36344000 extracted=35029000 fixture_ms_total=489.078721 fixture_ticks=9736
",5240.64845599,5240.649752024,202.11,473964,53,1007665152,1009258496,6576250880,980172800,27394048,273,,,64.00119999051296
13,2026-10-06T10:00:47.190677+00:00,26.00879716199961,1,ACTIVE_observed,False,2.0010872279999603,0.008230457000536262,,0,500,500,91,0,42636,0,0,0,0.185638,0.476965,0.902734,1983,460.534615,606.783613,702.810207,118,14.495285,24.480694,37.43665,2048,3.263676,9.228125,14.164705,2048,129261,195,1,"STATUS online tickets=0 {registered_loaded_endpoints=500, active_endpoints=500, worker_queue=91, actual_tickets=0, transactions=42636, errors=0, queue_rejected=0, quarantined=0, tick_ms_p50=0.185638, tick_ms_p95=0.476965, tick_ms_p99=0.902734, tick_ms_samples=1983, delivery_ms_p50=460.534615, delivery_ms_p95=606.783613, delivery_ms_p99=702.810207, delivery_ms_samples=118, sql_ms_p50=14.495285, sql_ms_p95=24.480694, sql_ms_p99=37.43665, sql_ms_samples=2048, db_transaction_ms_p50=3.263676, db_transaction_ms_p95=9.228125, db_transaction_ms_p99=14.164705, db_transaction_ms_samples=2048, db_transactions=129261, db_deadlock_retries=195, db_active_connections=1}
",5242.644264688,5242.647921284,500,500,500,500,36664000,35317000,491.120618,9776,"BULK count=500 spawned=500 registered=500 bound=500 accepted=36664000 extracted=35317000 fixture_ms_total=491.120618 fixture_ticks=9776
",5242.647987824,5242.651282787,203.19,473964,52,1007923200,1009258496,6576250880,980430848,27394048,273,,,53.97066079320384
14,2026-10-06T10:00:49.189624+00:00,28.007743921999463,1,ACTIVE_observed,False,1.9989467599998534,0.007588815000417526,,0,500,500,88,0,42986,0,0,0,0.185558,0.476965,0.884288,2023,461.300792,592.528238,702.810207,120,14.708735,25.487726,39.292775,2048,3.505519,10.233713,17.380355,2048,130323,202,3,"STATUS online tickets=0 {registered_loaded_endpoints=500, active_endpoints=500, worker_queue=88, actual_tickets=0, transactions=42986, errors=0, queue_rejected=0, quarantined=0, tick_ms_p50=0.185558, tick_ms_p95=0.476965, tick_ms_p99=0.884288, tick_ms_samples=2023, delivery_ms_p50=461.300792, delivery_ms_p95=592.528238, delivery_ms_p99=702.810207, delivery_ms_samples=120, sql_ms_p50=14.708735, sql_ms_p95=25.487726, sql_ms_p99=39.292775, sql_ms_samples=2048, db_transaction_ms_p50=3.505519, db_transaction_ms_p95=10.233713, db_transaction_ms_p99=17.380355, db_transaction_ms_samples=2048, db_transactions=130323, db_deadlock_retries=202, db_active_connections=3}
",5244.643828043,5244.647159141,500,500,500,500,36984000,35653000,493.826248,9816,"BULK count=500 spawned=500 registered=500 bound=500 accepted=36984000 extracted=35653000 fixture_ms_total=493.826248 fixture_ticks=9816
",5244.647209997,5244.649531751,204.19,473964,52,1008156672,1009258496,6576250880,980664320,27394048,274,,,50.02634487374108
15,2026-10-06T10:00:51.189613+00:00,30.007732215999567,1,ACTIVE_observed,False,1.9999882940001044,0.006741293000231963,,0,500,500,90,0,43325,0,0,0,0.185178,0.478368,0.902734,2048,461.367803,606.783613,771.516151,124,14.885222,26.925622,41.760236,2048,3.689044,11.313564,19.609379,2048,131364,210,3,"STATUS online tickets=0 {registered_loaded_endpoints=500, active_endpoints=500, worker_queue=90, actual_tickets=0, transactions=43325, errors=0, queue_rejected=0, quarantined=0, tick_ms_p50=0.185178, tick_ms_p95=0.478368, tick_ms_p99=0.902734, tick_ms_samples=2048, delivery_ms_p50=461.367803, delivery_ms_p95=606.783613, delivery_ms_p99=771.516151, delivery_ms_samples=124, sql_ms_p50=14.885222, sql_ms_p95=26.925622, sql_ms_p99=41.760236, sql_ms_samples=2048, db_transaction_ms_p50=3.689044, db_transaction_ms_p95=11.313564, db_transaction_ms_p99=19.609379, db_transaction_ms_samples=2048, db_transactions=131364, db_deadlock_retries=210, db_active_connections=3}
",5246.643231931,5246.646857049,500,500,500,500,37304000,36165000,496.134698,9856,"BULK count=500 spawned=500 registered=500 bound=500 accepted=37304000 extracted=36165000 fixture_ms_total=496.134698 fixture_ticks=9856
",5246.646925392,5246.648414155,205.24,473964,52,1008406528,1009258496,6576250880,980914176,27394048,274,,,52.50030728429637
16,2026-10-06T10:00:53.189605+00:00,32.00772520600003,1,ACTIVE_observed,False,1.9999929900004645,0.43470881399935024,,0,500,500,89,0,43718,0,0,0,0.184777,0.46723,0.902734,2048,462.287205,606.783613,771.516151,129,14.877485,26.46915,40.072999,2048,3.394232,10.01159,15.880074,2048,132569,216,3,"STATUS online tickets=0 {registered_loaded_endpoints=500, active_endpoints=500, worker_queue=89, actual_tickets=0, transactions=43718, errors=0, queue_rejected=0, quarantined=0, tick_ms_p50=0.184777, tick_ms_p95=0.46723, tick_ms_p99=0.902734, tick_ms_samples=2048, delivery_ms_p50=462.287205, delivery_ms_p95=606.783613, delivery_ms_p99=771.516151, delivery_ms_samples=129, sql_ms_p50=14.877485, sql_ms_p95=26.46915, sql_ms_p99=40.072999, sql_ms_samples=2048, db_transaction_ms_p50=3.394232, db_transaction_ms_p95=10.01159, db_transaction_ms_p99=15.880074, db_transaction_ms_samples=2048, db_transactions=132569, db_deadlock_retries=216, db_active_connections=3}
",5248.643360184,5248.648340707,500,500,500,500,37624000,36630000,498.813629,9896,"BULK count=500 spawned=500 registered=500 bound=500 accepted=37624000 extracted=36630000 fixture_ms_total=498.813629 fixture_ticks=9896
",5248.648425434,5248.650304654,206.3,473964,52,1008664576,1009258496,6576250880,981172224,27394048,273,568328192,319048908,53.00018576563892
17,2026-10-06T10:00:55.189608+00:00,34.00772714100003,1,ACTIVE_observed,False,2.0000019350000002,0.007967193999320443,,0,500,500,89,0,44034,0,0,0,0.184056,0.47351,0.904947,2048,462.287205,625.957552,771.516151,130,15.054485,28.091554,41.113135,2048,3.629596,11.361038,18.391106,2048,133532,220,3,"STATUS online tickets=0 {registered_loaded_endpoints=500, active_endpoints=500, worker_queue=89, actual_tickets=0, transactions=44034, errors=0, queue_rejected=0, quarantined=0, tick_ms_p50=0.184056, tick_ms_p95=0.47351, tick_ms_p99=0.904947, tick_ms_samples=2048, delivery_ms_p50=462.287205, delivery_ms_p95=625.957552, delivery_ms_p99=771.516151, delivery_ms_samples=130, sql_ms_p50=15.054485, sql_ms_p95=28.091554, sql_ms_p99=41.113135, sql_ms_samples=2048, db_transaction_ms_p50=3.629596, db_transaction_ms_p95=11.361038, db_transaction_ms_p99=18.391106, db_transaction_ms_samples=2048, db_transactions=133532, db_deadlock_retries=220, db_active_connections=3}
",5250.643213325,5250.64716195,500,500,500,500,37944000,36964000,501.172459,9936,"BULK count=500 spawned=500 registered=500 bound=500 accepted=37944000 extracted=36964000 fixture_ms_total=501.172459 fixture_ticks=9936
",5250.647229922,5250.649240499,207.29,473964,51,1008787456,1009258496,6576250880,981295104,27394048,273,,,49.49995210879536
18,2026-10-06T10:00:57.189621+00:00,36.00774108399946,1,ACTIVE_observed,False,2.0000139429994306,0.006331029000648414,,0,500,500,90,0,44382,0,0,0,0.184046,0.475233,0.902734,2048,463.232761,647.954851,771.516151,132,15.452493,28.553291,41.113135,2048,3.921003,12.071567,18.957476,2048,134593,225,2,"STATUS online tickets=0 {registered_loaded_endpoints=500, active_endpoints=500, worker_queue=90, actual_tickets=0, transactions=44382, errors=0, queue_rejected=0, quarantined=0, tick_ms_p50=0.184046, tick_ms_p95=0.475233, tick_ms_p99=0.902734, tick_ms_samples=2048, delivery_ms_p50=463.232761, delivery_ms_p95=647.954851, delivery_ms_p99=771.516151, delivery_ms_samples=132, sql_ms_p50=15.452493, sql_ms_p95=28.553291, sql_ms_p99=41.113135, sql_ms_samples=2048, db_transaction_ms_p50=3.921003, db_transaction_ms_p95=12.071567, db_transaction_ms_p99=18.957476, db_transaction_ms_samples=2048, db_transactions=134593, db_deadlock_retries=225, db_active_connections=2}
",5252.643206227,5252.646635262,500,500,500,500,38264000,37178000,503.6918,9976,"BULK count=500 spawned=500 registered=500 bound=500 accepted=38264000 extracted=37178000 fixture_ms_total=503.6918 fixture_ticks=9976
",5252.646702062,5252.648432329,208.32,473964,51,1008959488,1009258496,6576250880,981467136,27394048,274,,,51.49964097026769
19,2026-10-06T10:00:59.189598+00:00,38.00771823699961,1,ACTIVE_observed,False,1.9999771530001453,0.0096594639999239,,0,500,500,87,0,44757,0,0,0,0.183495,0.474292,0.874202,2048,463.232761,647.954851,771.516151,134,15.642501,28.502983,40.582935,2048,3.582796,10.302693,14.973943,2048,135740,227,2,"STATUS online tickets=0 {registered_loaded_endpoints=500, active_endpoints=500, worker_queue=87, actual_tickets=0, transactions=44757, errors=0, queue_rejected=0, quarantined=0, tick_ms_p50=0.183495, tick_ms_p95=0.474292, tick_ms_p99=0.874202, tick_ms_samples=2048, delivery_ms_p50=463.232761, delivery_ms_p95=647.954851, delivery_ms_p99=771.516151, delivery_ms_samples=134, sql_ms_p50=15.642501, sql_ms_p95=28.502983, sql_ms_p99=40.582935, sql_ms_samples=2048, db_transaction_ms_p50=3.582796, db_transaction_ms_p95=10.302693, db_transaction_ms_p99=14.973943, db_transaction_ms_samples=2048, db_transactions=135740, db_deadlock_retries=227, db_active_connections=2}
",5254.643219704,5254.649436963,500,500,500,500,38584000,37521000,506.007076,10016,"BULK count=500 spawned=500 registered=500 bound=500 accepted=38584000 extracted=37521000 fixture_ms_total=506.007076 fixture_ticks=10016
",5254.649507669,5254.651790495,209.78,473964,51,1009143808,1009258496,6576250880,981651456,27394048,273,,,73.00083392502144
20,2026-10-06T10:01:01.189625+00:00,40.007745717000034,1,ACTIVE_observed,False,2.0000274800004263,0.007323068000005151,,0,500,500,88,0,45107,0,0,0,0.183375,0.477827,0.874202,2048,464.309203,647.954851,771.516151,136,15.692523,27.625681,36.72229,2048,3.644498,10.727006,15.007929,2048,136810,228,1,"STATUS online tickets=0 {registered_loaded_endpoints=500, active_endpoints=500, worker_queue=88, actual_tickets=0, transactions=45107, errors=0, queue_rejected=0, quarantined=0, tick_ms_p50=0.183375, tick_ms_p95=0.477827, tick_ms_p99=0.874202, tick_ms_samples=2048, delivery_ms_p50=464.309203, delivery_ms_p95=647.954851, delivery_ms_p99=771.516151, delivery_ms_samples=136, sql_ms_p50=15.692523, sql_ms_p95=27.625681, sql_ms_p99=36.72229, sql_ms_samples=2048, db_transaction_ms_p50=3.644498, db_transaction_ms_p95=10.727006, db_transaction_ms_p99=15.007929, db_transaction_ms_samples=2048, db_transactions=136810, db_deadlock_retries=228, db_active_connections=1}
",5256.643258302,5256.646656811,500,500,500,500,38904000,37745000,508.367666,10056,"BULK count=500 spawned=500 registered=500 bound=500 accepted=38904000 extracted=37745000 fixture_ms_total=508.367666 fixture_ticks=10056
",5256.646748488,5256.648891043,210.9,473964,51,1009332224,1009332224,6576250880,981839872,27394048,273,,,55.99923057056026
21,2026-10-06T10:01:03.189597+00:00,42.00771700399946,1,ACTIVE_observed,False,1.9999712869994255,0.008434314000624,,0,500,500,90,0,45428,0,0,0,0.182484,0.47351,0.874202,2048,464.309203,647.954851,771.516151,138,15.902921,28.443544,40.582935,2048,3.805219,11.746434,18.564856,2048,137789,232,2,"STATUS online tickets=0 {registered_loaded_endpoints=500, active_endpoints=500, worker_queue=90, actual_tickets=0, transactions=45428, errors=0, queue_rejected=0, quarantined=0, tick_ms_p50=0.182484, tick_ms_p95=0.47351, tick_ms_p99=0.874202, tick_ms_samples=2048, delivery_ms_p50=464.309203, delivery_ms_p95=647.954851, delivery_ms_p99=771.516151, delivery_ms_samples=138, sql_ms_p50=15.902921, sql_ms_p95=28.443544, sql_ms_p99=40.582935, sql_ms_samples=2048, db_transaction_ms_p50=3.805219, db_transaction_ms_p95=11.746434, db_transaction_ms_p99=18.564856, db_transaction_ms_samples=2048, db_transactions=137789, db_deadlock_retries=232, db_active_connections=2}
",5258.643406754,5258.648407587,500,500,500,500,39224000,37933000,511.246565,10096,"BULK count=500 spawned=500 registered=500 bound=500 accepted=39224000 extracted=37933000 fixture_ms_total=511.246565 fixture_ticks=10096
",5258.648497031,5258.650189931,211.93,473964,51,1009881088,1009881088,6576250880,982388736,27394048,274,,,51.50073937037962
22,2026-10-06T10:01:05.189868+00:00,44.00797753899951,1,ACTIVE_observed,False,2.000260535000052,0.4035738769998716,,0,500,500,87,0,45791,0,0,0,0.182985,0.466971,0.874202,2048,465.027095,651.167752,771.516151,140,16.043982,28.443544,39.374551,2048,3.740883,11.345317,18.796652,2048,138896,234,3,"STATUS online tickets=0 {registered_loaded_endpoints=500, active_endpoints=500, worker_queue=87, actual_tickets=0, transactions=45791, errors=0, queue_rejected=0, quarantined=0, tick_ms_p50=0.182985, tick_ms_p95=0.466971, tick_ms_p99=0.874202, tick_ms_samples=2048, delivery_ms_p50=465.027095, delivery_ms_p95=651.167752, delivery_ms_p99=771.516151, delivery_ms_samples=140, sql_ms_p50=16.043982, sql_ms_p95=28.443544, sql_ms_p99=39.374551, sql_ms_samples=2048, db_transaction_ms_p50=3.740883, db_transaction_ms_p95=11.345317, db_transaction_ms_p99=18.796652, db_transaction_ms_samples=2048, db_transactions=138896, db_deadlock_retries=234, db_active_connections=3}
",5260.643491265,5260.647293881,500,500,500,500,39544000,38199000,513.418435,10136,"BULK count=500 spawned=500 registered=500 bound=500 accepted=39544000 extracted=38199000 fixture_ms_total=513.418435 fixture_ticks=10136
",5260.647367221,5260.649135835,213.07,473964,51,1010180096,1010180096,6576250880,982687744,27394048,274,568328192,232124825,56.99257571964027
23,2026-10-06T10:01:07.189547+00:00,46.00766783899962,1,ACTIVE_observed,False,1.9996903000001112,0.006423177000215219,,0,500,500,89,0,46181,0,0,0,0.182774,0.466971,0.826755,2048,465.027095,651.167752,771.516151,143,15.56243,26.374467,38.387056,2048,3.401223,10.241697,15.04919,2048,140082,235,2,"STATUS online tickets=0 {registered_loaded_endpoints=500, active_endpoints=500, worker_queue=89, actual_tickets=0, transactions=46181, errors=0, queue_rejected=0, quarantined=0, tick_ms_p50=0.182774, tick_ms_p95=0.466971, tick_ms_p99=0.826755, tick_ms_samples=2048, delivery_ms_p50=465.027095, delivery_ms_p95=651.167752, delivery_ms_p99=771.516151, delivery_ms_samples=143, sql_ms_p50=15.56243, sql_ms_p95=26.374467, sql_ms_p99=38.387056, sql_ms_samples=2048, db_transaction_ms_p50=3.401223, db_transaction_ms_p95=10.241697, db_transaction_ms_p99=15.04919, db_transaction_ms_samples=2048, db_transactions=140082, db_deadlock_retries=235, db_active_connections=2}
",5262.643146082,5262.646722047,500,500,500,500,39864000,38376000,515.64673,10176,"BULK count=500 spawned=500 registered=500 bound=500 accepted=39864000 extracted=38376000 fixture_ms_total=515.64673 fixture_ticks=10176
",5262.646799153,5262.647951372,214.16,473964,51,1010376704,1010376704,6576250880,982884352,27394048,274,,,54.50844063202901
24,2026-10-06T10:01:09.189618+00:00,48.00773683499938,2,setup_or_transition,False,2.0000689959997544,0.007958519000567321,,0,592,0,15,0,46691,0,0,0,0.182775,0.46723,0.826755,2048,464.309203,651.167752,771.516151,148,14.798278,26.429395,37.990866,2048,3.201593,9.947806,14.610086,2048,141291,237,3,"STATUS online tickets=0 {registered_loaded_endpoints=592, active_endpoints=0, worker_queue=15, actual_tickets=0, transactions=46691, errors=0, queue_rejected=0, quarantined=0, tick_ms_p50=0.182775, tick_ms_p95=0.46723, tick_ms_p99=0.826755, tick_ms_samples=2048, delivery_ms_p50=464.309203, delivery_ms_p95=651.167752, delivery_ms_p99=771.516151, delivery_ms_samples=148, sql_ms_p50=14.798278, sql_ms_p95=26.429395, sql_ms_p99=37.990866, sql_ms_samples=2048, db_transaction_ms_p50=3.201593, db_transaction_ms_p95=9.947806, db_transaction_ms_p99=14.610086, db_transaction_ms_samples=2048, db_transactions=141291, db_deadlock_retries=237, db_active_connections=3}
",5264.643250462,5264.647644039,1000,592,588,502,40000000,38558000,556.298477,10216,"BULK count=1000 spawned=592 registered=588 bound=502 accepted=40000000 extracted=38558000 fixture_ms_total=556.298477 fixture_ticks=10216
",5264.647720164,5264.649356415,216.12,473964,55,1021685760,1021685760,6576250880,994193408,27394048,274,,,97.99661931263938
25,2026-10-06T10:01:11.189609+00:00,50.00772964799944,2,setup_or_transition,False,1.9999928130000626,0.008415737000177614,,0,752,0,0,0,47085,0,0,0,0.183365,0.466971,0.815053,2048,464.309203,651.167752,771.516151,148,13.347547,24.826039,37.978753,2048,3.293762,11.611642,14.980538,2048,141821,237,0,"STATUS online tickets=0 {registered_loaded_endpoints=752, active_endpoints=0, worker_queue=0, actual_tickets=0, transactions=47085, errors=0, queue_rejected=0, quarantined=0, tick_ms_p50=0.183365, tick_ms_p95=0.466971, tick_ms_p99=0.815053, tick_ms_samples=2048, delivery_ms_p50=464.309203, delivery_ms_p95=651.167752, delivery_ms_p99=771.516151, delivery_ms_samples=148, sql_ms_p50=13.347547, sql_ms_p95=24.826039, sql_ms_p99=37.978753, sql_ms_samples=2048, db_transaction_ms_p50=3.293762, db_transaction_ms_p95=11.611642, db_transaction_ms_p99=14.980538, db_transaction_ms_samples=2048, db_transactions=141821, db_deadlock_retries=237, db_active_connections=0}
",5266.643206669,5266.649607563,1000,752,748,615,40000000,38558000,577.077151,10256,"BULK count=1000 spawned=752 registered=748 bound=615 accepted=40000000 extracted=38558000 fixture_ms_total=577.077151 fixture_ticks=10256
",5266.649677938,5266.65068562,216.95,473964,55,1024028672,1024028672,6578442240,996536320,27394048,273,,,41.50014913078381
26,2026-10-06T10:01:13.189620+00:00,52.00773923199995,2,setup_or_transition,False,2.0000095840005088,0.004682535999563697,,0,912,0,0,0,47327,0,0,0,0.182253,0.46723,0.815053,2048,464.309203,651.167752,771.516151,148,12.337871,23.430545,34.4944,2048,3.464047,12.805123,16.306746,2048,142074,237,0,"STATUS online tickets=0 {registered_loaded_endpoints=912, active_endpoints=0, worker_queue=0, actual_tickets=0, transactions=47327, errors=0, queue_rejected=0, quarantined=0, tick_ms_p50=0.182253, tick_ms_p95=0.46723, tick_ms_p99=0.815053, tick_ms_samples=2048, delivery_ms_p50=464.309203, delivery_ms_p95=651.167752, delivery_ms_p99=771.516151, delivery_ms_samples=148, sql_ms_p50=12.337871, sql_ms_p95=23.430545, sql_ms_p99=34.4944, sql_ms_samples=2048, db_transaction_ms_p50=3.464047, db_transaction_ms_p95=12.805123, db_transaction_ms_p99=16.306746, db_transaction_ms_samples=2048, db_transactions=142074, db_deadlock_retries=237, db_active_connections=0}
",5268.643210484,5268.646096444,1000,912,908,696,40000000,38558000,589.962871,10296,"BULK count=1000 spawned=912 registered=908 bound=696 accepted=40000000 extracted=38558000 fixture_ms_total=589.962871 fixture_ticks=10296
",5268.646157416,5268.646935423,217.58,473964,55,1024212992,1024212992,6578442240,996720640,27394048,274,,,31.49984905271652
27,2026-10-06T10:01:15.189594+00:00,54.0077153000002,2,setup_or_transition,False,1.999976068000251,0.006212551999851712,,0,1000,0,0,0,47463,0,0,0,0.181382,0.46723,0.826755,2048,464.309203,651.167752,771.516151,148,11.631602,22.56686,32.018481,2048,3.61286,13.053351,16.93538,2048,142219,237,0,"STATUS online tickets=0 {registered_loaded_endpoints=1000, active_endpoints=0, worker_queue=0, actual_tickets=0, transactions=47463, errors=0, queue_rejected=0, quarantined=0, tick_ms_p50=0.181382, tick_ms_p95=0.46723, tick_ms_p99=0.826755, tick_ms_samples=2048, delivery_ms_p50=464.309203, delivery_ms_p95=651.167752, delivery_ms_p99=771.516151, delivery_ms_samples=148, sql_ms_p50=11.631602, sql_ms_p95=22.56686, sql_ms_p99=32.018481, sql_ms_samples=2048, db_transaction_ms_p50=3.61286, db_transaction_ms_p95=13.053351, db_transaction_ms_p99=16.93538, db_transaction_ms_samples=2048, db_transactions=142219, db_deadlock_retries=237, db_active_connections=0}
",5270.643189357,5270.646329949,1000,1000,1000,744,40000000,38558000,594.524149,10336,"BULK count=1000 spawned=1000 registered=1000 bound=744 accepted=40000000 extracted=38558000 fixture_ms_total=594.524149 fixture_ticks=10336
",5270.646404421,5270.648438543,217.96,473964,55,1024364544,1024364544,6578442240,996872192,27394048,273,,,19.00022735671794
28,2026-10-06T10:01:17.189594+00:00,56.00771540200003,2,setup_or_transition,False,2.000000101999831,0.3058848559994658,,0,1000,0,0,0,47675,0,0,0,0.179709,0.462654,0.874202,2048,464.309203,651.167752,771.516151,148,11.292483,21.014801,29.543598,2048,4.047613,14.713576,20.589843,2048,142441,237,0,"STATUS online tickets=0 {registered_loaded_endpoints=1000, active_endpoints=0, worker_queue=0, actual_tickets=0, transactions=47675, errors=0, queue_rejected=0, quarantined=0, tick_ms_p50=0.179709, tick_ms_p95=0.462654, tick_ms_p99=0.874202, tick_ms_samples=2048, delivery_ms_p50=464.309203, delivery_ms_p95=651.167752, delivery_ms_p99=771.516151, delivery_ms_samples=148, sql_ms_p50=11.292483, sql_ms_p95=21.014801, sql_ms_p99=29.543598, sql_ms_samples=2048, db_transaction_ms_p50=4.047613, db_transaction_ms_p95=14.713576, db_transaction_ms_p99=20.589843, db_transaction_ms_samples=2048, db_transactions=142441, db_deadlock_retries=237, db_active_connections=0}
",5272.643198753,5272.648166411,1000,1000,1000,953,40000000,38558000,595.542478,10376,"BULK count=1000 spawned=1000 registered=1000 bound=953 accepted=40000000 extracted=38558000 fixture_ms_total=595.542478 fixture_ticks=10376
",5272.648248114,5272.649663529,218.5,473964,55,1024507904,1024507904,6578442240,997015552,27394048,274,568328192,295301836,26.999998623001957
29,2026-10-06T10:01:19.189561+00:00,58.00768094999967,2,setup_or_transition,False,1.9999655479996363,0.00701956800003245,,0,1000,0,0,0,47675,0,0,0,0.178738,0.462293,0.83878,2048,464.309203,651.167752,771.516151,148,11.292483,21.014801,29.543598,2048,4.037427,14.68315,20.145976,2048,142451,237,0,"STATUS online tickets=0 {registered_loaded_endpoints=1000, active_endpoints=0, worker_queue=0, actual_tickets=0, transactions=47675, errors=0, queue_rejected=0, quarantined=0, tick_ms_p50=0.178738, tick_ms_p95=0.462293, tick_ms_p99=0.83878, tick_ms_samples=2048, delivery_ms_p50=464.309203, delivery_ms_p95=651.167752, delivery_ms_p99=771.516151, delivery_ms_samples=148, sql_ms_p50=11.292483, sql_ms_p95=21.014801, sql_ms_p99=29.543598, sql_ms_samples=2048, db_transaction_ms_p50=4.037427, db_transaction_ms_p95=14.68315, db_transaction_ms_p99=20.145976, db_transaction_ms_samples=2048, db_transactions=142451, db_deadlock_retries=237, db_active_connections=0}
",5274.643153104,5274.646211455,1000,1000,1000,956,40000000,38558000,595.611574,10416,"BULK count=1000 spawned=1000 registered=1000 bound=956 accepted=40000000 extracted=38558000 fixture_ms_total=595.611574 fixture_ticks=10416
",5274.64630139,5274.648908314,218.77,473964,55,1024557056,1024557056,6578442240,997064704,27394048,273,,,13.500232555008958
30,2026-10-06T10:01:21.189592+00:00,60.00771303399961,3,OFF_observed,False,2.0000320839999404,0.005150527999830956,,0,1000,0,0,0,47719,0,0,0,0.178457,0.462354,0.83878,2048,464.309203,651.167752,771.516151,148,11.221632,21.075531,29.853973,2048,4.155128,15.06953,21.06819,2048,142505,237,0,"STATUS online tickets=0 {registered_loaded_endpoints=1000, active_endpoints=0, worker_queue=0, actual_tickets=0, transactions=47719, errors=0, queue_rejected=0, quarantined=0, tick_ms_p50=0.178457, tick_ms_p95=0.462354, tick_ms_p99=0.83878, tick_ms_samples=2048, delivery_ms_p50=464.309203, delivery_ms_p95=651.167752, delivery_ms_p99=771.516151, delivery_ms_samples=148, sql_ms_p50=11.221632, sql_ms_p95=21.075531, sql_ms_p99=29.853973, sql_ms_samples=2048, db_transaction_ms_p50=4.155128, db_transaction_ms_p95=15.06953, db_transaction_ms_p99=21.06819, db_transaction_ms_samples=2048, db_transactions=142505, db_deadlock_retries=237, db_active_connections=0}
",5276.643196364,5276.646060241,1000,1000,1000,1000,40000000,38558000,596.078164,10456,"BULK count=1000 spawned=1000 registered=1000 bound=1000 accepted=40000000 extracted=38558000 fixture_ms_total=596.078164 fixture_ticks=10456
",5276.646116656,5276.647307212,219.1,473964,55,1026764800,1026764800,6578442240,999272448,27394048,273,,,16.499735311245832
31,2026-10-06T10:01:23.190416+00:00,62.00853663599992,3,OFF_observed,False,2.0008236020003096,0.005241974999989907,,0,1000,0,0,0,47719,0,0,0,0.176755,0.462654,0.83878,2048,464.309203,651.167752,771.516151,148,11.221632,21.075531,29.853973,2048,4.141333,15.06953,21.06819,2048,142515,237,0,"STATUS online tickets=0 {registered_loaded_endpoints=1000, active_endpoints=0, worker_queue=0, actual_tickets=0, transactions=47719, errors=0, queue_rejected=0, quarantined=0, tick_ms_p50=0.176755, tick_ms_p95=0.462654, tick_ms_p99=0.83878, tick_ms_samples=2048, delivery_ms_p50=464.309203, delivery_ms_p95=651.167752, delivery_ms_p99=771.516151, delivery_ms_samples=148, sql_ms_p50=11.221632, sql_ms_p95=21.075531, sql_ms_p99=29.853973, sql_ms_samples=2048, db_transaction_ms_p50=4.141333, db_transaction_ms_p95=15.06953, db_transaction_ms_p99=21.06819, db_transaction_ms_samples=2048, db_transactions=142515, db_deadlock_retries=237, db_active_connections=0}
",5278.644187037,5278.647051425,1000,1000,1000,1000,40000000,38558000,596.157276,10496,"BULK count=1000 spawned=1000 registered=1000 bound=1000 accepted=40000000 extracted=38558000 fixture_ms_total=596.157276 fixture_ticks=10496
",5278.647137985,5278.64822795,219.28,473964,55,1026805760,1026805760,6578442240,999313408,27394048,273,,,8.996295316591281
32,2026-10-06T10:01:25.189553+00:00,64.00767292699948,3,OFF_observed,False,1.9991362909995587,0.0046110299999782,,0,1000,0,0,0,47719,0,0,0,0.175654,0.462293,0.826755,2048,464.309203,651.167752,771.516151,148,11.221632,21.075531,29.853973,2048,4.140877,15.06953,21.06819,2048,142524,237,0,"STATUS online tickets=0 {registered_loaded_endpoints=1000, active_endpoints=0, worker_queue=0, actual_tickets=0, transactions=47719, errors=0, queue_rejected=0, quarantined=0, tick_ms_p50=0.175654, tick_ms_p95=0.462293, tick_ms_p99=0.826755, tick_ms_samples=2048, delivery_ms_p50=464.309203, delivery_ms_p95=651.167752, delivery_ms_p99=771.516151, delivery_ms_samples=148, sql_ms_p50=11.221632, sql_ms_p95=21.075531, sql_ms_p99=29.853973, sql_ms_samples=2048, db_transaction_ms_p50=4.140877, db_transaction_ms_p95=15.06953, db_transaction_ms_p99=21.06819, db_transaction_ms_samples=2048, db_transactions=142524, db_deadlock_retries=237, db_active_connections=0}
",5280.643137409,5280.645875959,1000,1000,1000,1000,40000000,38558000,596.233448,10536,"BULK count=1000 spawned=1000 registered=1000 bound=1000 accepted=40000000 extracted=38558000 fixture_ms_total=596.233448 fixture_ticks=10536
",5280.645946715,5280.646762509,219.49,473964,55,1026875392,1026875392,6578442240,999383040,27394048,274,,,10.504536431331001
33,2026-10-06T10:01:27.189628+00:00,66.0077485289994,4,OFF_observed,True,2.0000756019999244,0.2473354769999787,,0,1000,0,0,0,47719,0,0,0,0.107432,0.223616,0.730366,36,0.0,0.0,0.0,0,0.0,0.0,0.0,0,4.133726,15.06953,21.06819,2048,142535,237,0,"STATUS online tickets=0 {registered_loaded_endpoints=1000, active_endpoints=0, worker_queue=0, actual_tickets=0, transactions=47719, errors=0, queue_rejected=0, quarantined=0, tick_ms_p50=0.107432, tick_ms_p95=0.223616, tick_ms_p99=0.730366, tick_ms_samples=36, delivery_ms_p50=0.0, delivery_ms_p95=0.0, delivery_ms_p99=0.0, delivery_ms_samples=0, sql_ms_p50=0.0, sql_ms_p95=0.0, sql_ms_p99=0.0, sql_ms_samples=0, db_transaction_ms_p50=4.133726, db_transaction_ms_p95=15.06953, db_transaction_ms_p99=21.06819, db_transaction_ms_samples=2048, db_transactions=142535, db_deadlock_retries=237, db_active_connections=0}
",5282.643231369,5282.645735176,1000,1000,1000,1000,40000000,38558000,596.308287,10576,"BULK count=1000 spawned=1000 registered=1000 bound=1000 accepted=40000000 extracted=38558000 fixture_ms_total=596.308287 fixture_ticks=10576
",5282.645783178,5282.64665699,219.7,473964,55,1026949120,1026949120,6578442240,999456768,27394048,273,568328192,352973516,10.499603104502421
34,2026-10-06T10:01:29.189646+00:00,68.00776606,4,OFF_observed,False,2.0000175310005943,0.004187884000202757,,0,1000,0,0,0,47719,0,0,0,0.112328,0.278147,0.730366,76,0.0,0.0,0.0,0,0.0,0.0,0.0,0,4.130908,15.06953,21.06819,2048,142544,237,0,"STATUS online tickets=0 {registered_loaded_endpoints=1000, active_endpoints=0, worker_queue=0, actual_tickets=0, transactions=47719, errors=0, queue_rejected=0, quarantined=0, tick_ms_p50=0.112328, tick_ms_p95=0.278147, tick_ms_p99=0.730366, tick_ms_samples=76, delivery_ms_p50=0.0, delivery_ms_p95=0.0, delivery_ms_p99=0.0, delivery_ms_samples=0, sql_ms_p50=0.0, sql_ms_p95=0.0, sql_ms_p99=0.0, sql_ms_samples=0, db_transaction_ms_p50=4.130908, db_transaction_ms_p95=15.06953, db_transaction_ms_p99=21.06819, db_transaction_ms_samples=2048, db_transactions=142544, db_deadlock_retries=237, db_active_connections=0}
",5284.643261048,5284.645582852,1000,1000,1000,1000,40000000,38558000,596.382688,10616,"BULK count=1000 spawned=1000 registered=1000 bound=1000 accepted=40000000 extracted=38558000 fixture_ms_total=596.382688 fixture_ticks=10616
",5284.645689582,5284.646440038,219.9,473964,55,1026981888,1026981888,6578442240,999489536,27394048,273,,,9.999912345766214
35,2026-10-06T10:01:31.189615+00:00,70.00773485799982,4,OFF_observed,False,1.999968797999827,0.005055495999840787,,0,1000,0,0,0,47719,0,0,0,0.117306,0.320441,0.730366,116,0.0,0.0,0.0,0,0.0,0.0,0.0,0,4.120257,15.06953,21.06819,2048,142554,237,0,"STATUS online tickets=0 {registered_loaded_endpoints=1000, active_endpoints=0, worker_queue=0, actual_tickets=0, transactions=47719, errors=0, queue_rejected=0, quarantined=0, tick_ms_p50=0.117306, tick_ms_p95=0.320441, tick_ms_p99=0.730366, tick_ms_samples=116, delivery_ms_p50=0.0, delivery_ms_p95=0.0, delivery_ms_p99=0.0, delivery_ms_samples=0, sql_ms_p50=0.0, sql_ms_p95=0.0, sql_ms_p99=0.0, sql_ms_samples=0, db_transaction_ms_p50=4.120257, db_transaction_ms_p95=15.06953, db_transaction_ms_p99=21.06819, db_transaction_ms_samples=2048, db_transactions=142554, db_deadlock_retries=237, db_active_connections=0}
",5286.643275214,5286.645855716,1000,1000,1000,1000,40000000,38558000,596.461432,10656,"BULK count=1000 spawned=1000 registered=1000 bound=1000 accepted=40000000 extracted=38558000 fixture_ms_total=596.461432 fixture_ticks=10656
",5286.645927203,5286.647202176,220.14,473964,55,1027002368,1027002368,6578442240,999510016,27394048,273,,,12.000187214920812
36,2026-10-06T10:01:33.189620+00:00,72.00773962699986,4,OFF_observed,False,2.000004769000043,0.0074868539995804895,,0,1000,0,0,0,47719,0,0,0,0.124697,0.320441,0.755173,156,0.0,0.0,0.0,0,0.0,0.0,0.0,0,4.118329,15.06953,21.06819,2048,142564,237,0,"STATUS online tickets=0 {registered_loaded_endpoints=1000, active_endpoints=0, worker_queue=0, actual_tickets=0, transactions=47719, errors=0, queue_rejected=0, quarantined=0, tick_ms_p50=0.124697, tick_ms_p95=0.320441, tick_ms_p99=0.755173, tick_ms_samples=156, delivery_ms_p50=0.0, delivery_ms_p95=0.0, delivery_ms_p99=0.0, delivery_ms_samples=0, sql_ms_p50=0.0, sql_ms_p95=0.0, sql_ms_p99=0.0, sql_ms_samples=0, db_transaction_ms_p50=4.118329, db_transaction_ms_p95=15.06953, db_transaction_ms_p99=21.06819, db_transaction_ms_samples=2048, db_transactions=142564, db_deadlock_retries=237, db_active_connections=0}
",5288.643230769,5288.648208989,1000,1000,1000,1000,40000000,38558000,596.614445,10696,"BULK count=1000 spawned=1000 registered=1000 bound=1000 accepted=40000000 extracted=38558000 fixture_ms_total=596.614445 fixture_ticks=10696
",5288.6482828,5288.64966912,220.34,473964,55,1027080192,1027080192,6578442240,999587840,27394048,273,,,9.999976155057496
37,2026-10-06T10:01:35.189617+00:00,74.00773740499972,4,OFF_observed,False,1.9999977779998517,0.004249177000019699,,0,1000,0,0,0,47719,0,0,0,0.123756,0.320441,0.903876,196,0.0,0.0,0.0,0,0.0,0.0,0.0,0,4.118329,15.06953,21.06819,2048,142573,237,0,"STATUS online tickets=0 {registered_loaded_endpoints=1000, active_endpoints=0, worker_queue=0, actual_tickets=0, transactions=47719, errors=0, queue_rejected=0, quarantined=0, tick_ms_p50=0.123756, tick_ms_p95=0.320441, tick_ms_p99=0.903876, tick_ms_samples=196, delivery_ms_p50=0.0, delivery_ms_p95=0.0, delivery_ms_p99=0.0, delivery_ms_samples=0, sql_ms_p50=0.0, sql_ms_p95=0.0, sql_ms_p99=0.0, sql_ms_samples=0, db_transaction_ms_p50=4.118329, db_transaction_ms_p95=15.06953, db_transaction_ms_p99=21.06819, db_transaction_ms_samples=2048, db_transactions=142573, db_deadlock_retries=237, db_active_connections=0}
",5290.643197251,5290.645799776,1000,1000,1000,1000,40000000,38558000,596.697405,10736,"BULK count=1000 spawned=1000 registered=1000 bound=1000 accepted=40000000 extracted=38558000 fixture_ms_total=596.697405 fixture_ticks=10736
",5290.645851594,5290.646525345,220.55,473964,55,1027035136,1027035136,6578442240,999542784,27394048,273,,,10.500011665514137
38,2026-10-06T10:01:37.189623+00:00,76.00774158900003,4,OFF_observed,False,2.0000041840003178,0.004427312999723654,,0,1000,0,0,0,47719,0,0,0,0.125128,0.311618,0.860811,236,0.0,0.0,0.0,0,0.0,0.0,0.0,0,4.102697,15.06953,21.06819,2048,142584,237,0,"STATUS online tickets=0 {registered_loaded_endpoints=1000, active_endpoints=0, worker_queue=0, actual_tickets=0, transactions=47719, errors=0, queue_rejected=0, quarantined=0, tick_ms_p50=0.125128, tick_ms_p95=0.311618, tick_ms_p99=0.860811, tick_ms_samples=236, delivery_ms_p50=0.0, delivery_ms_p95=0.0, delivery_ms_p99=0.0, delivery_ms_samples=0, sql_ms_p50=0.0, sql_ms_p95=0.0, sql_ms_p99=0.0, sql_ms_samples=0, db_transaction_ms_p50=4.102697, db_transaction_ms_p95=15.06953, db_transaction_ms_p99=21.06819, db_transaction_ms_samples=2048, db_transactions=142584, db_deadlock_retries=237, db_active_connections=0}
",5292.643220483,5292.645734034,1000,1000,1000,1000,40000000,38558000,596.777413,10776,"BULK count=1000 spawned=1000 registered=1000 bound=1000 accepted=40000000 extracted=38558000 fixture_ms_total=596.777413 fixture_ticks=10776
",5292.645792813,5292.646503048,220.75,473964,55,1027035136,1027035136,6578442240,999542784,27394048,274,,,9.999979080041607
39,2026-10-06T10:01:39.189620+00:00,78.00774127499972,4,OFF_observed,False,1.9999996859996827,0.2880338410004697,,0,1000,0,0,0,47719,0,0,0,0.125158,0.304246,0.860811,276,0.0,0.0,0.0,0,0.0,0.0,0.0,0,4.084088,15.079736,21.372898,2048,142597,237,0,"STATUS online tickets=0 {registered_loaded_endpoints=1000, active_endpoints=0, worker_queue=0, actual_tickets=0, transactions=47719, errors=0, queue_rejected=0, quarantined=0, tick_ms_p50=0.125158, tick_ms_p95=0.304246, tick_ms_p99=0.860811, tick_ms_samples=276, delivery_ms_p50=0.0, delivery_ms_p95=0.0, delivery_ms_p99=0.0, delivery_ms_samples=0, sql_ms_p50=0.0, sql_ms_p95=0.0, sql_ms_p99=0.0, sql_ms_samples=0, db_transaction_ms_p50=4.084088, db_transaction_ms_p95=15.079736, db_transaction_ms_p99=21.372898, db_transaction_ms_samples=2048, db_transactions=142597, db_deadlock_retries=237, db_active_connections=0}
",5294.643177475,5294.645463656,1000,1000,1000,1000,40000000,38558000,596.854466,10816,"BULK count=1000 spawned=1000 registered=1000 bound=1000 accepted=40000000 extracted=38558000 fixture_ms_total=596.854466 fixture_ticks=10816
",5294.645518288,5294.646611859,220.94,473964,55,1027047424,1027047424,6578442240,999555072,27394048,273,568328192,395965132,9.500001491501628
40,2026-10-06T10:01:41.189641+00:00,80.00776103599947,4,OFF_observed,False,2.0000197609997485,0.01112470200041571,,0,1000,0,0,0,47719,0,0,0,0.125128,0.312359,0.860811,316,0.0,0.0,0.0,0,0.0,0.0,0.0,0,4.071198,15.079736,21.372898,2048,142608,237,0,"STATUS online tickets=0 {registered_loaded_endpoints=1000, active_endpoints=0, worker_queue=0, actual_tickets=0, transactions=47719, errors=0, queue_rejected=0, quarantined=0, tick_ms_p50=0.125128, tick_ms_p95=0.312359, tick_ms_p99=0.860811, tick_ms_samples=316, delivery_ms_p50=0.0, delivery_ms_p95=0.0, delivery_ms_p99=0.0, delivery_ms_samples=0, sql_ms_p50=0.0, sql_ms_p95=0.0, sql_ms_p99=0.0, sql_ms_samples=0, db_transaction_ms_p50=4.071198, db_transaction_ms_p95=15.079736, db_transaction_ms_p99=21.372898, db_transaction_ms_samples=2048, db_transactions=142608, db_deadlock_retries=237, db_active_connections=0}
",5296.643261061,5296.652233214,1000,1000,1000,1000,40000000,38558000,596.932742,10856,"BULK count=1000 spawned=1000 registered=1000 bound=1000 accepted=40000000 extracted=38558000 fixture_ms_total=596.932742 fixture_ticks=10856
",5296.652305762,5296.653245092,221.14,473964,55,1027072000,1027072000,6578442240,999579648,27394048,273,,,9.999901195976921
41,2026-10-06T10:01:43.189631+00:00,82.0077517109994,4,OFF_observed,False,1.9999906749999354,0.004128255000068748,,0,1000,0,0,0,47719,0,0,0,0.124967,0.311618,0.860811,356,0.0,0.0,0.0,0,0.0,0.0,0.0,0,4.071198,15.079736,21.372898,2048,142617,237,0,"STATUS online tickets=0 {registered_loaded_endpoints=1000, active_endpoints=0, worker_queue=0, actual_tickets=0, transactions=47719, errors=0, queue_rejected=0, quarantined=0, tick_ms_p50=0.124967, tick_ms_p95=0.311618, tick_ms_p99=0.860811, tick_ms_samples=356, delivery_ms_p50=0.0, delivery_ms_p95=0.0, delivery_ms_p99=0.0, delivery_ms_samples=0, sql_ms_p50=0.0, sql_ms_p95=0.0, sql_ms_p99=0.0, sql_ms_samples=0, db_transaction_ms_p50=4.071198, db_transaction_ms_p95=15.079736, db_transaction_ms_p99=21.372898, db_transaction_ms_samples=2048, db_transactions=142617, db_deadlock_retries=237, db_active_connections=0}
",5298.643239799,5298.645720251,1000,1000,1000,1000,40000000,38558000,597.008754,10896,"BULK count=1000 spawned=1000 registered=1000 bound=1000 accepted=40000000 extracted=38558000 fixture_ms_total=597.008754 fixture_ticks=10896
",5298.645774111,5298.64639968,221.37,473964,55,1027112960,1027112960,6578442240,999620608,27394048,273,,,11.50005361900128
42,2026-10-06T10:01:45.189596+00:00,84.00771677299963,4,OFF_observed,False,1.9999650620002285,0.004035365000163438,,0,1000,0,0,0,47719,0,0,0,0.124207,0.304246,0.860811,396,0.0,0.0,0.0,0,0.0,0.0,0.0,0,4.071179,15.079736,21.372898,2048,142628,237,0,"STATUS online tickets=0 {registered_loaded_endpoints=1000, active_endpoints=0, worker_queue=0, actual_tickets=0, transactions=47719, errors=0, queue_rejected=0, quarantined=0, tick_ms_p50=0.124207, tick_ms_p95=0.304246, tick_ms_p99=0.860811, tick_ms_samples=396, delivery_ms_p50=0.0, delivery_ms_p95=0.0, delivery_ms_p99=0.0, delivery_ms_samples=0, sql_ms_p50=0.0, sql_ms_p95=0.0, sql_ms_p99=0.0, sql_ms_samples=0, db_transaction_ms_p50=4.071179, db_transaction_ms_p95=15.079736, db_transaction_ms_p99=21.372898, db_transaction_ms_samples=2048, db_transactions=142628, db_deadlock_retries=237, db_active_connections=0}
",5300.64319108,5300.645521908,1000,1000,1000,1000,40000000,38558000,597.085039,10936,"BULK count=1000 spawned=1000 registered=1000 bound=1000 accepted=40000000 extracted=38558000 fixture_ms_total=597.085039 fixture_ticks=10936
",5300.645667175,5300.646267426,221.56,473964,55,1027121152,1027121152,6578442240,999628800,27394048,273,,,9.500165958397929
43,2026-10-06T10:01:47.189705+00:00,86.00782571699983,4,OFF_observed,False,2.0001089440002033,0.006443948000196542,,0,1000,0,0,0,47719,0,0,0,0.125869,0.343115,0.903876,436,0.0,0.0,0.0,0,0.0,0.0,0.0,0,4.070197,15.079736,21.372898,2048,142638,237,0,"STATUS online tickets=0 {registered_loaded_endpoints=1000, active_endpoints=0, worker_queue=0, actual_tickets=0, transactions=47719, errors=0, queue_rejected=0, quarantined=0, tick_ms_p50=0.125869, tick_ms_p95=0.343115, tick_ms_p99=0.903876, tick_ms_samples=436, delivery_ms_p50=0.0, delivery_ms_p95=0.0, delivery_ms_p99=0.0, delivery_ms_samples=0, sql_ms_p50=0.0, sql_ms_p95=0.0, sql_ms_p99=0.0, sql_ms_samples=0, db_transaction_ms_p50=4.070197, db_transaction_ms_p95=15.079736, db_transaction_ms_p99=21.372898, db_transaction_ms_samples=2048, db_transactions=142638, db_deadlock_retries=237, db_active_connections=0}
",5302.643605852,5302.647697371,1000,1000,1000,1000,40000000,38558000,597.264989,10976,"BULK count=1000 spawned=1000 registered=1000 bound=1000 accepted=40000000 extracted=38558000 fixture_ms_total=597.264989 fixture_ticks=10976
",5302.647751573,5302.648693276,221.77,473964,55,1027133440,1027133440,6578442240,999641088,27394048,273,,,10.49942807515322
44,2026-10-06T10:01:49.189642+00:00,88.0077624659998,4,OFF_observed,False,1.9999367489999713,0.28247279999959574,,0,1000,0,0,0,47719,0,0,0,0.125809,0.361712,0.974672,476,0.0,0.0,0.0,0,0.0,0.0,0.0,0,4.071198,15.079736,21.372898,2048,142647,237,0,"STATUS online tickets=0 {registered_loaded_endpoints=1000, active_endpoints=0, worker_queue=0, actual_tickets=0, transactions=47719, errors=0, queue_rejected=0, quarantined=0, tick_ms_p50=0.125809, tick_ms_p95=0.361712, tick_ms_p99=0.974672, tick_ms_samples=476, delivery_ms_p50=0.0, delivery_ms_p95=0.0, delivery_ms_p99=0.0, delivery_ms_samples=0, sql_ms_p50=0.0, sql_ms_p95=0.0, sql_ms_p99=0.0, sql_ms_samples=0, db_transaction_ms_p50=4.071198, db_transaction_ms_p95=15.079736, db_transaction_ms_p99=21.372898, db_transaction_ms_samples=2048, db_transactions=142647, db_deadlock_retries=237, db_active_connections=0}
",5304.64330161,5304.646145207,1000,1000,1000,1000,40000000,38558000,597.352188,11016,"BULK count=1000 spawned=1000 registered=1000 bound=1000 accepted=40000000 extracted=38558000 fixture_ms_total=597.352188 fixture_ticks=11016
",5304.646199388,5304.647111838,221.98,473964,55,1027129344,1027129344,6578442240,999636992,27394048,273,568328192,428470988,10.500332078251267
45,2026-10-06T10:01:51.189626+00:00,90.00774671499948,4,OFF_observed,False,1.9999842489996809,0.004612630999872636,,0,1000,0,0,0,47719,0,0,0,0.126009,0.343115,0.903876,516,0.0,0.0,0.0,0,0.0,0.0,0.0,0,4.071179,15.079736,21.372898,2048,142658,237,0,"STATUS online tickets=0 {registered_loaded_endpoints=1000, active_endpoints=0, worker_queue=0, actual_tickets=0, transactions=47719, errors=0, queue_rejected=0, quarantined=0, tick_ms_p50=0.126009, tick_ms_p95=0.343115, tick_ms_p99=0.903876, tick_ms_samples=516, delivery_ms_p50=0.0, delivery_ms_p95=0.0, delivery_ms_p99=0.0, delivery_ms_samples=0, sql_ms_p50=0.0, sql_ms_p95=0.0, sql_ms_p99=0.0, sql_ms_samples=0, db_transaction_ms_p50=4.071179, db_transaction_ms_p95=15.079736, db_transaction_ms_p99=21.372898, db_transaction_ms_samples=2048, db_transactions=142658, db_deadlock_retries=237, db_active_connections=0}
",5306.643224357,5306.645993963,1000,1000,1000,1000,40000000,38558000,597.427394,11056,"BULK count=1000 spawned=1000 registered=1000 bound=1000 accepted=40000000 extracted=38558000 fixture_ms_total=597.427394 fixture_ticks=11056
",5306.646051078,5306.646861554,222.17,473964,55,1027141632,1027141632,6578442240,999649280,27394048,273,,,9.50007481784063
46,2026-10-06T10:01:53.189830+00:00,92.00790957699974,4,OFF_observed,False,2.000162862000252,0.008299322999846481,,0,1000,0,0,0,47719,0,0,0,0.127361,0.388052,1.042765,556,0.0,0.0,0.0,0,0.0,0.0,0.0,0,4.071198,15.175048,21.372898,2048,142669,237,0,"STATUS online tickets=0 {registered_loaded_endpoints=1000, active_endpoints=0, worker_queue=0, actual_tickets=0, transactions=47719, errors=0, queue_rejected=0, quarantined=0, tick_ms_p50=0.127361, tick_ms_p95=0.388052, tick_ms_p99=1.042765, tick_ms_samples=556, delivery_ms_p50=0.0, delivery_ms_p95=0.0, delivery_ms_p99=0.0, delivery_ms_samples=0, sql_ms_p50=0.0, sql_ms_p95=0.0, sql_ms_p99=0.0, sql_ms_samples=0, db_transaction_ms_p50=4.071198, db_transaction_ms_p95=15.175048, db_transaction_ms_p99=21.372898, db_transaction_ms_samples=2048, db_transactions=142669, db_deadlock_retries=237, db_active_connections=0}
",5308.644029462,5308.649311127,1000,1000,1000,1000,40000000,38558000,597.665205,11096,"BULK count=1000 spawned=1000 registered=1000 bound=1000 accepted=40000000 extracted=38558000 fixture_ms_total=597.665205 fixture_ticks=11096
",5308.649391047,5308.650414162,222.47,473964,55,1027170304,1027170304,6578442240,999677952,27394048,273,,,14.998778634455695
47,2026-10-06T10:01:55.189623+00:00,94.0077442060001,4,OFF_observed,False,1.999834629000361,0.009323168999799236,,0,1000,0,0,0,47719,0,0,0,0.128683,0.421823,1.236035,596,0.0,0.0,0.0,0,0.0,0.0,0.0,0,4.070197,15.175048,21.372898,2048,142680,237,0,"STATUS online tickets=0 {registered_loaded_endpoints=1000, active_endpoints=0, worker_queue=0, actual_tickets=0, transactions=47719, errors=0, queue_rejected=0, quarantined=0, tick_ms_p50=0.128683, tick_ms_p95=0.421823, tick_ms_p99=1.236035, tick_ms_samples=596, delivery_ms_p50=0.0, delivery_ms_p95=0.0, delivery_ms_p99=0.0, delivery_ms_samples=0, sql_ms_p50=0.0, sql_ms_p95=0.0, sql_ms_p99=0.0, sql_ms_samples=0, db_transaction_ms_p50=4.070197, db_transaction_ms_p95=15.175048, db_transaction_ms_p99=21.372898, db_transaction_ms_samples=2048, db_transactions=142680, db_deadlock_retries=237, db_active_connections=0}
",5310.64352989,5310.649596303,1000,1000,1000,1000,40000000,38558000,598.056733,11136,"BULK count=1000 spawned=1000 registered=1000 bound=1000 accepted=40000000 extracted=38558000 fixture_ms_total=598.056733 fixture_ticks=11136
",5310.649675802,5310.651274861,222.73,473964,55,1027182592,1027182592,6578442240,999690240,27394048,273,,,13.001075000384144
48,2026-10-06T10:01:57.189827+00:00,96.00794798799961,4,OFF_observed,False,2.0002037819995167,0.008288316000289342,,0,1000,0,0,0,47719,0,0,0,0.131297,0.444827,1.184738,636,0.0,0.0,0.0,0,0.0,0.0,0.0,0,4.050052,15.079736,21.372898,2048,142690,237,0,"STATUS online tickets=0 {registered_loaded_endpoints=1000, active_endpoints=0, worker_queue=0, actual_tickets=0, transactions=47719, errors=0, queue_rejected=0, quarantined=0, tick_ms_p50=0.131297, tick_ms_p95=0.444827, tick_ms_p99=1.184738, tick_ms_samples=636, delivery_ms_p50=0.0, delivery_ms_p95=0.0, delivery_ms_p99=0.0, delivery_ms_samples=0, sql_ms_p50=0.0, sql_ms_p95=0.0, sql_ms_p99=0.0, sql_ms_samples=0, db_transaction_ms_p50=4.050052, db_transaction_ms_p95=15.079736, db_transaction_ms_p99=21.372898, db_transaction_ms_samples=2048, db_transactions=142690, db_deadlock_retries=237, db_active_connections=0}
",5312.643682395,5312.649298833,1000,1000,1000,1000,40000000,38558000,598.316286,11176,"BULK count=1000 spawned=1000 registered=1000 bound=1000 accepted=40000000 extracted=38558000 fixture_ms_total=598.316286 fixture_ticks=11176
",5312.649371301,5312.650480686,222.97,473964,55,1027190784,1027190784,6578442240,999698432,27394048,273,,,11.998777432571972
49,2026-10-06T10:01:59.189877+00:00,98.00795685999947,4,OFF_observed,False,2.000008871999853,0.299575908999941,,0,1000,0,0,0,47719,0,0,0,0.13367,0.480842,1.236035,676,0.0,0.0,0.0,0,0.0,0.0,0.0,0,4.041033,15.06953,21.372898,2048,142700,237,0,"STATUS online tickets=0 {registered_loaded_endpoints=1000, active_endpoints=0, worker_queue=0, actual_tickets=0, transactions=47719, errors=0, queue_rejected=0, quarantined=0, tick_ms_p50=0.13367, tick_ms_p95=0.480842, tick_ms_p99=1.236035, tick_ms_samples=676, delivery_ms_p50=0.0, delivery_ms_p95=0.0, delivery_ms_p99=0.0, delivery_ms_samples=0, sql_ms_p50=0.0, sql_ms_p95=0.0, sql_ms_p99=0.0, sql_ms_samples=0, db_transaction_ms_p50=4.041033, db_transaction_ms_p95=15.06953, db_transaction_ms_p99=21.372898, db_transaction_ms_samples=2048, db_transactions=142700, db_deadlock_retries=237, db_active_connections=0}
",5314.643840141,5314.648956638,1000,1000,1000,1000,40000000,38558000,598.577413,11216,"BULK count=1000 spawned=1000 registered=1000 bound=1000 accepted=40000000 extracted=38558000 fixture_ms_total=598.577413 fixture_ticks=11216
",5314.649025211,5314.649969137,223.23,473964,55,1027219456,1027219456,6578442240,999727104,27394048,273,568328192,460976844,12.999942332256314
50,2026-10-06T10:02:01.189636+00:00,100.00775666800018,4,OFF_observed,False,1.9997998080007164,0.005711940999390208,,0,1000,0,0,0,47719,0,0,0,0.135653,0.475433,1.184738,716,0.0,0.0,0.0,0,0.0,0.0,0.0,0,4.033212,14.980538,21.372898,2048,142712,237,0,"STATUS online tickets=0 {registered_loaded_endpoints=1000, active_endpoints=0, worker_queue=0, actual_tickets=0, transactions=47719, errors=0, queue_rejected=0, quarantined=0, tick_ms_p50=0.135653, tick_ms_p95=0.475433, tick_ms_p99=1.184738, tick_ms_samples=716, delivery_ms_p50=0.0, delivery_ms_p95=0.0, delivery_ms_p99=0.0, delivery_ms_samples=0, sql_ms_p50=0.0, sql_ms_p95=0.0, sql_ms_p99=0.0, sql_ms_samples=0, db_transaction_ms_p50=4.033212, db_transaction_ms_p95=14.980538, db_transaction_ms_p99=21.372898, db_transaction_ms_samples=2048, db_transactions=142712, db_deadlock_retries=237, db_active_connections=0}
",5316.643239788,5316.646756665,1000,1000,1000,1000,40000000,38558000,598.656082,11256,"BULK count=1000 spawned=1000 registered=1000 bound=1000 accepted=40000000 extracted=38558000 fixture_ms_total=598.656082 fixture_ticks=11256
",5316.646825208,5316.647847432,223.44,473964,55,1027297280,1027297280,6578442240,999804928,27394048,274,,,10.501051113208865
51,2026-10-06T10:02:03.189615+00:00,102.00773581500016,4,OFF_observed,False,1.9999791469999764,0.005934864999289857,,0,1000,0,0,0,47719,0,0,0,0.135653,0.480842,1.184738,756,0.0,0.0,0.0,0,0.0,0.0,0.0,0,4.019993,14.94314,21.372898,2048,142722,237,0,"STATUS online tickets=0 {registered_loaded_endpoints=1000, active_endpoints=0, worker_queue=0, actual_tickets=0, transactions=47719, errors=0, queue_rejected=0, quarantined=0, tick_ms_p50=0.135653, tick_ms_p95=0.480842, tick_ms_p99=1.184738, tick_ms_samples=756, delivery_ms_p50=0.0, delivery_ms_p95=0.0, delivery_ms_p99=0.0, delivery_ms_samples=0, sql_ms_p50=0.0, sql_ms_p95=0.0, sql_ms_p99=0.0, sql_ms_samples=0, db_transaction_ms_p50=4.019993, db_transaction_ms_p95=14.94314, db_transaction_ms_p99=21.372898, db_transaction_ms_samples=2048, db_transactions=142722, db_deadlock_retries=237, db_active_connections=0}
",5318.643264373,5318.646335281,1000,1000,1000,1000,40000000,38558000,598.789904,11296,"BULK count=1000 spawned=1000 registered=1000 bound=1000 accepted=40000000 extracted=38558000 fixture_ms_total=598.789904 fixture_ticks=11296
",5318.646412837,5318.647784055,223.71,473964,55,1027239936,1027239936,6578442240,999747584,27394048,273,,,13.500140759218295
52,2026-10-06T10:02:05.189596+00:00,104.0077162789994,4,OFF_observed,False,1.9999804639992362,0.006035929000063334,,0,1000,0,0,0,47719,0,0,0,0.136465,0.475433,1.184738,796,0.0,0.0,0.0,0,0.0,0.0,0.0,0,4.019993,14.94314,21.372898,2048,142731,237,0,"STATUS online tickets=0 {registered_loaded_endpoints=1000, active_endpoints=0, worker_queue=0, actual_tickets=0, transactions=47719, errors=0, queue_rejected=0, quarantined=0, tick_ms_p50=0.136465, tick_ms_p95=0.475433, tick_ms_p99=1.184738, tick_ms_samples=796, delivery_ms_p50=0.0, delivery_ms_p95=0.0, delivery_ms_p99=0.0, delivery_ms_samples=0, sql_ms_p50=0.0, sql_ms_p95=0.0, sql_ms_p99=0.0, sql_ms_samples=0, db_transaction_ms_p50=4.019993, db_transaction_ms_p95=14.94314, db_transaction_ms_p99=21.372898, db_transaction_ms_samples=2048, db_transactions=142731, db_deadlock_retries=237, db_active_connections=0}
",5320.643205148,5320.647312663,1000,1000,1000,1000,40000000,38558000,598.966237,11336,"BULK count=1000 spawned=1000 registered=1000 bound=1000 accepted=40000000 extracted=38558000 fixture_ms_total=598.966237 fixture_ticks=11336
",5320.647385021,5320.64821669,223.91,473964,55,1027268608,1027268608,6578442240,999776256,27394048,273,,,10.0000976809574
53,2026-10-06T10:02:07.189595+00:00,106.00771587599957,4,OFF_observed,False,1.9999995970001692,0.004470890999982657,,0,1000,0,0,0,47719,0,0,0,0.136565,0.470887,1.13963,836,0.0,0.0,0.0,0,0.0,0.0,0.0,0,4.008528,14.904254,21.372898,2048,142742,237,0,"STATUS online tickets=0 {registered_loaded_endpoints=1000, active_endpoints=0, worker_queue=0, actual_tickets=0, transactions=47719, errors=0, queue_rejected=0, quarantined=0, tick_ms_p50=0.136565, tick_ms_p95=0.470887, tick_ms_p99=1.13963, tick_ms_samples=836, delivery_ms_p50=0.0, delivery_ms_p95=0.0, delivery_ms_p99=0.0, delivery_ms_samples=0, sql_ms_p50=0.0, sql_ms_p95=0.0, sql_ms_p99=0.0, sql_ms_samples=0, db_transaction_ms_p50=4.008528, db_transaction_ms_p95=14.904254, db_transaction_ms_p99=21.372898, db_transaction_ms_samples=2048, db_transactions=142742, db_deadlock_retries=237, db_active_connections=0}
",5322.643202051,5322.645790326,1000,1000,1000,1000,40000000,38558000,599.045064,11376,"BULK count=1000 spawned=1000 registered=1000 bound=1000 accepted=40000000 extracted=38558000 fixture_ms_total=599.045064 fixture_ticks=11376
",5322.645861072,5322.646707983,224.1,473964,55,1027272704,1027272704,6578442240,999780352,27394048,273,,,9.500001914249468
54,2026-10-06T10:02:09.189627+00:00,108.00774640899999,4,OFF_observed,False,2.0000305330004267,0.0047661439994044486,,0,1000,0,0,0,47719,0,0,0,0.135723,0.462003,1.13963,876,0.0,0.0,0.0,0,0.0,0.0,0.0,0,4.006181,14.896276,21.372898,2048,142752,237,0,"STATUS online tickets=0 {registered_loaded_endpoints=1000, active_endpoints=0, worker_queue=0, actual_tickets=0, transactions=47719, errors=0, queue_rejected=0, quarantined=0, tick_ms_p50=0.135723, tick_ms_p95=0.462003, tick_ms_p99=1.13963, tick_ms_samples=876, delivery_ms_p50=0.0, delivery_ms_p95=0.0, delivery_ms_p99=0.0, delivery_ms_samples=0, sql_ms_p50=0.0, sql_ms_p95=0.0, sql_ms_p99=0.0, sql_ms_samples=0, db_transaction_ms_p50=4.006181, db_transaction_ms_p95=14.896276, db_transaction_ms_p99=21.372898, db_transaction_ms_samples=2048, db_transactions=142752, db_deadlock_retries=237, db_active_connections=0}
",5324.643217982,5324.646171675,1000,1000,1000,1000,40000000,38558000,599.118887,11416,"BULK count=1000 spawned=1000 registered=1000 bound=1000 accepted=40000000 extracted=38558000 fixture_ms_total=599.118887 fixture_ticks=11416
",5324.646232767,5324.647006779,224.3,473964,54,1027211264,1027211264,6578442240,999718912,27394048,273,,,9.999847337329344
55,2026-10-06T10:02:11.189624+00:00,110.00774373599961,4,OFF_observed,False,1.999997326999619,0.2809293370000887,,0,1000,0,0,0,47719,0,0,0,0.134982,0.451037,1.056015,916,0.0,0.0,0.0,0,0.0,0.0,0.0,0,3.999611,14.896276,21.372898,2048,142763,237,0,"STATUS online tickets=0 {registered_loaded_endpoints=1000, active_endpoints=0, worker_queue=0, actual_tickets=0, transactions=47719, errors=0, queue_rejected=0, quarantined=0, tick_ms_p50=0.134982, tick_ms_p95=0.451037, tick_ms_p99=1.056015, tick_ms_samples=916, delivery_ms_p50=0.0, delivery_ms_p95=0.0, delivery_ms_p99=0.0, delivery_ms_samples=0, sql_ms_p50=0.0, sql_ms_p95=0.0, sql_ms_p99=0.0, sql_ms_samples=0, db_transaction_ms_p50=3.999611, db_transaction_ms_p95=14.896276, db_transaction_ms_p99=21.372898, db_transaction_ms_samples=2048, db_transactions=142763, db_deadlock_retries=237, db_active_connections=0}
",5326.64326243,5326.646246257,1000,1000,1000,1000,40000000,38558000,599.193893,11456,"BULK count=1000 spawned=1000 registered=1000 bound=1000 accepted=40000000 extracted=38558000 fixture_ms_total=599.193893 fixture_ticks=11456
",5326.646315341,5326.64726174,224.48,473964,54,1027219456,1027219456,6578442240,999727104,27394048,273,568328192,498725580,9.00001202851671
56,2026-10-06T10:02:13.189631+00:00,112.0077509849998,4,OFF_observed,False,2.0000072490001912,0.007241889999932027,,0,1000,0,0,0,47719,0,0,0,0.135503,0.451037,1.056015,956,0.0,0.0,0.0,0,0.0,0.0,0.0,0,3.995885,14.82639,21.372898,2048,142772,237,0,"STATUS online tickets=0 {registered_loaded_endpoints=1000, active_endpoints=0, worker_queue=0, actual_tickets=0, transactions=47719, errors=0, queue_rejected=0, quarantined=0, tick_ms_p50=0.135503, tick_ms_p95=0.451037, tick_ms_p99=1.056015, tick_ms_samples=956, delivery_ms_p50=0.0, delivery_ms_p95=0.0, delivery_ms_p99=0.0, delivery_ms_samples=0, sql_ms_p50=0.0, sql_ms_p95=0.0, sql_ms_p99=0.0, sql_ms_samples=0, db_transaction_ms_p50=3.995885, db_transaction_ms_p95=14.82639, db_transaction_ms_p99=21.372898, db_transaction_ms_samples=2048, db_transactions=142772, db_deadlock_retries=237, db_active_connections=0}
",5328.643240975,5328.648026876,1000,1000,1000,1000,40000000,38558000,599.270384,11496,"BULK count=1000 spawned=1000 registered=1000 bound=1000 accepted=40000000 extracted=38558000 fixture_ms_total=599.270384 fixture_ticks=11496
",5328.648090241,5328.649384075,224.71,473964,54,1027227648,1027227648,6578442240,999735296,27394048,273,,,11.499958318400886
57,2026-10-06T10:02:15.189630+00:00,114.00774986099987,4,OFF_observed,False,1.9999988760000633,0.005077859999801149,,0,1000,0,0,0,47719,0,0,0,0.135674,0.444827,1.056015,996,0.0,0.0,0.0,0,0.0,0.0,0.0,0,3.991699,14.82639,21.372898,2048,142784,237,0,"STATUS online tickets=0 {registered_loaded_endpoints=1000, active_endpoints=0, worker_queue=0, actual_tickets=0, transactions=47719, errors=0, queue_rejected=0, quarantined=0, tick_ms_p50=0.135674, tick_ms_p95=0.444827, tick_ms_p99=1.056015, tick_ms_samples=996, delivery_ms_p50=0.0, delivery_ms_p95=0.0, delivery_ms_p99=0.0, delivery_ms_samples=0, sql_ms_p50=0.0, sql_ms_p95=0.0, sql_ms_p99=0.0, sql_ms_samples=0, db_transaction_ms_p50=3.991699, db_transaction_ms_p95=14.82639, db_transaction_ms_p99=21.372898, db_transaction_ms_samples=2048, db_transactions=142784, db_deadlock_retries=237, db_active_connections=0}
",5330.643215666,5330.646355243,1000,1000,1000,1000,40000000,38558000,599.344113,11536,"BULK count=1000 spawned=1000 registered=1000 bound=1000 accepted=40000000 extracted=38558000 fixture_ms_total=599.344113 fixture_ticks=11536
",5330.646410135,5330.647303367,224.9,473964,53,1027162112,1027162112,6578442240,999669760,27394048,273,,,9.500005339002586
58,2026-10-06T10:02:17.189620+00:00,116.00774052899942,4,OFF_observed,False,1.9999906679995547,0.004902727000626328,,0,1000,0,0,0,47719,0,0,0,0.136154,0.443896,1.042765,1036,0.0,0.0,0.0,0,0.0,0.0,0.0,0,3.993385,14.82639,21.372898,2048,142794,237,0,"STATUS online tickets=0 {registered_loaded_endpoints=1000, active_endpoints=0, worker_queue=0, actual_tickets=0, transactions=47719, errors=0, queue_rejected=0, quarantined=0, tick_ms_p50=0.136154, tick_ms_p95=0.443896, tick_ms_p99=1.042765, tick_ms_samples=1036, delivery_ms_p50=0.0, delivery_ms_p95=0.0, delivery_ms_p99=0.0, delivery_ms_samples=0, sql_ms_p50=0.0, sql_ms_p95=0.0, sql_ms_p99=0.0, sql_ms_samples=0, db_transaction_ms_p50=3.993385, db_transaction_ms_p95=14.82639, db_transaction_ms_p99=21.372898, db_transaction_ms_samples=2048, db_transactions=142794, db_deadlock_retries=237, db_active_connections=0}
",5332.643224381,5332.646260126,1000,1000,1000,1000,40000000,38558000,599.417688,11576,"BULK count=1000 spawned=1000 registered=1000 bound=1000 accepted=40000000 extracted=38558000 fixture_ms_total=599.417688 fixture_ticks=11576
",5332.64631616,5332.647156551,225.1,473964,53,1027166208,1027166208,6578442240,999673856,27394048,273,,,10.000046660219375
59,2026-10-06T10:02:19.189613+00:00,118.00773414499963,4,OFF_observed,False,1.9999936160002107,0.00445629200021358,,0,1000,0,0,0,47719,0,0,0,0.137066,0.443896,1.042765,1076,0.0,0.0,0.0,0,0.0,0.0,0.0,0,3.992069,14.82639,21.372898,2048,142803,237,0,"STATUS online tickets=0 {registered_loaded_endpoints=1000, active_endpoints=0, worker_queue=0, actual_tickets=0, transactions=47719, errors=0, queue_rejected=0, quarantined=0, tick_ms_p50=0.137066, tick_ms_p95=0.443896, tick_ms_p99=1.042765, tick_ms_samples=1076, delivery_ms_p50=0.0, delivery_ms_p95=0.0, delivery_ms_p99=0.0, delivery_ms_samples=0, sql_ms_p50=0.0, sql_ms_p95=0.0, sql_ms_p99=0.0, sql_ms_samples=0, db_transaction_ms_p50=3.992069, db_transaction_ms_p95=14.82639, db_transaction_ms_p99=21.372898, db_transaction_ms_samples=2048, db_transactions=142803, db_deadlock_retries=237, db_active_connections=0}
",5334.643271326,5334.645845674,1000,1000,1000,1000,40000000,38558000,599.492931,11616,"BULK count=1000 spawned=1000 registered=1000 bound=1000 accepted=40000000 extracted=38558000 fixture_ms_total=599.492931 fixture_ticks=11616
",5334.645898013,5334.646710152,225.28,473964,53,1027174400,1027174400,6578442240,999682048,27394048,273,,,9.000028728091094
60,2026-10-06T10:02:21.189618+00:00,120.00773865500014,4,OFF_observed,False,2.000004510000508,0.006182111999805784,,0,1000,0,0,0,47719,0,0,0,0.139309,0.443005,1.021462,1116,0.0,0.0,0.0,0,0.0,0.0,0.0,0,3.982715,14.82639,21.372898,2048,142813,237,0,"STATUS online tickets=0 {registered_loaded_endpoints=1000, active_endpoints=0, worker_queue=0, actual_tickets=0, transactions=47719, errors=0, queue_rejected=0, quarantined=0, tick_ms_p50=0.139309, tick_ms_p95=0.443005, tick_ms_p99=1.021462, tick_ms_samples=1116, delivery_ms_p50=0.0, delivery_ms_p95=0.0, delivery_ms_p99=0.0, delivery_ms_samples=0, sql_ms_p50=0.0, sql_ms_p95=0.0, sql_ms_p99=0.0, sql_ms_samples=0, db_transaction_ms_p50=3.982715, db_transaction_ms_p95=14.82639, db_transaction_ms_p99=21.372898, db_transaction_ms_samples=2048, db_transactions=142813, db_deadlock_retries=237, db_active_connections=0}
",5336.643238421,5336.647242803,1000,1000,1000,1000,40000000,38558000,599.5664,11656,"BULK count=1000 spawned=1000 registered=1000 bound=1000 accepted=40000000 extracted=38558000 fixture_ms_total=599.5664 fixture_ticks=11656
",5336.647308722,5336.648409314,225.63,473964,54,1027231744,1027231744,6578442240,999739392,27394048,273,,,17.499960537584258
61,2026-10-06T10:02:23.189614+00:00,122.00773468599982,4,OFF_observed,False,1.9999960309996823,0.3143221869995614,,0,1000,0,0,0,47719,0,0,0,0.143005,0.443896,1.021462,1156,0.0,0.0,0.0,0,0.0,0.0,0.0,0,3.979141,14.82639,21.372898,2048,142824,237,0,"STATUS online tickets=0 {registered_loaded_endpoints=1000, active_endpoints=0, worker_queue=0, actual_tickets=0, transactions=47719, errors=0, queue_rejected=0, quarantined=0, tick_ms_p50=0.143005, tick_ms_p95=0.443896, tick_ms_p99=1.021462, tick_ms_samples=1156, delivery_ms_p50=0.0, delivery_ms_p95=0.0, delivery_ms_p99=0.0, delivery_ms_samples=0, sql_ms_p50=0.0, sql_ms_p95=0.0, sql_ms_p99=0.0, sql_ms_samples=0, db_transaction_ms_p50=3.979141, db_transaction_ms_p95=14.82639, db_transaction_ms_p99=21.372898, db_transaction_ms_samples=2048, db_transactions=142824, db_deadlock_retries=237, db_active_connections=0}
",5338.643231417,5338.64878812,1000,1000,1000,1000,40000000,38558000,599.641724,11696,"BULK count=1000 spawned=1000 registered=1000 bound=1000 accepted=40000000 extracted=38558000 fixture_ms_total=599.641724 fixture_ticks=11696
",5338.64887501,5338.652279392,226.33,473964,53,1027170304,1027170304,6578442240,999677952,27394048,273,568328192,222377676,35.00006945764425
62,2026-10-06T10:02:25.189599+00:00,124.00771910000003,4,OFF_observed,False,1.9999844140002097,0.0052389759994184715,,0,1000,0,0,0,47719,0,0,0,0.142794,0.443896,1.021462,1196,0.0,0.0,0.0,0,0.0,0.0,0.0,0,3.984682,14.82639,21.372898,2048,142833,237,0,"STATUS online tickets=0 {registered_loaded_endpoints=1000, active_endpoints=0, worker_queue=0, actual_tickets=0, transactions=47719, errors=0, queue_rejected=0, quarantined=0, tick_ms_p50=0.142794, tick_ms_p95=0.443896, tick_ms_p99=1.021462, tick_ms_samples=1196, delivery_ms_p50=0.0, delivery_ms_p95=0.0, delivery_ms_p99=0.0, delivery_ms_samples=0, sql_ms_p50=0.0, sql_ms_p95=0.0, sql_ms_p99=0.0, sql_ms_samples=0, db_transaction_ms_p50=3.984682, db_transaction_ms_p95=14.82639, db_transaction_ms_p99=21.372898, db_transaction_ms_samples=2048, db_transactions=142833, db_deadlock_retries=237, db_active_connections=0}
",5340.643231514,5340.646531709,1000,1000,1000,1000,40000000,38558000,599.720483,11736,"BULK count=1000 spawned=1000 registered=1000 bound=1000 accepted=40000000 extracted=38558000 fixture_ms_total=599.720483 fixture_ticks=11736
",5340.646623908,5340.647389557,226.53,473964,53,1027244032,1027244032,6578442240,999751680,27394048,273,,,10.000077930605697
63,2026-10-06T10:02:27.189618+00:00,126.00773877099982,4,OFF_observed,False,2.000019670999791,0.004608465999808686,,0,1000,0,0,0,47719,0,0,0,0.142794,0.443005,1.014784,1236,0.0,0.0,0.0,0,0.0,0.0,0.0,0,3.97226,14.82639,21.372898,2048,142843,237,0,"STATUS online tickets=0 {registered_loaded_endpoints=1000, active_endpoints=0, worker_queue=0, actual_tickets=0, transactions=47719, errors=0, queue_rejected=0, quarantined=0, tick_ms_p50=0.142794, tick_ms_p95=0.443005, tick_ms_p99=1.014784, tick_ms_samples=1236, delivery_ms_p50=0.0, delivery_ms_p95=0.0, delivery_ms_p99=0.0, delivery_ms_samples=0, sql_ms_p50=0.0, sql_ms_p95=0.0, sql_ms_p99=0.0, sql_ms_samples=0, db_transaction_ms_p50=3.97226, db_transaction_ms_p95=14.82639, db_transaction_ms_p99=21.372898, db_transaction_ms_samples=2048, db_transactions=142843, db_deadlock_retries=237, db_active_connections=0}
",5342.643207549,5342.646091617,1000,1000,1000,1000,40000000,38558000,599.798247,11776,"BULK count=1000 spawned=1000 registered=1000 bound=1000 accepted=40000000 extracted=38558000 fixture_ms_total=599.798247 fixture_ticks=11776
",5342.64614677,5342.64684615,226.72,473964,53,1027244032,1027244032,6578442240,999751680,27394048,274,,,9.499906563669873
64,2026-10-06T10:02:29.189607+00:00,128.0077268240002,4,OFF_observed,False,1.9999880530003793,0.005509499999789114,,0,1000,0,0,0,47719,0,0,0,0.143255,0.432679,1.014784,1276,0.0,0.0,0.0,0,0.0,0.0,0.0,0,3.979141,14.82639,21.372898,2048,142854,237,0,"STATUS online tickets=0 {registered_loaded_endpoints=1000, active_endpoints=0, worker_queue=0, actual_tickets=0, transactions=47719, errors=0, queue_rejected=0, quarantined=0, tick_ms_p50=0.143255, tick_ms_p95=0.432679, tick_ms_p99=1.014784, tick_ms_samples=1276, delivery_ms_p50=0.0, delivery_ms_p95=0.0, delivery_ms_p99=0.0, delivery_ms_samples=0, sql_ms_p50=0.0, sql_ms_p95=0.0, sql_ms_p99=0.0, sql_ms_samples=0, db_transaction_ms_p50=3.979141, db_transaction_ms_p95=14.82639, db_transaction_ms_p99=21.372898, db_transaction_ms_samples=2048, db_transactions=142854, db_deadlock_retries=237, db_active_connections=0}
",5344.643229083,5344.646348605,1000,1000,1000,1000,40000000,38558000,599.877677,11816,"BULK count=1000 spawned=1000 registered=1000 bound=1000 accepted=40000000 extracted=38558000 fixture_ms_total=599.877677 fixture_ticks=11816
",5344.646416918,5344.647508897,226.91,473964,51,1027112960,1027112960,6578442240,999620608,27394048,273,,,9.500056748587072
65,2026-10-06T10:02:31.189619+00:00,130.00773990699963,4,OFF_observed,False,2.0000130829994305,0.006626676000450971,,0,1000,0,0,0,47719,0,0,0,0.143255,0.432679,0.974672,1316,0.0,0.0,0.0,0,0.0,0.0,0.0,0,3.979141,14.82639,21.372898,2048,142863,237,0,"STATUS online tickets=0 {registered_loaded_endpoints=1000, active_endpoints=0, worker_queue=0, actual_tickets=0, transactions=47719, errors=0, queue_rejected=0, quarantined=0, tick_ms_p50=0.143255, tick_ms_p95=0.432679, tick_ms_p99=0.974672, tick_ms_samples=1316, delivery_ms_p50=0.0, delivery_ms_p95=0.0, delivery_ms_p99=0.0, delivery_ms_samples=0, sql_ms_p50=0.0, sql_ms_p95=0.0, sql_ms_p99=0.0, sql_ms_samples=0, db_transaction_ms_p50=3.979141, db_transaction_ms_p95=14.82639, db_transaction_ms_p99=21.372898, db_transaction_ms_samples=2048, db_transactions=142863, db_deadlock_retries=237, db_active_connections=0}
",5346.643268385,5346.647499997,1000,1000,1000,1000,40000000,38558000,599.957147,11856,"BULK count=1000 spawned=1000 registered=1000 bound=1000 accepted=40000000 extracted=38558000 fixture_ms_total=599.957147 fixture_ticks=11856
",5346.647596061,5346.648601931,227.13,473964,51,1027112960,1027112960,6578442240,999620608,27394048,274,,,10.999928043973776
66,2026-10-06T10:02:33.189608+00:00,132.00772934699944,4,OFF_observed,False,1.9999894399998084,0.006458183000177087,,0,1000,0,0,0,47719,0,0,0,0.143976,0.432679,0.974672,1356,0.0,0.0,0.0,0,0.0,0.0,0.0,0,3.969335,14.82639,21.372898,2048,142874,237,0,"STATUS online tickets=0 {registered_loaded_endpoints=1000, active_endpoints=0, worker_queue=0, actual_tickets=0, transactions=47719, errors=0, queue_rejected=0, quarantined=0, tick_ms_p50=0.143976, tick_ms_p95=0.432679, tick_ms_p99=0.974672, tick_ms_samples=1356, delivery_ms_p50=0.0, delivery_ms_p95=0.0, delivery_ms_p99=0.0, delivery_ms_samples=0, sql_ms_p50=0.0, sql_ms_p95=0.0, sql_ms_p99=0.0, sql_ms_samples=0, db_transaction_ms_p50=3.969335, db_transaction_ms_p95=14.82639, db_transaction_ms_p99=21.372898, db_transaction_ms_samples=2048, db_transactions=142874, db_deadlock_retries=237, db_active_connections=0}
",5348.64321477,5348.64677882,1000,1000,1000,1000,40000000,38558000,600.125427,11896,"BULK count=1000 spawned=1000 registered=1000 bound=1000 accepted=40000000 extracted=38558000 fixture_ms_total=600.125427 fixture_ticks=11896
",5348.64683204,5348.648378551,227.36,473964,51,1027117056,1027117056,6578442240,999624704,27394048,273,,,11.500060720322615
67,2026-10-06T10:02:35.189620+00:00,134.00774105399978,4,OFF_observed,False,2.00001170700034,0.271121020999999,,0,1000,0,0,0,47719,0,0,0,0.143996,0.430857,0.974672,1396,0.0,0.0,0.0,0,0.0,0.0,0.0,0,3.97226,14.82639,21.372898,2048,142883,237,0,"STATUS online tickets=0 {registered_loaded_endpoints=1000, active_endpoints=0, worker_queue=0, actual_tickets=0, transactions=47719, errors=0, queue_rejected=0, quarantined=0, tick_ms_p50=0.143996, tick_ms_p95=0.430857, tick_ms_p99=0.974672, tick_ms_samples=1396, delivery_ms_p50=0.0, delivery_ms_p95=0.0, delivery_ms_p99=0.0, delivery_ms_samples=0, sql_ms_p50=0.0, sql_ms_p95=0.0, sql_ms_p99=0.0, sql_ms_samples=0, db_transaction_ms_p50=3.97226, db_transaction_ms_p95=14.82639, db_transaction_ms_p99=21.372898, db_transaction_ms_samples=2048, db_transactions=142883, db_deadlock_retries=237, db_active_connections=0}
",5350.64322145,5350.646465259,1000,1000,1000,1000,40000000,38558000,600.202966,11936,"BULK count=1000 spawned=1000 registered=1000 bound=1000 accepted=40000000 extracted=38558000 fixture_ms_total=600.202966 fixture_ticks=11936
",5350.646518088,5350.64826513,227.56,473964,51,1027125248,1027125248,6578442240,999632896,27394048,273,568328192,262223564,9.999941465340365
68,2026-10-06T10:02:37.189620+00:00,136.00774161400022,4,OFF_observed,False,2.0000005600004442,0.004922656999951869,,0,1000,0,0,0,47719,0,0,0,0.144537,0.429034,0.957798,1436,0.0,0.0,0.0,0,0.0,0.0,0.0,0,3.979141,14.82639,21.372898,2048,142894,237,0,"STATUS online tickets=0 {registered_loaded_endpoints=1000, active_endpoints=0, worker_queue=0, actual_tickets=0, transactions=47719, errors=0, queue_rejected=0, quarantined=0, tick_ms_p50=0.144537, tick_ms_p95=0.429034, tick_ms_p99=0.957798, tick_ms_samples=1436, delivery_ms_p50=0.0, delivery_ms_p95=0.0, delivery_ms_p99=0.0, delivery_ms_samples=0, sql_ms_p50=0.0, sql_ms_p95=0.0, sql_ms_p99=0.0, sql_ms_samples=0, db_transaction_ms_p50=3.979141, db_transaction_ms_p95=14.82639, db_transaction_ms_p99=21.372898, db_transaction_ms_samples=2048, db_transactions=142894, db_deadlock_retries=237, db_active_connections=0}
",5352.643203602,5352.646513089,1000,1000,1000,1000,40000000,38558000,600.281205,11976,"BULK count=1000 spawned=1000 registered=1000 bound=1000 accepted=40000000 extracted=38558000 fixture_ms_total=600.281205 fixture_ticks=11976
",5352.646579529,5352.647212999,227.8,473964,54,1027403776,1027403776,6578442240,999911424,27394048,274,,,11.99999663999873
69,2026-10-06T10:02:39.189624+00:00,138.00774355300018,4,OFF_observed,False,2.000001938999958,0.005361946999983047,,0,1000,0,0,0,47719,0,0,0,0.145478,0.427031,0.957798,1476,0.0,0.0,0.0,0,0.0,0.0,0.0,0,3.984682,14.865494,21.532301,2048,142904,237,0,"STATUS online tickets=0 {registered_loaded_endpoints=1000, active_endpoints=0, worker_queue=0, actual_tickets=0, transactions=47719, errors=0, queue_rejected=0, quarantined=0, tick_ms_p50=0.145478, tick_ms_p95=0.427031, tick_ms_p99=0.957798, tick_ms_samples=1476, delivery_ms_p50=0.0, delivery_ms_p95=0.0, delivery_ms_p99=0.0, delivery_ms_samples=0, sql_ms_p50=0.0, sql_ms_p95=0.0, sql_ms_p99=0.0, sql_ms_samples=0, db_transaction_ms_p50=3.984682, db_transaction_ms_p95=14.865494, db_transaction_ms_p99=21.532301, db_transaction_ms_samples=2048, db_transactions=142904, db_deadlock_retries=237, db_active_connections=0}
",5354.643320734,5354.646446555,1000,1000,1000,1000,40000000,38558000,600.356148,12016,"BULK count=1000 spawned=1000 registered=1000 bound=1000 accepted=40000000 extracted=38558000 fixture_ms_total=600.356148 fixture_ticks=12016
",5354.646506255,5354.647304222,227.99,473964,53,1027407872,1027407872,6578442240,999915520,27394048,273,,,9.499990789759014
70,2026-10-06T10:02:41.189586+00:00,140.00770664899937,4,OFF_observed,False,1.9999630959991919,0.0058340750001661945,,0,1000,0,0,0,47719,0,0,0,0.144376,0.423596,0.928503,1516,0.0,0.0,0.0,0,0.0,0.0,0.0,0,3.991699,14.865494,21.532301,2048,142914,237,0,"STATUS online tickets=0 {registered_loaded_endpoints=1000, active_endpoints=0, worker_queue=0, actual_tickets=0, transactions=47719, errors=0, queue_rejected=0, quarantined=0, tick_ms_p50=0.144376, tick_ms_p95=0.423596, tick_ms_p99=0.928503, tick_ms_samples=1516, delivery_ms_p50=0.0, delivery_ms_p95=0.0, delivery_ms_p99=0.0, delivery_ms_samples=0, sql_ms_p50=0.0, sql_ms_p95=0.0, sql_ms_p99=0.0, sql_ms_samples=0, db_transaction_ms_p50=3.991699, db_transaction_ms_p95=14.865494, db_transaction_ms_p99=21.532301, db_transaction_ms_samples=2048, db_transactions=142914, db_deadlock_retries=237, db_active_connections=0}
",5356.64317046,5356.647111604,1000,1000,1000,1000,40000000,38558000,600.432651,12056,"BULK count=1000 spawned=1000 registered=1000 bound=1000 accepted=40000000 extracted=38558000 fixture_ms_total=600.432651 fixture_ticks=12056
",5356.647184193,5356.64806165,228.18,473964,53,1027416064,1027416064,6578442240,999923712,27394048,273,,,9.50017529723831
71,2026-10-06T10:02:43.189636+00:00,142.00775631299985,4,OFF_observed,False,2.0000496640004712,0.004491235999921628,,0,1000,0,0,0,47719,0,0,0,0.144817,0.421823,0.928503,1556,0.0,0.0,0.0,0,0.0,0.0,0.0,0,3.993385,14.865494,21.532301,2048,142924,237,0,"STATUS online tickets=0 {registered_loaded_endpoints=1000, active_endpoints=0, worker_queue=0, actual_tickets=0, transactions=47719, errors=0, queue_rejected=0, quarantined=0, tick_ms_p50=0.144817, tick_ms_p95=0.421823, tick_ms_p99=0.928503, tick_ms_samples=1556, delivery_ms_p50=0.0, delivery_ms_p95=0.0, delivery_ms_p99=0.0, delivery_ms_samples=0, sql_ms_p50=0.0, sql_ms_p95=0.0, sql_ms_p99=0.0, sql_ms_samples=0, db_transaction_ms_p50=3.993385, db_transaction_ms_p95=14.865494, db_transaction_ms_p99=21.532301, db_transaction_ms_samples=2048, db_transactions=142924, db_deadlock_retries=237, db_active_connections=0}
",5358.643253745,5358.645905665,1000,1000,1000,1000,40000000,38558000,600.509608,12096,"BULK count=1000 spawned=1000 registered=1000 bound=1000 accepted=40000000 extracted=38558000 fixture_ms_total=600.509608 fixture_ticks=12096
",5358.64596229,5358.646786141,228.39,473964,53,1027420160,1027420160,6578442240,999927808,27394048,273,,,10.499739270470938
72,2026-10-06T10:02:45.189619+00:00,144.0077401210001,4,OFF_observed,False,1.9999838080002519,0.00428894600008789,,0,1000,0,0,0,47719,0,0,0,0.144727,0.418618,0.928503,1596,0.0,0.0,0.0,0,0.0,0.0,0.0,0,3.991699,14.865494,21.532301,2048,142936,237,0,"STATUS online tickets=0 {registered_loaded_endpoints=1000, active_endpoints=0, worker_queue=0, actual_tickets=0, transactions=47719, errors=0, queue_rejected=0, quarantined=0, tick_ms_p50=0.144727, tick_ms_p95=0.418618, tick_ms_p99=0.928503, tick_ms_samples=1596, delivery_ms_p50=0.0, delivery_ms_p95=0.0, delivery_ms_p99=0.0, delivery_ms_samples=0, sql_ms_p50=0.0, sql_ms_p95=0.0, sql_ms_p99=0.0, sql_ms_samples=0, db_transaction_ms_p50=3.991699, db_transaction_ms_p95=14.865494, db_transaction_ms_p99=21.532301, db_transaction_ms_samples=2048, db_transactions=142936, db_deadlock_retries=237, db_active_connections=0}
",5360.643216491,5360.645922191,1000,1000,1000,1000,40000000,38558000,600.585599,12136,"BULK count=1000 spawned=1000 registered=1000 bound=1000 accepted=40000000 extracted=38558000 fixture_ms_total=600.585599 fixture_ticks=12136
",5360.6459747,5360.646599277,228.57,473964,53,1027424256,1027424256,6578442240,999931904,27394048,274,,,9.00007286458912
73,2026-10-06T10:02:47.189609+00:00,146.00772865099952,4,OFF_observed,False,1.9999885299994276,0.2864515780001966,,0,1000,0,0,0,47719,0,0,0,0.143947,0.416775,0.903876,1636,0.0,0.0,0.0,0,0.0,0.0,0.0,0,3.982715,14.82639,21.372898,2048,142946,237,0,"STATUS online tickets=0 {registered_loaded_endpoints=1000, active_endpoints=0, worker_queue=0, actual_tickets=0, transactions=47719, errors=0, queue_rejected=0, quarantined=0, tick_ms_p50=0.143947, tick_ms_p95=0.416775, tick_ms_p99=0.903876, tick_ms_samples=1636, delivery_ms_p50=0.0, delivery_ms_p95=0.0, delivery_ms_p99=0.0, delivery_ms_samples=0, sql_ms_p50=0.0, sql_ms_p95=0.0, sql_ms_p99=0.0, sql_ms_samples=0, db_transaction_ms_p50=3.982715, db_transaction_ms_p95=14.82639, db_transaction_ms_p99=21.372898, db_transaction_ms_samples=2048, db_transactions=142946, db_deadlock_retries=237, db_active_connections=0}
",5362.643318782,5362.646083685,1000,1000,1000,1000,40000000,38558000,600.662358,12176,"BULK count=1000 spawned=1000 registered=1000 bound=1000 accepted=40000000 extracted=38558000 fixture_ms_total=600.662358 fixture_ticks=12176
",5362.646134882,5362.6468536,228.76,473964,53,1027436544,1027436544,6578442240,999944192,27394048,273,568328192,301020876,9.500054482815063
74,2026-10-06T10:02:49.189614+00:00,148.00773418300014,4,OFF_observed,False,2.000005532000614,0.0052427319997150335,,0,1000,0,0,0,47719,0,0,0,0.144527,0.415693,0.903876,1676,0.0,0.0,0.0,0,0.0,0.0,0.0,0,3.974003,14.82639,21.372898,2048,142958,237,0,"STATUS online tickets=0 {registered_loaded_endpoints=1000, active_endpoints=0, worker_queue=0, actual_tickets=0, transactions=47719, errors=0, queue_rejected=0, quarantined=0, tick_ms_p50=0.144527, tick_ms_p95=0.415693, tick_ms_p99=0.903876, tick_ms_samples=1676, delivery_ms_p50=0.0, delivery_ms_p95=0.0, delivery_ms_p99=0.0, delivery_ms_samples=0, sql_ms_p50=0.0, sql_ms_p95=0.0, sql_ms_p99=0.0, sql_ms_samples=0, db_transaction_ms_p50=3.974003, db_transaction_ms_p95=14.82639, db_transaction_ms_p99=21.372898, db_transaction_ms_samples=2048, db_transactions=142958, db_deadlock_retries=237, db_active_connections=0}
",5364.643231875,5364.646647635,1000,1000,1000,1000,40000000,38558000,600.742237,12216,"BULK count=1000 spawned=1000 registered=1000 bound=1000 accepted=40000000 extracted=38558000 fixture_ms_total=600.742237 fixture_ticks=12216
",5364.646723649,5364.647493034,228.96,473964,53,1027436544,1027436544,6578442240,999944192,27394048,273,,,9.99997234007429
75,2026-10-06T10:02:51.189625+00:00,150.0077455139999,4,OFF_observed,False,2.0000113309997687,0.004417617999934009,,0,1000,0,0,0,47719,0,0,0,0.143996,0.408903,0.876581,1716,0.0,0.0,0.0,0,0.0,0.0,0.0,0,3.969335,14.82639,21.372898,2048,142970,237,0,"STATUS online tickets=0 {registered_loaded_endpoints=1000, active_endpoints=0, worker_queue=0, actual_tickets=0, transactions=47719, errors=0, queue_rejected=0, quarantined=0, tick_ms_p50=0.143996, tick_ms_p95=0.408903, tick_ms_p99=0.876581, tick_ms_samples=1716, delivery_ms_p50=0.0, delivery_ms_p95=0.0, delivery_ms_p99=0.0, delivery_ms_samples=0, sql_ms_p50=0.0, sql_ms_p95=0.0, sql_ms_p99=0.0, sql_ms_samples=0, db_transaction_ms_p50=3.969335, db_transaction_ms_p95=14.82639, db_transaction_ms_p99=21.372898, db_transaction_ms_samples=2048, db_transactions=142970, db_deadlock_retries=237, db_active_connections=0}
",5366.643244548,5366.64581185,1000,1000,1000,1000,40000000,38558000,600.818484,12256,"BULK count=1000 spawned=1000 registered=1000 bound=1000 accepted=40000000 extracted=38558000 fixture_ms_total=600.818484 fixture_ticks=12256
",5366.645862206,5366.646612882,229.15,473964,53,1027465216,1027465216,6578442240,999972864,27394048,273,,,9.499946178055914
76,2026-10-06T10:02:53.189626+00:00,152.00774668099984,4,OFF_observed,False,2.0000011669999367,0.0053676239995184005,,0,1000,0,0,0,47719,0,0,0,0.145077,0.406099,0.876581,1756,0.0,0.0,0.0,0,0.0,0.0,0.0,0,3.969335,14.82639,21.372898,2048,142979,237,0,"STATUS online tickets=0 {registered_loaded_endpoints=1000, active_endpoints=0, worker_queue=0, actual_tickets=0, transactions=47719, errors=0, queue_rejected=0, quarantined=0, tick_ms_p50=0.145077, tick_ms_p95=0.406099, tick_ms_p99=0.876581, tick_ms_samples=1756, delivery_ms_p50=0.0, delivery_ms_p95=0.0, delivery_ms_p99=0.0, delivery_ms_samples=0, sql_ms_p50=0.0, sql_ms_p95=0.0, sql_ms_p99=0.0, sql_ms_samples=0, db_transaction_ms_p50=3.969335, db_transaction_ms_p95=14.82639, db_transaction_ms_p99=21.372898, db_transaction_ms_samples=2048, db_transactions=142979, db_deadlock_retries=237, db_active_connections=0}
",5368.643232796,5368.646465967,1000,1000,1000,1000,40000000,38558000,600.896302,12296,"BULK count=1000 spawned=1000 registered=1000 bound=1000 accepted=40000000 extracted=38558000 fixture_ms_total=600.896302 fixture_ticks=12296
",5368.646520058,5368.647460559,229.37,473964,53,1027473408,1027473408,6578442240,999981056,27394048,273,,,10.999993581504036
77,2026-10-06T10:02:55.189609+00:00,154.00772962599967,4,OFF_observed,False,1.9999829449998288,0.005159317000106967,,0,1000,0,0,0,47719,0,0,0,0.143976,0.406099,0.903876,1796,0.0,0.0,0.0,0,0.0,0.0,0.0,0,3.954984,14.82639,21.372898,2048,142990,237,0,"STATUS online tickets=0 {registered_loaded_endpoints=1000, active_endpoints=0, worker_queue=0, actual_tickets=0, transactions=47719, errors=0, queue_rejected=0, quarantined=0, tick_ms_p50=0.143976, tick_ms_p95=0.406099, tick_ms_p99=0.903876, tick_ms_samples=1796, delivery_ms_p50=0.0, delivery_ms_p95=0.0, delivery_ms_p99=0.0, delivery_ms_samples=0, sql_ms_p50=0.0, sql_ms_p95=0.0, sql_ms_p99=0.0, sql_ms_samples=0, db_transaction_ms_p50=3.954984, db_transaction_ms_p95=14.82639, db_transaction_ms_p99=21.372898, db_transaction_ms_samples=2048, db_transactions=142990, db_deadlock_retries=237, db_active_connections=0}
",5370.643212866,5370.646512067,1000,1000,1000,1000,40000000,38558000,600.975058,12336,"BULK count=1000 spawned=1000 registered=1000 bound=1000 accepted=40000000 extracted=38558000 fixture_ms_total=600.975058 fixture_ticks=12336
",5370.646592268,5370.647373315,229.55,473964,53,1027473408,1027473408,6578442240,999981056,27394048,273,,,9.000076748155582
78,2026-10-06T10:02:57.189614+00:00,156.0077354819996,4,OFF_observed,False,2.000005855999916,0.26659894500062364,,0,1000,0,0,0,47719,0,0,0,0.142794,0.402073,0.876581,1836,0.0,0.0,0.0,0,0.0,0.0,0.0,0,3.954409,14.82639,21.372898,2048,142999,237,0,"STATUS online tickets=0 {registered_loaded_endpoints=1000, active_endpoints=0, worker_queue=0, actual_tickets=0, transactions=47719, errors=0, queue_rejected=0, quarantined=0, tick_ms_p50=0.142794, tick_ms_p95=0.402073, tick_ms_p99=0.876581, tick_ms_samples=1836, delivery_ms_p50=0.0, delivery_ms_p95=0.0, delivery_ms_p99=0.0, delivery_ms_samples=0, sql_ms_p50=0.0, sql_ms_p95=0.0, sql_ms_p99=0.0, sql_ms_samples=0, db_transaction_ms_p50=3.954409, db_transaction_ms_p95=14.82639, db_transaction_ms_p99=21.372898, db_transaction_ms_samples=2048, db_transactions=142999, db_deadlock_retries=237, db_active_connections=0}
",5372.643221977,5372.64596951,1000,1000,1000,1000,40000000,38558000,601.050644,12376,"BULK count=1000 spawned=1000 registered=1000 bound=1000 accepted=40000000 extracted=38558000 fixture_ms_total=601.050644 fixture_ticks=12376
",5372.646018744,5372.64661614,229.75,473964,53,1027477504,1027477504,6578442240,999985152,27394048,273,568328192,334575308,9.999970720085582
79,2026-10-06T10:02:59.189627+00:00,158.00774689699938,4,OFF_observed,False,2.00001141499979,0.0045026560001133475,,0,1000,0,0,0,47719,0,0,0,0.143005,0.402073,0.876581,1876,0.0,0.0,0.0,0,0.0,0.0,0.0,0,3.949676,14.82639,21.372898,2048,143010,237,0,"STATUS online tickets=0 {registered_loaded_endpoints=1000, active_endpoints=0, worker_queue=0, actual_tickets=0, transactions=47719, errors=0, queue_rejected=0, quarantined=0, tick_ms_p50=0.143005, tick_ms_p95=0.402073, tick_ms_p99=0.876581, tick_ms_samples=1876, delivery_ms_p50=0.0, delivery_ms_p95=0.0, delivery_ms_p99=0.0, delivery_ms_samples=0, sql_ms_p50=0.0, sql_ms_p95=0.0, sql_ms_p99=0.0, sql_ms_samples=0, db_transaction_ms_p50=3.949676, db_transaction_ms_p95=14.82639, db_transaction_ms_p99=21.372898, db_transaction_ms_samples=2048, db_transactions=143010, db_deadlock_retries=237, db_active_connections=0}
",5374.643224809,5374.645849638,1000,1000,1000,1000,40000000,38558000,601.124605,12416,"BULK count=1000 spawned=1000 registered=1000 bound=1000 accepted=40000000 extracted=38558000 fixture_ms_total=601.124605 fixture_ticks=12416
",5374.645898641,5374.64674409,229.93,473964,53,1027485696,1027485696,6578442240,999993344,27394048,273,,,8.999948632794466
80,2026-10-06T10:03:01.189649+00:00,160.0077693379999,4,OFF_observed,False,2.0000224410005103,0.004857144000197877,,0,1000,0,0,0,47719,0,0,0,0.143575,0.397917,0.860811,1916,0.0,0.0,0.0,0,0.0,0.0,0.0,0,3.947633,14.82639,21.372898,2048,143019,237,0,"STATUS online tickets=0 {registered_loaded_endpoints=1000, active_endpoints=0, worker_queue=0, actual_tickets=0, transactions=47719, errors=0, queue_rejected=0, quarantined=0, tick_ms_p50=0.143575, tick_ms_p95=0.397917, tick_ms_p99=0.860811, tick_ms_samples=1916, delivery_ms_p50=0.0, delivery_ms_p95=0.0, delivery_ms_p99=0.0, delivery_ms_samples=0, sql_ms_p50=0.0, sql_ms_p95=0.0, sql_ms_p99=0.0, sql_ms_samples=0, db_transaction_ms_p50=3.947633, db_transaction_ms_p95=14.82639, db_transaction_ms_p99=21.372898, db_transaction_ms_samples=2048, db_transactions=143019, db_deadlock_retries=237, db_active_connections=0}
",5376.643272067,5376.6463422,1000,1000,1000,1000,40000000,38558000,601.201431,12456,"BULK count=1000 spawned=1000 registered=1000 bound=1000 accepted=40000000 extracted=38558000 fixture_ms_total=601.201431 fixture_ticks=12456
",5376.646406977,5376.647174749,230.12,473964,53,1027497984,1027497984,6578442240,1000005632,27394048,273,,,9.499893406443496
81,2026-10-06T10:03:03.189632+00:00,162.00775249300023,4,OFF_observed,False,1.9999831550003364,0.006076519999623997,,0,1000,0,0,0,47719,0,0,0,0.143996,0.402073,0.860811,1956,0.0,0.0,0.0,0,0.0,0.0,0.0,0,3.94339,14.82639,21.372898,2048,143029,237,0,"STATUS online tickets=0 {registered_loaded_endpoints=1000, active_endpoints=0, worker_queue=0, actual_tickets=0, transactions=47719, errors=0, queue_rejected=0, quarantined=0, tick_ms_p50=0.143996, tick_ms_p95=0.402073, tick_ms_p99=0.860811, tick_ms_samples=1956, delivery_ms_p50=0.0, delivery_ms_p95=0.0, delivery_ms_p99=0.0, delivery_ms_samples=0, sql_ms_p50=0.0, sql_ms_p95=0.0, sql_ms_p99=0.0, sql_ms_samples=0, db_transaction_ms_p50=3.94339, db_transaction_ms_p95=14.82639, db_transaction_ms_p99=21.372898, db_transaction_ms_samples=2048, db_transactions=143029, db_deadlock_retries=237, db_active_connections=0}
",5378.6432267,5378.647257745,1000,1000,1000,1000,40000000,38558000,601.276645,12496,"BULK count=1000 spawned=1000 registered=1000 bound=1000 accepted=40000000 extracted=38558000 fixture_ms_total=601.276645 fixture_ticks=12496
",5378.647331455,5378.64827052,230.35,473964,53,1027506176,1027506176,6578442240,1000013824,27394048,273,,,11.500096859563353
82,2026-10-06T10:03:05.189638+00:00,164.00775908600008,4,OFF_observed,False,2.0000065929998527,0.0055885880001369515,,0,1000,0,0,0,47719,0,0,0,0.143215,0.406099,0.860811,1996,0.0,0.0,0.0,0,0.0,0.0,0.0,0,3.940473,14.82639,21.372898,2048,143039,237,0,"STATUS online tickets=0 {registered_loaded_endpoints=1000, active_endpoints=0, worker_queue=0, actual_tickets=0, transactions=47719, errors=0, queue_rejected=0, quarantined=0, tick_ms_p50=0.143215, tick_ms_p95=0.406099, tick_ms_p99=0.860811, tick_ms_samples=1996, delivery_ms_p50=0.0, delivery_ms_p95=0.0, delivery_ms_p99=0.0, delivery_ms_samples=0, sql_ms_p50=0.0, sql_ms_p95=0.0, sql_ms_p99=0.0, sql_ms_samples=0, db_transaction_ms_p50=3.940473, db_transaction_ms_p95=14.82639, db_transaction_ms_p99=21.372898, db_transaction_ms_samples=2048, db_transactions=143039, db_deadlock_retries=237, db_active_connections=0}
",5380.643258581,5380.64622282,1000,1000,1000,1000,40000000,38558000,601.352116,12536,"BULK count=1000 spawned=1000 registered=1000 bound=1000 accepted=40000000 extracted=38558000 fixture_ms_total=601.352116 fixture_ticks=12536
",5380.64628971,5380.647611464,230.53,473964,53,1027506176,1027506176,6578442240,1000013824,27394048,273,,,8.999970331598806
83,2026-10-06T10:03:07.189635+00:00,166.0077549179996,4,OFF_observed,False,1.999995831999513,0.26722137500019016,,0,1000,0,0,0,47719,0,0,0,0.143055,0.402073,0.827251,2036,0.0,0.0,0.0,0,0.0,0.0,0.0,0,3.926825,14.82639,21.372898,2048,143050,237,0,"STATUS online tickets=0 {registered_loaded_endpoints=1000, active_endpoints=0, worker_queue=0, actual_tickets=0, transactions=47719, errors=0, queue_rejected=0, quarantined=0, tick_ms_p50=0.143055, tick_ms_p95=0.402073, tick_ms_p99=0.827251, tick_ms_samples=2036, delivery_ms_p50=0.0, delivery_ms_p95=0.0, delivery_ms_p99=0.0, delivery_ms_samples=0, sql_ms_p50=0.0, sql_ms_p95=0.0, sql_ms_p99=0.0, sql_ms_samples=0, db_transaction_ms_p50=3.926825, db_transaction_ms_p95=14.82639, db_transaction_ms_p99=21.372898, db_transaction_ms_samples=2048, db_transactions=143050, db_deadlock_retries=237, db_active_connections=0}
",5382.643259981,5382.64862408,1000,1000,1000,1000,40000000,38558000,601.424184,12576,"BULK count=1000 spawned=1000 registered=1000 bound=1000 accepted=40000000 extracted=38558000 fixture_ms_total=601.424184 fixture_ticks=12576
",5382.648697881,5382.649584712,230.71,473964,53,1027444736,1027444736,6578442240,999952384,27394048,273,568328192,367081164,9.00001875604162
84,2026-10-06T10:03:09.189626+00:00,168.00774608199936,4,OFF_observed,False,1.9999911639997663,0.005825102000017068,,0,1000,0,0,0,47719,0,0,0,0.144817,0.397917,0.827251,2048,0.0,0.0,0.0,0,0.0,0.0,0.0,0,3.93,14.82639,21.372898,2048,143061,237,0,"STATUS online tickets=0 {registered_loaded_endpoints=1000, active_endpoints=0, worker_queue=0, actual_tickets=0, transactions=47719, errors=0, queue_rejected=0, quarantined=0, tick_ms_p50=0.144817, tick_ms_p95=0.397917, tick_ms_p99=0.827251, tick_ms_samples=2048, delivery_ms_p50=0.0, delivery_ms_p95=0.0, delivery_ms_p99=0.0, delivery_ms_samples=0, sql_ms_p50=0.0, sql_ms_p95=0.0, sql_ms_p99=0.0, sql_ms_samples=0, db_transaction_ms_p50=3.93, db_transaction_ms_p95=14.82639, db_transaction_ms_p99=21.372898, db_transaction_ms_samples=2048, db_transactions=143061, db_deadlock_retries=237, db_active_connections=0}
",5384.64322738,5384.645760601,1000,1000,1000,1000,40000000,38558000,601.499655,12616,"BULK count=1000 spawned=1000 registered=1000 bound=1000 accepted=40000000 extracted=38558000 fixture_ms_total=601.499655 fixture_ticks=12616
",5384.645811738,5384.648110538,230.91,473964,53,1027518464,1027518464,6578442240,1000026112,27394048,273,,,10.000044180195788
85,2026-10-06T10:03:11.189636+00:00,170.00775671100018,4,OFF_observed,False,2.000010629000826,0.005019937999350077,,0,1000,0,0,0,47719,0,0,0,0.145138,0.397917,0.827251,2048,0.0,0.0,0.0,0,0.0,0.0,0.0,0,3.940473,14.82639,21.372898,2048,143070,237,0,"STATUS online tickets=0 {registered_loaded_endpoints=1000, active_endpoints=0, worker_queue=0, actual_tickets=0, transactions=47719, errors=0, queue_rejected=0, quarantined=0, tick_ms_p50=0.145138, tick_ms_p95=0.397917, tick_ms_p99=0.827251, tick_ms_samples=2048, delivery_ms_p50=0.0, delivery_ms_p95=0.0, delivery_ms_p99=0.0, delivery_ms_samples=0, sql_ms_p50=0.0, sql_ms_p95=0.0, sql_ms_p99=0.0, sql_ms_samples=0, db_transaction_ms_p50=3.940473, db_transaction_ms_p95=14.82639, db_transaction_ms_p99=21.372898, db_transaction_ms_samples=2048, db_transactions=143070, db_deadlock_retries=237, db_active_connections=0}
",5386.643235885,5386.646403834,1000,1000,1000,1000,40000000,38558000,601.574042,12656,"BULK count=1000 spawned=1000 registered=1000 bound=1000 accepted=40000000 extracted=38558000 fixture_ms_total=601.574042 fixture_ticks=12656
",5386.646456884,5386.64726082,231.1,473964,53,1027518464,1027518464,6578442240,1000026112,27394048,273,,,9.499949512514277
86,2026-10-06T10:03:13.189618+00:00,172.0077384669994,4,OFF_observed,False,1.9999817559992152,0.007396234000225377,,0,1000,0,0,0,47719,0,0,0,0.14631,0.394041,0.827251,2048,0.0,0.0,0.0,0,0.0,0.0,0.0,0,3.933696,14.82639,21.372898,2048,143081,237,0,"STATUS online tickets=0 {registered_loaded_endpoints=1000, active_endpoints=0, worker_queue=0, actual_tickets=0, transactions=47719, errors=0, queue_rejected=0, quarantined=0, tick_ms_p50=0.14631, tick_ms_p95=0.394041, tick_ms_p99=0.827251, tick_ms_samples=2048, delivery_ms_p50=0.0, delivery_ms_p95=0.0, delivery_ms_p99=0.0, delivery_ms_samples=0, sql_ms_p50=0.0, sql_ms_p95=0.0, sql_ms_p99=0.0, sql_ms_samples=0, db_transaction_ms_p50=3.933696, db_transaction_ms_p95=14.82639, db_transaction_ms_p99=21.372898, db_transaction_ms_samples=2048, db_transactions=143081, db_deadlock_retries=237, db_active_connections=0}
",5388.643222328,5388.646713066,1000,1000,1000,1000,40000000,38558000,601.648095,12696,"BULK count=1000 spawned=1000 registered=1000 bound=1000 accepted=40000000 extracted=38558000 fixture_ms_total=601.648095 fixture_ticks=12696
",5388.646770993,5388.649353654,231.34,473964,53,1027518464,1027518464,6578442240,1000026112,27394048,274,,,12.000109465003703
87,2026-10-06T10:03:15.189564+00:00,174.00768467299986,4,OFF_observed,False,1.999946206000459,0.010255004999635275,,0,1000,0,0,0,47719,0,0,0,0.147361,0.388052,0.827213,2048,0.0,0.0,0.0,0,0.0,0.0,0.0,0,3.938803,14.82639,21.372898,2048,143091,237,0,"STATUS online tickets=0 {registered_loaded_endpoints=1000, active_endpoints=0, worker_queue=0, actual_tickets=0, transactions=47719, errors=0, queue_rejected=0, quarantined=0, tick_ms_p50=0.147361, tick_ms_p95=0.388052, tick_ms_p99=0.827213, tick_ms_samples=2048, delivery_ms_p50=0.0, delivery_ms_p95=0.0, delivery_ms_p99=0.0, delivery_ms_samples=0, sql_ms_p50=0.0, sql_ms_p95=0.0, sql_ms_p99=0.0, sql_ms_samples=0, db_transaction_ms_p50=3.938803, db_transaction_ms_p95=14.82639, db_transaction_ms_p99=21.372898, db_transaction_ms_samples=2048, db_transactions=143091, db_deadlock_retries=237, db_active_connections=0}
",5390.643168254,5390.65115188,1000,1000,1000,1000,40000000,38558000,601.724137,12736,"BULK count=1000 spawned=1000 registered=1000 bound=1000 accepted=40000000 extracted=38558000 fixture_ms_total=601.724137 fixture_ticks=12736
",5390.651221044,5390.652390109,231.53,473964,52,1027461120,1027461120,6578442240,999968768,27394048,273,,,9.500255528370653
88,2026-10-06T10:03:17.189610+00:00,176.00771916800022,4,OFF_observed,False,2.0000344950003637,0.005551130999265297,,0,1000,0,0,0,47719,0,0,0,0.148473,0.388052,0.827213,2048,0.0,0.0,0.0,0,0.0,0.0,0.0,0,3.94339,14.82639,21.372898,2048,143105,237,0,"STATUS online tickets=0 {registered_loaded_endpoints=1000, active_endpoints=0, worker_queue=0, actual_tickets=0, transactions=47719, errors=0, queue_rejected=0, quarantined=0, tick_ms_p50=0.148473, tick_ms_p95=0.388052, tick_ms_p99=0.827213, tick_ms_samples=2048, delivery_ms_p50=0.0, delivery_ms_p95=0.0, delivery_ms_p99=0.0, delivery_ms_samples=0, sql_ms_p50=0.0, sql_ms_p95=0.0, sql_ms_p99=0.0, sql_ms_samples=0, db_transaction_ms_p50=3.94339, db_transaction_ms_p95=14.82639, db_transaction_ms_p99=21.372898, db_transaction_ms_samples=2048, db_transactions=143105, db_deadlock_retries=237, db_active_connections=0}
",5392.64320339,5392.646653147,1000,1000,1000,1000,40000000,38558000,601.80021,12776,"BULK count=1000 spawned=1000 registered=1000 bound=1000 accepted=40000000 extracted=38558000 fixture_ms_total=601.80021 fixture_ticks=12776
",5392.646732176,5392.647365066,231.76,473964,52,1027403776,1027403776,6578442240,999911424,27394048,273,,,11.499801657168316
89,2026-10-06T10:03:19.189624+00:00,178.00774411800012,4,OFF_observed,False,2.000024949999897,0.2687164999997549,,0,1000,0,0,0,47719,0,0,0,0.149334,0.388052,0.824748,2048,0.0,0.0,0.0,0,0.0,0.0,0.0,0,3.873716,14.82639,21.372898,2048,143178,237,0,"STATUS online tickets=0 {registered_loaded_endpoints=1000, active_endpoints=0, worker_queue=0, actual_tickets=0, transactions=47719, errors=0, queue_rejected=0, quarantined=0, tick_ms_p50=0.149334, tick_ms_p95=0.388052, tick_ms_p99=0.824748, tick_ms_samples=2048, delivery_ms_p50=0.0, delivery_ms_p95=0.0, delivery_ms_p99=0.0, delivery_ms_samples=0, sql_ms_p50=0.0, sql_ms_p95=0.0, sql_ms_p99=0.0, sql_ms_samples=0, db_transaction_ms_p50=3.873716, db_transaction_ms_p95=14.82639, db_transaction_ms_p99=21.372898, db_transaction_ms_samples=2048, db_transactions=143178, db_deadlock_retries=237, db_active_connections=0}
",5394.64321479,5394.645585768,1000,1000,1000,1000,40000000,38558000,601.87871,12816,"BULK count=1000 spawned=1000 registered=1000 bound=1000 accepted=40000000 extracted=38558000 fixture_ms_total=601.87871 fixture_ticks=12816
",5394.645636754,5394.646362849,231.97,473964,52,1027477504,1027477504,6578442240,999985152,27394048,273,568328192,407975628,10.499869014134987
90,2026-10-06T10:03:21.189621+00:00,180.00774192799963,4,OFF_observed,False,1.9999978099995133,0.006423910000194155,,0,1000,0,0,0,47719,0,0,0,0.150816,0.394041,0.824748,2048,0.0,0.0,0.0,0,0.0,0.0,0.0,0,3.857378,14.82639,21.372898,2048,143251,237,0,"STATUS online tickets=0 {registered_loaded_endpoints=1000, active_endpoints=0, worker_queue=0, actual_tickets=0, transactions=47719, errors=0, queue_rejected=0, quarantined=0, tick_ms_p50=0.150816, tick_ms_p95=0.394041, tick_ms_p99=0.824748, tick_ms_samples=2048, delivery_ms_p50=0.0, delivery_ms_p95=0.0, delivery_ms_p99=0.0, delivery_ms_samples=0, sql_ms_p50=0.0, sql_ms_p95=0.0, sql_ms_p99=0.0, sql_ms_samples=0, db_transaction_ms_p50=3.857378, db_transaction_ms_p95=14.82639, db_transaction_ms_p99=21.372898, db_transaction_ms_samples=2048, db_transactions=143251, db_deadlock_retries=237, db_active_connections=0}
",5396.643285719,5396.647757019,1000,1000,1000,1000,40000000,38558000,601.956136,12856,"BULK count=1000 spawned=1000 registered=1000 bound=1000 accepted=40000000 extracted=38558000 fixture_ms_total=601.956136 fixture_ticks=12856
",5396.647812432,5396.648703199,232.19,473964,52,1027502080,1027502080,6578442240,1000009728,27394048,273,,,11.00001204501581
91,2026-10-06T10:03:23.189627+00:00,182.0077476689994,4,OFF_observed,False,2.000005740999768,0.005081485000118846,,0,1000,0,0,0,47719,0,0,0,0.151848,0.388052,0.802695,2048,0.0,0.0,0.0,0,0.0,0.0,0.0,0,3.854493,14.82639,21.372898,2048,143324,237,0,"STATUS online tickets=0 {registered_loaded_endpoints=1000, active_endpoints=0, worker_queue=0, actual_tickets=0, transactions=47719, errors=0, queue_rejected=0, quarantined=0, tick_ms_p50=0.151848, tick_ms_p95=0.388052, tick_ms_p99=0.802695, tick_ms_samples=2048, delivery_ms_p50=0.0, delivery_ms_p95=0.0, delivery_ms_p99=0.0, delivery_ms_samples=0, sql_ms_p50=0.0, sql_ms_p95=0.0, sql_ms_p99=0.0, sql_ms_samples=0, db_transaction_ms_p50=3.854493, db_transaction_ms_p95=14.82639, db_transaction_ms_p99=21.372898, db_transaction_ms_samples=2048, db_transactions=143324, db_deadlock_retries=237, db_active_connections=0}
",5398.643219813,5398.646352634,1000,1000,1000,1000,40000000,38558000,602.029978,12896,"BULK count=1000 spawned=1000 registered=1000 bound=1000 accepted=40000000 extracted=38558000 fixture_ms_total=602.029978 fixture_ticks=12896
",5398.64640363,5398.647339535,232.43,473964,52,1027514368,1027514368,6578442240,1000022016,27394048,273,,,11.999965554100724
92,2026-10-06T10:03:25.189622+00:00,184.00774287900003,4,OFF_observed,False,1.999995210000634,0.004483157999857212,,0,1000,0,0,0,47719,0,0,0,0.152349,0.388052,0.802695,2048,0.0,0.0,0.0,0,0.0,0.0,0.0,0,3.77723,14.621434,21.372898,2048,143397,237,0,"STATUS online tickets=0 {registered_loaded_endpoints=1000, active_endpoints=0, worker_queue=0, actual_tickets=0, transactions=47719, errors=0, queue_rejected=0, quarantined=0, tick_ms_p50=0.152349, tick_ms_p95=0.388052, tick_ms_p99=0.802695, tick_ms_samples=2048, delivery_ms_p50=0.0, delivery_ms_p95=0.0, delivery_ms_p99=0.0, delivery_ms_samples=0, sql_ms_p50=0.0, sql_ms_p95=0.0, sql_ms_p99=0.0, sql_ms_samples=0, db_transaction_ms_p50=3.77723, db_transaction_ms_p95=14.621434, db_transaction_ms_p99=21.372898, db_transaction_ms_samples=2048, db_transactions=143397, db_deadlock_retries=237, db_active_connections=0}
",5400.643210105,5400.645935886,1000,1000,1000,1000,40000000,38558000,602.106755,12936,"BULK count=1000 spawned=1000 registered=1000 bound=1000 accepted=40000000 extracted=38558000 fixture_ms_total=602.106755 fixture_ticks=12936
",5400.6459857,5400.646795275,232.64,473964,52,1027522560,1027522560,6578442240,1000030208,27394048,273,,,10.500025147555878
93,2026-10-06T10:03:27.189606+00:00,186.00772649400005,5,ACTIVE_observed,False,1.9999836150000192,0.009921888999997464,,0,1000,1000,54,0,48092,0,0,0,0.154712,0.418849,0.827213,2048,72.614152,244.262431,244.262431,11,12.895707,27.875696,34.688719,373,3.085274,9.004313,12.822577,2048,144578,237,3,"STATUS online tickets=0 {registered_loaded_endpoints=1000, active_endpoints=1000, worker_queue=54, actual_tickets=0, transactions=48092, errors=0, queue_rejected=0, quarantined=0, tick_ms_p50=0.154712, tick_ms_p95=0.418849, tick_ms_p99=0.827213, tick_ms_samples=2048, delivery_ms_p50=72.614152, delivery_ms_p95=244.262431, delivery_ms_p99=244.262431, delivery_ms_samples=11, sql_ms_p50=12.895707, sql_ms_p95=27.875696, sql_ms_p99=34.688719, sql_ms_samples=373, db_transaction_ms_p50=3.085274, db_transaction_ms_p95=9.004313, db_transaction_ms_p99=12.822577, db_transaction_ms_samples=2048, db_transactions=144578, db_deadlock_retries=237, db_active_connections=3}
",5402.643269264,5402.649085462,1000,1000,1000,1000,40288000,38887000,604.135531,12976,"BULK count=1000 spawned=1000 registered=1000 bound=1000 accepted=40288000 extracted=38887000 fixture_ms_total=604.135531 fixture_ticks=12976
",5402.649140734,5402.650843059,233.73,473964,53,1027735552,1027735552,6578442240,1000243200,27394048,273,,,54.500446494907564
94,2026-10-06T10:03:29.189745+00:00,188.00786541900015,5,ACTIVE_observed,False,2.000138925000101,0.3574177049995342,,0,1000,1000,87,0,48491,0,0,0,0.155984,0.418849,0.827251,2048,305.23657,499.425144,504.556199,32,13.242017,27.781069,34.688719,772,3.330268,10.041608,14.078496,2048,145912,240,3,"STATUS online tickets=0 {registered_loaded_endpoints=1000, active_endpoints=1000, worker_queue=87, actual_tickets=0, transactions=48491, errors=0, queue_rejected=0, quarantined=0, tick_ms_p50=0.155984, tick_ms_p95=0.418849, tick_ms_p99=0.827251, tick_ms_samples=2048, delivery_ms_p50=305.23657, delivery_ms_p95=499.425144, delivery_ms_p99=504.556199, delivery_ms_samples=32, sql_ms_p50=13.242017, sql_ms_p95=27.781069, sql_ms_p99=34.688719, sql_ms_samples=772, db_transaction_ms_p50=3.330268, db_transaction_ms_p95=10.041608, db_transaction_ms_p99=14.078496, db_transaction_ms_samples=2048, db_transactions=145912, db_deadlock_retries=240, db_active_connections=3}
",5404.643357102,5404.646349142,1000,1000,1000,1000,40608000,39137000,606.331366,13016,"BULK count=1000 spawned=1000 registered=1000 bound=1000 accepted=40608000 extracted=39137000 fixture_ms_total=606.331366 fixture_ticks=13016
",5404.646417906,5404.648056534,234.88,473964,53,1027887104,1027887104,6578442240,1000394752,27394048,275,568328192,346329804,57.496006183667845
95,2026-10-06T10:03:31.189686+00:00,190.00780715899964,6,ACTIVE_observed,True,1.9999417399994854,0.005307319000166899,,0,1000,1000,88,0,48884,0,0,0,0.248563,0.485739,0.485739,16,420.036992,420.036992,420.036992,1,14.320209,21.426258,26.517598,162,3.420007,9.566717,13.149177,2048,147184,243,3,"STATUS online tickets=0 {registered_loaded_endpoints=1000, active_endpoints=1000, worker_queue=88, actual_tickets=0, transactions=48884, errors=0, queue_rejected=0, quarantined=0, tick_ms_p50=0.248563, tick_ms_p95=0.485739, tick_ms_p99=0.485739, tick_ms_samples=16, delivery_ms_p50=420.036992, delivery_ms_p95=420.036992, delivery_ms_p99=420.036992, delivery_ms_samples=1, sql_ms_p50=14.320209, sql_ms_p95=21.426258, sql_ms_p99=26.517598, sql_ms_samples=162, db_transaction_ms_p50=3.420007, db_transaction_ms_p95=9.566717, db_transaction_ms_p99=13.149177, db_transaction_ms_samples=2048, db_transactions=147184, db_deadlock_retries=243, db_active_connections=3}
",5406.643283739,5406.646341748,1000,1000,1000,1000,40928000,39302000,608.351069,13056,"BULK count=1000 spawned=1000 registered=1000 bound=1000 accepted=40928000 extracted=39302000 fixture_ms_total=608.351069 fixture_ticks=13056
",5406.646410391,5406.647557007,235.96,473964,53,1028071424,1028071424,6578442240,1000579072,27394048,274,,,54.001573065837924
96,2026-10-06T10:03:33.189608+00:00,192.00772859799963,6,ACTIVE_observed,False,1.9999214389999906,0.005745772999944165,,0,1000,1000,85,0,49322,0,0,0,0.252358,0.697347,1.453261,56,451.151353,508.095489,508.095489,8,13.365416,21.234926,27.564313,600,3.281474,8.66307,11.472966,2048,148599,244,2,"STATUS online tickets=0 {registered_loaded_endpoints=1000, active_endpoints=1000, worker_queue=85, actual_tickets=0, transactions=49322, errors=0, queue_rejected=0, quarantined=0, tick_ms_p50=0.252358, tick_ms_p95=0.697347, tick_ms_p99=1.453261, tick_ms_samples=56, delivery_ms_p50=451.151353, delivery_ms_p95=508.095489, delivery_ms_p99=508.095489, delivery_ms_samples=8, sql_ms_p50=13.365416, sql_ms_p95=21.234926, sql_ms_p99=27.564313, sql_ms_samples=600, db_transaction_ms_p50=3.281474, db_transaction_ms_p95=8.66307, db_transaction_ms_p99=11.472966, db_transaction_ms_samples=2048, db_transactions=148599, db_deadlock_retries=244, db_active_connections=2}
",5408.643208724,5408.645706072,1000,1000,1000,1000,41248000,39605000,610.796629,13096,"BULK count=1000 spawned=1000 registered=1000 bound=1000 accepted=41248000 extracted=39605000 fixture_ms_total=610.796629 fixture_ticks=13096
",5408.645783328,5408.646876959,237.17,473964,53,1028321280,1028321280,6578442240,1000828928,27394048,273,,,60.50237656360187
97,2026-10-06T10:03:35.189602+00:00,194.0077233789998,6,ACTIVE_observed,False,1.9999947810001686,0.004650867999771435,,0,1000,1000,87,0,49766,0,0,0,0.254793,0.61967,1.453261,96,451.151353,508.095489,508.095489,11,13.122181,20.697721,27.564313,1044,3.162155,8.091492,11.111447,2048,149986,246,3,"STATUS online tickets=0 {registered_loaded_endpoints=1000, active_endpoints=1000, worker_queue=87, actual_tickets=0, transactions=49766, errors=0, queue_rejected=0, quarantined=0, tick_ms_p50=0.254793, tick_ms_p95=0.61967, tick_ms_p99=1.453261, tick_ms_samples=96, delivery_ms_p50=451.151353, delivery_ms_p95=508.095489, delivery_ms_p99=508.095489, delivery_ms_samples=11, sql_ms_p50=13.122181, sql_ms_p95=20.697721, sql_ms_p99=27.564313, sql_ms_samples=1044, db_transaction_ms_p50=3.162155, db_transaction_ms_p95=8.091492, db_transaction_ms_p99=11.111447, db_transaction_ms_samples=2048, db_transactions=149986, db_deadlock_retries=246, db_active_connections=3}
",5410.643205938,5410.645460831,1000,1000,1000,1000,41568000,39857000,612.665883,13136,"BULK count=1000 spawned=1000 registered=1000 bound=1000 accepted=41568000 extracted=39857000 fixture_ms_total=612.665883 fixture_ticks=13136
",5410.645525869,5410.646585909,238.28,473964,53,1028497408,1028497408,6578442240,1001005056,27394048,273,,,55.500144827623934
98,2026-10-06T10:03:37.189628+00:00,196.00774901099976,6,ACTIVE_observed,False,2.0000256319999608,0.007784262000313902,,0,1000,1000,87,0,50225,0,0,0,0.245469,0.61967,1.060371,136,440.000669,508.095489,508.095489,13,12.944553,19.842713,27.183733,1503,3.189025,8.217991,10.914847,2048,151391,249,3,"STATUS online tickets=0 {registered_loaded_endpoints=1000, active_endpoints=1000, worker_queue=87, actual_tickets=0, transactions=50225, errors=0, queue_rejected=0, quarantined=0, tick_ms_p50=0.245469, tick_ms_p95=0.61967, tick_ms_p99=1.060371, tick_ms_samples=136, delivery_ms_p50=440.000669, delivery_ms_p95=508.095489, delivery_ms_p99=508.095489, delivery_ms_samples=13, sql_ms_p50=12.944553, sql_ms_p95=19.842713, sql_ms_p99=27.183733, sql_ms_samples=1503, db_transaction_ms_p50=3.189025, db_transaction_ms_p95=8.217991, db_transaction_ms_p99=10.914847, db_transaction_ms_samples=2048, db_transactions=151391, db_deadlock_retries=249, db_active_connections=3}
",5412.643214004,5412.648571364,1000,1000,1000,1000,41888000,40130000,614.648306,13176,"BULK count=1000 spawned=1000 registered=1000 bound=1000 accepted=41888000 extracted=40130000 fixture_ms_total=614.648306 fixture_ticks=13176
",5412.648659586,5412.649996032,239.39,473964,53,1028612096,1028612096,6578442240,1001119744,27394048,273,,,55.4992887211161
99,2026-10-06T10:03:39.189573+00:00,198.00769416899948,6,ACTIVE_observed,False,1.9999451579997185,0.007059754000692919,,0,1000,1000,89,0,50544,0,0,0,0.242243,0.664286,1.060371,176,451.151353,1012.434905,1012.434905,16,12.975371,20.107413,28.234644,1822,3.241314,8.659254,13.711721,2048,152379,251,3,"STATUS online tickets=0 {registered_loaded_endpoints=1000, active_endpoints=1000, worker_queue=89, actual_tickets=0, transactions=50544, errors=0, queue_rejected=0, quarantined=0, tick_ms_p50=0.242243, tick_ms_p95=0.664286, tick_ms_p99=1.060371, tick_ms_samples=176, delivery_ms_p50=451.151353, delivery_ms_p95=1012.434905, delivery_ms_p99=1012.434905, delivery_ms_samples=16, sql_ms_p50=12.975371, sql_ms_p95=20.107413, sql_ms_p99=28.234644, sql_ms_samples=1822, db_transaction_ms_p50=3.241314, db_transaction_ms_p95=8.659254, db_transaction_ms_p99=13.711721, db_transaction_ms_samples=2048, db_transactions=152379, db_deadlock_retries=251, db_active_connections=3}
",5414.643163758,5414.647704292,1000,1000,1000,1000,42208000,40322000,617.037557,13216,"BULK count=1000 spawned=1000 registered=1000 bound=1000 accepted=42208000 extracted=40322000 fixture_ms_total=617.037557 fixture_ticks=13216
",5414.647788298,5414.64885608,240.6,473964,53,1028726784,1028726784,6578442240,1001234432,27394048,274,,,60.50165901600079
100,2026-10-06T10:03:41.189603+00:00,200.0077237429996,6,ACTIVE_observed,False,2.0000295740001093,0.32733518700024433,,0,1000,1000,87,0,50994,0,0,0,0.235924,0.587511,1.002224,216,451.151353,1012.434905,1012.434905,17,12.840799,19.701604,28.369392,2048,3.249617,8.774747,13.305697,2048,153747,251,3,"STATUS online tickets=0 {registered_loaded_endpoints=1000, active_endpoints=1000, worker_queue=87, actual_tickets=0, transactions=50994, errors=0, queue_rejected=0, quarantined=0, tick_ms_p50=0.235924, tick_ms_p95=0.587511, tick_ms_p99=1.002224, tick_ms_samples=216, delivery_ms_p50=451.151353, delivery_ms_p95=1012.434905, delivery_ms_p99=1012.434905, delivery_ms_samples=17, sql_ms_p50=12.840799, sql_ms_p95=19.701604, sql_ms_p99=28.369392, sql_ms_samples=2048, db_transaction_ms_p50=3.249617, db_transaction_ms_p95=8.774747, db_transaction_ms_p99=13.305697, db_transaction_ms_samples=2048, db_transactions=153747, db_deadlock_retries=251, db_active_connections=3}
",5416.643179432,5416.645731171,1000,1000,1000,1000,42528000,40664000,618.788312,13256,"BULK count=1000 spawned=1000 registered=1000 bound=1000 accepted=42528000 extracted=40664000 fixture_ms_total=618.788312 fixture_ticks=13256
",5416.6457973,5416.647458463,241.73,473964,53,1028927488,1028927488,6578442240,1001435136,27394048,273,568328192,374917734,56.49916454685054
101,2026-10-06T10:03:43.189650+00:00,202.00777048999953,6,ACTIVE_observed,False,2.000046746999942,0.0052520710005410365,,0,1000,1000,88,0,51427,0,0,0,0.230726,0.587511,1.165849,256,461.173122,1004.831856,1012.434905,27,12.889778,20.452953,28.876272,2048,3.436326,8.745043,12.436392,2048,155078,253,3,"STATUS online tickets=0 {registered_loaded_endpoints=1000, active_endpoints=1000, worker_queue=88, actual_tickets=0, transactions=51427, errors=0, queue_rejected=0, quarantined=0, tick_ms_p50=0.230726, tick_ms_p95=0.587511, tick_ms_p99=1.165849, tick_ms_samples=256, delivery_ms_p50=461.173122, delivery_ms_p95=1004.831856, delivery_ms_p99=1012.434905, delivery_ms_samples=27, sql_ms_p50=12.889778, sql_ms_p95=20.452953, sql_ms_p99=28.876272, sql_ms_samples=2048, db_transaction_ms_p50=3.436326, db_transaction_ms_p95=8.745043, db_transaction_ms_p99=12.436392, db_transaction_ms_samples=2048, db_transactions=155078, db_deadlock_retries=253, db_active_connections=3}
",5418.643229604,5418.645875435,1000,1000,1000,1000,42848000,40949000,622.843658,13296,"BULK count=1000 spawned=1000 registered=1000 bound=1000 accepted=42848000 extracted=40949000 fixture_ms_total=622.843658 fixture_ticks=13296
",5418.645929626,5418.64750509,242.85,473964,53,1029058560,1029058560,6578442240,1001566208,27394048,274,,,55.998691114595076
102,2026-10-06T10:03:45.189835+00:00,204.0079532660002,6,ACTIVE_observed,False,2.0001827760006563,0.00660021399926336,,0,1000,1000,87,0,51859,0,0,0,0.22601,0.61967,1.453261,296,455.008088,1004.831856,1012.434905,29,12.962843,20.857429,30.350936,2048,3.309686,8.449469,12.033688,2048,156399,257,3,"STATUS online tickets=0 {registered_loaded_endpoints=1000, active_endpoints=1000, worker_queue=87, actual_tickets=0, transactions=51859, errors=0, queue_rejected=0, quarantined=0, tick_ms_p50=0.22601, tick_ms_p95=0.61967, tick_ms_p99=1.453261, tick_ms_samples=296, delivery_ms_p50=455.008088, delivery_ms_p95=1004.831856, delivery_ms_p99=1012.434905, delivery_ms_samples=29, sql_ms_p50=12.962843, sql_ms_p95=20.857429, sql_ms_p99=30.350936, sql_ms_samples=2048, db_transaction_ms_p50=3.309686, db_transaction_ms_p95=8.449469, db_transaction_ms_p99=12.033688, db_transaction_ms_samples=2048, db_transactions=156399, db_deadlock_retries=257, db_active_connections=3}
",5420.64347228,5420.647435527,1000,1000,1000,1000,43168000,41156000,624.763333,13336,"BULK count=1000 spawned=1000 registered=1000 bound=1000 accepted=43168000 extracted=41156000 fixture_ms_total=624.763333 fixture_ticks=13336
",5420.647515948,5420.648762688,243.95,473964,53,1029156864,1029156864,6578442240,1001664512,27394048,273,,,54.99497411928685
103,2026-10-06T10:03:47.189621+00:00,206.00774160899982,6,ACTIVE_observed,False,1.9997883429996364,0.008476023999719473,,0,1000,1000,88,0,52292,0,0,0,0.222524,0.587511,1.165849,336,451.151353,1004.831856,1012.434905,35,13.161055,21.384225,28.914319,2048,3.276406,8.792354,12.727284,2048,157724,258,3,"STATUS online tickets=0 {registered_loaded_endpoints=1000, active_endpoints=1000, worker_queue=88, actual_tickets=0, transactions=52292, errors=0, queue_rejected=0, quarantined=0, tick_ms_p50=0.222524, tick_ms_p95=0.587511, tick_ms_p99=1.165849, tick_ms_samples=336, delivery_ms_p50=451.151353, delivery_ms_p95=1004.831856, delivery_ms_p99=1012.434905, delivery_ms_samples=35, sql_ms_p50=13.161055, sql_ms_p95=21.384225, sql_ms_p99=28.914319, sql_ms_samples=2048, db_transaction_ms_p50=3.276406, db_transaction_ms_p95=8.792354, db_transaction_ms_p99=12.727284, db_transaction_ms_samples=2048, db_transactions=157724, db_deadlock_retries=258, db_active_connections=3}
",5422.643515605,5422.647954111,1000,1000,1000,1000,43488000,41569000,626.841959,13376,"BULK count=1000 spawned=1000 registered=1000 bound=1000 accepted=43488000 extracted=41569000 fixture_ms_total=626.841959 fixture_ticks=13376
",5422.648080681,5422.649564167,245.07,473964,53,1029320704,1029320704,6578442240,1001828352,27394048,274,,,56.005927023258394
104,2026-10-06T10:03:49.189608+00:00,208.00772866499938,6,ACTIVE_observed,False,1.9999870559995543,0.006270059000598849,,0,1000,1000,86,0,52750,0,0,0,0.21949,0.61967,1.165849,376,439.30862,530.841954,1012.434905,42,13.069944,20.997198,28.369392,2048,3.15207,8.558824,12.236773,2048,159133,259,3,"STATUS online tickets=0 {registered_loaded_endpoints=1000, active_endpoints=1000, worker_queue=86, actual_tickets=0, transactions=52750, errors=0, queue_rejected=0, quarantined=0, tick_ms_p50=0.21949, tick_ms_p95=0.61967, tick_ms_p99=1.165849, tick_ms_samples=376, delivery_ms_p50=439.30862, delivery_ms_p95=530.841954, delivery_ms_p99=1012.434905, delivery_ms_samples=42, sql_ms_p50=13.069944, sql_ms_p95=20.997198, sql_ms_p99=28.369392, sql_ms_samples=2048, db_transaction_ms_p50=3.15207, db_transaction_ms_p95=8.558824, db_transaction_ms_p99=12.236773, db_transaction_ms_samples=2048, db_transactions=159133, db_deadlock_retries=259, db_active_connections=3}
",5424.643307889,5424.646425428,1000,1000,1000,1000,43808000,41830000,629.13934,13416,"BULK count=1000 spawned=1000 registered=1000 bound=1000 accepted=43808000 extracted=41830000 fixture_ms_total=629.13934 fixture_ticks=13416
",5424.646689554,5424.648454683,246.21,473964,53,1029545984,1029545984,6578442240,1002053632,27394048,273,,,57.000368906401
105,2026-10-06T10:03:51.189667+00:00,210.00778748099947,6,ACTIVE_observed,False,2.0000588160000916,0.3926805230003083,,0,1000,1000,86,0,53210,0,0,0,0.219249,0.587511,1.067873,416,439.30862,530.841954,1012.434905,44,12.880639,20.221725,26.849351,2048,3.204629,8.264895,11.477323,2048,160542,260,3,"STATUS online tickets=0 {registered_loaded_endpoints=1000, active_endpoints=1000, worker_queue=86, actual_tickets=0, transactions=53210, errors=0, queue_rejected=0, quarantined=0, tick_ms_p50=0.219249, tick_ms_p95=0.587511, tick_ms_p99=1.067873, tick_ms_samples=416, delivery_ms_p50=439.30862, delivery_ms_p95=530.841954, delivery_ms_p99=1012.434905, delivery_ms_samples=44, sql_ms_p50=12.880639, sql_ms_p95=20.221725, sql_ms_p99=26.849351, sql_ms_samples=2048, db_transaction_ms_p50=3.204629, db_transaction_ms_p95=8.264895, db_transaction_ms_p99=11.477323, db_transaction_ms_samples=2048, db_transactions=160542, db_deadlock_retries=260, db_active_connections=3}
",5426.643255158,5426.646414719,1000,1000,1000,1000,44128000,42177000,631.726871,13456,"BULK count=1000 spawned=1000 registered=1000 bound=1000 accepted=44128000 extracted=42177000 fixture_ms_total=631.726871 fixture_ticks=13456
",5426.646469161,5426.647525817,247.39,473964,53,1029693440,1029693440,6578442240,1002201088,27394048,273,568328192,323704320,58.99826497901971
106,2026-10-06T10:03:53.189600+00:00,212.00772098800007,6,ACTIVE_observed,False,1.9999335070006055,0.011049130999708723,,0,1000,1000,86,0,53662,0,0,0,0.217487,0.610807,1.067873,456,439.30862,530.841954,1012.434905,45,12.853408,20.445812,27.848214,2048,3.302786,8.173557,11.402733,2048,161923,262,2,"STATUS online tickets=0 {registered_loaded_endpoints=1000, active_endpoints=1000, worker_queue=86, actual_tickets=0, transactions=53662, errors=0, queue_rejected=0, quarantined=0, tick_ms_p50=0.217487, tick_ms_p95=0.610807, tick_ms_p99=1.067873, tick_ms_samples=456, delivery_ms_p50=439.30862, delivery_ms_p95=530.841954, delivery_ms_p99=1012.434905, delivery_ms_samples=45, sql_ms_p50=12.853408, sql_ms_p95=20.445812, sql_ms_p99=27.848214, sql_ms_samples=2048, db_transaction_ms_p50=3.302786, db_transaction_ms_p95=8.173557, db_transaction_ms_p99=11.402733, db_transaction_ms_samples=2048, db_transactions=161923, db_deadlock_retries=262, db_active_connections=2}
",5428.643183036,5428.646394946,1000,1000,1000,1000,44448000,42465000,634.285161,13496,"BULK count=1000 spawned=1000 registered=1000 bound=1000 accepted=44448000 extracted=42465000 fixture_ms_total=634.285161 fixture_ticks=13496
",5428.646449928,5428.647140164,248.55,473964,53,1029820416,1029820416,6578442240,1002328064,27394048,274,,,58.00192836109495
107,2026-10-06T10:03:55.189806+00:00,214.0079264039996,6,ACTIVE_observed,False,2.000205415999517,0.01451669000016409,,0,1000,1000,84,0,54103,0,0,0,0.215664,0.610807,1.165849,496,430.051932,530.841954,1012.434905,50,12.81783,19.499491,27.442826,2048,3.273533,8.157802,10.534162,2048,163283,264,2,"STATUS online tickets=0 {registered_loaded_endpoints=1000, active_endpoints=1000, worker_queue=84, actual_tickets=0, transactions=54103, errors=0, queue_rejected=0, quarantined=0, tick_ms_p50=0.215664, tick_ms_p95=0.610807, tick_ms_p99=1.165849, tick_ms_samples=496, delivery_ms_p50=430.051932, delivery_ms_p95=530.841954, delivery_ms_p99=1012.434905, delivery_ms_samples=50, sql_ms_p50=12.81783, sql_ms_p95=19.499491, sql_ms_p99=27.442826, sql_ms_samples=2048, db_transaction_ms_p50=3.273533, db_transaction_ms_p95=8.157802, db_transaction_ms_p99=10.534162, db_transaction_ms_samples=2048, db_transactions=163283, db_deadlock_retries=264, db_active_connections=2}
",5430.643474682,5430.653633537,1000,1000,1000,1000,44776000,42778000,638.007796,13537,"BULK count=1000 spawned=1000 registered=1000 bound=1000 accepted=44776000 extracted=42778000 fixture_ms_total=638.007796 fixture_ticks=13537
",5430.653964344,5430.655981476,249.8,473964,53,1029963776,1029963776,6578442240,1002471424,27394048,273,,,62.49358140925572
108,2026-10-06T10:03:57.189603+00:00,216.00772419499935,6,ACTIVE_observed,False,1.9997977909997644,0.009193531000164512,,0,1000,1000,89,0,54532,0,0,0,0.21327,0.610807,1.165849,536,433.043824,530.841954,1012.434905,53,12.891776,19.689946,27.848214,2048,3.331258,8.588994,11.426797,2048,164595,265,3,"STATUS online tickets=0 {registered_loaded_endpoints=1000, active_endpoints=1000, worker_queue=89, actual_tickets=0, transactions=54532, errors=0, queue_rejected=0, quarantined=0, tick_ms_p50=0.21327, tick_ms_p95=0.610807, tick_ms_p99=1.165849, tick_ms_samples=536, delivery_ms_p50=433.043824, delivery_ms_p95=530.841954, delivery_ms_p99=1012.434905, delivery_ms_samples=53, sql_ms_p50=12.891776, sql_ms_p95=19.689946, sql_ms_p99=27.848214, sql_ms_samples=2048, db_transaction_ms_p50=3.331258, db_transaction_ms_p95=8.588994, db_transaction_ms_p99=11.426797, db_transaction_ms_samples=2048, db_transactions=164595, db_deadlock_retries=265, db_active_connections=3}
",5432.643183289,5432.64767561,1000,1000,1000,1000,45088000,43104000,640.454608,13576,"BULK count=1000 spawned=1000 registered=1000 bound=1000 accepted=45088000 extracted=43104000 fixture_ms_total=640.454608 fixture_ticks=13576
",5432.647729842,5432.649025796,251.15,473964,53,1030119424,1030119424,6578442240,1002627072,27394048,273,,,67.50682524382053
109,2026-10-06T10:03:59.189611+00:00,218.00773192499946,6,ACTIVE_observed,False,2.0000077300001067,0.006099059000007401,,0,1000,1000,89,0,54957,0,0,0,0.212309,0.587511,1.165849,576,434.235943,530.841954,1012.434905,59,13.085519,19.872712,27.848214,2048,3.413323,8.998596,12.974195,2048,165898,267,3,"STATUS online tickets=0 {registered_loaded_endpoints=1000, active_endpoints=1000, worker_queue=89, actual_tickets=0, transactions=54957, errors=0, queue_rejected=0, quarantined=0, tick_ms_p50=0.212309, tick_ms_p95=0.587511, tick_ms_p99=1.165849, tick_ms_samples=576, delivery_ms_p50=434.235943, delivery_ms_p95=530.841954, delivery_ms_p99=1012.434905, delivery_ms_samples=59, sql_ms_p50=13.085519, sql_ms_p95=19.872712, sql_ms_p99=27.848214, sql_ms_samples=2048, db_transaction_ms_p50=3.413323, db_transaction_ms_p95=8.998596, db_transaction_ms_p99=12.974195, db_transaction_ms_samples=2048, db_transactions=165898, db_deadlock_retries=267, db_active_connections=3}
",5434.643247814,5434.646104727,1000,1000,1000,1000,45408000,43452000,644.592218,13616,"BULK count=1000 spawned=1000 registered=1000 bound=1000 accepted=45408000 extracted=43452000 fixture_ms_total=644.592218 fixture_ticks=13616
",5434.646435364,5434.647502786,252.26,473964,53,1030242304,1030242304,6578442240,1002749952,27394048,274,,,55.49978549332537
110,2026-10-06T10:04:01.189703+00:00,220.0078231689995,6,ACTIVE_observed,False,2.000091244000032,0.32632440100042004,,0,1000,1000,88,0,55398,0,0,0,0.211237,0.58632,1.067873,616,433.043824,513.20676,1012.434905,65,13.06589,19.814749,27.981521,2048,3.321996,8.783002,12.67921,2048,167259,269,3,"STATUS online tickets=0 {registered_loaded_endpoints=1000, active_endpoints=1000, worker_queue=88, actual_tickets=0, transactions=55398, errors=0, queue_rejected=0, quarantined=0, tick_ms_p50=0.211237, tick_ms_p95=0.58632, tick_ms_p99=1.067873, tick_ms_samples=616, delivery_ms_p50=433.043824, delivery_ms_p95=513.20676, delivery_ms_p99=1012.434905, delivery_ms_samples=65, sql_ms_p50=13.06589, sql_ms_p95=19.814749, sql_ms_p99=27.981521, sql_ms_samples=2048, db_transaction_ms_p50=3.321996, db_transaction_ms_p95=8.783002, db_transaction_ms_p99=12.67921, db_transaction_ms_samples=2048, db_transactions=167259, db_deadlock_retries=269, db_active_connections=3}
",5436.64349295,5436.64672448,1000,1000,1000,1000,45728000,43838000,646.836585,13656,"BULK count=1000 spawned=1000 registered=1000 bound=1000 accepted=45728000 extracted=43838000 fixture_ms_total=646.836585 fixture_ticks=13656
",5436.646777099,5436.647518732,253.42,473964,53,1030303744,1030303744,6578442240,1002811392,27394048,274,568328192,265123328,57.997354044712665
111,2026-10-06T10:04:03.189603+00:00,222.00772427399988,6,ACTIVE_observed,False,1.99990110500039,0.00915171900032874,,0,1000,1000,88,0,55831,0,0,0,0.210226,0.587511,1.067873,656,433.043824,513.20676,1012.434905,66,13.18561,20.629237,29.400121,2048,3.400473,9.039104,12.719601,2048,168573,269,3,"STATUS online tickets=0 {registered_loaded_endpoints=1000, active_endpoints=1000, worker_queue=88, actual_tickets=0, transactions=55831, errors=0, queue_rejected=0, quarantined=0, tick_ms_p50=0.210226, tick_ms_p95=0.587511, tick_ms_p99=1.067873, tick_ms_samples=656, delivery_ms_p50=433.043824, delivery_ms_p95=513.20676, delivery_ms_p99=1012.434905, delivery_ms_samples=66, sql_ms_p50=13.18561, sql_ms_p95=20.629237, sql_ms_p99=29.400121, sql_ms_samples=2048, db_transaction_ms_p50=3.400473, db_transaction_ms_p95=9.039104, db_transaction_ms_p99=12.719601, db_transaction_ms_samples=2048, db_transactions=168573, db_deadlock_retries=269, db_active_connections=3}
",5438.643180764,5438.646590976,1000,1000,1000,1000,46048000,44254000,649.752002,13696,"BULK count=1000 spawned=1000 registered=1000 bound=1000 accepted=46048000 extracted=44254000 fixture_ms_total=649.752002 fixture_ticks=13696
",5438.646682804,5438.647845258,254.55,473964,53,1030447104,1030447104,6578442240,1002954752,27394048,273,,,56.502793921892625
112,2026-10-06T10:04:05.189782+00:00,224.00790368100024,6,ACTIVE_observed,False,2.00017940700036,0.0092403459993875,,0,1000,1000,85,0,56276,0,0,0,0.210305,0.598448,1.067873,696,432.702176,513.20676,1012.434905,72,13.175249,20.708612,29.400121,2048,3.29857,8.404581,10.9086,2048,169940,272,3,"STATUS online tickets=0 {registered_loaded_endpoints=1000, active_endpoints=1000, worker_queue=85, actual_tickets=0, transactions=56276, errors=0, queue_rejected=0, quarantined=0, tick_ms_p50=0.210305, tick_ms_p95=0.598448, tick_ms_p99=1.067873, tick_ms_samples=696, delivery_ms_p50=432.702176, delivery_ms_p95=513.20676, delivery_ms_p99=1012.434905, delivery_ms_samples=72, sql_ms_p50=13.175249, sql_ms_p95=20.708612, sql_ms_p99=29.400121, sql_ms_samples=2048, db_transaction_ms_p50=3.29857, db_transaction_ms_p95=8.404581, db_transaction_ms_p99=10.9086, db_transaction_ms_samples=2048, db_transactions=169940, db_deadlock_retries=272, db_active_connections=3}
",5440.643431728,5440.648389358,1000,1000,1000,1000,46368000,44511000,652.301623,13736,"BULK count=1000 spawned=1000 registered=1000 bound=1000 accepted=46368000 extracted=44511000 fixture_ms_total=652.301623 fixture_ticks=13736
",5440.64844354,5440.650363661,255.63,473964,53,1030639616,1030639616,6578442240,1003147264,27394048,273,,,53.99515644547328
113,2026-10-06T10:04:07.189621+00:00,226.00773042399942,6,ACTIVE_observed,False,1.9998267429991756,0.007892847000221082,,0,1000,1000,85,0,56742,0,0,0,0.207562,0.587511,1.060371,736,432.702176,513.20676,1012.434905,73,12.983293,19.869441,28.35632,2048,3.138981,8.144895,10.973818,2048,171370,272,3,"STATUS online tickets=0 {registered_loaded_endpoints=1000, active_endpoints=1000, worker_queue=85, actual_tickets=0, transactions=56742, errors=0, queue_rejected=0, quarantined=0, tick_ms_p50=0.207562, tick_ms_p95=0.587511, tick_ms_p99=1.060371, tick_ms_samples=736, delivery_ms_p50=432.702176, delivery_ms_p95=513.20676, delivery_ms_p99=1012.434905, delivery_ms_samples=73, sql_ms_p50=12.983293, sql_ms_p95=19.869441, sql_ms_p99=28.35632, sql_ms_samples=2048, db_transaction_ms_p50=3.138981, db_transaction_ms_p95=8.144895, db_transaction_ms_p99=10.973818, db_transaction_ms_samples=2048, db_transactions=171370, db_deadlock_retries=272, db_active_connections=3}
",5442.643289108,5442.648479919,1000,1000,1000,1000,46688000,44866000,654.46127,13776,"BULK count=1000 spawned=1000 registered=1000 bound=1000 accepted=46688000 extracted=44866000 fixture_ms_total=654.46127 fixture_ticks=13776
",5442.64857406,5442.649763636,256.87,473964,53,1030782976,1030782976,6578442240,1003290624,27394048,274,,,62.005371432345136
114,2026-10-06T10:04:09.189597+00:00,228.00771734499995,6,ACTIVE_observed,False,1.9999869210005272,0.004249548999723629,,0,1000,1000,88,0,57177,0,0,0,0.207371,0.587511,1.060371,776,433.043824,513.20676,1012.434905,79,12.975705,20.123704,26.016817,2048,3.275776,8.659908,11.71975,2048,172703,272,3,"STATUS online tickets=0 {registered_loaded_endpoints=1000, active_endpoints=1000, worker_queue=88, actual_tickets=0, transactions=57177, errors=0, queue_rejected=0, quarantined=0, tick_ms_p50=0.207371, tick_ms_p95=0.587511, tick_ms_p99=1.060371, tick_ms_samples=776, delivery_ms_p50=433.043824, delivery_ms_p95=513.20676, delivery_ms_p99=1012.434905, delivery_ms_samples=79, sql_ms_p50=12.975705, sql_ms_p95=20.123704, sql_ms_p99=26.016817, sql_ms_samples=2048, db_transaction_ms_p50=3.275776, db_transaction_ms_p95=8.659908, db_transaction_ms_p99=11.71975, db_transaction_ms_samples=2048, db_transactions=172703, db_deadlock_retries=272, db_active_connections=3}
",5444.643185263,5444.645690433,1000,1000,1000,1000,47008000,45180000,656.638515,13816,"BULK count=1000 spawned=1000 registered=1000 bound=1000 accepted=47008000 extracted=45180000 fixture_ms_total=656.638515 fixture_ticks=13816
",5444.645773578,5444.646500549,258.01,473964,53,1030926336,1030926336,6578442240,1003433984,27394048,273,,,57.000372753921916
115,2026-10-06T10:04:11.189606+00:00,230.00772719399993,6,ACTIVE_observed,False,2.00000984899998,0.005942904000221461,,0,1000,1000,88,0,57600,0,0,0,0.207562,0.605959,1.060371,816,434.235943,508.095489,1012.434905,82,12.997055,19.961671,25.836602,2048,3.398331,8.553268,11.900552,2048,174000,275,3,"STATUS online tickets=0 {registered_loaded_endpoints=1000, active_endpoints=1000, worker_queue=88, actual_tickets=0, transactions=57600, errors=0, queue_rejected=0, quarantined=0, tick_ms_p50=0.207562, tick_ms_p95=0.605959, tick_ms_p99=1.060371, tick_ms_samples=816, delivery_ms_p50=434.235943, delivery_ms_p95=508.095489, delivery_ms_p99=1012.434905, delivery_ms_samples=82, sql_ms_p50=12.997055, sql_ms_p95=19.961671, sql_ms_p99=25.836602, sql_ms_samples=2048, db_transaction_ms_p50=3.398331, db_transaction_ms_p95=8.553268, db_transaction_ms_p99=11.900552, db_transaction_ms_samples=2048, db_transactions=174000, db_deadlock_retries=275, db_active_connections=3}
",5446.643183314,5446.646344433,1000,1000,1000,1000,47328000,45556000,658.987748,13856,"BULK count=1000 spawned=1000 registered=1000 bound=1000 accepted=47328000 extracted=45556000 fixture_ms_total=658.987748 fixture_ticks=13856
",5446.64642939,5446.647758885,259.11,473964,53,1031016448,1031016448,6578442240,1003524096,27394048,273,,,54.99972915383546
116,2026-10-06T10:04:13.189613+00:00,232.00773328800005,6,ACTIVE_observed,False,2.0000060940001276,0.33063048999974853,,0,1000,1000,85,0,58008,0,0,0,0.206681,0.605959,1.060371,856,437.427272,508.095489,1012.434905,84,13.285406,20.637245,27.123838,2048,3.489967,8.925354,13.515562,2048,175242,275,3,"STATUS online tickets=0 {registered_loaded_endpoints=1000, active_endpoints=1000, worker_queue=85, actual_tickets=0, transactions=58008, errors=0, queue_rejected=0, quarantined=0, tick_ms_p50=0.206681, tick_ms_p95=0.605959, tick_ms_p99=1.060371, tick_ms_samples=856, delivery_ms_p50=437.427272, delivery_ms_p95=508.095489, delivery_ms_p99=1012.434905, delivery_ms_samples=84, sql_ms_p50=13.285406, sql_ms_p95=20.637245, sql_ms_p99=27.123838, sql_ms_samples=2048, db_transaction_ms_p50=3.489967, db_transaction_ms_p95=8.925354, db_transaction_ms_p99=13.515562, db_transaction_ms_samples=2048, db_transactions=175242, db_deadlock_retries=275, db_active_connections=3}
",5448.643250309,5448.648093897,1000,1000,1000,1000,47648000,45783000,661.265587,13896,"BULK count=1000 spawned=1000 registered=1000 bound=1000 accepted=47648000 extracted=45783000 fixture_ms_total=661.265587 fixture_ticks=13896
",5448.648361388,5448.650152006,260.61,473964,53,1031098368,1031098368,6578442240,1003606016,27394048,273,568328192,313255731,74.99977147569152
117,2026-10-06T10:04:15.189623+00:00,234.00774408899997,6,ACTIVE_observed,False,2.0000108009999167,0.011935933999666304,,0,1000,1000,91,0,58366,0,0,0,0.206681,0.605959,1.060371,896,439.30862,513.20676,1012.434905,87,13.522993,22.435774,33.530558,2048,3.729849,10.256391,15.989434,2048,176346,277,2,"STATUS online tickets=0 {registered_loaded_endpoints=1000, active_endpoints=1000, worker_queue=91, actual_tickets=0, transactions=58366, errors=0, queue_rejected=0, quarantined=0, tick_ms_p50=0.206681, tick_ms_p95=0.605959, tick_ms_p99=1.060371, tick_ms_samples=896, delivery_ms_p50=439.30862, delivery_ms_p95=513.20676, delivery_ms_p99=1012.434905, delivery_ms_samples=87, sql_ms_p50=13.522993, sql_ms_p95=22.435774, sql_ms_p99=33.530558, sql_ms_samples=2048, db_transaction_ms_p50=3.729849, db_transaction_ms_p95=10.256391, db_transaction_ms_p99=15.989434, db_transaction_ms_samples=2048, db_transactions=176346, db_deadlock_retries=277, db_active_connections=2}
",5450.643212868,5450.649503236,1000,1000,1000,1000,47968000,46144000,664.038856,13936,"BULK count=1000 spawned=1000 registered=1000 bound=1000 accepted=47968000 extracted=46144000 fixture_ms_total=664.038856 fixture_ticks=13936
",5450.649660502,5450.652425613,261.71,473964,52,1031053312,1031053312,6578442240,1003560960,27394048,274,,,54.99970297410467
118,2026-10-06T10:04:17.189629+00:00,236.00774934199944,6,ACTIVE_observed,False,2.000005252999472,0.004928465999910259,,0,1000,1000,87,0,58724,0,0,0,0.205929,0.587511,1.002224,936,439.339588,530.841954,1012.434905,89,13.837829,23.237151,41.449566,2048,3.657722,10.285366,25.458654,2048,177448,280,2,"STATUS online tickets=0 {registered_loaded_endpoints=1000, active_endpoints=1000, worker_queue=87, actual_tickets=0, transactions=58724, errors=0, queue_rejected=0, quarantined=0, tick_ms_p50=0.205929, tick_ms_p95=0.587511, tick_ms_p99=1.002224, tick_ms_samples=936, delivery_ms_p50=439.339588, delivery_ms_p95=530.841954, delivery_ms_p99=1012.434905, delivery_ms_samples=89, sql_ms_p50=13.837829, sql_ms_p95=23.237151, sql_ms_p99=41.449566, sql_ms_samples=2048, db_transaction_ms_p50=3.657722, db_transaction_ms_p95=10.285366, db_transaction_ms_p99=25.458654, db_transaction_ms_samples=2048, db_transactions=177448, db_deadlock_retries=280, db_active_connections=2}
",5452.643261105,5452.645785113,1000,1000,1000,1000,48288000,46493000,666.987654,13976,"BULK count=1000 spawned=1000 registered=1000 bound=1000 accepted=48288000 extracted=46493000 fixture_ms_total=666.987654 fixture_ticks=13976
",5452.645873245,5452.64660922,262.77,473964,52,1031208960,1031208960,6578442240,1003716608,27394048,274,,,52.99986079587973
119,2026-10-06T10:04:19.189614+00:00,238.0077345159998,6,ACTIVE_observed,False,1.9999851740003578,0.0037651209995601675,,0,1000,1000,96,0,59117,0,0,0,0.204447,0.58632,1.060371,976,439.509741,530.841954,1012.434905,92,13.960199,23.949056,43.008782,2048,3.389418,8.819145,15.286821,2048,178648,280,3,"STATUS online tickets=0 {registered_loaded_endpoints=1000, active_endpoints=1000, worker_queue=96, actual_tickets=0, transactions=59117, errors=0, queue_rejected=0, quarantined=0, tick_ms_p50=0.204447, tick_ms_p95=0.58632, tick_ms_p99=1.060371, tick_ms_samples=976, delivery_ms_p50=439.509741, delivery_ms_p95=530.841954, delivery_ms_p99=1012.434905, delivery_ms_samples=92, sql_ms_p50=13.960199, sql_ms_p95=23.949056, sql_ms_p99=43.008782, sql_ms_samples=2048, db_transaction_ms_p50=3.389418, db_transaction_ms_p95=8.819145, db_transaction_ms_p99=15.286821, db_transaction_ms_samples=2048, db_transactions=178648, db_deadlock_retries=280, db_active_connections=3}
",5454.643281913,5454.64531927,1000,1000,1000,1000,48608000,46806000,669.170639,14016,"BULK count=1000 spawned=1000 registered=1000 bound=1000 accepted=48608000 extracted=46806000 fixture_ms_total=669.170639 fixture_ticks=14016
",5454.645371499,5454.646028865,263.8,473964,52,1031311360,1031311360,6578442240,1003819008,27394048,273,,,51.50038177232234
120,2026-10-06T10:04:21.189600+00:00,240.0077208470002,6,ACTIVE_observed,False,1.9999863310004002,0.006332643999485299,,0,1000,1000,87,0,59575,0,0,0,0.204517,0.581483,1.002224,1016,439.509741,549.134973,1012.434905,95,13.7203,23.379265,43.247039,2048,3.202997,8.074098,11.381771,2048,180053,281,3,"STATUS online tickets=0 {registered_loaded_endpoints=1000, active_endpoints=1000, worker_queue=87, actual_tickets=0, transactions=59575, errors=0, queue_rejected=0, quarantined=0, tick_ms_p50=0.204517, tick_ms_p95=0.581483, tick_ms_p99=1.002224, tick_ms_samples=1016, delivery_ms_p50=439.509741, delivery_ms_p95=549.134973, delivery_ms_p99=1012.434905, delivery_ms_samples=95, sql_ms_p50=13.7203, sql_ms_p95=23.379265, sql_ms_p99=43.247039, sql_ms_samples=2048, db_transaction_ms_p50=3.202997, db_transaction_ms_p95=8.074098, db_transaction_ms_p99=11.381771, db_transaction_ms_samples=2048, db_transactions=180053, db_deadlock_retries=281, db_active_connections=3}
",5456.643184869,5456.646563609,1000,1000,1000,1000,48928000,47114000,671.369557,14056,"BULK count=1000 spawned=1000 registered=1000 bound=1000 accepted=48928000 extracted=47114000 fixture_ms_total=671.369557 fixture_ticks=14056
",5456.646624461,5456.648415459,264.93,473964,52,1031331840,1031331840,6578442240,1003839488,27394048,273,,,56.50038615187762
121,2026-10-06T10:04:23.189825+00:00,242.00793864299976,6,ACTIVE_observed,False,2.0002177959995606,0.37531697299982625,,0,1000,1000,86,0,60016,0,0,0,0.205849,0.598448,1.060371,1056,439.30862,530.841954,1004.831856,100,13.627344,22.655943,43.247039,2048,3.195525,8.26313,10.682367,2048,181406,281,3,"STATUS online tickets=0 {registered_loaded_endpoints=1000, active_endpoints=1000, worker_queue=86, actual_tickets=0, transactions=60016, errors=0, queue_rejected=0, quarantined=0, tick_ms_p50=0.205849, tick_ms_p95=0.598448, tick_ms_p99=1.060371, tick_ms_samples=1056, delivery_ms_p50=439.30862, delivery_ms_p95=530.841954, delivery_ms_p99=1004.831856, delivery_ms_samples=100, sql_ms_p50=13.627344, sql_ms_p95=22.655943, sql_ms_p99=43.247039, sql_ms_samples=2048, db_transaction_ms_p50=3.195525, db_transaction_ms_p95=8.26313, db_transaction_ms_p99=10.682367, db_transaction_ms_samples=2048, db_transactions=181406, db_deadlock_retries=281, db_active_connections=3}
",5458.64340643,5458.647892314,1000,1000,1000,1000,49248000,47364000,674.140733,14096,"BULK count=1000 spawned=1000 registered=1000 bound=1000 accepted=49248000 extracted=47364000 fixture_ms_total=674.140733 fixture_ticks=14096
",5458.648036461,5458.651978569,266.06,473964,52,1031503872,1031503872,6578442240,1004011520,27394048,273,568328192,524992000,56.49384793295999
122,2026-10-06T10:04:25.189596+00:00,244.00771713699942,6,ACTIVE_observed,False,1.9997784939996563,0.008626716999970085,,0,1000,1000,87,0,60393,0,0,0,0.205399,0.587511,1.060371,1096,439.509741,549.134973,1004.831856,103,13.711917,22.17479,36.984087,2048,3.530631,9.401975,13.523623,2048,182556,283,3,"STATUS online tickets=0 {registered_loaded_endpoints=1000, active_endpoints=1000, worker_queue=87, actual_tickets=0, transactions=60393, errors=0, queue_rejected=0, quarantined=0, tick_ms_p50=0.205399, tick_ms_p95=0.587511, tick_ms_p99=1.060371, tick_ms_samples=1096, delivery_ms_p50=439.509741, delivery_ms_p95=549.134973, delivery_ms_p99=1004.831856, delivery_ms_samples=103, sql_ms_p50=13.711917, sql_ms_p95=22.17479, sql_ms_p99=36.984087, sql_ms_samples=2048, db_transaction_ms_p50=3.530631, db_transaction_ms_p95=9.401975, db_transaction_ms_p99=13.523623, db_transaction_ms_samples=2048, db_transactions=182556, db_deadlock_retries=283, db_active_connections=3}
",5460.643176782,5460.649261413,1000,1000,1000,1000,49568000,47620000,676.706505,14136,"BULK count=1000 spawned=1000 registered=1000 bound=1000 accepted=49568000 extracted=47620000 fixture_ms_total=676.706505 fixture_ticks=14136
",5460.649320302,5460.650703908,267.1,473964,52,1031610368,1031610368,6578442240,1004118016,27394048,273,,,52.00575979392441
123,2026-10-06T10:04:27.189616+00:00,246.00772848699944,6,ACTIVE_observed,False,2.0000113500000225,0.008935861000281875,,0,1000,1000,86,0,60801,0,0,0,0.205278,0.58632,1.002224,1136,439.540845,549.134973,1004.831856,107,13.580788,21.532957,30.637663,2048,3.493053,9.047978,12.681933,2048,183819,286,2,"STATUS online tickets=0 {registered_loaded_endpoints=1000, active_endpoints=1000, worker_queue=86, actual_tickets=0, transactions=60801, errors=0, queue_rejected=0, quarantined=0, tick_ms_p50=0.205278, tick_ms_p95=0.58632, tick_ms_p99=1.002224, tick_ms_samples=1136, delivery_ms_p50=439.540845, delivery_ms_p95=549.134973, delivery_ms_p99=1004.831856, delivery_ms_samples=107, sql_ms_p50=13.580788, sql_ms_p95=21.532957, sql_ms_p99=30.637663, sql_ms_samples=2048, db_transaction_ms_p50=3.493053, db_transaction_ms_p95=9.047978, db_transaction_ms_p99=12.681933, db_transaction_ms_samples=2048, db_transactions=183819, db_deadlock_retries=286, db_active_connections=2}
",5462.643418968,5462.64988297,1000,1000,1000,1000,49888000,47894000,678.760007,14176,"BULK count=1000 spawned=1000 registered=1000 bound=1000 accepted=49888000 extracted=47894000 fixture_ms_total=678.760007 fixture_ticks=14176
",5462.64997018,5462.651167027,268.26,473964,52,1031725056,1031725056,6578442240,1004232704,27394048,274,,,57.99967085186567
124,2026-10-06T10:04:29.189638+00:00,248.0077590410001,6,ACTIVE_observed,False,2.0000305540006593,0.004480328999306948,,0,1000,1000,86,0,61256,0,0,0,0.205669,0.58632,1.002224,1176,439.509741,549.134973,1004.831856,111,13.489976,21.233998,28.022686,2048,3.228476,8.324059,11.559559,2048,185202,287,3,"STATUS online tickets=0 {registered_loaded_endpoints=1000, active_endpoints=1000, worker_queue=86, actual_tickets=0, transactions=61256, errors=0, queue_rejected=0, quarantined=0, tick_ms_p50=0.205669, tick_ms_p95=0.58632, tick_ms_p99=1.002224, tick_ms_samples=1176, delivery_ms_p50=439.509741, delivery_ms_p95=549.134973, delivery_ms_p99=1004.831856, delivery_ms_samples=111, sql_ms_p50=13.489976, sql_ms_p95=21.233998, sql_ms_p99=28.022686, sql_ms_samples=2048, db_transaction_ms_p50=3.228476, db_transaction_ms_p95=8.324059, db_transaction_ms_p99=11.559559, db_transaction_ms_samples=2048, db_transactions=185202, db_deadlock_retries=287, db_active_connections=3}
",5464.643272867,5464.646075088,1000,1000,1000,1000,50208000,48226000,681.145109,14216,"BULK count=1000 spawned=1000 registered=1000 bound=1000 accepted=50208000 extracted=48226000 fixture_ms_total=681.145109 fixture_ticks=14216
",5464.64612955,5464.646757182,269.38,473964,52,1031860224,1031860224,6578442240,1004367872,27394048,273,,,55.99914450105123
125,2026-10-06T10:04:31.189593+00:00,250.007713557,6,ACTIVE_observed,False,1.9999545159998888,0.006971904000238283,,0,1000,1000,88,0,61683,0,0,0,0.206711,0.58632,1.002224,1216,439.509741,549.134973,1004.831856,114,13.618839,21.472436,28.668879,2048,3.237648,8.532561,11.336143,2048,186509,290,2,"STATUS online tickets=0 {registered_loaded_endpoints=1000, active_endpoints=1000, worker_queue=88, actual_tickets=0, transactions=61683, errors=0, queue_rejected=0, quarantined=0, tick_ms_p50=0.206711, tick_ms_p95=0.58632, tick_ms_p99=1.002224, tick_ms_samples=1216, delivery_ms_p50=439.509741, delivery_ms_p95=549.134973, delivery_ms_p99=1004.831856, delivery_ms_samples=114, sql_ms_p50=13.618839, sql_ms_p95=21.472436, sql_ms_p99=28.668879, sql_ms_samples=2048, db_transaction_ms_p50=3.237648, db_transaction_ms_p95=8.532561, db_transaction_ms_p99=11.336143, db_transaction_ms_samples=2048, db_transactions=186509, db_deadlock_retries=290, db_active_connections=2}
",5466.64320537,5466.647280917,1000,1000,1000,1000,50528000,48440000,683.464587,14256,"BULK count=1000 spawned=1000 registered=1000 bound=1000 accepted=50528000 extracted=48440000 fixture_ms_total=683.464587 fixture_ticks=14256
",5466.647347027,5466.649103683,270.83,473964,52,1031954432,1031954432,6578442240,1004462080,27394048,273,,,72.5016488325012
126,2026-10-06T10:04:33.189622+00:00,252.007742496,6,ACTIVE_observed,False,2.0000289390000034,0.006304773000010755,,0,1000,1000,88,0,62085,0,0,0,0.206681,0.593746,1.060371,1256,439.540845,549.134973,1004.831856,117,13.75489,21.710103,29.659794,2048,3.428255,9.298084,13.174463,2048,187743,291,2,"STATUS online tickets=0 {registered_loaded_endpoints=1000, active_endpoints=1000, worker_queue=88, actual_tickets=0, transactions=62085, errors=0, queue_rejected=0, quarantined=0, tick_ms_p50=0.206681, tick_ms_p95=0.593746, tick_ms_p99=1.060371, tick_ms_samples=1256, delivery_ms_p50=439.540845, delivery_ms_p95=549.134973, delivery_ms_p99=1004.831856, delivery_ms_samples=117, sql_ms_p50=13.75489, sql_ms_p95=21.710103, sql_ms_p99=29.659794, sql_ms_samples=2048, db_transaction_ms_p50=3.428255, db_transaction_ms_p95=9.298084, db_transaction_ms_p99=13.174463, db_transaction_ms_samples=2048, db_transactions=187743, db_deadlock_retries=291, db_active_connections=2}
",5468.643197404,5468.647200502,1000,1000,1000,1000,50848000,48791000,685.44916,14296,"BULK count=1000 spawned=1000 registered=1000 bound=1000 accepted=50848000 extracted=48791000 fixture_ms_total=685.44916 fixture_ticks=14296
",5468.647270928,5468.64832525,271.92,473964,52,1031974912,1031974912,6578442240,1004482560,27394048,273,,,54.4992114236618
127,2026-10-06T10:04:35.189609+00:00,254.00773011299952,6,ACTIVE_observed,False,1.9999876169995332,0.30140555600064545,,0,1000,1000,95,0,62268,0,0,0,0.205018,0.587511,1.060371,1296,439.540845,549.134973,1004.831856,117,13.689264,22.46835,76.505431,2048,3.541465,11.285507,51.695085,2048,188306,293,2,"STATUS online tickets=0 {registered_loaded_endpoints=1000, active_endpoints=1000, worker_queue=95, actual_tickets=0, transactions=62268, errors=0, queue_rejected=0, quarantined=0, tick_ms_p50=0.205018, tick_ms_p95=0.587511, tick_ms_p99=1.060371, tick_ms_samples=1296, delivery_ms_p50=439.540845, delivery_ms_p95=549.134973, delivery_ms_p99=1004.831856, delivery_ms_samples=117, sql_ms_p50=13.689264, sql_ms_p95=22.46835, sql_ms_p99=76.505431, sql_ms_samples=2048, db_transaction_ms_p50=3.541465, db_transaction_ms_p95=11.285507, db_transaction_ms_p99=51.695085, db_transaction_ms_samples=2048, db_transactions=188306, db_deadlock_retries=293, db_active_connections=2}
",5470.643215877,5470.645154897,1000,1000,1000,1000,51168000,49105000,687.215219,14336,"BULK count=1000 spawned=1000 registered=1000 bound=1000 accepted=51168000 extracted=49105000 fixture_ms_total=687.215219 fixture_ticks=14336
",5470.645203219,5470.64597625,272.54,473964,52,1032015872,1032015872,6578442240,1004523520,27394048,274,568328192,481772544,31.000191937695842
128,2026-10-06T10:04:37.189610+00:00,256.00773033399946,6,ACTIVE_observed,False,2.0000002209999366,0.005239312999947288,,0,1000,1000,86,0,62653,0,0,0,0.204457,0.593746,1.060371,1336,443.884768,568.847533,1616.684212,122,13.608534,23.836514,86.732816,2048,3.647474,12.637512,52.344625,2048,189486,296,2,"STATUS online tickets=0 {registered_loaded_endpoints=1000, active_endpoints=1000, worker_queue=86, actual_tickets=0, transactions=62653, errors=0, queue_rejected=0, quarantined=0, tick_ms_p50=0.204457, tick_ms_p95=0.593746, tick_ms_p99=1.060371, tick_ms_samples=1336, delivery_ms_p50=443.884768, delivery_ms_p95=568.847533, delivery_ms_p99=1616.684212, delivery_ms_samples=122, sql_ms_p50=13.608534, sql_ms_p95=23.836514, sql_ms_p99=86.732816, sql_ms_samples=2048, db_transaction_ms_p50=3.647474, db_transaction_ms_p95=12.637512, db_transaction_ms_p99=52.344625, db_transaction_ms_samples=2048, db_transactions=189486, db_deadlock_retries=296, db_active_connections=2}
",5472.643269037,5472.646017042,1000,1000,1000,1000,51488000,49361000,692.915333,14376,"BULK count=1000 spawned=1000 registered=1000 bound=1000 accepted=51488000 extracted=49361000 fixture_ms_total=692.915333 fixture_ticks=14376
",5472.646071453,5472.647094619,273.6,473964,52,1032101888,1032101888,6578442240,1004609536,27394048,273,,,52.99999414350244
129,2026-10-06T10:04:39.189566+00:00,258.0076864269995,6,ACTIVE_observed,False,1.999956093000037,0.0059468449999258155,,0,1000,1000,87,0,62947,0,0,0,0.203725,0.587511,1.060371,1376,440.000669,568.847533,1616.684212,125,13.678438,23.970997,97.314126,2048,3.407574,9.078886,15.246934,2048,190398,300,3,"STATUS online tickets=0 {registered_loaded_endpoints=1000, active_endpoints=1000, worker_queue=87, actual_tickets=0, transactions=62947, errors=0, queue_rejected=0, quarantined=0, tick_ms_p50=0.203725, tick_ms_p95=0.587511, tick_ms_p99=1.060371, tick_ms_samples=1376, delivery_ms_p50=440.000669, delivery_ms_p95=568.847533, delivery_ms_p99=1616.684212, delivery_ms_samples=125, sql_ms_p50=13.678438, sql_ms_p95=23.970997, sql_ms_p99=97.314126, sql_ms_samples=2048, db_transaction_ms_p50=3.407574, db_transaction_ms_p95=9.078886, db_transaction_ms_p99=15.246934, db_transaction_ms_samples=2048, db_transactions=190398, db_deadlock_retries=300, db_active_connections=3}
",5474.643270589,5474.646212524,1000,1000,1000,1000,51808000,49684000,694.919681,14416,"BULK count=1000 spawned=1000 registered=1000 bound=1000 accepted=51808000 extracted=49684000 fixture_ms_total=694.919681 fixture_ticks=14416
",5474.646753676,5474.647619626,274.4,473964,52,1032175616,1032175616,6578442240,1004683264,27394048,273,,,40.00087815927566
130,2026-10-06T10:04:41.189593+00:00,260.0077139650002,6,ACTIVE_observed,False,2.0000275380007224,0.0038671039992550504,,0,1000,1000,92,0,63370,0,0,0,0.203315,0.58632,1.021654,1416,443.884768,568.847533,1616.684212,130,13.746386,24.592103,97.314126,2048,3.275786,8.71556,15.376777,2048,191690,302,2,"STATUS online tickets=0 {registered_loaded_endpoints=1000, active_endpoints=1000, worker_queue=92, actual_tickets=0, transactions=63370, errors=0, queue_rejected=0, quarantined=0, tick_ms_p50=0.203315, tick_ms_p95=0.58632, tick_ms_p99=1.021654, tick_ms_samples=1416, delivery_ms_p50=443.884768, delivery_ms_p95=568.847533, delivery_ms_p99=1616.684212, delivery_ms_samples=130, sql_ms_p50=13.746386, sql_ms_p95=24.592103, sql_ms_p99=97.314126, sql_ms_samples=2048, db_transaction_ms_p50=3.275786, db_transaction_ms_p95=8.71556, db_transaction_ms_p99=15.376777, db_transaction_ms_samples=2048, db_transactions=191690, db_deadlock_retries=302, db_active_connections=2}
",5476.643186659,5476.645348013,1000,1000,1000,1000,52128000,50074000,696.876777,14456,"BULK count=1000 spawned=1000 registered=1000 bound=1000 accepted=52128000 extracted=50074000 fixture_ms_total=696.876777 fixture_ticks=14456
",5476.64539927,5476.646087233,275.44,473964,52,1032331264,1032331264,6578442240,1004838912,27394048,274,,,51.999284021840545
131,2026-10-06T10:04:43.189615+00:00,262.007735573,6,ACTIVE_observed,False,2.00002160799977,0.004457950999494642,,0,1000,1000,87,0,63592,0,0,0,0.202414,0.576145,1.021654,1456,443.884768,596.776139,1616.684212,132,13.720132,30.533946,145.21993,2048,3.275786,10.098601,52.366057,2048,192379,303,2,"STATUS online tickets=0 {registered_loaded_endpoints=1000, active_endpoints=1000, worker_queue=87, actual_tickets=0, transactions=63592, errors=0, queue_rejected=0, quarantined=0, tick_ms_p50=0.202414, tick_ms_p95=0.576145, tick_ms_p99=1.021654, tick_ms_samples=1456, delivery_ms_p50=443.884768, delivery_ms_p95=596.776139, delivery_ms_p99=1616.684212, delivery_ms_samples=132, sql_ms_p50=13.720132, sql_ms_p95=30.533946, sql_ms_p99=145.21993, sql_ms_samples=2048, db_transaction_ms_p50=3.275786, db_transaction_ms_p95=10.098601, db_transaction_ms_p99=52.366057, db_transaction_ms_samples=2048, db_transactions=192379, db_deadlock_retries=303, db_active_connections=2}
",5478.64321654,5478.645253618,1000,1000,1000,1000,52448000,50384000,698.819786,14496,"BULK count=1000 spawned=1000 registered=1000 bound=1000 accepted=52448000 extracted=50384000 fixture_ms_total=698.819786 fixture_ticks=14496
",5478.645338916,5478.646706899,276.14,473964,52,1032409088,1032409088,6578442240,1004916736,27394048,274,,,34.99962186408884
132,2026-10-06T10:04:45.189604+00:00,264.00771385699954,6,ACTIVE_observed,False,1.9999782839995532,0.0053214370000205236,,0,1000,1000,87,0,64008,0,0,0,0.201802,0.576145,1.067873,1496,443.884768,596.776139,1616.684212,135,13.664493,31.855879,145.21993,2048,3.331049,11.324516,52.366057,2048,193652,304,3,"STATUS online tickets=0 {registered_loaded_endpoints=1000, active_endpoints=1000, worker_queue=87, actual_tickets=0, transactions=64008, errors=0, queue_rejected=0, quarantined=0, tick_ms_p50=0.201802, tick_ms_p95=0.576145, tick_ms_p99=1.067873, tick_ms_samples=1496, delivery_ms_p50=443.884768, delivery_ms_p95=596.776139, delivery_ms_p99=1616.684212, delivery_ms_samples=135, sql_ms_p50=13.664493, sql_ms_p95=31.855879, sql_ms_p99=145.21993, sql_ms_samples=2048, db_transaction_ms_p50=3.331049, db_transaction_ms_p95=11.324516, db_transaction_ms_p99=52.366057, db_transaction_ms_samples=2048, db_transactions=193652, db_deadlock_retries=304, db_active_connections=3}
",5480.643241815,5480.646648828,1000,1000,1000,1000,52768000,50735000,701.191113,14536,"BULK count=1000 spawned=1000 registered=1000 bound=1000 accepted=52768000 extracted=50735000 fixture_ms_total=701.191113 fixture_ticks=14536
",5480.646700956,5480.647383971,277.24,473964,52,1032474624,1032474624,6578442240,1004982272,27394048,273,,,55.00059719649778
133,2026-10-06T10:04:47.189613+00:00,266.00773294899955,6,ACTIVE_observed,False,2.0000190920000023,0.3612295270004324,,0,1000,1000,87,0,64463,0,0,0,0.202023,0.576145,1.067873,1536,440.000669,568.847533,1616.684212,145,13.180476,23.14175,104.717361,2048,3.204909,8.481288,11.075772,2048,195046,305,3,"STATUS online tickets=0 {registered_loaded_endpoints=1000, active_endpoints=1000, worker_queue=87, actual_tickets=0, transactions=64463, errors=0, queue_rejected=0, quarantined=0, tick_ms_p50=0.202023, tick_ms_p95=0.576145, tick_ms_p99=1.067873, tick_ms_samples=1536, delivery_ms_p50=440.000669, delivery_ms_p95=568.847533, delivery_ms_p99=1616.684212, delivery_ms_samples=145, sql_ms_p50=13.180476, sql_ms_p95=23.14175, sql_ms_p99=104.717361, sql_ms_samples=2048, db_transaction_ms_p50=3.204909, db_transaction_ms_p95=8.481288, db_transaction_ms_p99=11.075772, db_transaction_ms_samples=2048, db_transactions=195046, db_deadlock_retries=305, db_active_connections=3}
",5482.643252995,5482.645410122,1000,1000,1000,1000,53088000,51030000,703.146992,14576,"BULK count=1000 spawned=1000 registered=1000 bound=1000 accepted=53088000 extracted=51030000 fixture_ms_total=703.146992 fixture_ticks=14576
",5482.645472686,5482.646839808,278.39,473964,51,1032548352,1032548352,6578442240,1005056000,27394048,274,568328192,443615232,57.499451110238496
134,2026-10-06T10:04:49.189630+00:00,268.00775068299936,6,ACTIVE_observed,False,2.0000177339998118,0.007131533000574564,,0,1000,1000,88,0,64828,0,0,0,0.202073,0.576145,1.165849,1576,440.456474,568.847533,1616.684212,148,13.325899,24.70032,104.717361,2048,3.329647,9.170542,17.503809,2048,196173,307,3,"STATUS online tickets=0 {registered_loaded_endpoints=1000, active_endpoints=1000, worker_queue=88, actual_tickets=0, transactions=64828, errors=0, queue_rejected=0, quarantined=0, tick_ms_p50=0.202073, tick_ms_p95=0.576145, tick_ms_p99=1.165849, tick_ms_samples=1576, delivery_ms_p50=440.456474, delivery_ms_p95=568.847533, delivery_ms_p99=1616.684212, delivery_ms_samples=148, sql_ms_p50=13.325899, sql_ms_p95=24.70032, sql_ms_p99=104.717361, sql_ms_samples=2048, db_transaction_ms_p50=3.329647, db_transaction_ms_p95=9.170542, db_transaction_ms_p99=17.503809, db_transaction_ms_samples=2048, db_transactions=196173, db_deadlock_retries=307, db_active_connections=3}
",5484.64339841,5484.646519234,1000,1000,1000,1000,53408000,51387000,705.618094,14616,"BULK count=1000 spawned=1000 registered=1000 bound=1000 accepted=53408000 extracted=51387000 fixture_ms_total=705.618094 fixture_ticks=14616
",5484.646706946,5484.649085435,279.37,473964,51,1032622080,1032622080,6578442240,1005129728,27394048,274,,,48.99956552085805
135,2026-10-06T10:04:51.189609+00:00,270.0077294319999,6,ACTIVE_observed,False,1.9999787490005474,0.012825578999581921,,0,1000,1000,84,0,65259,0,0,0,0.202103,0.574512,1.067873,1616,440.456474,568.847533,1616.684212,150,13.305688,24.488247,91.544781,2048,3.434544,8.636652,14.164609,2048,197489,307,2,"STATUS online tickets=0 {registered_loaded_endpoints=1000, active_endpoints=1000, worker_queue=84, actual_tickets=0, transactions=65259, errors=0, queue_rejected=0, quarantined=0, tick_ms_p50=0.202103, tick_ms_p95=0.574512, tick_ms_p99=1.067873, tick_ms_samples=1616, delivery_ms_p50=440.456474, delivery_ms_p95=568.847533, delivery_ms_p99=1616.684212, delivery_ms_samples=150, sql_ms_p50=13.305688, sql_ms_p95=24.488247, sql_ms_p99=91.544781, sql_ms_samples=2048, db_transaction_ms_p50=3.434544, db_transaction_ms_p95=8.636652, db_transaction_ms_p99=14.164609, db_transaction_ms_samples=2048, db_transactions=197489, db_deadlock_retries=307, db_active_connections=2}
",5486.643188386,5486.652885329,1000,1000,1000,1000,53728000,51736000,708.520238,14656,"BULK count=1000 spawned=1000 registered=1000 bound=1000 accepted=53728000 extracted=51736000 fixture_ms_total=708.520238 fixture_ticks=14656
",5486.652952059,5486.654245801,280.76,473964,51,1032769536,1032769536,6578442240,1005277184,27394048,273,,,69.50073848007702
136,2026-10-06T10:04:53.189558+00:00,272.00767917399935,6,ACTIVE_observed,False,1.999949741999444,0.004022237000754103,,0,1000,1000,86,0,65706,0,0,0,0.202514,0.576145,1.067873,1656,440.456474,568.847533,1616.684212,153,13.318569,21.896031,34.012971,2048,3.168615,7.861419,11.728466,2048,198863,307,3,"STATUS online tickets=0 {registered_loaded_endpoints=1000, active_endpoints=1000, worker_queue=86, actual_tickets=0, transactions=65706, errors=0, queue_rejected=0, quarantined=0, tick_ms_p50=0.202514, tick_ms_p95=0.576145, tick_ms_p99=1.067873, tick_ms_samples=1656, delivery_ms_p50=440.456474, delivery_ms_p95=568.847533, delivery_ms_p99=1616.684212, delivery_ms_samples=153, sql_ms_p50=13.318569, sql_ms_p95=21.896031, sql_ms_p99=34.012971, sql_ms_samples=2048, db_transaction_ms_p50=3.168615, db_transaction_ms_p95=7.861419, db_transaction_ms_p99=11.728466, db_transaction_ms_samples=2048, db_transactions=198863, db_deadlock_retries=307, db_active_connections=3}
",5488.643139931,5488.645580744,1000,1000,1000,1000,54048000,51904000,711.138173,14696,"BULK count=1000 spawned=1000 registered=1000 bound=1000 accepted=54048000 extracted=51904000 fixture_ms_total=711.138173 fixture_ticks=14696
",5488.645689918,5488.646228436,281.84,473964,51,1032773632,1032773632,6578442240,1005281280,27394048,274,,,54.00135700011427
137,2026-10-06T10:04:55.189564+00:00,274.0076855649995,6,ACTIVE_observed,False,2.00000639100017,0.0045408350006255205,,0,1000,1000,89,0,66151,0,0,0,0.202103,0.576145,1.117527,1696,439.540845,549.134973,1616.684212,161,13.163936,20.980703,31.821552,2048,3.173583,8.719,10.737005,2048,200232,308,2,"STATUS online tickets=0 {registered_loaded_endpoints=1000, active_endpoints=1000, worker_queue=89, actual_tickets=0, transactions=66151, errors=0, queue_rejected=0, quarantined=0, tick_ms_p50=0.202103, tick_ms_p95=0.576145, tick_ms_p99=1.117527, tick_ms_samples=1696, delivery_ms_p50=439.540845, delivery_ms_p95=549.134973, delivery_ms_p99=1616.684212, delivery_ms_samples=161, sql_ms_p50=13.163936, sql_ms_p95=20.980703, sql_ms_p99=31.821552, sql_ms_samples=2048, db_transaction_ms_p50=3.173583, db_transaction_ms_p95=8.719, db_transaction_ms_p99=10.737005, db_transaction_ms_samples=2048, db_transactions=200232, db_deadlock_retries=308, db_active_connections=2}
",5490.643158691,5490.645749529,1000,1000,1000,1000,54368000,52343000,713.396136,14736,"BULK count=1000 spawned=1000 registered=1000 bound=1000 accepted=54368000 extracted=52343000 fixture_ms_total=713.396136 fixture_ticks=14736
",5490.64584367,5490.646482369,282.94,473964,51,1032855552,1032855552,6578442240,1005363200,27394048,274,,,54.99982424805808
138,2026-10-06T10:04:57.189604+00:00,276.0077251779994,6,ACTIVE_observed,False,2.000039612999899,0.007512015000429528,,0,1000,1000,85,0,66599,0,0,0,0.202023,0.574512,1.067873,1736,439.536232,549.134973,1616.684212,163,13.060782,20.800517,31.821552,2048,3.099732,8.22891,10.922463,2048,201596,310,3,"STATUS online tickets=0 {registered_loaded_endpoints=1000, active_endpoints=1000, worker_queue=85, actual_tickets=0, transactions=66599, errors=0, queue_rejected=0, quarantined=0, tick_ms_p50=0.202023, tick_ms_p95=0.574512, tick_ms_p99=1.067873, tick_ms_samples=1736, delivery_ms_p50=439.536232, delivery_ms_p95=549.134973, delivery_ms_p99=1616.684212, delivery_ms_samples=163, sql_ms_p50=13.060782, sql_ms_p95=20.800517, sql_ms_p99=31.821552, sql_ms_samples=2048, db_transaction_ms_p50=3.099732, db_transaction_ms_p95=8.22891, db_transaction_ms_p99=10.922463, db_transaction_ms_samples=2048, db_transactions=201596, db_deadlock_retries=310, db_active_connections=3}
",5492.643214077,5492.646971076,1000,1000,1000,1000,54688000,52736000,716.119104,14776,"BULK count=1000 spawned=1000 registered=1000 bound=1000 accepted=54688000 extracted=52736000 fixture_ms_total=716.119104 fixture_ticks=14776
",5492.647036354,5492.648696836,284.0,473964,51,1032949760,1032949760,6578442240,1005457408,27394048,273,,,52.998950276294146
139,2026-10-06T10:04:59.189659+00:00,278.00777984399974,6,ACTIVE_observed,False,2.0000546660003238,0.3103317450004397,,0,1000,1000,87,0,67070,0,0,0,0.202193,0.574512,1.067873,1776,439.509741,549.134973,1616.684212,167,12.649825,19.686084,25.259008,2048,3.03848,8.083021,10.991236,2048,203041,312,3,"STATUS online tickets=0 {registered_loaded_endpoints=1000, active_endpoints=1000, worker_queue=87, actual_tickets=0, transactions=67070, errors=0, queue_rejected=0, quarantined=0, tick_ms_p50=0.202193, tick_ms_p95=0.574512, tick_ms_p99=1.067873, tick_ms_samples=1776, delivery_ms_p50=439.509741, delivery_ms_p95=549.134973, delivery_ms_p99=1616.684212, delivery_ms_samples=167, sql_ms_p50=12.649825, sql_ms_p95=19.686084, sql_ms_p99=25.259008, sql_ms_samples=2048, db_transaction_ms_p50=3.03848, db_transaction_ms_p95=8.083021, db_transaction_ms_p99=10.991236, db_transaction_ms_samples=2048, db_transactions=203041, db_deadlock_retries=312, db_active_connections=3}
",5494.643237166,5494.645400302,1000,1000,1000,1000,55008000,53035000,718.324672,14816,"BULK count=1000 spawned=1000 registered=1000 bound=1000 accepted=55008000 extracted=53035000 fixture_ms_total=718.324672 fixture_ticks=14816
",5494.645571029,5494.647233203,285.14,473964,51,1033015296,1033015296,6578442240,1005522944,27394048,273,568328192,485447884,56.998442061573215
140,2026-10-06T10:05:01.189643+00:00,280.0077642999995,6,ACTIVE_observed,False,1.9999844559997655,0.006766746000721469,,0,1000,1000,87,0,67501,0,0,0,0.202314,0.57321,1.060371,1816,439.339588,549.134973,1616.684212,170,12.669645,20.118107,25.175523,2048,3.316047,8.428269,11.642473,2048,204363,312,3,"STATUS online tickets=0 {registered_loaded_endpoints=1000, active_endpoints=1000, worker_queue=87, actual_tickets=0, transactions=67501, errors=0, queue_rejected=0, quarantined=0, tick_ms_p50=0.202314, tick_ms_p95=0.57321, tick_ms_p99=1.060371, tick_ms_samples=1816, delivery_ms_p50=439.339588, delivery_ms_p95=549.134973, delivery_ms_p99=1616.684212, delivery_ms_samples=170, sql_ms_p50=12.669645, sql_ms_p95=20.118107, sql_ms_p99=25.175523, sql_ms_samples=2048, db_transaction_ms_p50=3.316047, db_transaction_ms_p95=8.428269, db_transaction_ms_p99=11.642473, db_transaction_ms_samples=2048, db_transactions=204363, db_deadlock_retries=312, db_active_connections=3}
",5496.643629804,5496.647147734,1000,1000,1000,1000,55328000,53431000,721.060999,14856,"BULK count=1000 spawned=1000 registered=1000 bound=1000 accepted=55328000 extracted=53431000 fixture_ms_total=721.060999 fixture_ticks=14856
",5496.647264098,5496.648342126,286.18,473964,51,1033089024,1033089024,6578442240,1005596672,27394048,273,,,52.000404147148146
141,2026-10-06T10:05:03.189620+00:00,282.0077407179997,6,ACTIVE_observed,False,1.9999764180001876,0.0075400980003905715,,0,1000,1000,88,0,67971,0,0,0,0.202073,0.574512,1.060371,1856,439.088555,549.134973,1616.684212,176,12.455093,19.724453,26.590093,2048,3.223508,7.716873,10.549856,2048,205801,316,2,"STATUS online tickets=0 {registered_loaded_endpoints=1000, active_endpoints=1000, worker_queue=88, actual_tickets=0, transactions=67971, errors=0, queue_rejected=0, quarantined=0, tick_ms_p50=0.202073, tick_ms_p95=0.574512, tick_ms_p99=1.060371, tick_ms_samples=1856, delivery_ms_p50=439.088555, delivery_ms_p95=549.134973, delivery_ms_p99=1616.684212, delivery_ms_samples=176, sql_ms_p50=12.455093, sql_ms_p95=19.724453, sql_ms_p99=26.590093, sql_ms_samples=2048, db_transaction_ms_p50=3.223508, db_transaction_ms_p95=7.716873, db_transaction_ms_p99=10.549856, db_transaction_ms_samples=2048, db_transactions=205801, db_deadlock_retries=316, db_active_connections=2}
",5498.643253482,5498.64618295,1000,1000,1000,1000,55648000,53716000,723.377826,14896,"BULK count=1000 spawned=1000 registered=1000 bound=1000 accepted=55648000 extracted=53716000 fixture_ms_total=723.377826 fixture_ticks=14896
",5498.64626977,5498.648860709,287.25,473964,51,1033101312,1033101312,6578442240,1005608960,27394048,273,,,53.50063082593272
142,2026-10-06T10:05:05.189663+00:00,284.00778375400023,6,ACTIVE_observed,False,2.000043036000534,0.00574598499952117,,0,1000,1000,89,0,68393,0,0,0,0.202103,0.574512,1.067873,1896,439.088555,534.933264,1616.684212,181,12.672953,20.426607,27.362416,2048,3.259102,8.255281,11.554053,2048,207103,320,3,"STATUS online tickets=0 {registered_loaded_endpoints=1000, active_endpoints=1000, worker_queue=89, actual_tickets=0, transactions=68393, errors=0, queue_rejected=0, quarantined=0, tick_ms_p50=0.202103, tick_ms_p95=0.574512, tick_ms_p99=1.067873, tick_ms_samples=1896, delivery_ms_p50=439.088555, delivery_ms_p95=534.933264, delivery_ms_p99=1616.684212, delivery_ms_samples=181, sql_ms_p50=12.672953, sql_ms_p95=20.426607, sql_ms_p99=27.362416, sql_ms_samples=2048, db_transaction_ms_p50=3.259102, db_transaction_ms_p95=8.255281, db_transaction_ms_p99=11.554053, db_transaction_ms_samples=2048, db_transactions=207103, db_deadlock_retries=320, db_active_connections=3}
",5500.643332873,5500.646168299,1000,1000,1000,1000,55968000,54159000,725.521739,14936,"BULK count=1000 spawned=1000 registered=1000 bound=1000 accepted=55968000 extracted=54159000 fixture_ms_total=725.521739 fixture_ticks=14936
",5500.646372375,5500.647585516,288.31,473964,51,1033179136,1033179136,6578442240,1005686784,27394048,273,,,52.998859570525724
143,2026-10-06T10:05:07.189592+00:00,286.0077132289998,6,ACTIVE_observed,False,1.9999294749995897,0.00673435899989272,,0,1000,1000,86,0,68837,0,0,0,0.202314,0.581483,1.067873,1936,439.088555,534.933264,1616.684212,186,12.7281,20.945706,27.661,2048,3.228566,8.65987,12.215897,2048,208462,321,3,"STATUS online tickets=0 {registered_loaded_endpoints=1000, active_endpoints=1000, worker_queue=86, actual_tickets=0, transactions=68837, errors=0, queue_rejected=0, quarantined=0, tick_ms_p50=0.202314, tick_ms_p95=0.581483, tick_ms_p99=1.067873, tick_ms_samples=1936, delivery_ms_p50=439.088555, delivery_ms_p95=534.933264, delivery_ms_p99=1616.684212, delivery_ms_samples=186, sql_ms_p50=12.7281, sql_ms_p95=20.945706, sql_ms_p99=27.661, sql_ms_samples=2048, db_transaction_ms_p50=3.228566, db_transaction_ms_p95=8.65987, db_transaction_ms_p99=12.215897, db_transaction_ms_samples=2048, db_transactions=208462, db_deadlock_retries=321, db_active_connections=3}
",5502.643297751,5502.647645167,1000,1000,1000,1000,56288000,54508000,727.769599,14976,"BULK count=1000 spawned=1000 registered=1000 bound=1000 accepted=56288000 extracted=54508000 fixture_ms_total=727.769599 fixture_ticks=14976
",5502.647715362,5502.648455043,289.75,473964,51,1033388032,1033388032,6578442240,1005895680,27394048,273,,,72.00253898954577
144,2026-10-06T10:05:09.189627+00:00,288.00774686600016,6,ACTIVE_observed,False,2.0000336370003424,0.007139033999919775,,0,1000,1000,87,0,69286,0,0,0,0.202314,0.576145,1.067873,1976,437.994717,534.933264,1616.684212,191,12.797887,20.480137,27.019107,2048,3.127014,8.31543,11.194811,2048,209841,323,3,"STATUS online tickets=0 {registered_loaded_endpoints=1000, active_endpoints=1000, worker_queue=87, actual_tickets=0, transactions=69286, errors=0, queue_rejected=0, quarantined=0, tick_ms_p50=0.202314, tick_ms_p95=0.576145, tick_ms_p99=1.067873, tick_ms_samples=1976, delivery_ms_p50=437.994717, delivery_ms_p95=534.933264, delivery_ms_p99=1616.684212, delivery_ms_samples=191, sql_ms_p50=12.797887, sql_ms_p95=20.480137, sql_ms_p99=27.019107, sql_ms_samples=2048, db_transaction_ms_p50=3.127014, db_transaction_ms_p95=8.31543, db_transaction_ms_p99=11.194811, db_transaction_ms_samples=2048, db_transactions=209841, db_deadlock_retries=323, db_active_connections=3}
",5504.643328774,5504.646987375,1000,1000,1000,1000,56608000,54900000,730.056813,15016,"BULK count=1000 spawned=1000 registered=1000 bound=1000 accepted=56608000 extracted=54900000 fixture_ms_total=730.056813 fixture_ticks=15016
",5504.647250069,5504.649100486,290.83,473964,51,1033461760,1033461760,6578442240,1005969408,27394048,273,,,53.99909181626425
145,2026-10-06T10:05:11.189781+00:00,290.0079025139994,6,ACTIVE_observed,False,2.000155647999236,0.35311242700026924,,0,1000,1000,86,0,69739,0,0,0,0.202434,0.57321,1.060371,2016,437.427272,534.933264,1616.684212,194,12.878261,20.102094,26.742226,2048,3.239973,7.986026,10.347625,2048,211234,324,2,"STATUS online tickets=0 {registered_loaded_endpoints=1000, active_endpoints=1000, worker_queue=86, actual_tickets=0, transactions=69739, errors=0, queue_rejected=0, quarantined=0, tick_ms_p50=0.202434, tick_ms_p95=0.57321, tick_ms_p99=1.060371, tick_ms_samples=2016, delivery_ms_p50=437.427272, delivery_ms_p95=534.933264, delivery_ms_p99=1616.684212, delivery_ms_samples=194, sql_ms_p50=12.878261, sql_ms_p95=20.102094, sql_ms_p99=26.742226, sql_ms_samples=2048, db_transaction_ms_p50=3.239973, db_transaction_ms_p95=7.986026, db_transaction_ms_p99=10.347625, db_transaction_ms_samples=2048, db_transactions=211234, db_deadlock_retries=324, db_active_connections=2}
",5506.643724543,5506.647002202,1000,1000,1000,1000,56928000,55212000,732.368542,15056,"BULK count=1000 spawned=1000 registered=1000 bound=1000 accepted=56928000 extracted=55212000 fixture_ms_total=732.368542 fixture_ticks=15056
",5506.647068442,5506.648048162,291.94,473964,51,1033519104,1033519104,6578442240,1006026752,27394048,273,568328192,229715968,55.49568110413563
146,2026-10-06T10:05:13.189621+00:00,292.0077404140002,6,ACTIVE_observed,False,1.9998379000007844,0.007255309999891324,,0,1000,1000,88,0,70170,0,0,0,0.202244,0.573651,1.060371,2048,437.994717,534.933264,1616.684212,198,12.948196,20.609753,27.002702,2048,3.393463,8.298034,11.914622,2048,212556,326,3,"STATUS online tickets=0 {registered_loaded_endpoints=1000, active_endpoints=1000, worker_queue=88, actual_tickets=0, transactions=70170, errors=0, queue_rejected=0, quarantined=0, tick_ms_p50=0.202244, tick_ms_p95=0.573651, tick_ms_p99=1.060371, tick_ms_samples=2048, delivery_ms_p50=437.994717, delivery_ms_p95=534.933264, delivery_ms_p99=1616.684212, delivery_ms_samples=198, sql_ms_p50=12.948196, sql_ms_p95=20.609753, sql_ms_p99=27.002702, sql_ms_samples=2048, db_transaction_ms_p50=3.393463, db_transaction_ms_p95=8.298034, db_transaction_ms_p99=11.914622, db_transaction_ms_samples=2048, db_transactions=212556, db_deadlock_retries=326, db_active_connections=3}
",5508.643388973,5508.647769167,1000,1000,1000,1000,57248000,55573000,734.901639,15096,"BULK count=1000 spawned=1000 registered=1000 bound=1000 accepted=57248000 extracted=55573000 fixture_ms_total=734.901639 fixture_ticks=15096
",5508.647833884,5508.649210631,293.07,473964,51,1033523200,1033523200,6578442240,1006030848,27394048,273,,,56.50457969616198
147,2026-10-06T10:05:15.189607+00:00,294.0077268569994,6,ACTIVE_observed,False,1.9999864429992158,0.005548578000343696,,0,1000,1000,89,0,70612,0,0,0,0.201802,0.576125,1.060371,2048,437.994717,534.184166,1533.782162,204,12.824789,19.536056,25.372732,2048,3.293964,8.260879,11.295933,2048,213918,327,3,"STATUS online tickets=0 {registered_loaded_endpoints=1000, active_endpoints=1000, worker_queue=89, actual_tickets=0, transactions=70612, errors=0, queue_rejected=0, quarantined=0, tick_ms_p50=0.201802, tick_ms_p95=0.576125, tick_ms_p99=1.060371, tick_ms_samples=2048, delivery_ms_p50=437.994717, delivery_ms_p95=534.184166, delivery_ms_p99=1533.782162, delivery_ms_samples=204, sql_ms_p50=12.824789, sql_ms_p95=19.536056, sql_ms_p99=25.372732, sql_ms_samples=2048, db_transaction_ms_p50=3.293964, db_transaction_ms_p95=8.260879, db_transaction_ms_p99=11.295933, db_transaction_ms_samples=2048, db_transactions=213918, db_deadlock_retries=327, db_active_connections=3}
",5510.643221665,5510.646104071,1000,1000,1000,1000,57568000,55864000,737.57584,15136,"BULK count=1000 spawned=1000 registered=1000 bound=1000 accepted=57568000 extracted=55864000 fixture_ms_total=737.57584 fixture_ticks=15136
",5510.64615657,5510.646997783,294.16,473964,50,1033584640,1033584640,6578442240,1006092288,27394048,274,,,54.50036943077715
148,2026-10-06T10:05:17.189675+00:00,296.0077958339998,6,ACTIVE_observed,False,2.00006897700041,0.007811704999767244,,0,1000,1000,86,0,71027,0,0,0,0.201222,0.576125,1.067873,2048,438.204491,534.184166,1533.782162,205,13.151028,19.862602,26.173854,2048,3.45142,8.774459,11.99951,2048,215185,329,1,"STATUS online tickets=0 {registered_loaded_endpoints=1000, active_endpoints=1000, worker_queue=86, actual_tickets=0, transactions=71027, errors=0, queue_rejected=0, quarantined=0, tick_ms_p50=0.201222, tick_ms_p95=0.576125, tick_ms_p99=1.067873, tick_ms_samples=2048, delivery_ms_p50=438.204491, delivery_ms_p95=534.184166, delivery_ms_p99=1533.782162, delivery_ms_samples=205, sql_ms_p50=13.151028, sql_ms_p95=19.862602, sql_ms_p99=26.173854, sql_ms_samples=2048, db_transaction_ms_p50=3.45142, db_transaction_ms_p95=8.774459, db_transaction_ms_p99=11.99951, db_transaction_ms_samples=2048, db_transactions=215185, db_deadlock_retries=329, db_active_connections=1}
",5512.643316621,5512.645660619,1000,1000,1000,1000,57888000,56221000,741.511627,15176,"BULK count=1000 spawned=1000 registered=1000 bound=1000 accepted=57888000 extracted=56221000 fixture_ms_total=741.511627 fixture_ticks=15176
",5512.645742412,5512.646748672,295.29,473964,50,1033658368,1033658368,6578442240,1006166016,27394048,273,,,56.49805146694017
149,2026-10-06T10:05:19.189587+00:00,298.00770715,6,ACTIVE_observed,False,1.9999113160001798,0.00739015199997084,,0,1000,1000,87,0,71474,0,0,0,0.201282,0.576145,1.067873,2048,437.994717,534.184166,1533.782162,207,13.235725,19.890829,26.418732,2048,3.368836,8.729803,11.637548,2048,216556,332,3,"STATUS online tickets=0 {registered_loaded_endpoints=1000, active_endpoints=1000, worker_queue=87, actual_tickets=0, transactions=71474, errors=0, queue_rejected=0, quarantined=0, tick_ms_p50=0.201282, tick_ms_p95=0.576145, tick_ms_p99=1.067873, tick_ms_samples=2048, delivery_ms_p50=437.994717, delivery_ms_p95=534.184166, delivery_ms_p99=1533.782162, delivery_ms_samples=207, sql_ms_p50=13.235725, sql_ms_p95=19.890829, sql_ms_p99=26.418732, sql_ms_samples=2048, db_transaction_ms_p50=3.368836, db_transaction_ms_p95=8.729803, db_transaction_ms_p99=11.637548, db_transaction_ms_samples=2048, db_transactions=216556, db_deadlock_retries=332, db_active_connections=3}
",5514.643186434,5514.647784686,1000,1000,1000,1000,58208000,56506000,743.85146,15216,"BULK count=1000 spawned=1000 registered=1000 bound=1000 accepted=58208000 extracted=56506000 fixture_ms_total=743.85146 fixture_ticks=15216
",5514.647904596,5514.648943996,296.38,473964,50,1033728000,1033728000,6578442240,1006235648,27394048,273,,,54.50241674615721
150,2026-10-06T10:05:21.189632+00:00,300.0077500219995,6,ACTIVE_observed,False,2.00004287199954,0.005797292000352172,,0,1000,1000,86,0,71914,0,0,0,0.201553,0.581483,1.117527,2048,437.427272,534.184166,1533.782162,210,13.195275,19.778094,25.041925,2048,3.27743,8.508822,10.829915,2048,217899,332,3,"STATUS online tickets=0 {registered_loaded_endpoints=1000, active_endpoints=1000, worker_queue=86, actual_tickets=0, transactions=71914, errors=0, queue_rejected=0, quarantined=0, tick_ms_p50=0.201553, tick_ms_p95=0.581483, tick_ms_p99=1.117527, tick_ms_samples=2048, delivery_ms_p50=437.427272, delivery_ms_p95=534.184166, delivery_ms_p99=1533.782162, delivery_ms_samples=210, sql_ms_p50=13.195275, sql_ms_p95=19.778094, sql_ms_p99=25.041925, sql_ms_samples=2048, db_transaction_ms_p50=3.27743, db_transaction_ms_p95=8.508822, db_transaction_ms_p99=10.829915, db_transaction_ms_samples=2048, db_transactions=217899, db_deadlock_retries=332, db_active_connections=3}
",5516.64328465,5516.646314167,1000,1000,1000,1000,58528000,56704000,746.574478,15256,"BULK count=1000 spawned=1000 registered=1000 bound=1000 accepted=58528000 extracted=56704000 fixture_ms_total=746.574478 fixture_ticks=15256
",5516.646387257,5516.64724234,297.44,473964,50,1033723904,1033723904,6578442240,1006231552,27394048,273,,,52.9988639163654
151,2026-10-06T10:05:23.189681+00:00,302.007801404,6,ACTIVE_observed,False,2.0000513820004926,0.385361118000219,,0,1000,1000,87,0,72323,0,0,0,0.200981,0.595304,1.165849,2048,437.994717,534.184166,1533.782162,214,13.474725,20.421541,25.903338,2048,3.552592,8.978136,11.781133,2048,219154,333,3,"STATUS online tickets=0 {registered_loaded_endpoints=1000, active_endpoints=1000, worker_queue=87, actual_tickets=0, transactions=72323, errors=0, queue_rejected=0, quarantined=0, tick_ms_p50=0.200981, tick_ms_p95=0.595304, tick_ms_p99=1.165849, tick_ms_samples=2048, delivery_ms_p50=437.994717, delivery_ms_p95=534.184166, delivery_ms_p99=1533.782162, delivery_ms_samples=214, sql_ms_p50=13.474725, sql_ms_p95=20.421541, sql_ms_p99=25.903338, sql_ms_samples=2048, db_transaction_ms_p50=3.552592, db_transaction_ms_p95=8.978136, db_transaction_ms_p99=11.781133, db_transaction_ms_samples=2048, db_transactions=219154, db_deadlock_retries=333, db_active_connections=3}
",5518.643318054,5518.647743346,1000,1000,1000,1000,58848000,56930000,749.230859,15296,"BULK count=1000 spawned=1000 registered=1000 bound=1000 accepted=58848000 extracted=56930000 fixture_ms_total=749.230859 fixture_ticks=15296
",5518.64782598,5518.648771079,298.93,473964,50,1033949184,1033949184,6578442240,1006456832,27394048,274,568328192,266260275,74.49808606965289
152,2026-10-06T10:05:25.189613+00:00,304.0077341870001,6,ACTIVE_observed,False,1.9999327830000766,0.006160156000078132,,0,1000,1000,85,0,72776,0,0,0,0.200311,0.595304,1.117527,2048,439.088555,534.184166,1533.782162,217,13.319983,20.659184,27.04323,2048,3.365111,8.798767,13.403068,2048,220538,333,3,"STATUS online tickets=0 {registered_loaded_endpoints=1000, active_endpoints=1000, worker_queue=85, actual_tickets=0, transactions=72776, errors=0, queue_rejected=0, quarantined=0, tick_ms_p50=0.200311, tick_ms_p95=0.595304, tick_ms_p99=1.117527, tick_ms_samples=2048, delivery_ms_p50=439.088555, delivery_ms_p95=534.184166, delivery_ms_p99=1533.782162, delivery_ms_samples=217, sql_ms_p50=13.319983, sql_ms_p95=20.659184, sql_ms_p99=27.04323, sql_ms_samples=2048, db_transaction_ms_p50=3.365111, db_transaction_ms_p95=8.798767, db_transaction_ms_p99=13.403068, db_transaction_ms_samples=2048, db_transactions=220538, db_deadlock_retries=333, db_active_connections=3}
",5520.643386911,5520.646876499,1000,1000,1000,1000,59168000,57213000,751.163917,15336,"BULK count=1000 spawned=1000 registered=1000 bound=1000 accepted=59168000 extracted=57213000 fixture_ms_total=751.163917 fixture_ticks=15336
",5520.646938632,5520.648179355,300.02,473964,50,1033986048,1033986048,6578442240,1006493696,27394048,273,,,54.501831724808184
153,2026-10-06T10:05:27.189663+00:00,306.00777559000016,6,ACTIVE_observed,False,2.0000414030000684,0.0047923779993652715,,0,1000,1000,87,0,73216,0,0,0,0.19997,0.58632,1.117527,2048,439.088555,530.841954,1533.782162,220,13.158023,19.990255,25.601282,2048,3.313643,8.186908,10.651859,2048,221881,333,3,"STATUS online tickets=0 {registered_loaded_endpoints=1000, active_endpoints=1000, worker_queue=87, actual_tickets=0, transactions=73216, errors=0, queue_rejected=0, quarantined=0, tick_ms_p50=0.19997, tick_ms_p95=0.58632, tick_ms_p99=1.117527, tick_ms_samples=2048, delivery_ms_p50=439.088555, delivery_ms_p95=530.841954, delivery_ms_p99=1533.782162, delivery_ms_samples=220, sql_ms_p50=13.158023, sql_ms_p95=19.990255, sql_ms_p99=25.601282, sql_ms_samples=2048, db_transaction_ms_p50=3.313643, db_transaction_ms_p95=8.186908, db_transaction_ms_p99=10.651859, db_transaction_ms_samples=2048, db_transactions=221881, db_deadlock_retries=333, db_active_connections=3}
",5522.64323827,5522.645807469,1000,1000,1000,1000,59488000,57484000,753.326735,15376,"BULK count=1000 spawned=1000 registered=1000 bound=1000 accepted=59488000 extracted=57484000 fixture_ms_total=753.326735 fixture_ticks=15376
",5522.645855862,5522.646893179,301.12,473964,50,1034076160,1034076160,6578442240,1006583808,27394048,273,,,54.99886144106914
154,2026-10-06T10:05:29.189610+00:00,308.00773034899976,6,ACTIVE_observed,False,1.9999547589995927,0.003847844999654626,,0,1000,1000,88,0,73640,0,0,0,0.20004,0.58632,1.117527,2048,439.088555,530.841954,1533.782162,224,13.345461,20.491026,27.04323,2048,3.411013,8.826156,11.71728,2048,223178,335,3,"STATUS online tickets=0 {registered_loaded_endpoints=1000, active_endpoints=1000, worker_queue=88, actual_tickets=0, transactions=73640, errors=0, queue_rejected=0, quarantined=0, tick_ms_p50=0.20004, tick_ms_p95=0.58632, tick_ms_p99=1.117527, tick_ms_samples=2048, delivery_ms_p50=439.088555, delivery_ms_p95=530.841954, delivery_ms_p99=1533.782162, delivery_ms_samples=224, sql_ms_p50=13.345461, sql_ms_p95=20.491026, sql_ms_p99=27.04323, sql_ms_samples=2048, db_transaction_ms_p50=3.411013, db_transaction_ms_p95=8.826156, db_transaction_ms_p99=11.71728, db_transaction_ms_samples=2048, db_transactions=223178, db_deadlock_retries=335, db_active_connections=3}
",5524.643229664,5524.645234042,1000,1000,1000,1000,59808000,57763000,755.486298,15416,"BULK count=1000 spawned=1000 registered=1000 bound=1000 accepted=59808000 extracted=57763000 fixture_ms_total=755.486298 fixture_ticks=15416
",5524.645281964,5524.645976747,302.18,473964,50,1034145792,1034145792,6578442240,1006653440,27394048,273,,,53.00119891363093
155,2026-10-06T10:05:31.189617+00:00,310.0077376049994,7,OFF_observed,False,2.0000072559996624,0.007798865000040678,,0,1000,0,34,0,74084,0,0,0,0.199669,0.576145,1.117527,2048,439.30862,530.841954,1533.782162,225,13.20452,20.717476,30.21412,2048,3.338254,9.239307,13.170418,2048,224450,335,2,"STATUS online tickets=0 {registered_loaded_endpoints=1000, active_endpoints=0, worker_queue=34, actual_tickets=0, transactions=74084, errors=0, queue_rejected=0, quarantined=0, tick_ms_p50=0.199669, tick_ms_p95=0.576145, tick_ms_p99=1.117527, tick_ms_samples=2048, delivery_ms_p50=439.30862, delivery_ms_p95=530.841954, delivery_ms_p99=1533.782162, delivery_ms_samples=225, sql_ms_p50=13.20452, sql_ms_p95=20.717476, sql_ms_p99=30.21412, sql_ms_samples=2048, db_transaction_ms_p50=3.338254, db_transaction_ms_p95=9.239307, db_transaction_ms_p99=13.170418, db_transaction_ms_samples=2048, db_transactions=224450, db_deadlock_retries=335, db_active_connections=2}
",5526.64324439,5526.648029763,1000,1000,1000,1000,60000000,57955000,756.92151,15456,"BULK count=1000 spawned=1000 registered=1000 bound=1000 accepted=60000000 extracted=57955000 fixture_ms_total=756.92151 fixture_ticks=15456
",5526.648158766,5526.649999029,303.96,473964,51,1040842752,1040842752,6578442240,1013350400,27394048,272,,,88.9996771091851
156,2026-10-06T10:05:33.189630+00:00,312.00775077399976,7,OFF_observed,False,2.00001316900034,0.004130078999878606,,0,1000,0,0,0,74455,0,0,0,0.199089,0.576125,1.117527,2048,439.30862,530.841954,1533.782162,225,12.310535,19.027179,27.321586,2048,2.864549,8.246227,13.148355,2048,225199,335,0,"STATUS online tickets=0 {registered_loaded_endpoints=1000, active_endpoints=0, worker_queue=0, actual_tickets=0, transactions=74455, errors=0, queue_rejected=0, quarantined=0, tick_ms_p50=0.199089, tick_ms_p95=0.576125, tick_ms_p99=1.117527, tick_ms_samples=2048, delivery_ms_p50=439.30862, delivery_ms_p95=530.841954, delivery_ms_p99=1533.782162, delivery_ms_samples=225, sql_ms_p50=12.310535, sql_ms_p95=19.027179, sql_ms_p99=27.321586, sql_ms_samples=2048, db_transaction_ms_p50=2.864549, db_transaction_ms_p95=8.246227, db_transaction_ms_p99=13.148355, db_transaction_ms_samples=2048, db_transactions=225199, db_deadlock_retries=335, db_active_connections=0}
",5528.643221305,5528.645421347,1000,1000,1000,1000,60000000,57955000,757.012427,15496,"BULK count=1000 spawned=1000 registered=1000 bound=1000 accepted=60000000 extracted=57955000 fixture_ms_total=757.012427 fixture_ticks=15496
",5528.645474106,5528.646384513,304.53,473964,50,1040842752,1040842752,6578442240,1013350400,27394048,272,,,28.49981234298044
157,2026-10-06T10:05:35.189626+00:00,314.0077470159995,7,OFF_observed,False,1.9999962419997246,0.254000496000117,,0,1000,0,0,0,74523,0,0,0,0.198157,0.573671,1.117527,2048,439.30862,530.841954,1533.782162,225,12.235348,18.968891,27.321586,2048,2.823778,8.135672,13.044428,2048,225349,335,0,"STATUS online tickets=0 {registered_loaded_endpoints=1000, active_endpoints=0, worker_queue=0, actual_tickets=0, transactions=74523, errors=0, queue_rejected=0, quarantined=0, tick_ms_p50=0.198157, tick_ms_p95=0.573671, tick_ms_p99=1.117527, tick_ms_samples=2048, delivery_ms_p50=439.30862, delivery_ms_p95=530.841954, delivery_ms_p99=1533.782162, delivery_ms_samples=225, sql_ms_p50=12.235348, sql_ms_p95=18.968891, sql_ms_p99=27.321586, sql_ms_samples=2048, db_transaction_ms_p50=2.823778, db_transaction_ms_p95=8.135672, db_transaction_ms_p99=13.044428, db_transaction_ms_samples=2048, db_transactions=225349, db_deadlock_retries=335, db_active_connections=0}
",5530.643214553,5530.645396478,1000,1000,1000,1000,60000000,57955000,757.09685,15536,"BULK count=1000 spawned=1000 registered=1000 bound=1000 accepted=60000000 extracted=57955000 fixture_ms_total=757.09685 fixture_ticks=15536
",5530.64544433,5530.646011301,304.81,473964,50,1040842752,1040842752,6578442240,1013350400,27394048,272,568328192,447687372,14.000026306052835
158,2026-10-06T10:05:37.189626+00:00,316.00774607899984,7,OFF_observed,False,1.9999990630003595,0.006097122999562998,,0,1000,0,0,0,74525,0,0,0,0.197286,0.573671,1.117527,2048,439.30862,530.841954,1533.782162,225,12.225559,18.968891,27.321586,2048,2.819212,8.135672,13.044428,2048,225368,335,0,"STATUS online tickets=0 {registered_loaded_endpoints=1000, active_endpoints=0, worker_queue=0, actual_tickets=0, transactions=74525, errors=0, queue_rejected=0, quarantined=0, tick_ms_p50=0.197286, tick_ms_p95=0.573671, tick_ms_p99=1.117527, tick_ms_samples=2048, delivery_ms_p50=439.30862, delivery_ms_p95=530.841954, delivery_ms_p99=1533.782162, delivery_ms_samples=225, sql_ms_p50=12.225559, sql_ms_p95=18.968891, sql_ms_p99=27.321586, sql_ms_samples=2048, db_transaction_ms_p50=2.819212, db_transaction_ms_p95=8.135672, db_transaction_ms_p99=13.044428, db_transaction_ms_samples=2048, db_transactions=225368, db_deadlock_retries=335, db_active_connections=0}
",5532.643215749,5532.645352877,1000,1000,1000,1000,60000000,57955000,757.158763,15576,"BULK count=1000 spawned=1000 registered=1000 bound=1000 accepted=60000000 extracted=57955000 fixture_ms_total=757.158763 fixture_ticks=15576
",5532.645400989,5532.648314794,304.98,473964,50,1040842752,1040842752,6578442240,1013350400,27394048,272,,,8.500003982251133
159,2026-10-06T10:05:39.189629+00:00,318.0077503860002,7,OFF_observed,False,2.0000043070003812,0.0036574799996742513,,0,1000,0,0,0,74525,0,0,0,0.195814,0.571698,0.987772,2048,439.30862,530.841954,1533.782162,225,12.225559,18.968891,27.321586,2048,2.819212,8.135672,13.044428,2048,225379,335,0,"STATUS online tickets=0 {registered_loaded_endpoints=1000, active_endpoints=0, worker_queue=0, actual_tickets=0, transactions=74525, errors=0, queue_rejected=0, quarantined=0, tick_ms_p50=0.195814, tick_ms_p95=0.571698, tick_ms_p99=0.987772, tick_ms_samples=2048, delivery_ms_p50=439.30862, delivery_ms_p95=530.841954, delivery_ms_p99=1533.782162, delivery_ms_samples=225, sql_ms_p50=12.225559, sql_ms_p95=18.968891, sql_ms_p99=27.321586, sql_ms_samples=2048, db_transaction_ms_p50=2.819212, db_transaction_ms_p95=8.135672, db_transaction_ms_p99=13.044428, db_transaction_ms_samples=2048, db_transactions=225379, db_deadlock_retries=335, db_active_connections=0}
",5534.643219565,5534.645298256,1000,1000,1000,1000,60000000,57955000,757.220787,15616,"BULK count=1000 spawned=1000 registered=1000 bound=1000 accepted=60000000 extracted=57955000 fixture_ms_total=757.220787 fixture_ticks=15616
",5534.645349863,5534.645944676,305.15,473964,50,1040842752,1040842752,6578442240,1013350400,27394048,272,,,8.499981695285753
160,2026-10-06T10:05:41.189637+00:00,320.00775709699974,7,OFF_observed,False,2.0000067109995143,0.004607316000146966,,0,1000,0,0,0,74525,0,0,0,0.194091,0.562714,0.987772,2048,439.30862,530.841954,1533.782162,225,12.225559,18.968891,27.321586,2048,2.819212,8.144654,13.148355,2048,225391,335,0,"STATUS online tickets=0 {registered_loaded_endpoints=1000, active_endpoints=0, worker_queue=0, actual_tickets=0, transactions=74525, errors=0, queue_rejected=0, quarantined=0, tick_ms_p50=0.194091, tick_ms_p95=0.562714, tick_ms_p99=0.987772, tick_ms_samples=2048, delivery_ms_p50=439.30862, delivery_ms_p95=530.841954, delivery_ms_p99=1533.782162, delivery_ms_samples=225, sql_ms_p50=12.225559, sql_ms_p95=18.968891, sql_ms_p99=27.321586, sql_ms_samples=2048, db_transaction_ms_p50=2.819212, db_transaction_ms_p95=8.144654, db_transaction_ms_p99=13.148355, db_transaction_ms_samples=2048, db_transactions=225391, db_deadlock_retries=335, db_active_connections=0}
",5536.643531074,5536.645882323,1000,1000,1000,1000,60000000,57955000,757.290084,15656,"BULK count=1000 spawned=1000 registered=1000 bound=1000 accepted=60000000 extracted=57955000 fixture_ms_total=757.290084 fixture_ticks=15656
",5536.645936174,5536.646759179,305.33,473964,50,1040842752,1040842752,6578442240,1013350400,27394048,272,,,8.99996980060386
161,2026-10-06T10:05:43.189615+00:00,322.00773554900024,7,OFF_observed,False,1.999978452000505,0.004464270999960718,,0,1000,0,0,0,74525,0,0,0,0.192519,0.557286,0.987772,2048,439.30862,530.841954,1533.782162,225,12.225559,18.968891,27.321586,2048,2.819212,8.120919,13.148355,2048,225402,335,0,"STATUS online tickets=0 {registered_loaded_endpoints=1000, active_endpoints=0, worker_queue=0, actual_tickets=0, transactions=74525, errors=0, queue_rejected=0, quarantined=0, tick_ms_p50=0.192519, tick_ms_p95=0.557286, tick_ms_p99=0.987772, tick_ms_samples=2048, delivery_ms_p50=439.30862, delivery_ms_p95=530.841954, delivery_ms_p99=1533.782162, delivery_ms_samples=225, sql_ms_p50=12.225559, sql_ms_p95=18.968891, sql_ms_p99=27.321586, sql_ms_samples=2048, db_transaction_ms_p50=2.819212, db_transaction_ms_p95=8.120919, db_transaction_ms_p99=13.148355, db_transaction_ms_samples=2048, db_transactions=225402, db_deadlock_retries=335, db_active_connections=0}
",5538.643205179,5538.645516809,1000,1000,1000,1000,60000000,57955000,757.350571,15696,"BULK count=1000 spawned=1000 registered=1000 bound=1000 accepted=60000000 extracted=57955000 fixture_ms_total=757.350571 fixture_ticks=15696
",5538.64566379,5538.646760185,305.5,473964,50,1040842752,1040842752,6578442240,1013350400,27394048,272,,,8.500091579985332
162,2026-10-06T10:05:45.189615+00:00,324.0077357800001,7,OFF_observed,False,2.000000230999831,0.003642071999820473,,0,1000,0,0,0,74525,0,0,0,0.191497,0.551027,0.987772,2048,439.30862,530.841954,1533.782162,225,12.225559,18.968891,27.321586,2048,2.819782,8.120919,13.148355,2048,225412,335,0,"STATUS online tickets=0 {registered_loaded_endpoints=1000, active_endpoints=0, worker_queue=0, actual_tickets=0, transactions=74525, errors=0, queue_rejected=0, quarantined=0, tick_ms_p50=0.191497, tick_ms_p95=0.551027, tick_ms_p99=0.987772, tick_ms_samples=2048, delivery_ms_p50=439.30862, delivery_ms_p95=530.841954, delivery_ms_p99=1533.782162, delivery_ms_samples=225, sql_ms_p50=12.225559, sql_ms_p95=18.968891, sql_ms_p99=27.321586, sql_ms_samples=2048, db_transaction_ms_p50=2.819782, db_transaction_ms_p95=8.120919, db_transaction_ms_p99=13.148355, db_transaction_ms_samples=2048, db_transactions=225412, db_deadlock_retries=335, db_active_connections=0}
",5540.643206562,5540.645292097,1000,1000,1000,1000,60000000,57955000,757.41511,15736,"BULK count=1000 spawned=1000 registered=1000 bound=1000 accepted=60000000 extracted=57955000 fixture_ms_total=757.41511 fixture_ticks=15736
",5540.645342272,5540.64591373,305.67,473964,50,1040842752,1040842752,6578442240,1013350400,27394048,272,,,8.499999018251629
163,2026-10-06T10:05:47.189618+00:00,326.0077389549997,7,OFF_observed,False,2.0000031749996197,0.27626477200010413,,0,1000,0,0,0,74525,0,0,0,0.189605,0.5396,0.987772,2048,439.30862,530.841954,1533.782162,225,12.225559,18.968891,27.321586,2048,2.822566,8.120919,13.148355,2048,225422,335,0,"STATUS online tickets=0 {registered_loaded_endpoints=1000, active_endpoints=0, worker_queue=0, actual_tickets=0, transactions=74525, errors=0, queue_rejected=0, quarantined=0, tick_ms_p50=0.189605, tick_ms_p95=0.5396, tick_ms_p99=0.987772, tick_ms_samples=2048, delivery_ms_p50=439.30862, delivery_ms_p95=530.841954, delivery_ms_p99=1533.782162, delivery_ms_samples=225, sql_ms_p50=12.225559, sql_ms_p95=18.968891, sql_ms_p99=27.321586, sql_ms_samples=2048, db_transaction_ms_p50=2.822566, db_transaction_ms_p95=8.120919, db_transaction_ms_p99=13.148355, db_transaction_ms_samples=2048, db_transactions=225422, db_deadlock_retries=335, db_active_connections=0}
",5542.643204148,5542.64552027,1000,1000,1000,1000,60000000,57955000,757.482118,15776,"BULK count=1000 spawned=1000 registered=1000 bound=1000 accepted=60000000 extracted=57955000 fixture_ms_total=757.482118 fixture_ticks=15776
",5542.64560688,5542.646211547,305.84,473964,50,1040842752,1040842752,6578442240,1013350400,27394048,272,568328192,496970444,8.499986506270991
164,2026-10-06T10:05:49.189609+00:00,328.00772997700005,7,OFF_observed,False,1.9999910220003585,0.00563488799980405,,0,1000,0,0,0,74525,0,0,0,0.187651,0.53317,0.987772,2048,439.30862,530.841954,1533.782162,225,12.225559,18.968891,27.321586,2048,2.818741,8.091124,13.148355,2048,225437,335,0,"STATUS online tickets=0 {registered_loaded_endpoints=1000, active_endpoints=0, worker_queue=0, actual_tickets=0, transactions=74525, errors=0, queue_rejected=0, quarantined=0, tick_ms_p50=0.187651, tick_ms_p95=0.53317, tick_ms_p99=0.987772, tick_ms_samples=2048, delivery_ms_p50=439.30862, delivery_ms_p95=530.841954, delivery_ms_p99=1533.782162, delivery_ms_samples=225, sql_ms_p50=12.225559, sql_ms_p95=18.968891, sql_ms_p99=27.321586, sql_ms_samples=2048, db_transaction_ms_p50=2.818741, db_transaction_ms_p95=8.091124, db_transaction_ms_p99=13.148355, db_transaction_ms_samples=2048, db_transactions=225437, db_deadlock_retries=335, db_active_connections=0}
",5544.643202601,5544.64667227,1000,1000,1000,1000,60000000,57955000,757.549817,15816,"BULK count=1000 spawned=1000 registered=1000 bound=1000 accepted=60000000 extracted=57955000 fixture_ms_total=757.549817 fixture_ticks=15816
",5544.646815615,5544.647567483,306.01,473964,50,1040773120,1040773120,6578442240,1013280768,27394048,272,,,8.500038156670557
165,2026-10-06T10:05:51.189617+00:00,330.00773789399955,7,OFF_observed,False,2.0000079169994933,0.004247980999934953,,0,1000,0,0,0,74525,0,0,0,0.186139,0.515303,0.987772,2048,439.30862,530.841954,1533.782162,225,12.225559,18.968891,27.321586,2048,2.817729,8.091124,13.148355,2048,225450,335,0,"STATUS online tickets=0 {registered_loaded_endpoints=1000, active_endpoints=0, worker_queue=0, actual_tickets=0, transactions=74525, errors=0, queue_rejected=0, quarantined=0, tick_ms_p50=0.186139, tick_ms_p95=0.515303, tick_ms_p99=0.987772, tick_ms_samples=2048, delivery_ms_p50=439.30862, delivery_ms_p95=530.841954, delivery_ms_p99=1533.782162, delivery_ms_samples=225, sql_ms_p50=12.225559, sql_ms_p95=18.968891, sql_ms_p99=27.321586, sql_ms_samples=2048, db_transaction_ms_p50=2.817729, db_transaction_ms_p95=8.091124, db_transaction_ms_p99=13.148355, db_transaction_ms_samples=2048, db_transactions=225450, db_deadlock_retries=335, db_active_connections=0}
",5546.643221545,5546.645480856,1000,1000,1000,1000,60000000,57955000,757.618053,15856,"BULK count=1000 spawned=1000 registered=1000 bound=1000 accepted=60000000 extracted=57955000 fixture_ms_total=757.618053 fixture_ticks=15856
",5546.645534597,5546.646538879,306.17,473964,50,1040842752,1040842752,6578442240,1013350400,27394048,272,,,7.999968332128635
166,2026-10-06T10:05:53.189621+00:00,332.0077407939998,7,OFF_observed,False,2.000002900000254,0.004185042000244721,,0,1000,0,0,0,74525,0,0,0,0.183645,0.509976,0.966721,2048,439.30862,530.841954,1533.782162,225,12.225559,18.968891,27.321586,2048,2.818741,8.091124,13.148355,2048,225459,335,0,"STATUS online tickets=0 {registered_loaded_endpoints=1000, active_endpoints=0, worker_queue=0, actual_tickets=0, transactions=74525, errors=0, queue_rejected=0, quarantined=0, tick_ms_p50=0.183645, tick_ms_p95=0.509976, tick_ms_p99=0.966721, tick_ms_samples=2048, delivery_ms_p50=439.30862, delivery_ms_p95=530.841954, delivery_ms_p99=1533.782162, delivery_ms_samples=225, sql_ms_p50=12.225559, sql_ms_p95=18.968891, sql_ms_p99=27.321586, sql_ms_samples=2048, db_transaction_ms_p50=2.818741, db_transaction_ms_p95=8.091124, db_transaction_ms_p99=13.148355, db_transaction_ms_samples=2048, db_transactions=225459, db_deadlock_retries=335, db_active_connections=0}
",5548.643241461,5548.645758559,1000,1000,1000,1000,60000000,57955000,757.685856,15896,"BULK count=1000 spawned=1000 registered=1000 bound=1000 accepted=60000000 extracted=57955000 fixture_ms_total=757.685856 fixture_ticks=15896
",5548.645808905,5548.646415956,306.34,473964,50,1040842752,1040842752,6578442240,1013350400,27394048,272,,,8.499987675014745
167,2026-10-06T10:05:55.189612+00:00,334.00773260299957,7,OFF_observed,False,1.9999918089997664,0.0037486870005523087,,0,1000,0,0,0,74525,0,0,0,0.182204,0.503867,0.966721,2048,439.30862,530.841954,1533.782162,225,12.225559,18.968891,27.321586,2048,2.816017,8.091124,13.148355,2048,225471,335,0,"STATUS online tickets=0 {registered_loaded_endpoints=1000, active_endpoints=0, worker_queue=0, actual_tickets=0, transactions=74525, errors=0, queue_rejected=0, quarantined=0, tick_ms_p50=0.182204, tick_ms_p95=0.503867, tick_ms_p99=0.966721, tick_ms_samples=2048, delivery_ms_p50=439.30862, delivery_ms_p95=530.841954, delivery_ms_p99=1533.782162, delivery_ms_samples=225, sql_ms_p50=12.225559, sql_ms_p95=18.968891, sql_ms_p99=27.321586, sql_ms_samples=2048, db_transaction_ms_p50=2.816017, db_transaction_ms_p95=8.091124, db_transaction_ms_p99=13.148355, db_transaction_ms_samples=2048, db_transactions=225471, db_deadlock_retries=335, db_active_connections=0}
",5550.64321351,5550.645320543,1000,1000,1000,1000,60000000,57955000,757.758613,15936,"BULK count=1000 spawned=1000 registered=1000 bound=1000 accepted=60000000 extracted=57955000 fixture_ms_total=757.758613 fixture_ticks=15936
",5550.645369376,5550.646038911,306.52,473964,50,1040842752,1040842752,6578442240,1013350400,27394048,272,,,9.00003685965235
168,2026-10-06T10:05:57.189625+00:00,336.00774529799946,7,OFF_observed,False,2.0000126949998958,0.27899431600053504,,0,1000,0,0,0,74525,0,0,0,0.18025,0.503475,0.966721,2048,439.30862,530.841954,1533.782162,225,12.225559,18.968891,27.321586,2048,2.816017,8.091124,13.148355,2048,225482,335,0,"STATUS online tickets=0 {registered_loaded_endpoints=1000, active_endpoints=0, worker_queue=0, actual_tickets=0, transactions=74525, errors=0, queue_rejected=0, quarantined=0, tick_ms_p50=0.18025, tick_ms_p95=0.503475, tick_ms_p99=0.966721, tick_ms_samples=2048, delivery_ms_p50=439.30862, delivery_ms_p95=530.841954, delivery_ms_p99=1533.782162, delivery_ms_samples=225, sql_ms_p50=12.225559, sql_ms_p95=18.968891, sql_ms_p99=27.321586, sql_ms_samples=2048, db_transaction_ms_p50=2.816017, db_transaction_ms_p95=8.091124, db_transaction_ms_p99=13.148355, db_transaction_ms_samples=2048, db_transactions=225482, db_deadlock_retries=335, db_active_connections=0}
",5552.643225244,5552.645504079,1000,1000,1000,1000,60000000,57955000,757.827835,15976,"BULK count=1000 spawned=1000 registered=1000 bound=1000 accepted=60000000 extracted=57955000 fixture_ms_total=757.827835 fixture_ticks=15976
",5552.645571761,5552.646755798,306.67,473964,50,1040842752,1040842752,6578442240,1013350400,27394048,272,568328192,529476300,7.499952394054275
169,2026-10-06T10:05:59.189595+00:00,338.00771533699935,7,OFF_observed,False,1.9999700389998907,0.01142201400034537,,0,1000,0,0,0,74525,0,0,0,0.177447,0.502484,0.966721,2048,439.30862,530.841954,1533.782162,225,12.225559,18.968891,27.321586,2048,2.817729,8.120919,13.148355,2048,225493,335,0,"STATUS online tickets=0 {registered_loaded_endpoints=1000, active_endpoints=0, worker_queue=0, actual_tickets=0, transactions=74525, errors=0, queue_rejected=0, quarantined=0, tick_ms_p50=0.177447, tick_ms_p95=0.502484, tick_ms_p99=0.966721, tick_ms_samples=2048, delivery_ms_p50=439.30862, delivery_ms_p95=530.841954, delivery_ms_p99=1533.782162, delivery_ms_samples=225, sql_ms_p50=12.225559, sql_ms_p95=18.968891, sql_ms_p99=27.321586, sql_ms_samples=2048, db_transaction_ms_p50=2.817729, db_transaction_ms_p95=8.120919, db_transaction_ms_p99=13.148355, db_transaction_ms_samples=2048, db_transactions=225493, db_deadlock_retries=335, db_active_connections=0}
",5554.643257757,5554.645656958,1000,1000,1000,1000,60000000,57955000,758.009125,16016,"BULK count=1000 spawned=1000 registered=1000 bound=1000 accepted=60000000 extracted=57955000 fixture_ms_total=758.009125 fixture_ticks=16016
",5554.645707053,5554.653535683,306.85,473964,50,1040850944,1040850944,6578442240,1013358592,27394048,272,,,9.000134826520602
170,2026-10-06T10:06:01.189587+00:00,340.00770734900016,7,OFF_observed,False,1.9999920120008028,0.00406199699955323,,0,1000,0,0,0,74525,0,0,0,0.175473,0.502053,0.966321,2048,439.30862,530.841954,1533.782162,225,12.225559,18.968891,27.321586,2048,2.818741,8.120919,13.148355,2048,225503,335,0,"STATUS online tickets=0 {registered_loaded_endpoints=1000, active_endpoints=0, worker_queue=0, actual_tickets=0, transactions=74525, errors=0, queue_rejected=0, quarantined=0, tick_ms_p50=0.175473, tick_ms_p95=0.502053, tick_ms_p99=0.966321, tick_ms_samples=2048, delivery_ms_p50=439.30862, delivery_ms_p95=530.841954, delivery_ms_p99=1533.782162, delivery_ms_samples=225, sql_ms_p50=12.225559, sql_ms_p95=18.968891, sql_ms_p99=27.321586, sql_ms_samples=2048, db_transaction_ms_p50=2.818741, db_transaction_ms_p95=8.120919, db_transaction_ms_p99=13.148355, db_transaction_ms_samples=2048, db_transactions=225503, db_deadlock_retries=335, db_active_connections=0}
",5556.643180514,5556.645348648,1000,1000,1000,1000,60000000,57955000,758.07707,16056,"BULK count=1000 spawned=1000 registered=1000 bound=1000 accepted=60000000 extracted=57955000 fixture_ms_total=758.07707 fixture_ticks=16056
",5556.645415639,5556.64623558,307.05,473964,50,1040850944,1040850944,6578442240,1013358592,27394048,272,,,10.000039940154938
171,2026-10-06T10:06:03.189612+00:00,342.0077327099998,7,OFF_observed,False,2.0000253609996435,0.004082292000020971,,0,1000,0,0,0,74525,0,0,0,0.17348,0.501032,0.966321,2048,439.30862,530.841954,1533.782162,225,12.225559,18.968891,27.321586,2048,2.817729,8.091124,13.148355,2048,225516,335,0,"STATUS online tickets=0 {registered_loaded_endpoints=1000, active_endpoints=0, worker_queue=0, actual_tickets=0, transactions=74525, errors=0, queue_rejected=0, quarantined=0, tick_ms_p50=0.17348, tick_ms_p95=0.501032, tick_ms_p99=0.966321, tick_ms_samples=2048, delivery_ms_p50=439.30862, delivery_ms_p95=530.841954, delivery_ms_p99=1533.782162, delivery_ms_samples=225, sql_ms_p50=12.225559, sql_ms_p95=18.968891, sql_ms_p99=27.321586, sql_ms_samples=2048, db_transaction_ms_p50=2.817729, db_transaction_ms_p95=8.091124, db_transaction_ms_p99=13.148355, db_transaction_ms_samples=2048, db_transactions=225516, db_deadlock_retries=335, db_active_connections=0}
",5558.643261288,5558.645398106,1000,1000,1000,1000,60000000,57955000,758.141147,16096,"BULK count=1000 spawned=1000 registered=1000 bound=1000 accepted=60000000 extracted=57955000 fixture_ms_total=758.141147 fixture_ticks=16096
",5558.645448451,5558.646359083,307.21,473964,50,1040850944,1040850944,6578442240,1013358592,27394048,272,,,7.99989855728618
172,2026-10-06T10:06:05.189611+00:00,344.007731961,7,OFF_observed,False,1.9999992510001903,0.0038044709999667248,,0,1000,0,0,0,74525,0,0,0,0.170697,0.493882,0.948063,2048,439.30862,530.841954,1533.782162,225,12.225559,18.968891,27.321586,2048,2.811459,8.091124,13.148355,2048,225529,335,0,"STATUS online tickets=0 {registered_loaded_endpoints=1000, active_endpoints=0, worker_queue=0, actual_tickets=0, transactions=74525, errors=0, queue_rejected=0, quarantined=0, tick_ms_p50=0.170697, tick_ms_p95=0.493882, tick_ms_p99=0.948063, tick_ms_samples=2048, delivery_ms_p50=439.30862, delivery_ms_p95=530.841954, delivery_ms_p99=1533.782162, delivery_ms_samples=225, sql_ms_p50=12.225559, sql_ms_p95=18.968891, sql_ms_p99=27.321586, sql_ms_samples=2048, db_transaction_ms_p50=2.811459, db_transaction_ms_p95=8.091124, db_transaction_ms_p99=13.148355, db_transaction_ms_samples=2048, db_transactions=225529, db_deadlock_retries=335, db_active_connections=0}
",5560.643210625,5560.645298979,1000,1000,1000,1000,60000000,57955000,758.205143,16136,"BULK count=1000 spawned=1000 registered=1000 bound=1000 accepted=60000000 extracted=57955000 fixture_ms_total=758.205143 fixture_ticks=16136
",5560.645350797,5560.646088935,307.37,473964,50,1040850944,1040850944,6578442240,1013358592,27394048,272,,,8.00000299600161
173,2026-10-06T10:06:07.189625+00:00,346.00774589999946,7,OFF_observed,False,2.000013938999473,0.24217423400023108,,0,1000,0,0,0,74525,0,0,0,0.168614,0.493771,0.948063,2048,439.30862,530.841954,1533.782162,225,12.225559,18.968891,27.321586,2048,2.808405,8.059537,13.148355,2048,225539,335,0,"STATUS online tickets=0 {registered_loaded_endpoints=1000, active_endpoints=0, worker_queue=0, actual_tickets=0, transactions=74525, errors=0, queue_rejected=0, quarantined=0, tick_ms_p50=0.168614, tick_ms_p95=0.493771, tick_ms_p99=0.948063, tick_ms_samples=2048, delivery_ms_p50=439.30862, delivery_ms_p95=530.841954, delivery_ms_p99=1533.782162, delivery_ms_samples=225, sql_ms_p50=12.225559, sql_ms_p95=18.968891, sql_ms_p99=27.321586, sql_ms_samples=2048, db_transaction_ms_p50=2.808405, db_transaction_ms_p95=8.059537, db_transaction_ms_p99=13.148355, db_transaction_ms_samples=2048, db_transactions=225539, db_deadlock_retries=335, db_active_connections=0}
",5562.643227208,5562.645695613,1000,1000,1000,1000,60000000,57955000,758.273212,16176,"BULK count=1000 spawned=1000 registered=1000 bound=1000 accepted=60000000 extracted=57955000 fixture_ms_total=758.273212 fixture_ticks=16176
",5562.646176484,5562.646832499,307.54,473964,50,1040850944,1040850944,6578442240,1013358592,27394048,272,568328192,247018803,8.499940759665911
174,2026-10-06T10:06:09.189624+00:00,348.00774495399946,7,OFF_observed,False,1.9999990539999999,0.004280209000171453,,0,1000,0,0,0,74525,0,0,0,0.167011,0.491187,0.948063,2048,439.30862,530.841954,1533.782162,225,12.225559,18.968891,27.321586,2048,2.801565,8.059537,13.148355,2048,225552,335,0,"STATUS online tickets=0 {registered_loaded_endpoints=1000, active_endpoints=0, worker_queue=0, actual_tickets=0, transactions=74525, errors=0, queue_rejected=0, quarantined=0, tick_ms_p50=0.167011, tick_ms_p95=0.491187, tick_ms_p99=0.948063, tick_ms_samples=2048, delivery_ms_p50=439.30862, delivery_ms_p95=530.841954, delivery_ms_p99=1533.782162, delivery_ms_samples=225, sql_ms_p50=12.225559, sql_ms_p95=18.968891, sql_ms_p99=27.321586, sql_ms_samples=2048, db_transaction_ms_p50=2.801565, db_transaction_ms_p95=8.059537, db_transaction_ms_p99=13.148355, db_transaction_ms_samples=2048, db_transactions=225552, db_deadlock_retries=335, db_active_connections=0}
",5564.643224809,5564.645432437,1000,1000,1000,1000,60000000,57955000,758.339356,16216,"BULK count=1000 spawned=1000 registered=1000 bound=1000 accepted=60000000 extracted=57955000 fixture_ms_total=758.339356 fixture_ticks=16216
",5564.645493399,5564.646385067,307.71,473964,50,1040789504,1040789504,6578442240,1013297152,27394048,272,,,8.500004020499857
175,2026-10-06T10:06:11.189634+00:00,350.00775553899985,7,OFF_observed,False,2.000010585000382,0.004344500000115659,,0,1000,0,0,0,74525,0,0,0,0.164577,0.487732,0.948063,2048,439.30862,530.841954,1533.782162,225,12.225559,18.968891,27.321586,2048,2.799933,8.059537,13.148355,2048,225564,335,0,"STATUS online tickets=0 {registered_loaded_endpoints=1000, active_endpoints=0, worker_queue=0, actual_tickets=0, transactions=74525, errors=0, queue_rejected=0, quarantined=0, tick_ms_p50=0.164577, tick_ms_p95=0.487732, tick_ms_p99=0.948063, tick_ms_samples=2048, delivery_ms_p50=439.30862, delivery_ms_p95=530.841954, delivery_ms_p99=1533.782162, delivery_ms_samples=225, sql_ms_p50=12.225559, sql_ms_p95=18.968891, sql_ms_p99=27.321586, sql_ms_samples=2048, db_transaction_ms_p50=2.799933, db_transaction_ms_p95=8.059537, db_transaction_ms_p99=13.148355, db_transaction_ms_samples=2048, db_transactions=225564, db_deadlock_retries=335, db_active_connections=0}
",5566.643224087,5566.645626182,1000,1000,1000,1000,60000000,57955000,758.405852,16256,"BULK count=1000 spawned=1000 registered=1000 bound=1000 accepted=60000000 extracted=57955000 fixture_ms_total=758.405852 fixture_ticks=16256
",5566.645692652,5566.646411741,307.86,473964,50,1040883712,1040883712,6578442240,1013391360,27394048,272,,,7.499960306460352
176,2026-10-06T10:06:13.189620+00:00,352.0077405709999,7,OFF_observed,False,1.9999850320000405,0.004723388999991585,,0,1000,0,0,0,74525,0,0,0,0.159379,0.485448,0.944397,2048,439.30862,530.841954,1533.782162,225,12.225559,18.968891,27.321586,2048,2.792171,7.90836,13.000277,2048,225576,335,0,"STATUS online tickets=0 {registered_loaded_endpoints=1000, active_endpoints=0, worker_queue=0, actual_tickets=0, transactions=74525, errors=0, queue_rejected=0, quarantined=0, tick_ms_p50=0.159379, tick_ms_p95=0.485448, tick_ms_p99=0.944397, tick_ms_samples=2048, delivery_ms_p50=439.30862, delivery_ms_p95=530.841954, delivery_ms_p99=1533.782162, delivery_ms_samples=225, sql_ms_p50=12.225559, sql_ms_p95=18.968891, sql_ms_p99=27.321586, sql_ms_samples=2048, db_transaction_ms_p50=2.792171, db_transaction_ms_p95=7.90836, db_transaction_ms_p99=13.000277, db_transaction_ms_samples=2048, db_transactions=225576, db_deadlock_retries=335, db_active_connections=0}
",5568.643340707,5568.64584145,1000,1000,1000,1000,60000000,57955000,758.473854,16296,"BULK count=1000 spawned=1000 registered=1000 bound=1000 accepted=60000000 extracted=57955000 fixture_ms_total=758.473854 fixture_ticks=16296
",5568.645896974,5568.646838366,308.03,473964,50,1040838656,1040838656,6578442240,1013346304,27394048,272,,,8.500063614473872
177,2026-10-06T10:06:15.189638+00:00,354.00775842999974,7,OFF_observed,False,2.000017858999854,0.00406423000003997,,0,1000,0,0,0,74525,0,0,0,0.156515,0.483535,0.942754,2048,439.30862,530.841954,1533.782162,225,12.225559,18.968891,27.321586,2048,2.79179,7.901555,13.000277,2048,225588,335,0,"STATUS online tickets=0 {registered_loaded_endpoints=1000, active_endpoints=0, worker_queue=0, actual_tickets=0, transactions=74525, errors=0, queue_rejected=0, quarantined=0, tick_ms_p50=0.156515, tick_ms_p95=0.483535, tick_ms_p99=0.942754, tick_ms_samples=2048, delivery_ms_p50=439.30862, delivery_ms_p95=530.841954, delivery_ms_p99=1533.782162, delivery_ms_samples=225, sql_ms_p50=12.225559, sql_ms_p95=18.968891, sql_ms_p99=27.321586, sql_ms_samples=2048, db_transaction_ms_p50=2.79179, db_transaction_ms_p95=7.901555, db_transaction_ms_p99=13.000277, db_transaction_ms_samples=2048, db_transactions=225588, db_deadlock_retries=335, db_active_connections=0}
",5570.643274159,5570.645448412,1000,1000,1000,1000,60000000,57955000,758.539263,16336,"BULK count=1000 spawned=1000 registered=1000 bound=1000 accepted=60000000 extracted=57955000 fixture_ms_total=758.539263 fixture_ticks=16336
",5570.645514922,5570.646149915,308.19,473964,50,1040826368,1040826368,6578442240,1013334016,27394048,272,,,7.999928564639716
178,2026-10-06T10:06:17.189686+00:00,356.00780706600017,7,OFF_observed,False,2.000048636000429,0.26068872599989845,,0,1000,0,0,0,74525,0,0,0,0.154873,0.47286,0.881263,2048,439.30862,530.841954,1533.782162,225,12.225559,18.968891,27.321586,2048,2.792171,7.901555,13.000277,2048,225598,335,0,"STATUS online tickets=0 {registered_loaded_endpoints=1000, active_endpoints=0, worker_queue=0, actual_tickets=0, transactions=74525, errors=0, queue_rejected=0, quarantined=0, tick_ms_p50=0.154873, tick_ms_p95=0.47286, tick_ms_p99=0.881263, tick_ms_samples=2048, delivery_ms_p50=439.30862, delivery_ms_p95=530.841954, delivery_ms_p99=1533.782162, delivery_ms_samples=225, sql_ms_p50=12.225559, sql_ms_p95=18.968891, sql_ms_p99=27.321586, sql_ms_samples=2048, db_transaction_ms_p50=2.792171, db_transaction_ms_p95=7.901555, db_transaction_ms_p99=13.000277, db_transaction_ms_samples=2048, db_transactions=225598, db_deadlock_retries=335, db_active_connections=0}
",5572.643314243,5572.645741215,1000,1000,1000,1000,60000000,57955000,758.605927,16376,"BULK count=1000 spawned=1000 registered=1000 bound=1000 accepted=60000000 extracted=57955000 fixture_ms_total=758.605927 fixture_ticks=16376
",5572.645792072,5572.64633053,308.36,473964,50,1040826368,1040826368,6578442240,1013334016,27394048,272,568328192,280573235,8.499793302025454
179,2026-10-06T10:06:19.189627+00:00,358.0077480259997,7,OFF_observed,False,1.9999409599995488,0.003957760000048438,,0,1000,0,0,0,74525,0,0,0,0.151858,0.462725,0.809395,2048,439.30862,530.841954,1533.782162,225,12.225559,18.968891,27.321586,2048,2.792171,7.901555,13.000277,2048,225609,335,0,"STATUS online tickets=0 {registered_loaded_endpoints=1000, active_endpoints=0, worker_queue=0, actual_tickets=0, transactions=74525, errors=0, queue_rejected=0, quarantined=0, tick_ms_p50=0.151858, tick_ms_p95=0.462725, tick_ms_p99=0.809395, tick_ms_samples=2048, delivery_ms_p50=439.30862, delivery_ms_p95=530.841954, delivery_ms_p99=1533.782162, delivery_ms_samples=225, sql_ms_p50=12.225559, sql_ms_p95=18.968891, sql_ms_p99=27.321586, sql_ms_samples=2048, db_transaction_ms_p50=2.792171, db_transaction_ms_p95=7.901555, db_transaction_ms_p99=13.000277, db_transaction_ms_samples=2048, db_transactions=225609, db_deadlock_retries=335, db_active_connections=0}
",5574.643237926,5574.645374173,1000,1000,1000,1000,60000000,57955000,758.673382,16416,"BULK count=1000 spawned=1000 registered=1000 bound=1000 accepted=60000000 extracted=57955000 fixture_ms_total=758.673382 fixture_ticks=16416
",5574.645424739,5574.646062225,308.53,473964,50,1040826368,1040826368,6578442240,1013334016,27394048,272,,,8.500250927407247
180,2026-10-06T10:06:21.190921+00:00,360.0090421169998,7,OFF_observed,False,2.0012940910000907,0.0044567690001713345,,0,1000,0,0,0,74525,0,0,0,0.149344,0.461633,0.836175,2048,439.30862,530.841954,1533.782162,225,12.225559,18.968891,27.321586,2048,2.792171,7.864204,13.000277,2048,225621,335,0,"STATUS online tickets=0 {registered_loaded_endpoints=1000, active_endpoints=0, worker_queue=0, actual_tickets=0, transactions=74525, errors=0, queue_rejected=0, quarantined=0, tick_ms_p50=0.149344, tick_ms_p95=0.461633, tick_ms_p99=0.836175, tick_ms_samples=2048, delivery_ms_p50=439.30862, delivery_ms_p95=530.841954, delivery_ms_p99=1533.782162, delivery_ms_samples=225, sql_ms_p50=12.225559, sql_ms_p95=18.968891, sql_ms_p99=27.321586, sql_ms_samples=2048, db_transaction_ms_p50=2.792171, db_transaction_ms_p95=7.864204, db_transaction_ms_p99=13.000277, db_transaction_ms_samples=2048, db_transactions=225621, db_deadlock_retries=335, db_active_connections=0}
",5576.64452069,5576.647170447,1000,1000,1000,1000,60000000,57955000,758.739641,16456,"BULK count=1000 spawned=1000 registered=1000 bound=1000 accepted=60000000 extracted=57955000 fixture_ms_total=758.739641 fixture_ticks=16456
",5576.647230828,5576.647961635,308.69,473964,50,1040826368,1040826368,6578442240,1013334016,27394048,272,,,7.994826983178144
181,2026-10-06T10:06:23.189612+00:00,362.00773296699936,7,OFF_observed,False,1.998690849999548,0.003670229000817926,,0,1000,0,0,0,74525,0,0,0,0.145608,0.448624,0.809395,2048,439.30862,530.841954,1533.782162,225,12.225559,18.968891,27.321586,2048,2.799933,7.852771,13.000277,2048,225632,335,0,"STATUS online tickets=0 {registered_loaded_endpoints=1000, active_endpoints=0, worker_queue=0, actual_tickets=0, transactions=74525, errors=0, queue_rejected=0, quarantined=0, tick_ms_p50=0.145608, tick_ms_p95=0.448624, tick_ms_p99=0.809395, tick_ms_samples=2048, delivery_ms_p50=439.30862, delivery_ms_p95=530.841954, delivery_ms_p99=1533.782162, delivery_ms_samples=225, sql_ms_p50=12.225559, sql_ms_p95=18.968891, sql_ms_p99=27.321586, sql_ms_samples=2048, db_transaction_ms_p50=2.799933, db_transaction_ms_p95=7.852771, db_transaction_ms_p99=13.000277, db_transaction_ms_samples=2048, db_transactions=225632, db_deadlock_retries=335, db_active_connections=0}
",5578.643203438,5578.645322529,1000,1000,1000,1000,60000000,57955000,758.804399,16496,"BULK count=1000 spawned=1000 registered=1000 bound=1000 accepted=60000000 extracted=57955000 fixture_ms_total=758.804399 fixture_ticks=16496
",5578.645370721,5578.645950041,308.86,473964,50,1040826368,1040826368,6578442240,1013334016,27394048,272,,,8.505567531869893
182,2026-10-06T10:06:25.189622+00:00,364.0077423880002,7,OFF_observed,False,2.0000094210008683,0.0039845799992690445,,0,1000,0,0,0,74525,0,0,0,0.143836,0.448624,0.809395,2048,439.30862,530.841954,1533.782162,225,12.225559,18.968891,27.321586,2048,2.788776,7.768039,13.000277,2048,225645,335,0,"STATUS online tickets=0 {registered_loaded_endpoints=1000, active_endpoints=0, worker_queue=0, actual_tickets=0, transactions=74525, errors=0, queue_rejected=0, quarantined=0, tick_ms_p50=0.143836, tick_ms_p95=0.448624, tick_ms_p99=0.809395, tick_ms_samples=2048, delivery_ms_p50=439.30862, delivery_ms_p95=530.841954, delivery_ms_p99=1533.782162, delivery_ms_samples=225, sql_ms_p50=12.225559, sql_ms_p95=18.968891, sql_ms_p99=27.321586, sql_ms_samples=2048, db_transaction_ms_p50=2.788776, db_transaction_ms_p95=7.768039, db_transaction_ms_p99=13.000277, db_transaction_ms_samples=2048, db_transactions=225645, db_deadlock_retries=335, db_active_connections=0}
",5580.643210135,5580.645293402,1000,1000,1000,1000,60000000,57955000,758.866937,16536,"BULK count=1000 spawned=1000 registered=1000 bound=1000 accepted=60000000 extracted=57955000 fixture_ms_total=758.866937 fixture_ticks=16536
",5580.645343968,5580.646015556,309.02,473964,50,1040818176,1040818176,6578442240,1013325824,27394048,272,,,7.999962316172445
183,2026-10-06T10:06:27.189636+00:00,366.0077567110002,7,OFF_observed,False,2.0000143229999594,0.003924589999769523,,0,1000,0,0,0,74525,0,0,0,0.140461,0.444918,0.8,2048,439.30862,530.841954,1533.782162,225,12.225559,18.968891,27.321586,2048,2.786673,7.768039,13.000277,2048,225654,335,0,"STATUS online tickets=0 {registered_loaded_endpoints=1000, active_endpoints=0, worker_queue=0, actual_tickets=0, transactions=74525, errors=0, queue_rejected=0, quarantined=0, tick_ms_p50=0.140461, tick_ms_p95=0.444918, tick_ms_p99=0.8, tick_ms_samples=2048, delivery_ms_p50=439.30862, delivery_ms_p95=530.841954, delivery_ms_p99=1533.782162, delivery_ms_samples=225, sql_ms_p50=12.225559, sql_ms_p95=18.968891, sql_ms_p99=27.321586, sql_ms_samples=2048, db_transaction_ms_p50=2.786673, db_transaction_ms_p95=7.768039, db_transaction_ms_p99=13.000277, db_transaction_ms_samples=2048, db_transactions=225654, db_deadlock_retries=335, db_active_connections=0}
",5582.643229686,5582.645336979,1000,1000,1000,1000,60000000,57955000,758.929254,16576,"BULK count=1000 spawned=1000 registered=1000 bound=1000 accepted=60000000 extracted=57955000 fixture_ms_total=758.929254 fixture_ticks=16576
",5582.645388416,5582.646171201,309.17,473964,50,1040826368,1040826368,6578442240,1013334016,27394048,272,,,7.499946289136508
184,2026-10-06T10:06:29.189628+00:00,368.00774779899984,7,OFF_observed,False,1.9999910879996605,0.25416596099967137,,0,1000,0,0,0,74525,0,0,0,0.136064,0.443115,0.766741,2048,439.30862,530.841954,1533.782162,225,12.225559,18.968891,27.321586,2048,2.790728,7.690913,13.000277,2048,225665,335,0,"STATUS online tickets=0 {registered_loaded_endpoints=1000, active_endpoints=0, worker_queue=0, actual_tickets=0, transactions=74525, errors=0, queue_rejected=0, quarantined=0, tick_ms_p50=0.136064, tick_ms_p95=0.443115, tick_ms_p99=0.766741, tick_ms_samples=2048, delivery_ms_p50=439.30862, delivery_ms_p95=530.841954, delivery_ms_p99=1533.782162, delivery_ms_samples=225, sql_ms_p50=12.225559, sql_ms_p95=18.968891, sql_ms_p99=27.321586, sql_ms_samples=2048, db_transaction_ms_p50=2.790728, db_transaction_ms_p95=7.690913, db_transaction_ms_p99=13.000277, db_transaction_ms_samples=2048, db_transactions=225665, db_deadlock_retries=335, db_active_connections=0}
",5584.643223067,5584.645198752,1000,1000,1000,1000,60000000,57955000,758.992933,16616,"BULK count=1000 spawned=1000 registered=1000 bound=1000 accepted=60000000 extracted=57955000 fixture_ms_total=758.992933 fixture_ticks=16616
",5584.645247716,5584.645887907,309.34,473964,50,1040826368,1040826368,6578442240,1013334016,27394048,272,568328192,320419123,8.500037876168173
185,2026-10-06T10:06:31.189598+00:00,370.0077191849996,7,OFF_observed,False,1.9999713859997428,0.006148569000288262,,0,1000,0,0,0,74525,0,0,0,0.133781,0.439339,0.754172,2048,439.30862,530.841954,1533.782162,225,12.225559,18.968891,27.321586,2048,2.786673,7.686527,13.000277,2048,225675,335,0,"STATUS online tickets=0 {registered_loaded_endpoints=1000, active_endpoints=0, worker_queue=0, actual_tickets=0, transactions=74525, errors=0, queue_rejected=0, quarantined=0, tick_ms_p50=0.133781, tick_ms_p95=0.439339, tick_ms_p99=0.754172, tick_ms_samples=2048, delivery_ms_p50=439.30862, delivery_ms_p95=530.841954, delivery_ms_p99=1533.782162, delivery_ms_samples=225, sql_ms_p50=12.225559, sql_ms_p95=18.968891, sql_ms_p99=27.321586, sql_ms_samples=2048, db_transaction_ms_p50=2.786673, db_transaction_ms_p95=7.686527, db_transaction_ms_p99=13.000277, db_transaction_ms_samples=2048, db_transactions=225675, db_deadlock_retries=335, db_active_connections=0}
",5586.643212551,5586.645215728,1000,1000,1000,1000,60000000,57955000,759.063768,16656,"BULK count=1000 spawned=1000 registered=1000 bound=1000 accepted=60000000 extracted=57955000 fixture_ms_total=759.063768 fixture_ticks=16656
",5586.645291882,5586.648101359,309.51,473964,50,1040830464,1040830464,6578442240,1013338112,27394048,272,,,8.50012161124178
186,2026-10-06T10:06:33.189612+00:00,372.0077323209998,7,OFF_observed,False,2.0000131360002342,0.0049037299995688954,,0,1000,0,0,0,74525,0,0,0,0.130305,0.437988,0.747783,2048,439.30862,530.841954,1533.782162,225,12.225559,18.968891,27.321586,2048,2.779672,7.686527,13.000277,2048,225687,335,0,"STATUS online tickets=0 {registered_loaded_endpoints=1000, active_endpoints=0, worker_queue=0, actual_tickets=0, transactions=74525, errors=0, queue_rejected=0, quarantined=0, tick_ms_p50=0.130305, tick_ms_p95=0.437988, tick_ms_p99=0.747783, tick_ms_samples=2048, delivery_ms_p50=439.30862, delivery_ms_p95=530.841954, delivery_ms_p99=1533.782162, delivery_ms_samples=225, sql_ms_p50=12.225559, sql_ms_p95=18.968891, sql_ms_p99=27.321586, sql_ms_samples=2048, db_transaction_ms_p50=2.779672, db_transaction_ms_p95=7.686527, db_transaction_ms_p99=13.000277, db_transaction_ms_samples=2048, db_transactions=225687, db_deadlock_retries=335, db_active_connections=0}
",5588.643434731,5588.645700101,1000,1000,1000,1000,60000000,57955000,759.135465,16696,"BULK count=1000 spawned=1000 registered=1000 bound=1000 accepted=60000000 extracted=57955000 fixture_ms_total=759.135465 fixture_ticks=16696
",5588.645755093,5588.647062436,309.67,473964,50,1040842752,1040842752,6578442240,1013350400,27394048,272,,,7.99994745634542
187,2026-10-06T10:06:35.189616+00:00,374.00773619400024,7,OFF_observed,False,2.0000038730004235,0.004063257999405323,,0,1000,0,0,0,74525,0,0,0,0.127681,0.432369,0.742534,2048,439.30862,530.841954,1533.782162,225,12.225559,18.968891,27.321586,2048,2.788776,7.686527,13.000277,2048,225696,335,0,"STATUS online tickets=0 {registered_loaded_endpoints=1000, active_endpoints=0, worker_queue=0, actual_tickets=0, transactions=74525, errors=0, queue_rejected=0, quarantined=0, tick_ms_p50=0.127681, tick_ms_p95=0.432369, tick_ms_p99=0.742534, tick_ms_samples=2048, delivery_ms_p50=439.30862, delivery_ms_p95=530.841954, delivery_ms_p99=1533.782162, delivery_ms_samples=225, sql_ms_p50=12.225559, sql_ms_p95=18.968891, sql_ms_p99=27.321586, sql_ms_samples=2048, db_transaction_ms_p50=2.788776, db_transaction_ms_p95=7.686527, db_transaction_ms_p99=13.000277, db_transaction_ms_samples=2048, db_transactions=225696, db_deadlock_retries=335, db_active_connections=0}
",5590.643215558,5590.645613407,1000,1000,1000,1000,60000000,57955000,759.211289,16736,"BULK count=1000 spawned=1000 registered=1000 bound=1000 accepted=60000000 extracted=57955000 fixture_ms_total=759.211289 fixture_ticks=16736
",5590.645663963,5590.646337113,309.85,473964,50,1040830464,1040830464,6578442240,1013338112,27394048,272,,,8.999982571532186
188,2026-10-06T10:06:37.189613+00:00,376.00773335099984,7,OFF_observed,False,1.9999971569995978,0.0038738140001441934,,0,1000,0,0,0,74525,0,0,0,0.12625,0.430997,0.726601,2048,439.30862,530.841954,1533.782162,225,12.225559,18.968891,27.321586,2048,2.788776,7.670683,13.000277,2048,225707,335,0,"STATUS online tickets=0 {registered_loaded_endpoints=1000, active_endpoints=0, worker_queue=0, actual_tickets=0, transactions=74525, errors=0, queue_rejected=0, quarantined=0, tick_ms_p50=0.12625, tick_ms_p95=0.430997, tick_ms_p99=0.726601, tick_ms_samples=2048, delivery_ms_p50=439.30862, delivery_ms_p95=530.841954, delivery_ms_p99=1533.782162, delivery_ms_samples=225, sql_ms_p50=12.225559, sql_ms_p95=18.968891, sql_ms_p99=27.321586, sql_ms_samples=2048, db_transaction_ms_p50=2.788776, db_transaction_ms_p95=7.670683, db_transaction_ms_p99=13.000277, db_transaction_ms_samples=2048, db_transactions=225707, db_deadlock_retries=335, db_active_connections=0}
",5592.643198604,5592.645257444,1000,1000,1000,1000,60000000,57955000,759.282935,16776,"BULK count=1000 spawned=1000 registered=1000 bound=1000 accepted=60000000 extracted=57955000 fixture_ms_total=759.282935 fixture_ticks=16776
",5592.645340989,5592.646069523,310.01,473964,50,1040830464,1040830464,6578442240,1013338112,27394048,272,,,8.000011372016184
189,2026-10-06T10:06:39.189613+00:00,378.00773346000005,7,OFF_observed,False,2.0000001090002115,0.0036440899993976927,,0,1000,0,0,0,74525,0,0,0,0.124497,0.430997,0.726601,2048,439.30862,530.841954,1533.782162,225,12.225559,18.968891,27.321586,2048,2.77822,7.670683,13.000277,2048,225721,335,0,"STATUS online tickets=0 {registered_loaded_endpoints=1000, active_endpoints=0, worker_queue=0, actual_tickets=0, transactions=74525, errors=0, queue_rejected=0, quarantined=0, tick_ms_p50=0.124497, tick_ms_p95=0.430997, tick_ms_p99=0.726601, tick_ms_samples=2048, delivery_ms_p50=439.30862, delivery_ms_p95=530.841954, delivery_ms_p99=1533.782162, delivery_ms_samples=225, sql_ms_p50=12.225559, sql_ms_p95=18.968891, sql_ms_p99=27.321586, sql_ms_samples=2048, db_transaction_ms_p50=2.77822, db_transaction_ms_p95=7.670683, db_transaction_ms_p99=13.000277, db_transaction_ms_samples=2048, db_transactions=225721, db_deadlock_retries=335, db_active_connections=0}
",5594.643206926,5594.645350824,1000,1000,1000,1000,60000000,57955000,759.355134,16816,"BULK count=1000 spawned=1000 registered=1000 bound=1000 accepted=60000000 extracted=57955000 fixture_ms_total=759.355134 fixture_ticks=16816
",5594.645401349,5594.645924965,310.18,473964,50,1040830464,1040830464,6578442240,1013338112,27394048,272,,,8.499999536749922
190,2026-10-06T10:06:41.189608+00:00,380.0077287419999,7,OFF_observed,False,1.9999952819998725,0.27780919799988624,,0,1000,0,0,0,74525,0,0,0,0.122534,0.425609,0.72615,2048,439.30862,530.841954,1533.782162,225,12.225559,18.968891,27.321586,2048,2.77822,7.646947,13.035846,2048,225731,335,0,"STATUS online tickets=0 {registered_loaded_endpoints=1000, active_endpoints=0, worker_queue=0, actual_tickets=0, transactions=74525, errors=0, queue_rejected=0, quarantined=0, tick_ms_p50=0.122534, tick_ms_p95=0.425609, tick_ms_p99=0.72615, tick_ms_samples=2048, delivery_ms_p50=439.30862, delivery_ms_p95=530.841954, delivery_ms_p99=1533.782162, delivery_ms_samples=225, sql_ms_p50=12.225559, sql_ms_p95=18.968891, sql_ms_p99=27.321586, sql_ms_samples=2048, db_transaction_ms_p50=2.77822, db_transaction_ms_p95=7.646947, db_transaction_ms_p99=13.035846, db_transaction_ms_samples=2048, db_transactions=225731, db_deadlock_retries=335, db_active_connections=0}
",5596.643217711,5596.645429912,1000,1000,1000,1000,60000000,57955000,759.424903,16856,"BULK count=1000 spawned=1000 registered=1000 bound=1000 accepted=60000000 extracted=57955000 fixture_ms_total=759.424903 fixture_ticks=16856
",5596.645488119,5596.646120799,310.35,473964,50,1040830464,1040830464,6578442240,1013338112,27394048,272,568328192,360265011,8.500020051548638
191,2026-10-06T10:06:43.189599+00:00,382.00772021800003,7,OFF_observed,False,1.9999914760001047,0.0037588320001304965,,0,1000,0,0,0,74525,0,0,0,0.121072,0.422104,0.72615,2048,439.30862,530.841954,1533.782162,225,12.225559,18.968891,27.321586,2048,2.775851,7.626006,13.035846,2048,225743,335,0,"STATUS online tickets=0 {registered_loaded_endpoints=1000, active_endpoints=0, worker_queue=0, actual_tickets=0, transactions=74525, errors=0, queue_rejected=0, quarantined=0, tick_ms_p50=0.121072, tick_ms_p95=0.422104, tick_ms_p99=0.72615, tick_ms_samples=2048, delivery_ms_p50=439.30862, delivery_ms_p95=530.841954, delivery_ms_p99=1533.782162, delivery_ms_samples=225, sql_ms_p50=12.225559, sql_ms_p95=18.968891, sql_ms_p99=27.321586, sql_ms_samples=2048, db_transaction_ms_p50=2.775851, db_transaction_ms_p95=7.626006, db_transaction_ms_p99=13.035846, db_transaction_ms_samples=2048, db_transactions=225743, db_deadlock_retries=335, db_active_connections=0}
",5598.643213694,5598.645298934,1000,1000,1000,1000,60000000,57955000,759.493796,16896,"BULK count=1000 spawned=1000 registered=1000 bound=1000 accepted=60000000 extracted=57955000 fixture_ms_total=759.493796 fixture_ticks=16896
",5598.645352574,5598.645958163,310.53,473964,50,1040830464,1040830464,6578442240,1013338112,27394048,272,,,9.00003835816051
192,2026-10-06T10:06:45.189595+00:00,384.00771574600003,7,OFF_observed,False,1.9999955279999995,0.00369065899940324,,0,1000,0,0,0,74525,0,0,0,0.12001,0.414031,0.707603,2048,439.30862,530.841954,1533.782162,225,12.225559,18.968891,27.321586,2048,2.775851,7.625415,13.035846,2048,225753,335,0,"STATUS online tickets=0 {registered_loaded_endpoints=1000, active_endpoints=0, worker_queue=0, actual_tickets=0, transactions=74525, errors=0, queue_rejected=0, quarantined=0, tick_ms_p50=0.12001, tick_ms_p95=0.414031, tick_ms_p99=0.707603, tick_ms_samples=2048, delivery_ms_p50=439.30862, delivery_ms_p95=530.841954, delivery_ms_p99=1533.782162, delivery_ms_samples=225, sql_ms_p50=12.225559, sql_ms_p95=18.968891, sql_ms_p99=27.321586, sql_ms_samples=2048, db_transaction_ms_p50=2.775851, db_transaction_ms_p95=7.625415, db_transaction_ms_p99=13.035846, db_transaction_ms_samples=2048, db_transactions=225753, db_deadlock_retries=335, db_active_connections=0}
",5600.643187809,5600.645183565,1000,1000,1000,1000,60000000,57955000,759.563717,16936,"BULK count=1000 spawned=1000 registered=1000 bound=1000 accepted=60000000 extracted=57955000 fixture_ms_total=759.563717 fixture_ticks=16936
",5600.645304877,5600.645905398,310.7,473964,50,1040830464,1040830464,6578442240,1013338112,27394048,272,,,8.500019006043296
193,2026-10-06T10:06:47.189588+00:00,386.00770843600003,7,OFF_observed,False,1.9999926899999991,0.004064791000018886,,0,1000,0,0,0,74525,0,0,0,0.118518,0.398589,0.691198,2048,439.30862,530.841954,1533.782162,225,12.225559,18.968891,27.321586,2048,2.774514,7.625415,13.035846,2048,225765,335,0,"STATUS online tickets=0 {registered_loaded_endpoints=1000, active_endpoints=0, worker_queue=0, actual_tickets=0, transactions=74525, errors=0, queue_rejected=0, quarantined=0, tick_ms_p50=0.118518, tick_ms_p95=0.398589, tick_ms_p99=0.691198, tick_ms_samples=2048, delivery_ms_p50=439.30862, delivery_ms_p95=530.841954, delivery_ms_p99=1533.782162, delivery_ms_samples=225, sql_ms_p50=12.225559, sql_ms_p95=18.968891, sql_ms_p99=27.321586, sql_ms_samples=2048, db_transaction_ms_p50=2.774514, db_transaction_ms_p95=7.625415, db_transaction_ms_p99=13.035846, db_transaction_ms_samples=2048, db_transactions=225765, db_deadlock_retries=335, db_active_connections=0}
",5602.643188281,5602.645323285,1000,1000,1000,1000,60000000,57955000,759.632907,16976,"BULK count=1000 spawned=1000 registered=1000 bound=1000 accepted=60000000 extracted=57955000 fixture_ms_total=759.632907 fixture_ticks=16976
",5602.645400151,5602.646148794,310.86,473964,48,1040683008,1040683008,6578442240,1013190656,27394048,272,,,8.000029240108127
194,2026-10-06T10:06:49.189574+00:00,388.00769392999973,7,OFF_observed,False,1.9999854939997022,0.004724911000266729,,0,1000,0,0,0,74525,0,0,0,0.117126,0.389961,0.688373,2048,439.30862,530.841954,1533.782162,225,12.225559,18.968891,27.321586,2048,2.77192,7.522371,13.035846,2048,225774,335,0,"STATUS online tickets=0 {registered_loaded_endpoints=1000, active_endpoints=0, worker_queue=0, actual_tickets=0, transactions=74525, errors=0, queue_rejected=0, quarantined=0, tick_ms_p50=0.117126, tick_ms_p95=0.389961, tick_ms_p99=0.688373, tick_ms_samples=2048, delivery_ms_p50=439.30862, delivery_ms_p95=530.841954, delivery_ms_p99=1533.782162, delivery_ms_samples=225, sql_ms_p50=12.225559, sql_ms_p95=18.968891, sql_ms_p99=27.321586, sql_ms_samples=2048, db_transaction_ms_p50=2.77192, db_transaction_ms_p95=7.522371, db_transaction_ms_p99=13.035846, db_transaction_ms_samples=2048, db_transactions=225774, db_deadlock_retries=335, db_active_connections=0}
",5604.64317043,5604.645963292,1000,1000,1000,1000,60000000,57955000,759.704132,17016,"BULK count=1000 spawned=1000 registered=1000 bound=1000 accepted=60000000 extracted=57955000 fixture_ms_total=759.704132 fixture_ticks=17016
",5604.646037874,5604.646857895,311.03,473964,48,1040683008,1040683008,6578442240,1013190656,27394048,272,,,8.500061650946373
195,2026-10-06T10:06:51.189595+00:00,390.0077157179994,7,OFF_observed,False,2.0000217879996853,0.004737261000627768,,0,1000,0,0,0,74525,0,0,0,0.116485,0.384927,0.679511,2048,439.30862,530.841954,1533.782162,225,12.225559,18.968891,27.321586,2048,2.769768,7.522371,13.035846,2048,225784,335,0,"STATUS online tickets=0 {registered_loaded_endpoints=1000, active_endpoints=0, worker_queue=0, actual_tickets=0, transactions=74525, errors=0, queue_rejected=0, quarantined=0, tick_ms_p50=0.116485, tick_ms_p95=0.384927, tick_ms_p99=0.679511, tick_ms_samples=2048, delivery_ms_p50=439.30862, delivery_ms_p95=530.841954, delivery_ms_p99=1533.782162, delivery_ms_samples=225, sql_ms_p50=12.225559, sql_ms_p95=18.968891, sql_ms_p99=27.321586, sql_ms_samples=2048, db_transaction_ms_p50=2.769768, db_transaction_ms_p95=7.522371, db_transaction_ms_p99=13.035846, db_transaction_ms_samples=2048, db_transactions=225784, db_deadlock_retries=335, db_active_connections=0}
",5606.643190796,5606.645947754,1000,1000,1000,1000,60000000,57955000,759.778946,17056,"BULK count=1000 spawned=1000 registered=1000 bound=1000 accepted=60000000 extracted=57955000 fixture_ms_total=759.778946 fixture_ticks=17056
",5606.64601806,5606.646909838,311.2,473964,48,1040691200,1040691200,6578442240,1013198848,27394048,272,,,8.499907402010894
196,2026-10-06T10:06:53.189614+00:00,392.0077348979994,7,OFF_observed,False,2.000019179999981,0.2924134020004203,,0,1000,0,0,0,74525,0,0,0,0.115504,0.378939,0.679511,2048,439.30862,530.841954,1533.782162,225,12.225559,18.968891,27.321586,2048,2.77192,7.522371,13.035846,2048,225792,335,0,"STATUS online tickets=0 {registered_loaded_endpoints=1000, active_endpoints=0, worker_queue=0, actual_tickets=0, transactions=74525, errors=0, queue_rejected=0, quarantined=0, tick_ms_p50=0.115504, tick_ms_p95=0.378939, tick_ms_p99=0.679511, tick_ms_samples=2048, delivery_ms_p50=439.30862, delivery_ms_p95=530.841954, delivery_ms_p99=1533.782162, delivery_ms_samples=225, sql_ms_p50=12.225559, sql_ms_p95=18.968891, sql_ms_p99=27.321586, sql_ms_samples=2048, db_transaction_ms_p50=2.77192, db_transaction_ms_p95=7.522371, db_transaction_ms_p99=13.035846, db_transaction_ms_samples=2048, db_transactions=225792, db_deadlock_retries=335, db_active_connections=0}
",5608.643204838,5608.645355276,1000,1000,1000,1000,60000000,57955000,759.843757,17096,"BULK count=1000 spawned=1000 registered=1000 bound=1000 accepted=60000000 extracted=57955000 fixture_ms_total=759.843757 fixture_ticks=17096
",5608.645404339,5608.64604426,311.36,473964,48,1040691200,1040691200,6578442240,1013198848,27394048,272,568328192,400110899,7.999923280737063
197,2026-10-06T10:06:55.189612+00:00,394.00773250600014,7,OFF_observed,False,1.99999760800074,0.0036860329992123297,,0,1000,0,0,0,74525,0,0,0,0.114652,0.369264,0.654923,2048,439.30862,530.841954,1533.782162,225,12.225559,18.968891,27.321586,2048,2.769768,7.522371,13.035846,2048,225800,335,0,"STATUS online tickets=0 {registered_loaded_endpoints=1000, active_endpoints=0, worker_queue=0, actual_tickets=0, transactions=74525, errors=0, queue_rejected=0, quarantined=0, tick_ms_p50=0.114652, tick_ms_p95=0.369264, tick_ms_p99=0.654923, tick_ms_samples=2048, delivery_ms_p50=439.30862, delivery_ms_p95=530.841954, delivery_ms_p99=1533.782162, delivery_ms_samples=225, sql_ms_p50=12.225559, sql_ms_p95=18.968891, sql_ms_p99=27.321586, sql_ms_samples=2048, db_transaction_ms_p50=2.769768, db_transaction_ms_p95=7.522371, db_transaction_ms_p99=13.035846, db_transaction_ms_samples=2048, db_transactions=225800, db_deadlock_retries=335, db_active_connections=0}
",5610.643200624,5610.645333205,1000,1000,1000,1000,60000000,57955000,759.911707,17136,"BULK count=1000 spawned=1000 registered=1000 bound=1000 accepted=60000000 extracted=57955000 fixture_ms_total=759.911707 fixture_ticks=17136
",5610.645385593,5610.645941708,311.53,473964,48,1040703488,1040703488,6578442240,1013211136,27394048,272,,,8.500010166006968
198,2026-10-06T10:06:57.189610+00:00,396.0077308350001,7,OFF_observed,False,1.9999983289999363,0.004085861999556073,,0,1000,0,0,0,74525,0,0,0,0.113991,0.367582,0.630787,2048,439.30862,530.841954,1533.782162,225,12.225559,18.968891,27.321586,2048,2.769768,7.437193,13.035846,2048,225808,335,0,"STATUS online tickets=0 {registered_loaded_endpoints=1000, active_endpoints=0, worker_queue=0, actual_tickets=0, transactions=74525, errors=0, queue_rejected=0, quarantined=0, tick_ms_p50=0.113991, tick_ms_p95=0.367582, tick_ms_p99=0.630787, tick_ms_samples=2048, delivery_ms_p50=439.30862, delivery_ms_p95=530.841954, delivery_ms_p99=1533.782162, delivery_ms_samples=225, sql_ms_p50=12.225559, sql_ms_p95=18.968891, sql_ms_p99=27.321586, sql_ms_samples=2048, db_transaction_ms_p50=2.769768, db_transaction_ms_p95=7.437193, db_transaction_ms_p99=13.035846, db_transaction_ms_samples=2048, db_transactions=225808, db_deadlock_retries=335, db_active_connections=0}
",5612.643266063,5612.645454167,1000,1000,1000,1000,60000000,57955000,759.984207,17176,"BULK count=1000 spawned=1000 registered=1000 bound=1000 accepted=60000000 extracted=57955000 fixture_ms_total=759.984207 fixture_ticks=17176
",5612.645505675,5612.646335851,311.7,473964,48,1040691200,1040691200,6578442240,1013198848,27394048,272,,,8.500007101757
199,2026-10-06T10:06:59.189637+00:00,398.0077563139994,7,OFF_observed,False,2.000025478999305,0.003968331000578473,,0,1000,0,0,0,74525,0,0,0,0.112979,0.342835,0.620061,2048,439.30862,530.841954,1533.782162,225,12.225559,18.968891,27.321586,2048,2.77192,7.437193,13.035846,2048,225816,335,0,"STATUS online tickets=0 {registered_loaded_endpoints=1000, active_endpoints=0, worker_queue=0, actual_tickets=0, transactions=74525, errors=0, queue_rejected=0, quarantined=0, tick_ms_p50=0.112979, tick_ms_p95=0.342835, tick_ms_p99=0.620061, tick_ms_samples=2048, delivery_ms_p50=439.30862, delivery_ms_p95=530.841954, delivery_ms_p99=1533.782162, delivery_ms_samples=225, sql_ms_p50=12.225559, sql_ms_p95=18.968891, sql_ms_p99=27.321586, sql_ms_samples=2048, db_transaction_ms_p50=2.77192, db_transaction_ms_p95=7.437193, db_transaction_ms_p99=13.035846, db_transaction_ms_samples=2048, db_transactions=225816, db_deadlock_retries=335, db_active_connections=0}
",5614.643276029,5614.645410488,1000,1000,1000,1000,60000000,57955000,760.049333,17216,"BULK count=1000 spawned=1000 registered=1000 bound=1000 accepted=60000000 extracted=57955000 fixture_ms_total=760.049333 fixture_ticks=17216
",5614.645464839,5614.64611172,311.86,473964,48,1040691200,1040691200,6578442240,1013198848,27394048,272,,,7.999898085302373
200,2026-10-06T10:07:01.189611+00:00,400.00773154299986,7,OFF_observed,False,1.9999752290004835,0.0039556869996886235,,0,1000,0,0,0,74525,0,0,0,0.11269,0.328723,0.59985,2048,439.30862,530.841954,1533.782162,225,12.225559,18.968891,27.321586,2048,2.775851,7.437193,13.035846,2048,225824,335,0,"STATUS online tickets=0 {registered_loaded_endpoints=1000, active_endpoints=0, worker_queue=0, actual_tickets=0, transactions=74525, errors=0, queue_rejected=0, quarantined=0, tick_ms_p50=0.11269, tick_ms_p95=0.328723, tick_ms_p99=0.59985, tick_ms_samples=2048, delivery_ms_p50=439.30862, delivery_ms_p95=530.841954, delivery_ms_p99=1533.782162, delivery_ms_samples=225, sql_ms_p50=12.225559, sql_ms_p95=18.968891, sql_ms_p99=27.321586, sql_ms_samples=2048, db_transaction_ms_p50=2.775851, db_transaction_ms_p95=7.437193, db_transaction_ms_p99=13.035846, db_transaction_ms_samples=2048, db_transactions=225824, db_deadlock_retries=335, db_active_connections=0}
",5616.643197728,5616.645261896,1000,1000,1000,1000,60000000,57955000,760.110879,17256,"BULK count=1000 spawned=1000 registered=1000 bound=1000 accepted=60000000 extracted=57955000 fixture_ms_total=760.110879 fixture_ticks=17256
",5616.645323459,5616.645976248,312.02,473964,48,1040691200,1040691200,6578442240,1013198848,27394048,272,,,8.000099085223694
201,2026-10-06T10:07:03.189620+00:00,402.00774123999963,7,OFF_observed,False,2.0000096969997685,0.28430860499975097,,0,1000,0,0,0,74525,0,0,0,0.111878,0.309003,0.551487,2048,439.30862,530.841954,1533.782162,225,12.225559,18.968891,27.321586,2048,2.775851,7.437193,13.035846,2048,225832,335,0,"STATUS online tickets=0 {registered_loaded_endpoints=1000, active_endpoints=0, worker_queue=0, actual_tickets=0, transactions=74525, errors=0, queue_rejected=0, quarantined=0, tick_ms_p50=0.111878, tick_ms_p95=0.309003, tick_ms_p99=0.551487, tick_ms_samples=2048, delivery_ms_p50=439.30862, delivery_ms_p95=530.841954, delivery_ms_p99=1533.782162, delivery_ms_samples=225, sql_ms_p50=12.225559, sql_ms_p95=18.968891, sql_ms_p99=27.321586, sql_ms_samples=2048, db_transaction_ms_p50=2.775851, db_transaction_ms_p95=7.437193, db_transaction_ms_p99=13.035846, db_transaction_ms_samples=2048, db_transactions=225832, db_deadlock_retries=335, db_active_connections=0}
",5618.64334419,5618.646027868,1000,1000,1000,1000,60000000,57955000,760.182491,17296,"BULK count=1000 spawned=1000 registered=1000 bound=1000 accepted=60000000 extracted=57955000 fixture_ms_total=760.182491 fixture_ticks=17296
",5618.646089741,5618.64702877,312.19,473964,48,1040691200,1040691200,6578442240,1013198848,27394048,272,568328192,430519603,8.499958787951597
202,2026-10-06T10:07:05.189609+00:00,404.0077291480002,7,OFF_observed,False,1.9999879080005485,0.006210070999259187,,0,1000,0,0,0,74525,0,0,0,0.111267,0.276124,0.497677,2048,439.30862,530.841954,1533.782162,225,12.225559,18.968891,27.321586,2048,2.788776,7.437193,13.035846,2048,225840,335,0,"STATUS online tickets=0 {registered_loaded_endpoints=1000, active_endpoints=0, worker_queue=0, actual_tickets=0, transactions=74525, errors=0, queue_rejected=0, quarantined=0, tick_ms_p50=0.111267, tick_ms_p95=0.276124, tick_ms_p99=0.497677, tick_ms_samples=2048, delivery_ms_p50=439.30862, delivery_ms_p95=530.841954, delivery_ms_p99=1533.782162, delivery_ms_samples=225, sql_ms_p50=12.225559, sql_ms_p95=18.968891, sql_ms_p99=27.321586, sql_ms_samples=2048, db_transaction_ms_p50=2.788776, db_transaction_ms_p95=7.437193, db_transaction_ms_p99=13.035846, db_transaction_ms_samples=2048, db_transactions=225840, db_deadlock_retries=335, db_active_connections=0}
",5620.643205759,5620.646368196,1000,1000,1000,1000,60000000,57955000,760.25732,17336,"BULK count=1000 spawned=1000 registered=1000 bound=1000 accepted=60000000 extracted=57955000 fixture_ms_total=760.25732 fixture_ticks=17336
",5620.646420083,5620.648376219,312.36,473964,48,1040683008,1040683008,6578442240,1013190656,27394048,272,,,8.500051391309176
203,2026-10-06T10:07:07.189572+00:00,406.00769315100024,7,OFF_observed,False,1.9999640030000592,0.003774104999138217,,0,1000,0,0,0,74525,0,0,0,0.110877,0.260921,0.493882,2048,439.30862,530.841954,1533.782162,225,12.225559,18.968891,27.321586,2048,2.788776,7.437193,13.035846,2048,225848,335,0,"STATUS online tickets=0 {registered_loaded_endpoints=1000, active_endpoints=0, worker_queue=0, actual_tickets=0, transactions=74525, errors=0, queue_rejected=0, quarantined=0, tick_ms_p50=0.110877, tick_ms_p95=0.260921, tick_ms_p99=0.493882, tick_ms_samples=2048, delivery_ms_p50=439.30862, delivery_ms_p95=530.841954, delivery_ms_p99=1533.782162, delivery_ms_samples=225, sql_ms_p50=12.225559, sql_ms_p95=18.968891, sql_ms_p99=27.321586, sql_ms_samples=2048, db_transaction_ms_p50=2.788776, db_transaction_ms_p95=7.437193, db_transaction_ms_p99=13.035846, db_transaction_ms_samples=2048, db_transactions=225848, db_deadlock_retries=335, db_active_connections=0}
",5622.64316883,5622.645298947,1000,1000,1000,1000,60000000,57955000,760.328697,17376,"BULK count=1000 spawned=1000 registered=1000 bound=1000 accepted=60000000 extracted=57955000 fixture_ms_total=760.328697 fixture_ticks=17376
",5622.645353028,5622.645954882,312.52,473964,48,1040683008,1040683008,6578442240,1013190656,27394048,272,,,8.000143990589786
204,2026-10-06T10:07:09.189595+00:00,408.0077159269995,7,OFF_observed,False,2.0000227759992413,0.0040940650005723,,0,1000,0,0,0,74525,0,0,0,0.110125,0.254192,0.491187,2048,439.30862,530.841954,1533.782162,225,12.225559,18.968891,27.321586,2048,2.786673,7.4084,13.035846,2048,225856,335,0,"STATUS online tickets=0 {registered_loaded_endpoints=1000, active_endpoints=0, worker_queue=0, actual_tickets=0, transactions=74525, errors=0, queue_rejected=0, quarantined=0, tick_ms_p50=0.110125, tick_ms_p95=0.254192, tick_ms_p99=0.491187, tick_ms_samples=2048, delivery_ms_p50=439.30862, delivery_ms_p95=530.841954, delivery_ms_p99=1533.782162, delivery_ms_samples=225, sql_ms_p50=12.225559, sql_ms_p95=18.968891, sql_ms_p99=27.321586, sql_ms_samples=2048, db_transaction_ms_p50=2.786673, db_transaction_ms_p95=7.4084, db_transaction_ms_p99=13.035846, db_transaction_ms_samples=2048, db_transactions=225856, db_deadlock_retries=335, db_active_connections=0}
",5624.643184366,5624.645431569,1000,1000,1000,1000,60000000,57955000,760.396639,17416,"BULK count=1000 spawned=1000 registered=1000 bound=1000 accepted=60000000 extracted=57955000 fixture_ms_total=760.396639 fixture_ticks=17416
",5624.6455261,5624.646257889,312.68,473964,48,1040683008,1040683008,6578442240,1013190656,27394048,272,,,7.999908897041766
205,2026-10-06T10:07:11.189596+00:00,410.00771697099935,7,OFF_observed,False,2.000001043999873,0.004171180000412278,,0,1000,0,0,0,74525,0,0,0,0.109365,0.242464,0.485929,2048,439.30862,530.841954,1533.782162,225,12.225559,18.968891,27.321586,2048,2.775851,7.401118,13.035846,2048,225864,335,0,"STATUS online tickets=0 {registered_loaded_endpoints=1000, active_endpoints=0, worker_queue=0, actual_tickets=0, transactions=74525, errors=0, queue_rejected=0, quarantined=0, tick_ms_p50=0.109365, tick_ms_p95=0.242464, tick_ms_p99=0.485929, tick_ms_samples=2048, delivery_ms_p50=439.30862, delivery_ms_p95=530.841954, delivery_ms_p99=1533.782162, delivery_ms_samples=225, sql_ms_p50=12.225559, sql_ms_p95=18.968891, sql_ms_p99=27.321586, sql_ms_samples=2048, db_transaction_ms_p50=2.775851, db_transaction_ms_p95=7.401118, db_transaction_ms_p99=13.035846, db_transaction_ms_samples=2048, db_transactions=225864, db_deadlock_retries=335, db_active_connections=0}
",5626.643187442,5626.645532802,1000,1000,1000,1000,60000000,57955000,760.466285,17456,"BULK count=1000 spawned=1000 registered=1000 bound=1000 accepted=60000000 extracted=57955000 fixture_ms_total=760.466285 fixture_ticks=17456
",5626.645640514,5626.646336599,312.84,473964,48,1040683008,1040683008,6578442240,1013190656,27394048,272,,,7.999995824001095
206,2026-10-06T10:07:13.189618+00:00,412.0077395620001,7,OFF_observed,False,2.000022591000743,0.004274144999726559,,0,1000,0,0,0,74525,0,0,0,0.108763,0.222644,0.485448,2048,439.30862,530.841954,1533.782162,225,12.225559,18.968891,27.321586,2048,2.775851,7.388589,13.035846,2048,225872,335,0,"STATUS online tickets=0 {registered_loaded_endpoints=1000, active_endpoints=0, worker_queue=0, actual_tickets=0, transactions=74525, errors=0, queue_rejected=0, quarantined=0, tick_ms_p50=0.108763, tick_ms_p95=0.222644, tick_ms_p99=0.485448, tick_ms_samples=2048, delivery_ms_p50=439.30862, delivery_ms_p95=530.841954, delivery_ms_p99=1533.782162, delivery_ms_samples=225, sql_ms_p50=12.225559, sql_ms_p95=18.968891, sql_ms_p99=27.321586, sql_ms_samples=2048, db_transaction_ms_p50=2.775851, db_transaction_ms_p95=7.388589, db_transaction_ms_p99=13.035846, db_transaction_ms_samples=2048, db_transactions=225872, db_deadlock_retries=335, db_active_connections=0}
",5628.643209532,5628.645677977,1000,1000,1000,1000,60000000,57955000,760.532594,17496,"BULK count=1000 spawned=1000 registered=1000 bound=1000 accepted=60000000 extracted=57955000 fixture_ms_total=760.532594 fixture_ticks=17496
",5628.645734892,5628.646401693,313.0,473964,48,1040691200,1040691200,6578442240,1013198848,27394048,272,,,7.999909637018973
